<?xml version="1.0" encoding="UTF-8"?><engine copy="Editorial Planeta" version="1" aprid="f10">
<main mode="f10" title="Escribe un análisis literario">
<tf><![CDATA[<p><span style="font-family:verdana,geneva,sans-serif"><strong>Canto I</strong></span></p>

<p style="text-align:center">&nbsp;</p>

<p><span style="font-family:verdana,geneva,sans-serif">Solo los guerreros godos permanecieron en la sala. Beowulf se despoj&oacute; de su cota de malla, su yelmo y su espada: hab&iacute;a prometido luchar sin armas. Se recost&oacute; en uno de los bancos, mientras sus compa&ntilde;eros se preguntaban si volver&iacute;an con vida a su patria. Sab&iacute;an que muchos daneses hab&iacute;an encontrado la muerte en ese lugar.</span></p>

<p>&nbsp;</p>

<p><span style="font-family:verdana,geneva,sans-serif">Ya entrada la noche, el ogro Grendel sali&oacute; de la ci&eacute;naga. Camin&oacute; hacia Herot por la tierra mojada, protegido por la oscuridad. Mientras atravesaba el bosque, dejaba tras de s&iacute; grandes huellas de barro. Le bast&oacute; con tocar los cerrojos de hierro con sus inmensas garras para romperlos e ingresar en el palacio. Avanz&oacute; lentamente por el pavimento de colores tan distintos a &eacute;l. Sus ojos brillaban como el fuego. Le sorprendi&oacute; ver a tantos guerreros, pues hac&iacute;a tiempo que merodeaba el Herot sin hallar rastro humano. En la penumbra de la sala, sonre&iacute;a exhibiendo sus dientes afilados: saboreaba de antemano el inesperado banquete.</span></p>

<p>&nbsp;</p>

<p><span style="font-family:verdana,geneva,sans-serif">Antes de que los guerreros atinaran a reaccionar, atrap&oacute; a su primera presa. El yelmo de la v&iacute;ctima, adornado con la figura del verraco, rod&oacute; a los pies de Beowulf. Los godos se apresuraron a tomar las armas, pero la horrible visi&oacute;n del monstruo bebiendo la sangre del guerrero los paraliz&oacute;. Beowulf fue el &uacute;nico que permaneci&oacute; acostado, sin moverse siquiera. De ese modo pretend&iacute;a llamar la atenci&oacute;n del ogro. Grendel extendi&oacute; su garra y lo palp&oacute;. Apenas sinti&oacute; el roce, el godo se alz&oacute;, dispuesto al ataque, y atrap&oacute; con fuerza la garra. El gigante forceje&oacute; para soltarse, pero Beowulf no cedi&oacute;. </span></p>

<p>&nbsp;</p>

<p><span style="font-family:verdana,geneva,sans-serif">El palacio retumbaba con la lucha. Era incre&iacute;ble ver c&oacute;mo resist&iacute;a tan dura batalla. Gruesos cables de hierro permit&iacute;an que se sostuviera en pie. Dentro de la sala, los bancos de madera ca&iacute;an destrozados unos sobre otros. Un rugido poderoso y extra&ntilde;o se o&iacute;a en toda la comarca. Los daneses estaban tan espantados que no se atrev&iacute;an a acercarse.</span></p>

<p>&nbsp;</p>

<p><span style="font-family:verdana,geneva,sans-serif">Decididos a darle muerte, los godos empu&ntilde;aron sus espadas y lo atacaron, pero no lograron herirlo. Ni el mejor hierro pod&iacute;a lastimarlo. Las espadas parec&iacute;an perder el filo al contacto con su cuerpo. El ogro hechizaba las armas en cuanto rozaban su piel: esa era su magia.</span></p>

<p>&nbsp;</p>

<p><span style="font-family:verdana,geneva,sans-serif">Mientras tanto, Beowulf continuaba aferrando la garra. Su fuerza le permit&iacute;a resistir el forcejeo, que cada vez era mayor.</span></p>

<p>&nbsp;</p>

<p><span style="font-family:verdana,geneva,sans-serif">De pronto, el grito de dolor m&aacute;s espantoso reson&oacute; en toda la tierra. Algunos reyes de continentes lejanos despertaron de su sue&ntilde;o pregunt&aacute;ndose qu&eacute; hab&iacute;a provocado aquel grito. Los godos se tiraron al suelo y se cubrieron los o&iacute;dos con mantas. Beowulf le hab&iacute;a arrancado el brazo a Grendel. La fuerza de su pu&ntilde;o hab&iacute;a vencido al ogro. Herido de muerte, el monstruo huy&oacute; a ocultarse a su guarida.</span></p>

<p>&nbsp;</p>

<p><span style="font-family:verdana,geneva,sans-serif">Los godos contemplaron absortos el brazo y la garra de Grendel que Beowulf sosten&iacute;a entre sus manos. Satisfecho, se dirigi&oacute; hacia la entrada del palacio y colg&oacute; su trofeo del techo del Herot. El brillo de la sala contrastaba con el &aacute;spero y tosco brazo del ogro.</span></p>

<p>&nbsp;</p>

<p><span style="font-family:verdana,geneva,sans-serif">An&oacute;nimo, <em>Beowulf</em> (siglos VIII-IX d.C.) (fragmento adaptado)</span></p>
]]></tf>
</main>
<understanding title="" title2="Comprensión" buttons="false" visible="true" >
	<definition>
		<title></title>
		<def><![CDATA[<p><span style="font-family:verdana,geneva,sans-serif"><span style="color:#ff6600">Comprensi&oacute;n</span></span></p>

<p>&nbsp;</p>

<p><span style="font-family:verdana,geneva,sans-serif">Confecciona una lista de las palabras que desconozcas de este fragmento. En primer lugar, intenta definirlas por el contexto. En segundo lugar, b&uacute;scalas en el diccionario y, por &uacute;ltimo, contrasta tus definiciones con las que aporta el diccionario.</span></p>

<p><span style="font-family:verdana,geneva,sans-serif">A continuaci&oacute;n, escribe una oraci&oacute;n con cada una.</span></p>

<p>&nbsp;</p>]]></def>
	</definition>
	<definition>
		<title></title>
		<def><![CDATA[<p><span style="font-family:verdana,geneva,sans-serif"><span style="color:#ff6600">Comprensi&oacute;n</span></span></p>

<p>&nbsp;</p>

<ul>
	<li><span style="font-family:verdana,geneva,sans-serif">Identifica qu&eacute; tipo de texto has le&iacute;do: un texto &eacute;pico, un texto l&iacute;rico o un texto dram&aacute;tico, y justifica tu respuesta.</span></li>
</ul>

<p>&nbsp;</p>

<ul>
	<li><span style="font-family:verdana,geneva,sans-serif">Resume en un p&aacute;rrafo el fragmento de <em>Beowulf</em><em> </em>que has le&iacute;do y especifica cu&aacute;l es el tema.</span></li>
</ul>

<p>&nbsp;</p>

<ul>
	<li><span style="font-family:verdana,geneva,sans-serif">Analiza la estructura de este fragmento a partir de los dos espacios que aparecen: la ci&eacute;naga y el palacio de Herot.</span></li>
</ul>]]></def>
	</definition>
	<definition>
		<title></title>
		<def><![CDATA[<p><span style="font-family:verdana,geneva,sans-serif"><span style="color:#ff6600">Comprensi&oacute;n</span></span></p>

<p>&nbsp;</p>

<ul>
	<li><span style="font-family:verdana,geneva,sans-serif">Describe las caracter&iacute;sticas del personaje de Beowulf y valora si es realista o legendario. Justifica tu respuesta utilizando un ejemplo del texto.</span></li>
</ul>

<p>&nbsp;</p>

<ul>
	<li><span style="font-family:verdana,geneva,sans-serif">Valora por qu&eacute; motivo a la gente le gustaba o&iacute;r este tipo de historias en la Edad Media, y c&oacute;mo&nbsp;se recitaban los poemas &eacute;picos.</span></li>
</ul>]]></def>
	</definition>
</understanding>
<definitions title="" title2="Léxico" visible="true" >
	<definition>
		<title>Verraco</title>
		<def><![CDATA[<p><span style="font-weight: bold; ">Verraco</span><span>:</span></p><p><span>Busca tres sinónimos de esta palabra.</span></p>]]></def>
	</definition>
	<definition>
		<title>Tosco</title>
		<def><![CDATA[<p><span style="font-weight: bold; ">Tosco</span><span>:</span></p><p><span>Busca tres antónimos de esta palabra.</span></p>]]></def>
	</definition>
	<definition>
		<title>Cerrojo</title>
		<def><![CDATA[<p><span style="font-weight: bold; ">Cerrojo</span><span>:</span></p><p><span>Busca cinco palabras de la misma familia léxica.</span></p><p><span/></p>]]></def>
	</definition>
	<definition>
		<title>Yelmo</title>
		<def><![CDATA[<p><span style="font-weight: bold; ">Yelmo</span><span>:</span></p><p><span>Busca cinco palabras del mismo campo semántico.</span></p>]]></def>
	</definition>
</definitions>
<reaserch title="" title2="Investiga" buttons="false" visible="true" >
	<definition>
		<title></title>
		<def><![CDATA[<p><span style="font-family:verdana,geneva,sans-serif"><span style="color:#ff6600">Investiga</span></span></p>

<p>&nbsp;</p>

<p><span style="font-family:verdana,geneva,sans-serif">La poes&iacute;a &eacute;pica narra las haza&ntilde;as de h&eacute;roes que representan ideales guerreros o aristocr&aacute;ticos, y cuyo destino se presenta ligado al del pueblo al que representan.</span></p>

<p>&nbsp;</p>

<p><span style="font-family:verdana,geneva,sans-serif">Fuera de la Pen&iacute;nsula Ib&eacute;rica, a&nbsp;lo largo de la Edad Antigua y la Edad Media,&nbsp;diferentes pueblos han desarrollado sus propios ciclos &eacute;picos. Por ejemplo:</span></p>

<p>&nbsp;</p>

<ul>
	<li><span style="font-family:verdana,geneva,sans-serif">La materia francesa:<em> </em>el ciclo carolingio.</span></li>
</ul>

<ul>
	<li><span style="font-family:verdana,geneva,sans-serif">La materia de Breta&ntilde;a:<em> </em>el ciclo art&uacute;rico.</span></li>
</ul>]]></def>
	</definition>
	<definition>
		<title></title>
		<def><![CDATA[<p><span style="font-family:verdana,geneva,sans-serif"><span style="color:#ff6600">Investiga</span></span></p>

<p>&nbsp;</p>

<ul>
	<li><span style="font-family:verdana,geneva,sans-serif">Busca informaci&oacute;n sobre la &eacute;pica en la <a href="/BCRedir.aspx?URL=/default.asp?DATA=oRIs%2fdgPubrd7tL7K2dTEunCh8vpQL0VBd0F4CpdeqI%3d" target="_blank"><em>Gran Enciclopedia Planeta</em></a> y la p&aacute;gina <a href="http://lenguayliteratura.org/ltr/index.php?option=com_content&amp;view=article&amp;id=672:el-cantar-de-roldan&amp;catid=103&amp;Itemid=100005" target="_blank">Proyecto Aula</a>.</span></li>
</ul>

<p>&nbsp;</p>

<ul>
	<li><span style="font-family:verdana,geneva,sans-serif">Prepara un an&aacute;lisis literario&nbsp;sobre otro&nbsp;canto de <em>Beowulf</em>;<em>&nbsp;</em>puedes escoger tambi&eacute;n como objeto de an&aacute;lisis otro&nbsp;texto, siempre que pertenezca&nbsp;a una de las dos materias que hemos citado. Ten muy en cuenta&nbsp;el ciclo, los personajes m&aacute;s importantes y el argumento de la historia.</span></li>
</ul>

<p>&nbsp;</p>

<ul>
	<li><span style="font-family:verdana,geneva,sans-serif">Valora hasta qu&eacute; punto sigue viva la &eacute;pica medieval en la cultura actual.</span></li>
</ul>]]></def>
	</definition>
</reaserch>
<activity title2="" visible="false" path="">
</activity></engine>