﻿<?xml version="1.0" encoding="utf-8"?><motor tipo="4" clase="a" aprid="m4a">
  <plataforma>
    <grado><![CDATA[2]]></grado>
    <titulo>Evaluación</titulo>
    <area>0</area>
    <nivel>3</nivel>
    <referencia/>
    <idreg><![CDATA[0]]></idreg>
    <motor><![CDATA[M4A]]></motor>
    <lang>es</lang>
  </plataforma>
  <enunciado><![CDATA[Lee atentamente cada enunciado y marca la opción que lo complete.]]></enunciado>
  <masinfo inicio="0"/>
  <sinaleatoriedad><![CDATA[0]]></sinaleatoriedad>
  <calc><![CDATA[0]]></calc>
  <respuestaunica><![CDATA[0]]></respuestaunica>
  <test cantidad="10">
    <cuestion>
      <enunciado><![CDATA[El movimiento filosófico que sirvió como marco al pensamiento del siglo XVIII en Europa, así como en España, se denomina]]></enunciado>
      <explicacion/>
      <imagen/>
      <ampliacion/>
      <respuestas>
        <respuesta contestacion="Romanticismo." correcta="0"/>
        <respuesta contestacion="Neoclasicismo." correcta="0"/>
        <respuesta contestacion="Ilustración" correcta="1"/>
        <respuesta contestacion="Razonamiento." correcta="0"/>
      </respuestas>
    </cuestion>
    <cuestion>
      <enunciado><![CDATA[Durante el siglo XIX se vivió en España una época de cambios; de la siguiente lista, el único que no se dio en este periodo fue]]></enunciado>
      <explicacion><![CDATA[El imperio español se expandió al continente asiático desde el siglo XVI]]></explicacion>
      <imagen/>
      <ampliacion/>
      <respuestas>
        <respuesta contestacion="el ascenso de la burguesía." correcta="0"/>
        <respuesta contestacion="la pérdida de las colonias americanas." correcta="0"/>
        <respuesta contestacion="la primera monarquía parlamentaria." correcta="0"/>
        <respuesta contestacion="la expansión hacia Asia." correcta="1"/>
      </respuestas>
    </cuestion>
    <cuestion>
      <enunciado><![CDATA[El género literario más usado por la Ilustración española (siglo XVIII) fue el ensayo. Esto se da por]]></enunciado>
      <explicacion><![CDATA[Al igual que en otras naciones influidas por la Ilustración, el centro de la preocupación intelectual se manifestó en la prosa que no estaba ligada a lo ficcional.]]></explicacion>
      <imagen/>
      <ampliacion/>
      <respuestas>
        <respuesta contestacion="el interés por explicar antes que inventar." correcta="1"/>
        <respuesta contestacion="el deseo de narrar y de hacer ficciones." correcta="0"/>
        <respuesta contestacion="el interés por describir la naturaleza." correcta="0"/>
        <respuesta contestacion="el deseo de expresar libertad y emoción." correcta="0"/>
      </respuestas>
    </cuestion>
    <cuestion>
      <enunciado><![CDATA[De los siguientes románticos y posrománticos, aquel que ha tenido más recordación como poeta, gracias a sus {{cur}}Rimas,{{normal}} es]]></enunciado>
      <explicacion/>
      <imagen/>
      <ampliacion/>
      <respuestas>
        <respuesta contestacion="Rosalía de Castro." correcta="0"/>
        <respuesta contestacion="Ángel de Saavedra, duque de Rivas." correcta="0"/>
        <respuesta contestacion="José de Espronceda." correcta="0"/>
        <respuesta contestacion="Gustavo Adolfo Bécquer." correcta="1"/>
      </respuestas>
    </cuestion>
    <cuestion>
      <enunciado><![CDATA[El género por excelencia del Realismo español fue la narrativa. Esta forma literaria fue un vehículo útil para]]></enunciado>
      <explicacion><![CDATA[El Realismo se preocupó por plasmar la realidad, por ello se tendía a la descripción objetiva, dejando de lado la subjetividad del autor.]]></explicacion>
      <imagen/>
      <ampliacion/>
      <respuestas>
        <respuesta contestacion="la descripción de lugares, objetos y situaciones." correcta="1"/>
        <respuesta contestacion="la expresión de los sentimientos del escritor." correcta="0"/>
        <respuesta contestacion="los diálogos en estilo directo." correcta="0"/>
        <respuesta contestacion="la exaltación de las costumbres del pueblo." correcta="0"/>
      </respuestas>
    </cuestion>
    <cuestion>
      <enunciado><![CDATA[De las siguientes oraciones, en la que se presenta una metonimia es]]></enunciado>
      <explicacion/>
      <imagen/>
      <ampliacion/>
      <respuestas>
        <respuesta contestacion="Sus cabellos eran como el sol." correcta="0"/>
        <respuesta contestacion="Compré un lienzo de Picasso." correcta="1"/>
        <respuesta contestacion="Me gusta el zumo de naranja." correcta="0"/>
        <respuesta contestacion="Las olas eran caballos embravecidos." correcta="0"/>
      </respuestas>
    </cuestion>
    <cuestion>
      <enunciado><![CDATA[A la hora de realizar un discurso, lo único que no cambia es]]></enunciado>
      <explicacion><![CDATA[La forma de transmisión de un discurso siempre será oral]]></explicacion>
      <imagen/>
      <ampliacion/>
      <respuestas>
        <respuesta contestacion="el tema." correcta="0"/>
        <respuesta contestacion="la forma de transmisión." correcta="1"/>
        <respuesta contestacion="el orador." correcta="0"/>
        <respuesta contestacion="el auditorio." correcta="0"/>
      </respuestas>
    </cuestion>
    <cuestion>
      <enunciado><![CDATA[El profesor te pide escribir un discurso. Para ello, si decides tomar algún modelo, deberás leer textos]]></enunciado>
      <explicacion/>
      <imagen/>
      <ampliacion/>
      <respuestas>
        <respuesta contestacion="argumentativos." correcta="1"/>
        <respuesta contestacion="enciclopédicos." correcta="0"/>
        <respuesta contestacion="informativos." correcta="0"/>
        <respuesta contestacion="lingüísticos." correcta="0"/>
      </respuestas>
    </cuestion>
    <cuestion>
      <enunciado><![CDATA[Para un video escolar debes mostrar un plano en el que se muestre la tristeza en el rostro de un compañero. Entonces, el mejor plano que puedes usar es]]></enunciado>
      <explicacion><![CDATA[El primer plano sirve para ver con detalle, por ejemplo, la expresión de un rostro.]]></explicacion>
      <imagen/>
      <ampliacion/>
      <respuestas>
        <respuesta contestacion="primer plano." correcta="1"/>
        <respuesta contestacion="plano medio." correcta="0"/>
        <respuesta contestacion="plano general." correcta="0"/>
        <respuesta contestacion="plano americano." correcta="0"/>
      </respuestas>
    </cuestion>
    <cuestion>
      <enunciado><![CDATA[Una de las cualidades de la multiculturalidad de nuestro país es su diversidad de lenguas; un ejemplo es San Andrés, donde cohabitan idiomas como el español, el inglés y el]]></enunciado>
      <explicacion/>
      <imagen/>
      <ampliacion/>
      <respuestas>
        <respuesta contestacion="alemán." correcta="0"/>
        <respuesta contestacion="francés." correcta="0"/>
        <respuesta contestacion="portugués." correcta="0"/>
        <respuesta contestacion="creole." correcta="1"/>
      </respuestas>
    </cuestion>
  </test>
  <temps>30</temps>
</motor>