﻿<?xml version="1.0" encoding="utf-8"?><engine copy="Editorial Planeta" version="1" aprid="f6b"><main layout="11">
<title>Antología de textos: autores del realismo</title>
</main>
<sections>
<section i="0" star="false" >
<menuImage>
<title><![CDATA[Fern&aacute;n Caballero,&nbsp;<span style="font-style: italic; ">La Gaviota</span>]]></title>
</menuImage>
<pages>
<page i="0">
<title>Fernán Caballero</title>
<description><![CDATA[<p><span style="font-family: Verdana,Arial,sans-serif;">El casamiento de Stein y </span><span style="font-size: 18px; font-style: italic; ;font-family: Verdana,Arial,sans-serif;">la Gaviota</span><span style="font-family: Verdana,Arial,sans-serif;"> se celebr&oacute; en la iglesia de Villamar. El pescador llevaba, en lugar de su camisa de bayeta colorada, una blanca muy almidonada, y una chaqueta nueva de pa&ntilde;o azul basto, con cuyas galas estaba tan embarazado que apenas pod&iacute;a moverse.</span></p>

<p><span style="font-family: Verdana,Arial,sans-serif;">Don Modesto, que era uno de los testigos, se present&oacute; con toda la pompa de un uniforme viejo y ra&iacute;do a fuerza de cepillazos, el que habiendo su due&ntilde;o enflaquecido, le estaba anch&iacute;simo. El pantal&oacute;n de mah&oacute;n, que </span><span style="font-size: 18px; font-style: italic; ;font-family: Verdana,Arial,sans-serif;">Rosa M&iacute;stica</span><span style="font-family: Verdana,Arial,sans-serif;"> hab&iacute;a lavado por mil&eacute;sima vez, pas&aacute;ndolo por agua de paja que, por desgracia, no era el agua de Juvencio, se hab&iacute;a encogido de tal modo que apenas le llegaba a media pierna. Las charreteras se hab&iacute;an puesto de color de cobre. El tricornio, cuyo erguido aspecto no hab&iacute;an podido alterar ocho lustros de duraci&oacute;n, ocupaba dignamente su elevado puesto. Pero al mismo tiempo brillaba sobre el honrado pecho del pobre inv&aacute;lido la cruz de honor ganada valientemente en el campo de batalla, como un diamante puro en un engaste deteriorado.</span></p>

<p><span style="font-family: Verdana,Arial,sans-serif;">Las mujeres, seg&uacute;n el uso, asistieron de negro a la ceremonia; pero mudaron de traje para la fiesta. </span><span style="font-size: 18px; font-style: italic; ;font-family: Verdana,Arial,sans-serif;">Marisalada</span><span style="font-family: Verdana,Arial,sans-serif;"> iba de blanco. T&iacute;a Mar&iacute;a y Dolores llevaban vestido que Stein les hab&iacute;a regalado para aquella ocasi&oacute;n. Eran de tejido de algod&oacute;n, tra&iacute;do de Gibraltar, de contrabando; (...)</span></p>

<p><span style="font-family: Verdana,Arial,sans-serif;">Fern&aacute;n Caballero, </span><span style="font-size: 18px; font-style: italic; font-weight: bold; ;font-family: Verdana,Arial,sans-serif;">La Gaviota</span><span style="font-family: Verdana,Arial,sans-serif;"> (1849) (fragmento).</span></p>
]]></description>
<images>
<image path="section_0_1_page1.jpg" border="false" pathbig="section_0_1_page1_big.jpg" zoomEnabled="true">
<title></title>
</image>
</images>
<questions>
<question visible="true">
<text><![CDATA[&iquest;Qu&eacute; sucede en el fragmento?]]></text><answers>
<answer correct="true">
<![CDATA[





El enlace entre Stein y la Gaviota.]]></answer>
<answer correct="false">
<![CDATA[





Se celebra una fiesta. ]]></answer>
<answer correct="false">
<![CDATA[





Se reúnen todos los habitantes de Villamar.]]></answer>
<answer correct="false">
<![CDATA[





No se sabe.]]></answer>
</answers>
</question>
<question visible="true">
<text><![CDATA[¿Qué ropa acostumbraba a llevar el pescador?]]></text><answers>
<answer correct="false">
<![CDATA[





Una camisa blanca]]></answer>
<answer correct="false">
<![CDATA[





Una camiseta de bayeta]]></answer>
<answer correct="true">
<![CDATA[





Una camisa colorada]]></answer>
<answer correct="false">
<![CDATA[





Una camiseta almidonada]]></answer>
</answers>
</question>
<question visible="true">
<text><![CDATA[&iquest;Qu&eacute; significa <span style="font-style: italic; ">embarazado</span><span>?</span>]]></text><answers>
<answer correct="false">
<![CDATA[





Con barriga]]></answer>
<answer correct="true">
<![CDATA[





Impedido, incómodo]]></answer>
<answer correct="false">
<![CDATA[





Elegante]]></answer>
<answer correct="false">
<![CDATA[





Molesto, cansado]]></answer>
</answers>
</question>
<question visible="true">
<text><![CDATA[¿Cuál es un sinónimo de </span><span style="font-style: italic; ">raído</span><span>?]]></text><answers>
<answer correct="false">
<![CDATA[





Arrugado]]></answer>
<answer correct="false">
<![CDATA[





Impecable]]></answer>
<answer correct="false">
<![CDATA[





Liso]]></answer>
<answer correct="true">
<![CDATA[





Desgastado]]></answer>
</answers>
</question>
<question visible="true">
<text><![CDATA[&iquest;Qu&eacute; tipo de texto es?]]></text><answers>
<answer correct="true">
<![CDATA[





Una narración descriptiva]]></answer>
<answer correct="false">
<![CDATA[





Una narración poética]]></answer>
<answer correct="false">
<![CDATA[





Un poema narrativo]]></answer>
<answer correct="false">
<![CDATA[





Un narración histórica]]></answer>
</answers>
</question>
<question visible="true">
<text><![CDATA[¿Cómo son las descripciones?]]></text><answers>
<answer correct="true">
<![CDATA[





Muy detallistas]]></answer>
<answer correct="false">
<![CDATA[





Poéticas]]></answer>
<answer correct="false">
<![CDATA[





Escuetas, sin muchos detalles]]></answer>
<answer correct="false">
<![CDATA[





No hay descripciones.]]></answer>
</answers>
</question>
<question visible="true">
<text><![CDATA[&iquest;Qui&eacute;n cuenta la historia?]]></text><answers>
<answer correct="true">
<![CDATA[





Un narrador observador]]></answer>
<answer correct="false">
<![CDATA[





Un personaje]]></answer>
<answer correct="false">
<![CDATA[





El protagonista]]></answer>
<answer correct="false">
<![CDATA[





Gaviota]]></answer>
</answers>
</question>
<question visible="true">
<text><![CDATA[&iquest;Qu&eacute; recursos estil&iacute;sticos aparecen en este fragmento? Puede haber m&aacute;s de una respuesta correcta.]]></text><answers>
<answer correct="true">
<![CDATA[





Símil]]></answer>
<answer correct="true">
<![CDATA[





Paradoja]]></answer>
<answer correct="true">
<![CDATA[





Metonimia]]></answer>
<answer correct="false">
<![CDATA[





Polisíndeton]]></answer>
</answers>
</question>
<question visible="true">
<text><![CDATA[¿A qué género literario pertenece este texto?]]></text><answers>
<answer correct="true">
<![CDATA[





Novela]]></answer>
<answer correct="false">
<![CDATA[





Teatro]]></answer>
<answer correct="false">
<![CDATA[





Poesía]]></answer>
<answer correct="false">
<![CDATA[





Ensayo]]></answer>
</answers>
</question>
<question visible="true">
<text><![CDATA[¿Qué clase de novela es?]]></text><answers>
<answer correct="false">
<![CDATA[





Novela histórica]]></answer>
<answer correct="true">
<![CDATA[





Novela de costumbres]]></answer>
<answer correct="false">
<![CDATA[





Novela de aventuras]]></answer>
<answer correct="false">
<![CDATA[





Novela lírica]]></answer>
</answers>
</question>
</questions>
</page>
</pages>
</section><section i="1" star="false" >
<menuImage>
<title><![CDATA[Benito P&eacute;rez Gald&oacute;s,&nbsp;<span style="font-style: italic; ">Do&ntilde;a Perfecta</span>]]></title>
</menuImage>
<pages>
<page i="0">
<title>Benito Pérez Galdós</title>
<description><![CDATA[<p><span style="font-family: Verdana,Arial,sans-serif;">(&hellip;) la ciencia, tal como la estudian y la propagan los modernos, es la muerte del sentimiento y de las dulces ilusiones. Con ella la vida del esp&iacute;ritu se amengua; todo se reduce a reglas fijas, y los mismos encantos sublimes de la Naturaleza desaparecen. Con la ciencia destr&uacute;yese lo maravilloso en las artes, as&iacute; como la fe en el alma. La ciencia dice que todo es mentira, y todo quiere ponerlo en guarismos y rayas, no s&oacute;lo </span><span style="font-size: 18px; font-style: italic; ;font-family: Verdana,Arial,sans-serif;">maria ac terras</span><span style="font-family: Verdana,Arial,sans-serif;">, donde estamos nosotros, sino tambi&eacute;n </span><span style="font-size: 18px; font-style: italic; ;font-family: Verdana,Arial,sans-serif;">coelumque profundam</span><span style="font-family: Verdana,Arial,sans-serif;">, donde est&aacute; Dios... Los admirables sue&ntilde;os del alma, su arrobamiento&nbsp;m&iacute;stico, la inspiraci&oacute;n misma de los poetas, mentira. El coraz&oacute;n es una esponja, el cerebro una gusanera.</span></p>

<p><span style="font-family: Verdana,Arial,sans-serif;">Todos rompieron a re&iacute;r, mientras &eacute;l daba paso a un trago de vino.</span></p>

<p><span style="font-family: Verdana,Arial,sans-serif;">&mdash;Vamos, &iquest;me negar&aacute; el se&ntilde;or don Jos&eacute; &mdash;a&ntilde;adi&oacute; el sacerdote&mdash;, que la ciencia, tal como se ense&ntilde;a y se propaga hoy, va derecha a hacer del mundo y del g&eacute;nero humano una gran m&aacute;quina?</span></p>

<p><span style="font-family: Verdana,Arial,sans-serif;">&mdash;Eso seg&uacute;n y conforme &mdash;dijo don Cayetano&mdash;. Todas las cosas tienen su pro y su contra.</span></p>

<p><span style="font-family: Verdana,Arial,sans-serif;">&mdash;Tome usted m&aacute;s ensalada, se&ntilde;or Penitenciario &mdash;dijo do&ntilde;a Perfecta&mdash;. Est&aacute; cargadita de mostaza, como a usted le gusta.</span></p>

<p><span style="font-family: Verdana,Arial,sans-serif;">Pepe Rey no gustaba de entablar vanas disputas, ni era pedante, ni alardeaba de erudito, mucho menos ante mujeres y en reuniones de confianza; pero la importuna verbosidad agresiva del can&oacute;nigo necesitaba, seg&uacute;n &eacute;l, un correctivo. Para d&aacute;rselo le pareci&oacute; mal sistema exponer ideas que, concordando con las del can&oacute;nigo, halagasen a este, y decidi&oacute; manifestar las opiniones que m&aacute;s contrariaran y m&aacute;s acerbamente mortificasen al mordaz Penitenciario.</span></p>

<p><span style="font-family: Verdana,Arial,sans-serif;">&mdash;Quieres divertirte conmigo &mdash;dijo para s&iacute;&mdash;. Ver&aacute;s qu&eacute; mal rato te voy a dar.</span></p>

<p><span style="font-family: Verdana,Arial,sans-serif;">Y luego a&ntilde;adi&oacute; en voz alta:</span></p>

<p><span style="font-family: Verdana,Arial,sans-serif;">&mdash;Cierto es todo lo que el se&ntilde;or Penitenciario ha dicho en tono de broma. Pero no es culpa nuestra que la ciencia est&eacute; derribando a martillazos un d&iacute;a y otro tanto &iacute;dolo vano, la superstici&oacute;n, el sofisma, las mil mentiras de lo pasado, bellas las unas, rid&iacute;culas las otras, pues de todo hay en la vi&ntilde;a del Se&ntilde;or. El mundo de las ilusiones, que es como si dij&eacute;ramos un segundo mundo, se viene abajo con estr&eacute;pito. El misticismo en religi&oacute;n, la rutina en la ciencia, el amaneramiento en las artes, caen como cayeron los dioses paganos, entre burlas. Adi&oacute;s, sue&ntilde;os torpes, el g&eacute;nero humano despierta y sus ojos ven la claridad.</span></p>

<p><span style="font-family: Verdana,Arial,sans-serif;">Benito P&eacute;rez Gald&oacute;s, </span><span style="font-size: 18px; font-style: italic; font-weight: bold; ;font-family: Verdana,Arial,sans-serif;">Do&ntilde;a Perfecta</span><span style="font-family: Verdana,Arial,sans-serif;"> (1876) (fragmento).</span></p>
]]></description>
<images>
<image path="section_1_1_page1.jpg" border="false" pathbig="section_1_1_page1_big.jpg" zoomEnabled="true">
<title></title>
</image>
</images>
<questions>
<question visible="true">
<text><![CDATA[¿Qué se produce en este fragmento? ]]></text><answers>
<answer correct="true">
<![CDATA[



Una conversación entre conocidos]]></answer>
<answer correct="false">
<![CDATA[



Una conferencia]]></answer>
<answer correct="false">
<![CDATA[



Un discurso]]></answer>
<answer correct="false">
<![CDATA[



Una exposición]]></answer>
</answers>
</question>
<question visible="true">
<text><![CDATA[¿Qué representa la ciencia desde el punto de vista de los modernos? ]]></text><answers>
<answer correct="false">
<![CDATA[



El crecimiento del espíritu]]></answer>
<answer correct="false">
<![CDATA[



El final de las reglas]]></answer>
<answer correct="true">
<![CDATA[



El final de las ilusiones y de los sentimientos]]></answer>
<answer correct="false">
<![CDATA[



La mentira]]></answer>
</answers>
</question>
<question visible="true">
<text><![CDATA[¿Cómo termina el orador su discurso?]]></text><answers>
<answer correct="false">
<![CDATA[



Riendo.]]></answer>
<answer correct="false">
<![CDATA[



Tomando agua.]]></answer>
<answer correct="true">
<![CDATA[



Tomando vino.]]></answer>
<answer correct="false">
<![CDATA[



Sentándose.]]></answer>
</answers>
</question>
<question visible="true">
<text><![CDATA[&iquest;Cu&aacute;l es un sin&oacute;nimo de <span style="font-style: italic; ">se amengua</span><span>?</span>]]></text><answers>
<answer correct="false">
<![CDATA[



Se acaba.]]></answer>
<answer correct="false">
<![CDATA[



Se alarga.]]></answer>
<answer correct="false">
<![CDATA[



Se amplía.]]></answer>
<answer correct="true">
<![CDATA[



Se reduce.]]></answer>
</answers>
</question>
<question visible="true">
<text><![CDATA[¿Cómo es el lenguaje de don Cayetano?]]></text><answers>
<answer correct="false">
<![CDATA[



Vulgar]]></answer>
<answer correct="true">
<![CDATA[



Culto]]></answer>
<answer correct="false">
<![CDATA[



Coloquial]]></answer>
<answer correct="false">
<![CDATA[



Obsceno]]></answer>
</answers>
</question>
<question visible="true">
<text><![CDATA[¿Cómo es el lenguaje que emplea doña Perfecta en esta escena?]]></text><answers>
<answer correct="false">
<![CDATA[



Vulgar.]]></answer>
<answer correct="true">
<![CDATA[



Formal, respetuoso pero con notas coloquiales.]]></answer>
<answer correct="false">
<![CDATA[



Muy serio y tajante.]]></answer>
<answer correct="false">
<![CDATA[



Coloquial.]]></answer>
</answers>
</question>
<question visible="true">
<text><![CDATA[¿Qué opinión tiene Pepe Rey acerca del comentario del sacerdote?]]></text><answers>
<answer correct="true">
<![CDATA[



Le parece inoportuno y agresivo.]]></answer>
<answer correct="false">
<![CDATA[



Cree que es apropiado.]]></answer>
<answer correct="false">
<![CDATA[



Le parece coherente.]]></answer>
<answer correct="false">
<![CDATA[



Le gusta. ]]></answer>
</answers>
</question>
<question visible="true">
<text><![CDATA[¿Por qué doña Perfecta ofrece ensalada al señor Penitenciario?]]></text><answers>
<answer correct="false">
<![CDATA[



Porque lo ve con cara de hambre.]]></answer>
<answer correct="true">
<![CDATA[



Porque contiene un ingrediente que al señor le encanta.]]></answer>
<answer correct="false">
<![CDATA[



Porque es su plato favorito.]]></answer>
<answer correct="false">
<![CDATA[



Porque todavía no la ha probado.]]></answer>
</answers>
</question>
<question visible="true">
<text><![CDATA[¿Cómo es la escena que se reproduce en el fragmento?]]></text><answers>
<answer correct="true">
<![CDATA[



Es un escena cotidiana, imita la realidad.]]></answer>
<answer correct="false">
<![CDATA[



Es una escena irreal, que no se suele producir.]]></answer>
<answer correct="false">
<![CDATA[



Es una escena sorprendente, aunque con signos realistas.]]></answer>
<answer correct="false">
<![CDATA[



Es una escena fantasiosa, completamente imaginaria.]]></answer>
</answers>
</question>
<question visible="true">
<text><![CDATA[¿Qué tipo de narrador relata la escena?]]></text><answers>
<answer correct="false">
<![CDATA[



Observador]]></answer>
<answer correct="true">
<![CDATA[



Omnisciente]]></answer>
<answer correct="false">
<![CDATA[



Protagonista]]></answer>
<answer correct="false">
<![CDATA[



Personaje secundario]]></answer>
</answers>
</question>
</questions>
</page>
</pages>
</section><section i="2" star="false" >
<menuImage>
<title><![CDATA[Juan Valera,&nbsp;<span style="font-style: italic; ">Pepita Jim&eacute;nez</span>]]></title>
</menuImage>
<pages>
<page i="0">
<title>Juan Valera</title>
<description><![CDATA[<p><span style="font-size: 18px; font-style: italic; ;font-family: Verdana,Arial,sans-serif;">7 de mayo</span></p>

<p><span style="font-family: Verdana,Arial,sans-serif;">Todas las noches, de nueve a doce, tenemos, como ya indiqu&eacute; a usted, tertulia en casa de Pepita. Van cuatro o cinco se&ntilde;oras y otras tantas se&ntilde;oritas del lugar, contando con la t&iacute;a Casilda, y van tambi&eacute;n seis o siete caballeritos, que suelen jugar a juegos de prendas con las ni&ntilde;as. Como es natural, hay tres o cuatro noviazgos.</span></p>

<p><span style="font-family: Verdana,Arial,sans-serif;">La gente formal de la tertulia es la de siempre. Se compone, como si dij&eacute;ramos, de los altos funcionarios: de mi padre, que es el cacique; del boticario, del m&eacute;dico, del escribano y del se&ntilde;or Vicario.</span></p>

<p><span style="font-family: Verdana,Arial,sans-serif;">Pepita juega al tresillo con mi padre, con el se&ntilde;or Vicario y con alg&uacute;n otro. </span></p>

<p><span style="font-family: Verdana,Arial,sans-serif;">Yo no s&eacute; de qu&eacute; lado ponerme. Si me voy con la gente joven, estorbo con mi gravedad en sus juegos y enamoramientos. Si me voy con el estado mayor, tengo que hacer el papel de mir&oacute;n en una cosa que no entiendo. Yo no s&eacute; m&aacute;s juego de naipes que el burro ciego, el burro con vista y un poco de tute o brisca cruzada.</span></p>

<p><span style="font-family: Verdana,Arial,sans-serif;">Lo mejor ser&iacute;a que yo no fuese a la tertulia; pero mi padre se empe&ntilde;a en que vaya. Con no ir, seg&uacute;n &eacute;l, me pondr&iacute;a en rid&iacute;culo.</span></p>

<p><span style="font-family: Verdana,Arial,sans-serif;">Muchos extremos de admiraci&oacute;n hace mi padre al notar mi ignorancia de ciertas cosas. Esto de que yo no sepa jugar al tresillo, siquiera al tresillo, le tiene maravillado.</span></p>

<p><span style="font-family: Verdana,Arial,sans-serif;">&mdash;Tu t&iacute;o te ha criado &mdash;me dice&mdash; debajo de un fanal, haci&eacute;ndote tragar teolog&iacute;a y m&aacute;s teolog&iacute;a, y dej&aacute;ndote a obscuras de lo dem&aacute;s que hay que saber. Por lo mismo que vas a ser cl&eacute;rigo y que no podr&aacute;s bailar ni enamorar en las reuniones, necesitas jugar al tresillo. Si no, &iquest;qu&eacute; vas a hacer, desdichado?</span></p>

<p><span style="font-family: Verdana,Arial,sans-serif;">A estos y otros discursos por el estilo he tenido que rendirme, y mi padre me est&aacute; ense&ntilde;ando en casa a jugar al tresillo, para que, no bien lo sepa, lo juegue en la tertulia de Pepita. Tambi&eacute;n, como ya dije a usted, ha querido ense&ntilde;arme la esgrima, y despu&eacute;s, a fumar y a tirar a la pistola y la barra; pero en nada de esto he consentido yo.</span></p>

<p><span style="font-family: Verdana,Arial,sans-serif;">&mdash;&iexcl;Qu&eacute; diferencia &mdash;exclama mi padre&mdash; entre tu mocedad y la m&iacute;a!</span></p>

<p><span style="font-family: Verdana,Arial,sans-serif;">Y luego a&ntilde;ade ri&eacute;ndose:</span></p>

<p><span style="font-family: Verdana,Arial,sans-serif;">&mdash;En substancia, todo es lo mismo. Yo tambi&eacute;n ten&iacute;a mis horas can&oacute;nicas en el cuartel de Guardias de Corps; el cigarro era el incensario, la baraja el libro de coro, y nunca me faltaban otras devociones y ejercicios m&aacute;s o menos espirituales.</span></p>

<p><span style="font-family: Verdana,Arial,sans-serif;">Juan Valera, </span><span style="font-size: 18px; font-style: italic; font-weight: bold; ;font-family: Verdana,Arial,sans-serif;">Pepita Jim&eacute;nez</span><span style="font-family: Verdana,Arial,sans-serif;"> (1874) (fragmento).</span></p>
]]></description>
<images>
<image path="section_2_1_page1.jpg" border="false" pathbig="section_2_1_page1_big.jpg" zoomEnabled="true">
<title></title>
</image>
</images>
<questions>
<question visible="true">
<text><![CDATA[¿Qué es este fragmento?]]></text><answers>
<answer correct="true">
<![CDATA[


Parte de una carta.]]></answer>
<answer correct="false">
<![CDATA[


Parte de un ensayo.]]></answer>
<answer correct="false">
<![CDATA[


Parte de un poema.]]></answer>
<answer correct="false">
<![CDATA[


No se sabe.]]></answer>
</answers>
</question>
<question visible="true">
<text><![CDATA[La persona que narra los hechos, &iquest;se ha comunicado anteriormente con la persona a la que dirige el texto?]]></text><answers>
<answer correct="false">
<![CDATA[


No.]]></answer>
<answer correct="true">
<![CDATA[


Sí.]]></answer>
<answer correct="false">
<![CDATA[


No se sabe.]]></answer>
<answer correct="false">
<![CDATA[


Un par de veces.]]></answer>
</answers>
</question>
<question visible="true">
<text><![CDATA[&iquest;Qui&eacute;n narra la historia?]]></text><answers>
<answer correct="false">
<![CDATA[


Un narrador omnisciente]]></answer>
<answer correct="false">
<![CDATA[


Pepita]]></answer>
<answer correct="true">
<![CDATA[


Un personaje]]></answer>
<answer correct="false">
<![CDATA[


El señor Vicario]]></answer>
</answers>
</question>
<question visible="true">
<text><![CDATA[¿Cuánto duran las reuniones de la tarde en casa de Pepita?]]></text><answers>
<answer correct="false">
<![CDATA[


Una hora]]></answer>
<answer correct="false">
<![CDATA[


Media hora]]></answer>
<answer correct="false">
<![CDATA[


Dos horas]]></answer>
<answer correct="true">
<![CDATA[


Tres horas]]></answer>
</answers>
</question>
<question visible="true">
<text><![CDATA[¿Quiénes integran el grupo serio de la tertulia?]]></text><answers>
<answer correct="false">
<![CDATA[


Las señoras]]></answer>
<answer correct="false">
<![CDATA[


Las señoritas]]></answer>
<answer correct="true">
<![CDATA[


Los altos funcionarios]]></answer>
<answer correct="false">
<![CDATA[


Los caballeritos]]></answer>
</answers>
</question>
<question visible="true">
<text><![CDATA[¿Cómo es la escena que se describe?]]></text><answers>
<answer correct="false">
<![CDATA[


Imaginaria]]></answer>
<answer correct="true">
<![CDATA[


Cotidiana]]></answer>
<answer correct="false">
<![CDATA[


Fantástica]]></answer>
<answer correct="false">
<![CDATA[


Ideal]]></answer>
</answers>
</question>
<question visible="true">
<text><![CDATA[¿Cuál es un sinónimo de </span><span style="font-style: italic; ">cacique</span><span>?]]></text><answers>
<answer correct="true">
<![CDATA[


Jefe]]></answer>
<answer correct="false">
<![CDATA[


Caballero]]></answer>
<answer correct="false">
<![CDATA[


Subalterno]]></answer>
<answer correct="false">
<![CDATA[


Vasallo]]></answer>
</answers>
</question>
<question visible="true">
<text><![CDATA[&iquest;Qu&eacute; significa en el texto&nbsp;<span style="font-style: italic; ">dej&aacute;ndote a oscuras</span><span>?</span>]]></text><answers>
<answer correct="false">
<![CDATA[


Aprendiendo.]]></answer>
<answer correct="false">
<![CDATA[


Conociendo.]]></answer>
<answer correct="true">
<![CDATA[


Sin enseñarte.]]></answer>
<answer correct="false">
<![CDATA[


Sin luces.]]></answer>
</answers>
</question>
<question visible="true">
<text><![CDATA[¿A qué quiere dedicarse el personaje narrador?]]></text><answers>
<answer correct="true">
<![CDATA[


Quiere ser clérigo.]]></answer>
<answer correct="false">
<![CDATA[


Quiere narrar otras historias.]]></answer>
<answer correct="false">
<![CDATA[


Le gustaría ser cacique.]]></answer>
<answer correct="false">
<![CDATA[


Le gustaría ser boticario.]]></answer>
</answers>
</question>
<question visible="true">
<text><![CDATA[¿Cómo es el lenguaje que se emplea?]]></text><answers>
<answer correct="false">
<![CDATA[


Vulgar.]]></answer>
<answer correct="true">
<![CDATA[


Formal, ajustado a las características del personaje.]]></answer>
<answer correct="false">
<![CDATA[


Culto.]]></answer>
<answer correct="false">
<![CDATA[


Metafórico.]]></answer>
</answers>
</question>
</questions>
</page>
</pages>
</section><section i="3" star="false" >
<menuImage>
<title><![CDATA[Jos&eacute; Mar&iacute;a&nbsp;<span>de Pereda,&nbsp;</span><span style="font-style: italic; ">Sotileza</span>]]></title>
</menuImage>
<pages>
<page i="0">
<title>José María de Pereda</title>
<description><![CDATA[<p><span style="font-family: Verdana,Arial,sans-serif;">T&iacute;o Mocej&oacute;n, el de la calle Alta (porque hab&iacute;a otro Mocej&oacute;n, m&aacute;s joven, en el Cabildo de Abajo), era un marinero chaparrudo, rayano con los sesenta, de color de h&iacute;gado con grietas, ojos peque&ntilde;os y verdosos, de bastante barba, casi blanca, muy mal nacida y peor afeitada siempre, y tan recia y arisca como el pelo de su cabeza, en la cual no entraba jam&aacute;s el peine, y rara, muy rara vez, la tijera. Ten&iacute;a los </span><span style="font-size: 18px; font-style: italic; ;font-family: Verdana,Arial,sans-serif;">andares</span><span style="font-family: Verdana,Arial,sans-serif;"> como todos los de su oficio, torpes y desaplomados; lo mismo que la voz, las palabras y la conversaci&oacute;n. El mirar, en tierra, oscuro y desde&ntilde;oso. En tierra digo, porque en la mar, como andaba en ella, o por encima o alrededor de ella ve&iacute;a cuanto en el mundo pod&iacute;a llamarle la atenci&oacute;n, ya era otra cosa. El vil inter&eacute;s y el apego instintivo al m&iacute;sero pellejo le despertaban en el esp&iacute;ritu los cuidados; y no hay como la luz de los cuidados para que echen chispas los ojos m&aacute;s mortecinos. En cuanto a genio, mucho peor que la piel, que la barba, las gre&ntilde;as, los andares y la mirada; no por lo fiero precisamente, sino por lo gru&ntilde;&oacute;n, y lo seco, y lo &aacute;spero, y lo desapacible. Unos calzones pardos, que al petrificarse con la mugre, el agua de la mar y la brea de la lancha, hab&iacute;an ido tomando la forma de las entumecidas piernas; unos calzones as&iacute;, atados a la cintura, con una correa; unos zapatos bajos, sin tacones ni se&ntilde;al de lustre, en los abotagados pies; un</span><span style="font-size: 18px; font-style: italic; ;font-family: Verdana,Arial,sans-serif;"> el&aacute;stico de cobertor</span><span style="font-family: Verdana,Arial,sans-serif;">, o manta palentina, sobre la camisa de estopa, y un gorro catal&aacute;n puesto de cualquier modo encima de las gre&ntilde;as, como trapo sucio tendido en un bardal, compon&iacute;an el sempiterno envoltorio de aquel cuerpo, pasto resignado de la ro&ntilde;a y muy capaz hasta de pactar alianzas con la lepra, pero no de dejarse tocar del agua dulce.</span></p>

<p><span style="font-family: Verdana,Arial,sans-serif;">Pues con ser as&iacute; t&iacute;o Mocej&oacute;n, no era lo peor de la casa, porque le aventajaba en todo la Sarg&uuml;eta, su mujer, cuyo genio avinagrado y lengua venenosa y voz dilacerante, eran el espanto de la calle, con haber en ella tantas re&ntilde;idoras de primera calidad. Era m&aacute;s alta que su marido, pero muy delgada, pitarrosa, con hocico de merluza, dientes negros, ralos y puntiagudos; el color de las mejillas, rojo curado; y lo dem&aacute;s de la cara, pergamino viejo; el pecho hundido, los brazos largos; pod&iacute;an contarse los tendones y todos los huesos de sus canillas, siempre descubiertas, y apestaba a </span><span style="font-size: 18px; font-style: italic; ;font-family: Verdana,Arial,sans-serif;">parrocha</span><span style="font-family: Verdana,Arial,sans-serif;"> desde media legua. Nunca se le conoci&oacute; otro atalaje que un pa&ntilde;uelo oscuro atado debajo de la barbilla, muy destacado sobre la frente y ca&iacute;do hacia los ojos, para que no los ofendiera la luz; un mant&oacute;n de lana, tambi&eacute;n oscuro y tambi&eacute;n sucio, y hasta remendado, cruzadas sobre el pecho las puntas y amarradas encima de los ri&ntilde;ones; un refajo de estame&ntilde;a parda, y en los pies unas chancletas con luces a todos los vientos. Sin embargo, hay quien asegura que era m&aacute;s llevadera esta mujer inaguantable que su hija Carpia, moza ya metida en los diecinueve, tan desali&ntilde;ada y puerca como su madre, pero m&aacute;s baja de estatura, m&aacute;s morena, m&aacute;s chata, tan recia de voz y tan larga de lengua, y, adem&aacute;s, </span><span style="font-size: 18px; font-style: italic; ;font-family: Verdana,Arial,sans-serif;">cancaneada</span><span style="font-family: Verdana,Arial,sans-serif;">. Era de oficio sardinera, y cosa de taparse la gente los o&iacute;dos y los ojos, y aun las narices, cuando ella pasaba con el carpancho lleno, encima de la cabeza, chorreando la pringue sobre hombros y espaldas, cerniendo el corto y sucio refajo al comp&aacute;s del vaiv&eacute;n chocarrero de sus caderas, pregonando a ga&ntilde;ote limpio la mercanc&iacute;a.</span></p>

<p><span style="font-family: Verdana,Arial,sans-serif;">Jos&eacute; Mar&iacute;a de Pereda, </span><span style="font-size: 18px; font-style: italic; font-weight: bold; ;font-family: Verdana,Arial,sans-serif;">Sotileza</span><span style="font-family: Verdana,Arial,sans-serif;"> (1884) (fragmento).</span></p>
]]></description>
<images>
<image path="section_3_1_page1.jpg" border="false" pathbig="section_3_1_page1_big.jpg" zoomEnabled="true">
<title></title>
</image>
</images>
<questions>
<question visible="true">
<text><![CDATA[¿Qué tipo de texto es?]]></text><answers>
<answer correct="false">
<![CDATA[

Dramático]]></answer>
<answer correct="true">
<![CDATA[

Narrativo descriptivo]]></answer>
<answer correct="false">
<![CDATA[

Poético]]></answer>
<answer correct="false">
<![CDATA[

Narrativo poético]]></answer>
</answers>
</question>
<question visible="true">
<text><![CDATA[¿A cuántas personas se describen?]]></text><answers>
<answer correct="false">
<![CDATA[

A cuatro]]></answer>
<answer correct="true">
<![CDATA[

A tres]]></answer>
<answer correct="false">
<![CDATA[

A dos]]></answer>
<answer correct="false">
<![CDATA[

A ninguna]]></answer>
</answers>
</question>
<question visible="true">
<text><![CDATA[¿Qué relación existe entre los personajes que se describen?]]></text><answers>
<answer correct="true">
<![CDATA[

Son familiares: padre, madre e hija.]]></answer>
<answer correct="false">
<![CDATA[

Son vecinos del mismo pueblo.]]></answer>
<answer correct="false">
<![CDATA[

Son familiares: tío, tía y sobrina.]]></answer>
<answer correct="false">
<![CDATA[

Son amigos.]]></answer>
</answers>
</question>
<question visible="true">
<text><![CDATA[¿Qué profesión tienen? ]]></text><answers>
<answer correct="false">
<![CDATA[

Tienen una tienda de ropa.]]></answer>
<answer correct="false">
<![CDATA[

Son carniceros.]]></answer>
<answer correct="true">
<![CDATA[

Son pescadores.]]></answer>
<answer correct="false">
<![CDATA[

No se sabe.]]></answer>
</answers>
</question>
<question visible="true">
<text><![CDATA[¿Qué tipo de descripción se da en este fragmento? ]]></text><answers>
<answer correct="true">
<![CDATA[

Se trata de una descripción muy exacta, con muchos detalles.]]></answer>
<answer correct="false">
<![CDATA[

Es una descripción sencilla, con poco detalle.]]></answer>
<answer correct="false">
<![CDATA[

Se trata de una descripción muy compleja.]]></answer>
<answer correct="false">
<![CDATA[

Es una descripción poética.]]></answer>
</answers>
</question>
<question visible="true">
<text><![CDATA[¿Cómo es el escenario?]]></text><answers>
<answer correct="false">
<![CDATA[

Legendario]]></answer>
<answer correct="false">
<![CDATA[

Histórico]]></answer>
<answer correct="false">
<![CDATA[

Fantástico]]></answer>
<answer correct="true">
<![CDATA[

Real]]></answer>
</answers>
</question>
<question visible="true">
<text><![CDATA[¿Quién explica los hechos en este fragmento?]]></text><answers>
<answer correct="false">
<![CDATA[

Mocejón joven]]></answer>
<answer correct="false">
<![CDATA[

La esposa del tío Mocejón]]></answer>
<answer correct="false">
<![CDATA[

Carpia]]></answer>
<answer correct="true">
<![CDATA[

Un narrador omnisciente]]></answer>
</answers>
</question>
<question visible="true">
<text><![CDATA[¿Cuál es sinónimo de </span><span style="font-style: italic; ">abotagados</span><span>?]]></text><answers>
<answer correct="true">
<![CDATA[

Hinchados]]></answer>
<answer correct="false">
<![CDATA[

Ligeros]]></answer>
<answer correct="false">
<![CDATA[

Estilizados]]></answer>
<answer correct="false">
<![CDATA[

Anchos]]></answer>
</answers>
</question>
<question visible="true">
<text><![CDATA[¿Qué tono emplea? ]]></text><answers>
<answer correct="false">
<![CDATA[

Serio y muy respetuoso]]></answer>
<answer correct="true">
<![CDATA[

Coloquial y en algunos casos jocoso e irónico]]></answer>
<answer correct="false">
<![CDATA[

Muy formal]]></answer>
<answer correct="false">
<![CDATA[

Vulgar]]></answer>
</answers>
</question>
<question visible="true">
<text><![CDATA[¿A qué tipo de novela pertenece este fragmento?]]></text><answers>
<answer correct="false">
<![CDATA[

Histórica]]></answer>
<answer correct="false">
<![CDATA[

De aventuras]]></answer>
<answer correct="true">
<![CDATA[

Costumbrista]]></answer>
<answer correct="false">
<![CDATA[

Romántica]]></answer>
</answers>
</question>
</questions>
</page>
</pages>
</section><section i="4" star="false" >
<menuImage>
<title><![CDATA[Leopoldo&nbsp;<span>Alas </span><span style="font-style: italic; ">Clar&iacute;n</span><span>,&nbsp;</span><span style="font-style: italic; ">La Regenta</span>]]></title>
</menuImage>
<pages>
<page i="0">
<title>Leopoldo Alas &lt;/span&gt;&lt;span style=&quot;font-style: italic; &quot;&gt;Clarín</title>
<description><![CDATA[<p><span style="font-family: Verdana,Arial,sans-serif;">Vetusta la noble estaba escandalizada, horrorizada. Unos a otros, con cara de hip&oacute;crita compunci&oacute;n, se ocultaban los buenos vetustenses el &iacute;ntimo placer que les causaba </span><span style="font-size: 18px; font-style: italic; ;font-family: Verdana,Arial,sans-serif;">aquel gran esc&aacute;ndalo que era como una novela</span><span style="font-family: Verdana,Arial,sans-serif;">, algo que interrump&iacute;a la monoton&iacute;a eterna de la ciudad triste. Pero ostensiblemente pocos se alegraban de lo ocurrido. &iexcl;Era un esc&aacute;ndalo! &iexcl;Un adulterio descubierto! &iexcl;Un duelo! &iexcl;Un marido, un ex regente de Audiencia muerto de un pistoletazo en la vejiga! En Vetusta, ni aun en los d&iacute;as de la revoluci&oacute;n hab&iacute;a habido tiros. No hab&iacute;a costado a nadie un cartucho la conquista de los derechos inalienables del hombre. Aquel tiro de Mes&iacute;a, del que ten&iacute;a la culpa </span><span style="font-size: 18px; font-style: italic; ;font-family: Verdana,Arial,sans-serif;">la Regenta</span><span style="font-family: Verdana,Arial,sans-serif;">, romp&iacute;a la tradici&oacute;n pac&iacute;fica del crimen silencioso, morigerado y precavido. Ya se sab&iacute;a que muchas damas principales de la Encimada y de la Colonia enga&ntilde;aban o hab&iacute;an enga&ntilde;ado o estaban a punto de enga&ntilde;ar a su respectivo esposo, &iexcl;pero no a tiros! La envidia que hasta all&iacute; se hab&iacute;a disfrazado de admiraci&oacute;n, sali&oacute; a la calle con toda la amarillez de sus carnes. Y result&oacute; que envidiaban en secreto la hermosura y la fama de virtuosa de la Regenta no solo Visitaci&oacute;n Ol&iacute;as de Cuervo y Obdulia Fandi&ntilde;o y la baronesa de la </span><span style="font-size: 18px; font-style: italic; ;font-family: Verdana,Arial,sans-serif;">Deuda Flotante</span><span style="font-family: Verdana,Arial,sans-serif;">, sino tambi&eacute;n la Gobernadora, y la de P&aacute;ez, y la se&ntilde;ora de Carraspique, y la de Rianzares, o sea el Gran Constantino, y las criadas de la Marquesa y toda la aristocracia, y toda la clase media y hasta las mujeres del pueblo... y, &iexcl;qui&eacute;n lo dijera!, la Marquesa misma, aquella do&ntilde;a Rufina tan liberal que con tanta magnanimidad se absolv&iacute;a a s&iacute; misma de las </span><span style="font-size: 18px; font-style: italic; ;font-family: Verdana,Arial,sans-serif;">ligerezas</span><span style="font-family: Verdana,Arial,sans-serif;"> de la juventud... &iexcl;y otras! Hablaban mal de Ana Ozores todas las mujeres de Vetusta, y hasta la envidiaban y despellejaban muchos hombres con alma como la de aquellas mujeres. Glocester en el cabildo, don Custodio a su lado, hablaban de esc&aacute;ndalo, de hipocres&iacute;a, de perversi&oacute;n, de extrav&iacute;os babil&oacute;nicos; y en el Casino, Ronzal, Foja, los Orgaz echaban lodo con las dos manos sobre la honra difunta de aquella pobre viuda encerrada entre cuatro paredes.</span></p>

<p><span style="font-family: Verdana,Arial,sans-serif;">Obdulia Fandi&ntilde;o, pocas horas despu&eacute;s de saberse en el pueblo la cat&aacute;strofe, hab&iacute;a salido a la calle con su sombrero m&aacute;s grande y su vestido m&aacute;s apretado a las piernas y sus faldas m&aacute;s crujientes, a tomar el aire de la maledicencia, a olfatear el esc&aacute;ndalo, a saborear el dejo del crimen que pasaba de boca en boca como una golosina que lam&iacute;an todos, disimulando el placer de aquella dulzura pegajosa.</span></p>

<p><span style="font-family: Verdana,Arial,sans-serif;">&laquo;&iquest;Ven ustedes? &mdash;dec&iacute;an las miradas triunfantes de la Fandi&ntilde;o&mdash;. Todas somos iguales&raquo;. Y sus labios dec&iacute;an:</span></p>

<p><span style="font-family: Verdana,Arial,sans-serif;">&mdash;&iexcl;Pobre Ana! &iexcl;Perdida sin remedio! &iquest;Con qu&eacute; cara se ha de presentar en p&uacute;blico? &iexcl;Como era tan rom&aacute;ntica! Hasta una cosa... como esa tuvo que salirle a ella as&iacute;..., a ca&ntilde;onazos, para que se enterase todo el mundo.</span></p>

<p><span style="font-family: Verdana,Arial,sans-serif;">&mdash;&iquest;Se acuerdan ustedes del paseo de Viernes Santo? &mdash;preguntaba el bar&oacute;n.</span></p>

<p><span style="font-family: Verdana,Arial,sans-serif;">&mdash;S&iacute;, comparen ustedes... &iexcl;Qui&eacute;n lo dir&iacute;a...!</span></p>

<p><span style="font-family: Verdana,Arial,sans-serif;">&mdash;Yo lo dir&iacute;a &mdash;exclamaba la Marquesa&mdash;. A m&iacute; ya me dio mala espina aquella desfachatez... aquello de ir ense&ntilde;ando los pies descalzos... </span><span style="font-size: 18px; font-style: italic; ;font-family: Verdana,Arial,sans-serif;">malorum signum</span><span style="font-family: Verdana,Arial,sans-serif;">.</span></p>

<p><span style="font-family: Verdana,Arial,sans-serif;">&mdash;S&iacute;, </span><span style="font-size: 18px; font-style: italic; ;font-family: Verdana,Arial,sans-serif;">malorum signum</span><span style="font-family: Verdana,Arial,sans-serif;"> &mdash;repet&iacute;a la baronesa, como si dijera: </span><span style="font-size: 18px; font-style: italic; ;font-family: Verdana,Arial,sans-serif;">et cum spiritu tuo</span><span style="font-family: Verdana,Arial,sans-serif;">.</span></p>

<p><span style="font-family: Verdana,Arial,sans-serif;">&mdash;&iexcl;Y sobre todo el esc&aacute;ndalo! &mdash;a&ntilde;ad&iacute;a do&ntilde;a Rufina indignada, despu&eacute;s de una pausa.</span></p>

<p><span style="font-family: Verdana,Arial,sans-serif;">&mdash;&iexcl;El esc&aacute;ndalo! &mdash;repet&iacute;a el coro.</span></p>

<p><span style="font-family: Verdana,Arial,sans-serif;">&mdash;&iexcl;La imprudencia, la torpeza!</span></p>

<p><span style="font-family: Verdana,Arial,sans-serif;">&mdash;&iexcl;Eso! &iexcl;Eso!</span></p>

<p><span style="font-family: Verdana,Arial,sans-serif;">&mdash;&iexcl;Pobre don V&iacute;ctor!</span></p>

<p><span style="font-family: Verdana,Arial,sans-serif;">&mdash;S&iacute;, pobre, y Dios le haya perdonado..., pero &eacute;l, merecido se lo ten&iacute;a.</span></p>

<p><span style="font-family: Verdana,Arial,sans-serif;">&mdash;Merecid&iacute;simo.</span></p>

<p><span style="font-family: Verdana,Arial,sans-serif;">&mdash;Miren ustedes que aquella amistad tan &iacute;ntima...</span></p>

<p><span style="font-family: Verdana,Arial,sans-serif;">&mdash;Era escandalosa.</span></p>

<p><span style="font-family: Verdana,Arial,sans-serif;">&mdash;Aquello era...</span></p>

<p><span style="font-family: Verdana,Arial,sans-serif;">&mdash;&iexcl;Nauseabundo!</span></p>

<p><span style="font-family: Verdana,Arial,sans-serif;">Leopoldo Alas </span><span style="font-size: 18px; font-style: italic; ;font-family: Verdana,Arial,sans-serif;">Clar&iacute;n</span><span style="font-family: Verdana,Arial,sans-serif;">, </span><span style="font-size: 18px; font-style: italic; font-weight: bold; ;font-family: Verdana,Arial,sans-serif;">La Regenta</span><span style="font-family: Verdana,Arial,sans-serif;"> (1884 y 1885) (fragmento).</span></p>
]]></description>
<images>
<image path="section_4_1_page1.jpg" border="false" pathbig="section_4_1_page1_big.jpg" zoomEnabled="true">
<title></title>
</image>
</images>
<questions>
<question visible="true">
<text><![CDATA[¿Qué es Vetusta?]]></text><answers>
<answer correct="false">
<![CDATA[
Una persona]]></answer>
<answer correct="true">
<![CDATA[
Una ciudad]]></answer>
<answer correct="false">
<![CDATA[
Un pueblo]]></answer>
<answer correct="false">
<![CDATA[
Una asociación]]></answer>
</answers>
</question>
<question visible="true">
<text><![CDATA[¿Qué significa </span><span style="font-style: italic; ">compunción</span><span>?]]></text><answers>
<answer correct="true">
<![CDATA[
Sentimiento que provoca un daño ajeno.]]></answer>
<answer correct="false">
<![CDATA[
Sentimiento que produce una dicha.]]></answer>
<answer correct="false">
<![CDATA[
Sentimiento provocado por la suerte ajena.]]></answer>
<answer correct="false">
<![CDATA[
Sentimiento que origina una mentira.]]></answer>
</answers>
</question>
<question visible="true">
<text><![CDATA[¿Quién había disparado al marido de la Regenta?]]></text><answers>
<answer correct="false">
<![CDATA[
La propia Regenta.]]></answer>
<answer correct="false">
<![CDATA[
Visitación Olías. ]]></answer>
<answer correct="false">
<![CDATA[
No se sabe.]]></answer>
<answer correct="true">
<![CDATA[
Mesía.]]></answer>
</answers>
</question>
<question visible="true">
<text><![CDATA[¿Qué cargo ocupaba el marido de la Regenta?]]></text><answers>
<answer correct="true">
<![CDATA[
Regente de Audiencia]]></answer>
<answer correct="false">
<![CDATA[
Gobernador]]></answer>
<answer correct="false">
<![CDATA[
Magistrado]]></answer>
<answer correct="false">
<![CDATA[
No se menciona]]></answer>
</answers>
</question>
<question visible="true">
<text><![CDATA[¿Qué tipo de narrador aparece en este fragmento?]]></text><answers>
<answer correct="false">
<![CDATA[
Narrador personaje]]></answer>
<answer correct="false">
<![CDATA[
Narrador protagonista]]></answer>
<answer correct="true">
<![CDATA[
Narrador ominisciente]]></answer>
<answer correct="false">
<![CDATA[
Un yo poético]]></answer>
</answers>
</question>
<question visible="true">
<text><![CDATA[¿Qué tipo de sociedad describe </span><span>Clarín</span><span>?]]></text><answers>
<answer correct="false">
<![CDATA[
Justa y benevolente.]]></answer>
<answer correct="true">
<![CDATA[
Hipócrita, con dos caras.]]></answer>
<answer correct="false">
<![CDATA[
Despreocupada.]]></answer>
<answer correct="false">
<![CDATA[
Ajena a cotilleos.]]></answer>
</answers>
</question>
<question visible="true">
<text><![CDATA[¿Cuál es sinónimo de </span><span style="font-style: italic; ">morigerado</span><span>?]]></text><answers>
<answer correct="false">
<![CDATA[
Descortés]]></answer>
<answer correct="false">
<![CDATA[
Bobo]]></answer>
<answer correct="false">
<![CDATA[
Mojigato]]></answer>
<answer correct="true">
<![CDATA[
Educado]]></answer>
</answers>
</question>
<question visible="true">
<text><![CDATA[¿Qué busca Clarín con términos como </span><span style="font-style: italic; ">Deuda Flotante</span><span>, </span><span style="font-style: italic; ">ligerezas</span><span>, etc.?  ]]></text><answers>
<answer correct="false">
<![CDATA[
Ser conciso.]]></answer>
<answer correct="true">
<![CDATA[
El doble sentido.]]></answer>
<answer correct="false">
<![CDATA[
Ser impreciso.]]></answer>
<answer correct="false">
<![CDATA[
No se sabe.]]></answer>
</answers>
</question>
<question visible="true">
<text><![CDATA[¿Qué recursos se emplean? Puede haber más de una respuesta correcta.]]></text><answers>
<answer correct="true">
<![CDATA[
Metáfora]]></answer>
<answer correct="true">
<![CDATA[
Comparación]]></answer>
<answer correct="false">
<![CDATA[
Aliteración]]></answer>
<answer correct="false">
<![CDATA[
Calambur]]></answer>
</answers>
</question>
<question visible="true">
<text><![CDATA[¿Qué significa </span><span style="font-style: italic; ">et cum spiritu tuo</span><span>?]]></text><answers>
<answer correct="false">
<![CDATA[
Y con toda razón.]]></answer>
<answer correct="false">
<![CDATA[
Te doy la razón.]]></answer>
<answer correct="false">
<![CDATA[
Tengo la misma opinión.]]></answer>
<answer correct="true">
<![CDATA[
Y con tu espíritu.]]></answer>
</answers>
</question>
</questions>
</page>
</pages>
</section><section i="5" star="false" >
<menuImage>
<title><![CDATA[Emilia Pardo Baz&aacute;n,&nbsp;<span style="font-style: italic; ">Los Pazos&nbsp;</span><span style="font-style: italic; ">de Ulloa</span>]]></title>
</menuImage>
<pages>
<page i="0">
<title>Emilia Pardo Bazán</title>
<description><![CDATA[<p><span style="font-family: Verdana,Arial,sans-serif;">Al acabarse el repecho, volvi&oacute; el jaco a la sosegada andadura habitual, y pudo el jinete enderezarse sobre el aparejo redondo, cuya anchura inconmensurable le hab&iacute;a descoyuntado los huesos todos de la regi&oacute;n sacro-il&iacute;aca. Respir&oacute;, quitose el sombrero y recibi&oacute; en la frente sudorosa el aire fr&iacute;o de la tarde. Ca&iacute;an ya oblicuamente los rayos del sol en los zarzales y setos, y un pe&oacute;n caminero, en mangas de camisa, pues ten&iacute;a su chaqueta colocada sobre un moj&oacute;n de granito, daba l&aacute;nguidos azadonazos en las hierbecillas nacidas al borde de la cuneta. Tir&oacute; el jinete del ramal para detener a su cabalgadura, y esta, que se hab&iacute;a dejado en la cuesta abajo las ganas de trotar, par&oacute; inmediatamente. El pe&oacute;n alz&oacute; la cabeza, y la placa dorada de su sombrero reluci&oacute; un instante.</span></p>

<p><span style="font-family: Verdana,Arial,sans-serif;">&mdash;&iquest;Tendr&aacute; usted la bondad de decirme si falta mucho para la casa del se&ntilde;or marqu&eacute;s de Ulloa?</span></p>

<p><span style="font-family: Verdana,Arial,sans-serif;">&mdash;&iquest;Para los Pazos de Ulloa? &mdash;contest&oacute; el pe&oacute;n repitiendo la pregunta.</span></p>

<p><span style="font-family: Verdana,Arial,sans-serif;">&mdash;Eso es.</span></p>

<p><span style="font-family: Verdana,Arial,sans-serif;">&mdash;Los Pazos de Ulloa est&aacute;n all&iacute; &mdash;murmur&oacute; extendiendo la mano para se&ntilde;alar a un punto en el horizonte&mdash;. Si la bestia anda bien, el camino que queda pronto se pasa... Ahora tiene que seguir hasta aquel pinar &iquest;ve? y luego le cumple torcer a mano izquierda, y luego le cumple bajar a mano derecha por un atajito, hasta el crucero... En el crucero ya no tiene p&eacute;rdida, porque se ven los Pazos, una construcci&oacute;n muy grand&iacute;sima...</span></p>

<p><span style="font-family: Verdana,Arial,sans-serif;">&mdash;Pero... &iquest;como cu&aacute;nto faltar&aacute;? &mdash;pregunt&oacute; con inquietud el cl&eacute;rigo.</span></p>

<p><span style="font-family: Verdana,Arial,sans-serif;">Mene&oacute; el pe&oacute;n la tostada cabeza.</span></p>

<p><span style="font-family: Verdana,Arial,sans-serif;">&mdash;Un bocadito, un bocadito...</span></p>

<p><span style="font-family: Verdana,Arial,sans-serif;">Y sin m&aacute;s explicaciones, emprendi&oacute; otra vez su desmayada faena, manejando el azad&oacute;n lo mismo que si pesase cuatro arrobas. Se resign&oacute; el viajero a continuar ignorando las leguas de que se compone un bocadito, y talone&oacute; al roc&iacute;n. El pinar no estaba muy distante, y por el centro de su sombr&iacute;a masa serpeaba una trocha angost&iacute;sima, en la cual se colaron montura y jinete. El sendero, sepultado en las oscuras profundidades del pinar, era casi impracticable; pero el jaco, que no desment&iacute;a las aptitudes especiales de la raza caballar gallega para andar por mal piso, avanzaba con suma precauci&oacute;n, cabizbajo, tanteando con el casco, para sortear cautelosamente las zanjas producidas por la llanta de los carros, los pedruscos, los troncos de pino cortados y atravesados donde hac&iacute;an menos falta. Adelantaban poco a poco, y ya sal&iacute;an de las estrecheces a senda m&aacute;s desahogada, abierta entre pinos nuevos y montes poblados de aliaga, sin haber tropezado con una sola heredad labrad&iacute;a, un plant&iacute;o de coles que revelase la vida humana. De pronto los cascos del caballo cesaron de resonar y se hundieron en blanda alfombra: era una camada de esti&eacute;rcol vegetal, tendida, seg&uacute;n costumbre del pa&iacute;s, ante la casucha de un labrador. A la puerta una mujer daba de mamar a una criatura. El jinete se detuvo.</span></p>

<p><span style="font-family: Verdana,Arial,sans-serif;">&mdash;Se&ntilde;ora, &iquest;sabe si voy bien para la casa del marqu&eacute;s de Ulloa?</span></p>

<p><span style="font-family: Verdana,Arial,sans-serif;">&mdash;Va bien, va...</span></p>

<p><span style="font-family: Verdana,Arial,sans-serif;">&mdash;&iquest;Y... falta mucho?</span></p>

<p><span style="font-family: Verdana,Arial,sans-serif;">Enarcamiento de cejas, mirada entre ap&aacute;tica y curiosa, respuesta ambigua en dialecto:</span></p>

<p><span style="font-family: Verdana,Arial,sans-serif;">&mdash;La carrerita de un can...</span></p>

<p><span style="font-family: Verdana,Arial,sans-serif;">&iexcl;Estamos frescos!, pens&oacute; el viajero, (&hellip;)</span></p>

<p><span style="font-family: Verdana,Arial,sans-serif;">Emilia Pardo Baz&aacute;n, </span><span style="font-size: 18px; font-style: italic; font-weight: bold; ;font-family: Verdana,Arial,sans-serif;">Los Pazos de Ulloa</span><span style="font-family: Verdana,Arial,sans-serif;"> (1886) (fragmento).</span></p>
]]></description>
<images>
<image path="section_5_1_page1.jpg" border="false" pathbig="section_5_1_page1_big.jpg" zoomEnabled="true">
<title></title>
</image>
</images>
<questions>
<question visible="true">
<text><![CDATA[¿Dónde vive el marqués?]]></text><answers>
<answer correct="false">
<![CDATA[En la casa grande]]></answer>
<answer correct="false">
<![CDATA[En la Plaza]]></answer>
<answer correct="true">
<![CDATA[En los Pazos]]></answer>
<answer correct="false">
<![CDATA[En los Palos]]></answer>
</answers>
</question>
<question visible="true">
<text><![CDATA[¿Quién va a visitarlo?]]></text><answers>
<answer correct="true">
<![CDATA[Un clérigo]]></answer>
<answer correct="false">
<![CDATA[Un médico]]></answer>
<answer correct="false">
<![CDATA[Un maestro]]></answer>
<answer correct="false">
<![CDATA[Un sastre]]></answer>
</answers>
</question>
<question visible="true">
<text><![CDATA[¿De qué raza es el caballo?]]></text><answers>
<answer correct="false">
<![CDATA[Jaco]]></answer>
<answer correct="true">
<![CDATA[Gallega]]></answer>
<answer correct="false">
<![CDATA[Árabe]]></answer>
<answer correct="false">
<![CDATA[Caballar]]></answer>
</answers>
</question>
<question visible="true">
<text><![CDATA[¿Dónde sucede la acción?]]></text><answers>
<answer correct="false">
<![CDATA[En una finca]]></answer>
<answer correct="false">
<![CDATA[En una tienda]]></answer>
<answer correct="false">
<![CDATA[En una ciudad]]></answer>
<answer correct="true">
<![CDATA[En el campo]]></answer>
</answers>
</question>
<question visible="true">
<text><![CDATA[¿Qué tipo de narrador se da?]]></text><answers>
<answer correct="true">
<![CDATA[Omnisciente.]]></answer>
<answer correct="false">
<![CDATA[Protagonista.]]></answer>
<answer correct="false">
<![CDATA[Personaje secundario.]]></answer>
<answer correct="false">
<![CDATA[No hay narrador.]]></answer>
</answers>
</question>
<question visible="true">
<text><![CDATA[&iquest;Qu&eacute; personajes intervienen en el fragmento, adem&aacute;s del cl&eacute;rigo?]]></text><answers>
<answer correct="false">
<![CDATA[El marqués y un campesino]]></answer>
<answer correct="false">
<![CDATA[Un jinete y una señora]]></answer>
<answer correct="true">
<![CDATA[Dos personas del campo]]></answer>
<answer correct="false">
<![CDATA[Un señor y su bebé]]></answer>
</answers>
</question>
<question visible="true">
<text><![CDATA[¿Qué tipo de texto se emplea en este fragmento? Puede haber más de una respuesta correcta. ]]></text><answers>
<answer correct="true">
<![CDATA[Descriptivo]]></answer>
<answer correct="true">
<![CDATA[Narrativo]]></answer>
<answer correct="false">
<![CDATA[Argumentativo]]></answer>
<answer correct="false">
<![CDATA[Expositivo]]></answer>
</answers>
</question>
<question visible="true">
<text><![CDATA[¿Cómo son las descripciones que se realizan?]]></text><answers>
<answer correct="false">
<![CDATA[Poéticas.]]></answer>
<answer correct="true">
<![CDATA[Precisas, ajustadas a la realidad.]]></answer>
<answer correct="false">
<![CDATA[Escasas en detalles.]]></answer>
<answer correct="false">
<![CDATA[Pesadas, con demasiados detalles.]]></answer>
</answers>
</question>
<question visible="true">
<text><![CDATA[¿Qué lenguaje se emplea?]]></text><answers>
<answer correct="true">
<![CDATA[Acorde con los personajes: palabras del campo, coloquialismos, etc.]]></answer>
<answer correct="false">
<![CDATA[Poético.]]></answer>
<answer correct="false">
<![CDATA[Muy formal.]]></answer>
<answer correct="false">
<![CDATA[Irreal, sin coherencia con los personajes.]]></answer>
</answers>
</question>
<question visible="true">
<text><![CDATA[¿Qué tipo de novela es?]]></text><answers>
<answer correct="false">
<![CDATA[Romántica]]></answer>
<answer correct="true">
<![CDATA[Naturalista]]></answer>
<answer correct="false">
<![CDATA[Alfonsina]]></answer>
<answer correct="false">
<![CDATA[Medieval]]></answer>
</answers>
</question>
</questions>
</page>
</pages>
</section></sections>
</engine>