﻿<?xml version="1.0" encoding="utf-8"?><motor tipo="101" clase="a" aprid="m101a"><plataforma><grado>2</grado><titulo>Refuerza tu aprendizaje: El discurso</titulo><volumen /><nivel>3</nivel><referencia /><motor /><lang>es</lang></plataforma><enunciado><![CDATA[Realiza las siguientes actividades. Cuando termines haz clic en {{cur}}Enviar{{normal}}. Si es necesario, entrega las respuestas a mano o por correo a tu profesor para que pueda validarlas.]]></enunciado><masinfo inicio="0" /><calc><![CDATA[0]]></calc><preguntas cantidad="8"><pregunta><enunciado><![CDATA[Explica cómo se logra la coherencia y la cohesión en un discurso, es decir, cómo se logra un discurso claro y comprensible. ]]></enunciado><explicacion /><nivel><![CDATA[3]]></nivel><tipo /><imagen><![CDATA[LE_10_04_REC160_IMG01n.png]]></imagen><ampliacion><![CDATA[LE_10_04_REC160_IMG01a.png]]></ampliacion><texto /></pregunta><pregunta><enunciado><![CDATA[Imagina que uno de tus compañeros debe pronunciar el discurso de la inauguración de los juegos deportivos de tu colegio. ¿Qué consejos le darías para que su interlocución sea exitosa?]]></enunciado><explicacion /><nivel><![CDATA[3]]></nivel><tipo /><imagen /><ampliacion /><texto /></pregunta><pregunta><enunciado><![CDATA[Explica en qué consiste la intertextualidad de un discurso. ¿Consideras importante este recurso?, ¿por qué?]]></enunciado><explicacion /><nivel><![CDATA[3]]></nivel><tipo /><imagen><![CDATA[LE_10_04_REC160_IMG02n.png]]></imagen><ampliacion><![CDATA[LE_10_04_REC160_IMG02a.png]]></ampliacion><texto /></pregunta><pregunta><enunciado><![CDATA[Lee el fragmento del discurso {{cur}}Apología{{normal}} de Sócrates y reflexiona sobre su significado. Luego, determina a qué parte corresponde. ]]></enunciado><explicacion /><nivel><![CDATA[3]]></nivel><tipo /><imagen /><ampliacion /><texto><![CDATA[Remontémonos, pues, al primer origen de la acusación, sobre la que he sido tan desacreditado y que ha dado a Melito confianza para arrastrarme ante el tribunal. ¿Qué decían mis primeros acusadores? Porque es preciso presentar en forma su acusación, como si apareciese escrita y con los juramentos recibidos. “Sócrates es un impío; por una curiosidad criminal quiere penetrar lo que pasa en los cielos y en la tierra, convierte en buena una mala causa, y enseña a los demás sus doctrinas”.He aquí la acusación; ya la habéis visto en la comedia de Aristófanes, en la que se representa un cierto Sócrates, que dice, que se pasea por los aires y otras extravagancias semejantes, que yo ignoro absolutamente; y esto no lo digo, porque desprecie esta clase de conocimientos; si entre vosotros hay alguno entendido en ellos (que Melito no me formule nuevos cargos por esta concesión), sino que es solo para haceros ver, que yo jamás me he mezclado en tales ciencias, pudiendo poner por testigos a la mayor parte de vosotros.]]></texto></pregunta><pregunta><enunciado><![CDATA[Lee este otro fragmento del discurso de Sócrates y responde: ¿cuál es la intención del filósofo?]]></enunciado><explicacion /><nivel><![CDATA[3]]></nivel><tipo /><imagen /><ampliacion /><texto><![CDATA[De las muchas mentiras que han urdido, una me causó especial extrañeza, aquella en la que decían que teníais que estar precavidos de ser engañados por mí porque, dicen ellos, soy hábil para hablar.]]></texto></pregunta><pregunta><enunciado><![CDATA[Analiza el siguiente fragmento del discurso de Winston Churchill, {{cur}}Sangre, esfuerzo, lágrimas y sudor{{normal}}, e infiere en qué contexto fue pronunciado.]]></enunciado><explicacion /><nivel><![CDATA[3]]></nivel><tipo /><imagen /><ampliacion /><texto><![CDATA[Tenemos ante nosotros una prueba de la naturaleza más penosa. Tenemos ante nosotros muchos, muchos largos meses de lucha y de sufrimiento. Me preguntáis: ¿cuál es vuestra política? Os lo diré: hacer la guerra por mar, tierra y aire con toda nuestra potencia y con toda la fuerza que Dios nos pueda dar; hacer la guerra contra una tiranía monstruosa, nunca superada en el oscuro y triste catálogo del crimen humano. Esa es nuestra política. Preguntaréis: ¿cuál es nuestro objetivo? Puedo responderos con una palabra: victoria, victoria a toda costa, victoria a pesar del terror, victoria por largo y duro que sea el camino, porque sin victoria no habrá supervivencia. Que quede claro: no habrá supervivencia para el Imperio británico, no habrá supervivencia para todo lo que el Imperio británico ha defendido, no habrá supervivencia para el estímulo y el impulso de todas las generaciones, para que la humanidad avance hacia sus metas.]]></texto></pregunta><pregunta><enunciado><![CDATA[Lee nuevamente el fragmento del discurso de Churchill y responde: ¿de qué busca convencer a sus interlocutores?, ¿qué clase de argumentos emplea?]]></enunciado><explicacion /><nivel><![CDATA[3]]></nivel><tipo /><imagen /><ampliacion /><texto><![CDATA[Tenemos ante nosotros una prueba de la naturaleza más penosa. Tenemos ante nosotros muchos, muchos largos meses de lucha y de sufrimiento. Me preguntáis: ¿cuál es vuestra política? Os lo diré: hacer la guerra por mar, tierra y aire con toda nuestra potencia y con toda la fuerza que Dios nos pueda dar; hacer la guerra contra una tiranía monstruosa, nunca superada en el oscuro y triste catálogo del crimen humano. Esa es nuestra política. Preguntaréis: ¿cuál es nuestro objetivo? Puedo responderos con una palabra: victoria, victoria a toda costa, victoria a pesar del terror, victoria por largo y duro que sea el camino, porque sin victoria no habrá supervivencia. Que quede claro: no habrá supervivencia para el Imperio británico, no habrá supervivencia para todo lo que el Imperio británico ha defendido, no habrá supervivencia para el estímulo y el impulso de todas las generaciones, para que la humanidad avance hacia sus metas.]]></texto></pregunta><pregunta><enunciado><![CDATA[Redacta un discurso para la conmemoración del Día del Idioma. Ten en cuenta las siguientes indicaciones. ]]></enunciado><explicacion /><nivel><![CDATA[3]]></nivel><tipo /><imagen /><ampliacion /><texto><![CDATA[• Fijar un propósito. • Atender a la estructura de un discurso. • Satisfacer los siguientes criterios: cohesión, coherencia, intencionalidad, aceptabilidad, situacionalidad e intertextualidad.• Emplear argumentos de autoridad. • Escribir dos páginas. ]]></texto></pregunta></preguntas></motor>