﻿<?xml version="1.0" encoding="utf-8"?><motor tipo="1" clase="b" aprid="m1b"><plataforma><grado><![CDATA[2]]></grado><titulo>Ética y comunicación: asocia cada concepto con su definición</titulo><area>0</area><nivel>2</nivel><referencia /><idreg><![CDATA[0]]></idreg><motor><![CDATA[M1B]]></motor><lang>es</lang></plataforma><enunciado><![CDATA[Relaciona cada concepto con la definición que le corresponda.]]></enunciado><masinfo inicio="0" /><sinaleatoriedad><![CDATA[0]]></sinaleatoriedad><calc><![CDATA[0]]></calc><textoatexto cantidad="5"><cuestion><pregunta><![CDATA[Cultura]]></pregunta><respuesta><![CDATA[Actividades que hacen viable la vida en sociedad. ]]></respuesta></cuestion><cuestion><pregunta><![CDATA[Multiculturalismo]]></pregunta><respuesta><![CDATA[Coexistencia de cientos de culturas humanas.]]></respuesta></cuestion><cuestion><pregunta><![CDATA[Interculturalismo]]></pregunta><respuesta><![CDATA[Interacción que se da entre culturas de una forma respetuosa y solidaria.]]></respuesta></cuestion><cuestion><pregunta><![CDATA[Transculturación]]></pregunta><respuesta><![CDATA[Proceso gradual por el cual una cultura adopta rasgos de otra hasta culminar en una aculturación. ]]></respuesta></cuestion><cuestion><pregunta><![CDATA[Aculturación ]]></pregunta><respuesta><![CDATA[Proceso de recepción de otra cultura y de adaptación a ella, en especial con pérdida de la cultura propia.]]></respuesta></cuestion></textoatexto><textofalso cantidad="0" /></motor>