﻿<?xml version="1.0" encoding="utf-8"?><engine copy="Editorial Planeta" version="1" aprid="f10b">
<main mode="f10b" title="¿Cómo ubicarnos en un lugar?">
<tf><![CDATA[<p><img alt="" src="data/imagenes/le_06_04_rec180_img01.jpg" style="height:400px; width:400px" /><img alt="" src="file:///C:/Users/Cris/Documents/GitHub/Lenguaje/fuentes/visuales/grado06/guion04/materialGrafico/LE_06_04_REC180_IMG01.jpg" /></p>

<p><span style="font-size:20px"><span style="font-family:verdana,geneva,sans-serif">Uno de los instrumentos&nbsp;m&aacute;s importantes para poder ubicarte en un lugar&nbsp;es el mapa, que generalmente te muestra&nbsp;los puntos cardinales: Norte, Sur, Oriente&nbsp;y Occidente.</span></span></p>]]></tf>
</main>
<presentation title="¿Cómo orientarse durante el día?" title2="Durante el día" buttons="false" bkclass="slideLexico">
	<definition>
		<title></title>
		<def><![CDATA[<p><span style="font-size:22px"><span style="font-family:verdana,geneva,sans-serif">Orientarse es muy importante, pero no todo el mundo sabe c&oacute;mo hacerlo. Ubicar el&nbsp;<strong>Norte</strong>&nbsp;es prioritario para hallar correctamente los puntos cardinales.</span></span></p>

<p><span style="font-size:22px"><span style="font-family:verdana,geneva,sans-serif">Desde ni&ntilde;os nos ense&ntilde;aron que el Sol sale por el Oriente y se esconde por el Occidente. Si es de d&iacute;a podr&aacute;s ubicar el Sol al&nbsp;<strong>Oriente</strong>, pero si ya est&aacute; decayendo&nbsp;la tarde, lo encontrar&aacute;s&nbsp;al&nbsp;<strong>Occidente</strong>. Sabr&aacute;s c&oacute;mo hallar el Norte estirando los brazos as&iacute;:</span></span></p>

<p><span style="font-size:22px"><span style="font-family:verdana,geneva,sans-serif">1. Se&ntilde;ala con tu mano derecha el lugar por donde sale&nbsp;el Sol.</span></span></p>

<p><span style="font-size:22px"><span style="font-family:verdana,geneva,sans-serif">2. Ubica tu mano izquierda mostrando por d&oacute;nde se oculta el Sol.</span></span></p>

<p><span style="font-size:22px"><span style="font-family:verdana,geneva,sans-serif">3. En esta posici&oacute;n, el Norte siempre estar&aacute; de frente a ti.&nbsp;</span></span></p>

<p><span style="font-size:22px"><span style="font-family:verdana,geneva,sans-serif">4. Por lo tanto, el Sur se ubicar&aacute;&nbsp;detr&aacute;s de ti.</span></span></p>

<p><span style="font-size:22px"><span style="font-family:verdana,geneva,sans-serif">De esta manera las personas se han orientado desde el comienzo de los tiempos.</span></span></p>

<p>&nbsp;</p>

<p>&nbsp;</p>]]></def>
	</definition>
	<definition>
		<title></title>
		<def><![CDATA[<p><span style="font-family:verdana,geneva,sans-serif; font-size:22px">En los mapas se suele incluir la&nbsp;</span><em><span style="font-family:verdana,geneva,sans-serif"><span style="font-size:20px">Rosa de los vientos</span></span>,&nbsp;</em><span style="font-family:verdana,geneva,sans-serif; font-size:22px">un s&iacute;mbolo que nos se&ntilde;ala los puntos cardinales, especialmente&nbsp;el Norte.</span></p>

<p>&nbsp;</p>

<p><span style="font-family:verdana,geneva,sans-serif; font-size:22px"><img alt="" src="data/imagenes/le_06_04_rec180_img06.jpg" style="height:211px; width:300px" /></span></p>]]></def>
	</definition>
</presentation>
<presentation title="¿Cómo me ubico en la noche?" title2="Durante la noche" buttons="false" bkclass="slideLexico">
	<definition>
		<title></title>
		<def><![CDATA[<p><img alt="" src="data/imagenes/le_06_04_rec180_img02.jpg" style="height:500px; width:500px" /></p>

<p><span style="font-size:22px"><span style="font-family:verdana,geneva,sans-serif">La Osa menor es una constelaci&oacute;n que ayuda a las personas a ubicarse en las noches.</span></span></p>]]></def>
	</definition>
	<definition>
		<title></title>
		<def><![CDATA[<p><span style="font-family:verdana,sans-serif; font-size:18pt">Cuando te quieras ubicar en la noche, debes&nbsp;guiarte&nbsp;por las estrellas. Si est&aacute;s en el <em>hemisferio sur,</em> ubica la constelaci&oacute;n conocida como&nbsp;<em>Cruz del Sur&nbsp;</em>con<em>&nbsp;</em>forma de rombo o cometa que est&aacute; formada por cuatro estrellas, de esta manera:</span></p>

<p><span style="font-family:verdana,sans-serif; font-size:18pt">1. Localiza la&nbsp;<em>Cruz del Sur.</em></span></p>

<p><span style="font-family:verdana,sans-serif; font-size:18pt">2.&nbsp;Levanta tu brazo derecho hacia ella, se&ntilde;al&aacute;ndola. Despu&eacute;s, traza una&nbsp;l&iacute;nea imaginaria desde tu dedo hacia abajo, as&iacute; habr&aacute;s encontrado el Sur.</span></p>

<p><span style="font-family:verdana,sans-serif; font-size:18pt">3. De espaldas a este punto, extiende tus brazos y ori&eacute;ntate como si lo hicieras viendo el Sol. Recuerda que el Sur est&aacute; a tu espalda, el Norte en frente de ti.</span></p>

<p><span style="font-family:verdana,sans-serif; font-size:18pt">Pero, si te encuentras&nbsp;en el <em>hemisferio norte</em>, identifica&nbsp;la&nbsp;<em>Estrella Polar</em>&nbsp;as&iacute;:</span></p>

<p><span style="font-family:verdana,sans-serif; font-size:18pt">1. Busca la constelaci&oacute;n&nbsp;<em>Casiopea</em>&nbsp;formada por cinco estrellas que dibujan la letra&nbsp;W acostada.</span></p>

<p><span style="font-family:verdana,sans-serif; font-size:18pt">2. A la izquierda de&nbsp;<em>Casiopea</em>&nbsp;encontrar&aacute;s la&nbsp;<em>Osa menor</em>. La estrella final que la compone&nbsp;es la&nbsp;<em>Estrella Polar </em>y siempre se&ntilde;ala el Norte.</span></p>]]></def>
	</definition>
</presentation>
<presentation title="La utilidad de los mapas y sus convenciones" title2="Los mapas" buttons="false" bkclass="slideLexico">
	<definition>
		<title></title>
		<def><![CDATA[<p><img alt="" src="data/imagenes/le_06_04_rec180_img03.jpg" style="height:500px; width:500px" /></p>

<p><span style="font-family:verdana,geneva,sans-serif; font-size:26px">Los mapas son recursos gr&aacute;ficos que ayudan a una persona a comprender la extensi&oacute;n de un terreno y lo que existe en &eacute;l.</span></p>]]></def>
	</definition>
	<definition>
		<title></title>
		<def><![CDATA[<p><span style="font-size:26px"><span style="font-family:verdana,geneva,sans-serif">Para facilitar la interpretaci&oacute;n de mapas, los cart&oacute;grafos pensaron en&nbsp;representar los lugares como si se vieran desde arriba. Adem&aacute;s de tratar&nbsp;de&nbsp;dibujarlos&nbsp;de la forma m&aacute;s exacta posible, decidieron incluir elementos llamados&nbsp;<em>convenciones</em>.</span></span></p>

<p><span style="font-family:verdana,geneva,sans-serif"><span style="font-size:26px">Una convenci&oacute;n es un dibujo o un s&iacute;mbolo que nos sirve para&nbsp;indicar la presencia de un elemento o la realizaci&oacute;n de una actividad en un lugar determinado. As&iacute;, podemos encontrar convenciones para decirnos d&oacute;nde hay carreteras, aeropuertos, r&iacute;os, o para decirnos d&oacute;nde se cultiva caf&eacute; o d&oacute;nde se puede pescar.</span></span></p>

<p><span style="font-family:verdana,geneva,sans-serif"><span style="font-size:26px">En la siguiente imagen puedes encontrar algunos ejemplos:</span></span></p>

<p><img alt="" src="data/imagenes/le_06_04_rec180_img07.jpg" style="height:281px; width:400px" /></p>

<p>&nbsp;</p>

<p>&nbsp;</p>]]></def>
	</definition>
	<definition>
		<title></title>
		<def><![CDATA[<p><span style="font-size:22px"><span style="font-family:verdana,geneva,sans-serif">Una convenci&oacute;n&nbsp;debe ser clara y comprensible para quien la lee. Es por eso que debe ser una imagen o s&iacute;mbolo sencillo, sin detalles complicados o que no permitan su correcta interpretaci&oacute;n. Por ejemplo, en la siguiente imagen encuentras ejemplos de convenciones para algunos lugares:</span></span></p>

<p><img alt="" src="data/imagenes/le_06_04_rec180_img04.jpg" style="height:400px; width:400px" /></p>]]></def>
	</definition>
</presentation>
<presentation title="" title2="Actividad" buttons="false" bkclass="slideComprension">
	<definition>
		<title></title>
		<def><![CDATA[<p>&nbsp;</p>

<p><span style="font-family:verdana,geneva,sans-serif"><span style="font-size:26px">Ahora&nbsp;que has conocido sobre las convenciones, inventa una&nbsp;para cada uno&nbsp;de&nbsp;los siguientes conceptos:</span></span></p>

<ul>
	<li><span style="font-family:verdana,geneva,sans-serif"><span style="font-size:26px">Edificio ecol&oacute;gico.</span></span></li>
	<li><span style="font-family:verdana,geneva,sans-serif"><span style="font-size:26px">Pantallas digitales de informaci&oacute;n.</span></span></li>
	<li><span style="font-family:verdana,geneva,sans-serif"><span style="font-size:26px">Lugares para carga el&eacute;ctrica de celulares.</span></span></li>
	<li><span style="font-family:verdana,geneva,sans-serif"><span style="font-size:26px">Bibliotecas atendidas por robots.</span></span><img alt="" src="data/imagenes/le_06_04_rec180_img05.jpg" style="float:right; height:100px; width:100px" /></li>
	<li><span style="font-family:verdana,geneva,sans-serif"><span style="font-size:26px">Tableros inteligentes.</span></span></li>
	<li><span style="font-family:verdana,geneva,sans-serif"><span style="font-size:26px">M&aacute;quinas dispensadoras de almuerzos o comida.</span></span></li>
	<li><span style="font-family:verdana,geneva,sans-serif"><span style="font-size:26px">Art&iacute;culos de&nbsp;limpieza tecnol&oacute;gicos.</span></span></li>
</ul>]]></def>
	</definition>
	<definition>
		<title></title>
		<def><![CDATA[<p><span style="font-family:verdana,geneva,sans-serif"><span style="font-size:26px">Ahora, dise&ntilde;a&nbsp;el mapa de c&oacute;mo te gustar&iacute;a que&nbsp;fuera tu colegio&nbsp;en el futuro y ubica las&nbsp;convenciones que creaste en &eacute;l. Adem&aacute;s, puedes se&ntilde;alar&nbsp;otros sitios de inter&eacute;s. </span></span></p>

<p><span style="font-family:verdana,geneva,sans-serif"><span style="font-size:26px">Finalmente, brinda&nbsp;instrucciones a tus compa&ntilde;eros para llegar a algunos de los puntos dispuestos en tu mapa. </span></span></p>

<p><span style="font-family:verdana,geneva,sans-serif"><span style="font-size:26px">Desarrolla tu creatividad. Recuerda que toda convenci&oacute;n debe ser un dibujo o s&iacute;mbolo que pueda ser&nbsp;entendido por todos.</span></span></p>]]></def>
	</definition>
</presentation>
</engine>