﻿<?xml version="1.0" encoding="UTF-8"?>
<?xml-stylesheet href="cuadernoestudio/dtd/libro.xslt" type="text/xsl"?>
<!--Arbortext, Inc., 1988-2013, v.4002-->
<!DOCTYPE libro SYSTEM "cuadernoestudio/dtd/libro.dtd">
<libro id="LE_06_02_CO">
<libroTitulo>Los Géneros Literarios</libroTitulo>
<seccion1 id="S1_LE_06_02_CO_57954EF1810244E8ACB4D6B6D3755822">
<seccion1Titulo>Lectura: la narración</seccion1Titulo>
<seccion1Texto>
<p>¿Qué tipos de narración conoces?, ¿existen diferentes formas de
contar una historia?, ¿qué elementos se deben tener en cuenta para
hacer un relato?</p>
<imagen src="LE_06_02_CO_IMG01_small.jpg">
<p>Diversos elementos convergen en una narración, hechos fantásticos
o reales que sirven para dar forma al relato.</p>
</imagen>
<destacado><destacadoTitulo>La narración</destacadoTitulo>
<destacadoTexto>
<p>La narración es un <negrita>relato</negrita> que puede ser <negrita
>escrito</negrita> u <negrita>oral</negrita>. Está conformada por <negrita
>hechos reales</negrita> o <negrita>fantásticos</negrita>. Todo texto
de esta índole tiene <negrita>narrador, personajes, tiempo</negrita
> y <negrita>espacio</negrita>, siendo estos elementos los que dan
forma y estructura a la historia.</p>
</destacadoTexto></destacado>
<p>A continuación encuentras un texto perteneciente al género narrativo.</p>
<p><negrita>Algo muy grave va a suceder en este pueblo</negrita></p>
<p>Imagínese usted un pueblo muy pequeño donde hay una señora vieja
que tiene dos hijos, uno de 17 y una hija de 14. Está sirviéndoles
el desayuno y tiene una expresión de preocupación. Los hijos le preguntan
qué le pasa y ella les responde:</p>
<p>—No sé, pero he amanecido con el presentimiento de que algo muy
grave va a sucederle a este pueblo.</p>
<p>Ellos se ríen de la madre. Dicen que esos son presentimientos de
vieja, cosas que pasan. </p>
<p>El hijo se va a jugar al billar, y en el momento en que va a tirar
una carambola sencillísima, el otro jugador le dice:</p>
<p>—Te apuesto un peso a que no la haces.</p>
<p>Todos se ríen. Él se ríe. Tira la carambola y no la hace. Paga
su peso y todos le preguntan qué pasó, si era una carambola sencilla.
Contesta:</p>
<p>—Es cierto, pero me ha quedado la preocupación de una cosa que
me dijo mi madre esta mañana sobre algo grave que va a suceder a este
pueblo.</p>
<p>Todos se ríen de él, y el que se ha ganado su peso regresa a su
casa, donde está con su mamá o una nieta o en fin, cualquier pariente.
Feliz con su peso, dice:</p>
<p>—Le gané este peso a Dámaso en la forma más sencilla porque es
un tonto.</p>
<p>—¿Y por qué es un tonto?</p>
<p>—Hombre, porque no pudo hacer una carambola sencillísima estorbado
con la idea de que su mamá amaneció hoy con la idea de que algo muy
grave va a suceder en este pueblo.</p>
<p>Entonces le dice su madre:</p>
<p>—No te burles de los presentimientos de los viejos porque a veces
salen.</p>
<p>La pariente lo oye y va a comprar carne. Ella le dice al carnicero:</p>
<p>—Véndame una libra de carne —y en el momento que se la están cortando,
agrega—: Mejor véndame dos, porque andan diciendo que algo grave va
a pasar y lo mejor es estar preparado.</p>
<p>El carnicero despacha su carne y cuando llega otra señora a comprar
una libra de carne, le dice:</p>
<p>—Lleve dos porque hasta aquí llega la gente diciendo que algo muy
grave va a pasar, y se están preparando y comprando cosas.</p>
<p>Entonces la vieja responde:</p>
<p>—Tengo varios hijos, mire, mejor deme cuatro libras.</p>
<p>Se lleva las cuatro libras; y para no hacer largo el cuento, diré
que el carnicero en media hora agota la carne, mata otra vaca, se
vende toda y se va esparciendo el rumor. Llega el momento en que todo
el mundo, en el pueblo, está esperando que pase algo. Se paralizan
las actividades y de pronto, a las dos de la tarde, hace calor como
siempre. Alguien dice:</p>
<p>—¿Se ha dado cuenta del calor que está haciendo?</p>
<p>—¡Pero si en este pueblo siempre ha hecho calor!</p>
<p>(Tanto calor que es pueblo donde los músicos tenían instrumentos
remendados con brea y tocaban siempre a la sombra porque si tocaban
al sol se les caían a pedazos.)</p>
<p>—Sin embargo —dice uno—, a esta hora nunca ha hecho tanto calor.</p>
<p>—Pero a las dos de la tarde es cuando hay más calor.</p>
<p>—Sí, pero no tanto calor como ahora.</p>
<p>Al pueblo desierto, a la plaza desierta, baja de pronto un pajarito
y se corre la voz:</p>
<p>—Hay un pajarito en la plaza.</p>
<p>Y viene todo el mundo, espantado, a ver el pajarito.</p>
<p>—Pero señores, siempre ha habido pajaritos que bajan.</p>
<p>—Sí, pero nunca a esta hora.</p>
<p>Llega un momento de tal tensión para los habitantes del pueblo,
que todos están desesperados por irse y no tienen el valor de hacerlo.</p>
<p>—Yo sí soy muy macho —grita uno—. Yo me voy.</p>
<p>Agarra sus muebles, sus hijos, sus animales, los mete en una carreta
y atraviesa la calle central donde está el pobre pueblo viéndolo.
Hasta el momento en que dicen:</p>
<p>—Si este se atreve, pues nosotros también nos vamos.</p>
<p>Y empiezan a desmantelar literalmente el pueblo. Se llevan las
cosas, los animales, todo.</p>
<p>Y uno de los últimos que abandona el pueblo, dice:</p>
<p>—Que no venga la desgracia a caer sobre lo que queda de nuestra
casa —y entonces la incendia y otros incendian también sus casas.</p>
<p>Huyen en un tremendo y verdadero pánico, como en un éxodo de guerra,
y en medio de ellos va la señora que tuvo el presagio, clamando:</p>
<p>—Yo dije que algo muy grave iba a pasar, y me dijeron que estaba
loca.</p>
<p>Gabriel García Márquez, <cursiva>Algo muy grave va a suceder en
este pueblo</cursiva>.</p>
<p><negrita>¿Qué sabes sobre el tema?</negrita></p>
<p>Después de leer la narración <negritacursiva>Algo muy grave va
a suceder en este pueblo</negritacursiva> responde las preguntas:</p>
<listaSinNumerar>
<listaElemento>¿Cuál es la estructura de esta narración?</listaElemento>
<listaElemento>¿Cuál es el sentido propio de la expresión “Tanto calor
que es pueblo donde los músicos tenían instrumentos remendados con
brea y tocaban siempre a la sombra porque si tocaban al sol se les
caían a pedazos”?</listaElemento>
<listaElemento>¿A qué tipo de narración pertenece el anterior texto?</listaElemento>
<listaElemento>¿Qué papel cumple la comunicación oral dentro de la
historia?</listaElemento>
<listaElemento>¿Cuál es la función de los diálogos dentro de una narración?</listaElemento>
</listaSinNumerar>
<practica>
<enlace
destino="/LoIdRedirect.aspx?LoId=LE_06_02_CO_Recurso010&amp;IdRecurso=RES-4C35E511B9E545C1A9C6D860E7B6C47D"
>Lectura: descubre elementos de las narraciones</enlace>
<enlace
destino="/LoIdRedirect.aspx?LoId=LE_06_02_CO_Recurso020&amp;IdRecurso=RES-32369412C364425787E3E9C7B4C72D24"
>Lectura: diferenciemos entre el sentido propio y el figurado</enlace>
<enlace
destino="/LoIdRedirect.aspx?LoId=LE_06_02_CO_Recurso030&amp;IdRecurso=RES-989182E1D75B41AA82D4F8B005C4AD0C"
>Lectura: identifiquemos expresiones con sentido figurado</enlace>
<enlace
destino="/LoIdRedirect.aspx?LoId=LE_06_02_CO_Recurso040&amp;IdRecurso=RES-1E8C5C6C72554AF995BB1B36A4AB3710"
>Lectura: las características de una noticia</enlace>
<enlace
destino="/LoIdRedirect.aspx?LoId=LE_06_02_CO_Recurso050&amp;IdRecurso=RES-CECB329D49A64340A62C0EF457F383FB"
>Lectura: reconoce y clasifica algunos géneros informativos</enlace>
<enlace
destino="/LoIdRedirect.aspx?LoId=LE_06_02_CO_Recurso060&amp;IdRecurso=RES-0D8F545D237E42149937BF2714AA279D"
>Lectura: la comunicación oral</enlace>
</practica></seccion1Texto></seccion1><seccion1
id="S1_LE_06_02_CO_48387D2AC6194794ACE71FF3838B01D4">
<seccion1Titulo>Literatura: los géneros literarios</seccion1Titulo>
<seccion1Texto>
<p>En una biblioteca encuentras diferentes obras literarias, como
poemas, cuentos, novelas, obras de teatro, etc. Cada cual cuenta con
características particulares, que son las que hacen posible clasificarlas. </p>
<p>Generalmente, los textos literarios se clasifican en tres grandes
géneros: <negrita>narrativo, lírico</negrita> y <negrita>dramático</negrita
>. A su vez, cada uno incluye sus propios subgéneros.</p>
<p>A continuación encuentras algunos fragmentos que ejemplifican los
géneros literarios.</p>
<p><negrita>Jim Botón y Lucas el maquinista</negrita></p>
<p>Jim recordó al gigante aparente y pensó que las cosas vistas de
cerca no son a veces tan peligrosas como parecen. Decidido, dijo:</p>
<p>—No, Lucas. —Y para no faltar a la verdad, añadió: —No mucho.</p>
<p>—Bien —dijo Lucas—, entonces podemos seguir.</p>
<p>—Sí —agregó Jim—, podemos seguir.</p>
<p>Lucas guió con cuidado a Emma por el enorme portal. Llegaron a
un hueco de escalera tan grande como una estación. La escalera subía
por una enorme espiral, dando vueltas. No se podía ver por donde terminaba.
Una débil oscuridad reinaba en el grandioso lugar. Y, cosa curiosa,
la escalera no tenía escalones, sino que subía hacia arriba como una
calle sinuosa. En todo Kummerland no podía haber escalones, y la razón
es muy clara: los dragones pequeños como un tejón no hubieran podido
subir por ellos, y los escalones bajos hubiesen sido muy incómodos
para los dragones del tamaño de un tren de mercancías.</p>
<p>Michael Ende, <cursiva>Jim Botón y Lucas el maquinista</cursiva
>. Barcelona: Editorial Noguet, 2002.</p>
<destacado><destacadoTitulo>Género narrativo</destacadoTitulo>
<destacadoTexto>
<p>A este género también se le conoce como <negrita>épico</negrita
>. Suele contar <negrita>historias o hazañas</negrita> de uno o varios <negrita
>personajes</negrita>. En él predomina la composición en <negrita
>prosa</negrita>. </p>
</destacadoTexto></destacado>
<p><negrita>A Margarita Debayle</negrita></p>
<p>Margarita está linda la mar,</p>
<p>y el viento,</p>
<p>lleva esencia sutil de azahar;</p>
<p>yo siento</p>
<p>en el alma una alondra cantar;</p>
<p>tu acento:</p>
<p>Margarita, te voy a contar</p>
<p>un cuento:</p>
<p>Este era un rey que tenía</p>
<p>un palacio de diamantes,</p>
<p>una tienda hecha de día</p>
<p>y un rebaño de elefantes,</p>
<p>un kiosco de malaquita,</p>
<p>un gran manto de tisú,</p>
<p>y una gentil princesita,</p>
<p>tan bonita,</p>
<p>Margarita,</p>
<p>tan bonita, como tú [...]. </p>
<p>Rubén Darío. <cursiva>A Margarita Debayle</cursiva>. </p>
<destacado><destacadoTitulo>Género lírico</destacadoTitulo>
<destacadoTexto>
<p>Las obras de carácter lírico suelen estar compuestas en <negrita
>verso</negrita>, utilizan un lenguaje elaborado y son de gran <negrita
>riqueza expresiva</negrita>.</p>
</destacadoTexto></destacado>
<p><negrita>La zapatera prodigiosa</negrita></p>
<p>ZAPATERO. (En el banquillo.) —Mujer... ¿Qué estás diciendo?</p>
<p>ZAPATERA. —Lo que a ti no te importa.</p>
<p>ZAPATERO. —A mí no me importa nada de nada. Ya sé que tengo que
aguantarme.</p>
<p>ZAPATERA. —También me aguanto yo... Piensa que tengo dieciocho
años.</p>
<p>ZAPATERO. —Y yo... cincuenta y tres. Por eso me callo y no me disgusto
contigo... </p>
<p>¡Demasiado sé yo!... Trabajo para ti... y sea lo que Dios quiera. </p>
<p>Federico García Lorca, <cursiva>La zapatera prodigiosa</cursiva
>. Madrid: Espasa Libros. 2006, p. 66. </p>
<destacado><destacadoTitulo>Género dramático</destacadoTitulo>
<destacadoTexto>
<p>En este género se encuentran las obras literarias que utilizan
el <negrita>diálogo </negrita>como fuente para su desarrollo y que
se crean para ser representadas en el <negrita>teatro</negrita>.</p>
</destacadoTexto></destacado>
<table border="1"><caption>Los géneros literarios</caption>
<tbody>
<tr>
<td align="center"><negrita>Género narrativo</negrita></td>
<td align="center"><negrita>Género lírico</negrita></td>
<td align="center"><negrita>Género dramático</negrita></td>
</tr>
<tr>
<td align="center" colspan="3"><negrita>Características</negrita></td>
</tr>
<tr>
<td>•	Historias contadas por un <negrita>narrador</negrita>.</td>
<td>•	Evoca <negrita>sentimientos</negrita> o <negrita>impresiones</negrita
> del <negrita>yo lírico</negrita> o <negrita>poético</negrita>.</td>
<td>•	Presenta <negrita>diálogos, monólogos</negrita> y <negrita>acciones
de personajes.</negrita></td>
</tr>
<tr>
<td>•	<negrita>Acciones</negrita> desarrolladas por <negrita>personajes</negrita
>.</td>
<td rowspan="2">•	No hay desarrollo de acciones.</td>
<td rowspan="2">•	El texto se escribe con el propósito de que sea
representado por <negrita>actores</negrita>.</td>
</tr>
<tr>
<td>•	Escrito en <negrita>prosa</negrita>.</td>
</tr>
<tr>
<td>•	Estructura dividida en <negrita>introducción, nudo</negrita
> y <negrita>desenlace</negrita>.</td>
<td>•	Posee una estructura de <negrita>versos</negrita> y <negrita
>estrofas</negrita>.</td>
<td>•	Se estructura en <negrita>escenas</negrita> y <negrita>actos</negrita
>.</td>
</tr>
<tr>
<td align="center" colspan="3"><negrita>Ejemplos</negrita></td>
</tr>
<tr>
<td>•	Anónimo, <cursiva>Cantar del Mío Cid.</cursiva></td>
<td>•	Pablo Neruda, <cursiva>Veinte poemas de amor y una canción desesperada.</cursiva
></td>
<td>•	William Shakespeare, <cursiva>Romeo y Julieta.</cursiva></td>
</tr>
<tr>
<td>•	Lewis Carroll, <cursiva>Alicia en el país de las maravillas.</cursiva
></td>
<td>•	Edgar Allan Poe, <cursiva>El cuervo.</cursiva></td>
<td>•	Federico García Lorca, <cursiva>Bodas de sangre.</cursiva></td>
</tr>
</tbody>
</table>
<profundiza>
<enlace
destino="/LoIdRedirect.aspx?LoId=LE_06_02_CO_Recurso070&amp;IdRecurso=RES-CA6D929D942949128662855C8D90F29F"
>¿Cómo podemos clasificar los textos literarios?</enlace>
</profundiza><seccion2
id="S2_LE_06_02_CO_131735679C43438CA301710C316D9B19">
<seccion2Titulo>El género narrativo</seccion2Titulo>
<seccion2Texto>
<p>La principal característica del género narrativo es la existencia
de un <negrita>narrador</negrita> que cuenta una <negrita>historia
real</negrita> o <negrita>ficticia</negrita>. Pero, ¿sabes qué otros
elementos intervienen en textos de este género?</p>
<seccion3 id="S3_LE_06_02_CO_1A7D4B4F26AC4B30A6A70D1D43E4EC58">
<seccion3Titulo>Los elementos del género narrativo</seccion3Titulo>
<seccion3Texto>
<p>Los elementos de una narración son:</p>
<listaSinNumerar>
<listaElemento><negrita>Narrador:</negrita> es utilizado por el autor
de un texto, para contarnos la historia. Recuerda que existen varios
tipos, por ejemplo el narrador omnisciente (que todo lo sabe), el
narrador protagonista, testigo, entre otros.</listaElemento>
<listaElemento><negrita>Personajes:</negrita> ellos viven en el mundo
de la narración literaria y son quienes desarrollan la acción de la
trama. Existen diferentes maneras de clasificarlos de acuerdo con
su importancia en la historia (<negrita>principales, antagonistas,
secundarios</negrita>); con base en el desarrollo de los acontecimientos
(<negrita>planos</negrita>, solo presentan una cualidad o <negrita
>redondos</negrita>, muestran diversas características y pueden llegar
a ser contradictorios).  Finalmente, se clasifican teniendo presente
su relación con el relato, es decir, pueden ser <negrita>estáticos</negrita
> (no sufren cambios en su personalidad a pesar del desarrollo de
la historia) o por el contrario son <negrita>dinámicos</negrita> (cambian
substancialmente durante la trama, evolucionando su manera de actuar
y pensar).</listaElemento>
<listaElemento><negrita>Tiempo:</negrita> es el lapso o la duración
en la que se desarrolla la historia.</listaElemento>
<listaElemento><negrita>Espacio:</negrita> corresponde al lugar o
lugares donde se llevan a cabo los acontecimientos. Se suele utilizar
la descripción para darlos a conocer.</listaElemento>
</listaSinNumerar>
<imagen src="LE_06_02_CO_IMG02_small.jpg">
<p>¿Recuerdas el cuento de Blancanieves?, ¿podrías decir quién es
el narrador?, ¿cuáles son los personajes de la historia?, ¿en dónde
ocurre? y ¿cuándo se desarrolla la trama? </p>
</imagen>
<profundiza>
<enlace
destino="/LoIdRedirect.aspx?LoId=LE_06_02_CO_Recurso080&amp;IdRecurso=RES-04FF4EC1F21F42F6A2EBC3128677DBFD"
>El análisis de un texto narrativo</enlace>
</profundiza><practica>
<enlace
destino="/LoIdRedirect.aspx?LoId=LE_06_02_CO_Recurso090&amp;IdRecurso=RES-65AD3C826B244D3190D58EE1907E3F76"
>Refuerza tu aprendizaje: El género narrativo</enlace>
</practica></seccion3Texto></seccion3></seccion2Texto></seccion2>
<seccion2 id="S2_LE_06_02_CO_7B00C7AAA7F545C5B259B042596365A9">
<seccion2Titulo>El género lírico</seccion2Titulo>
<seccion2Texto><recuerda><recuerdaTexto>
<p>El género lírico está relacionado con la expresión del <negrita
>yo lírico</negrita> o <negrita>poético</negrita> y con la música,
por eso mantiene una estructura ligada al <negrita>ritmo</negrita
>. El yo lírico o poético es la <negrita>voz del poema</negrita>,
que no tiene por qué coincidir con la voz de los sentimientos del
autor.</p>
</recuerdaTexto></recuerda>
<imagen ampliable="no" src="LE_06_02_CO_IMG03_small.jpg">
<p>Al leer un poema percibimos el ritmo de los versos al prestar atención
a la disposición de las palabras, sus sílabas tónicas, la puntuación,
la sintaxis y la rima. Prueba esta afirmación leyendo un poema al
compás apropiado.</p>
</imagen>
<seccion3 id="S3_LE_06_02_CO_217456062AE9492FADCA5780920F3DC2">
<seccion3Titulo>Los elementos del género lírico</seccion3Titulo>
<seccion3Texto>
<p>Los elementos que deben tenerse en cuenta cuando analizamos un
poema son: el <negrita>verso</negrita>, las <negrita>estrofas</negrita
>, la <negrita>rima</negrita> y los <negrita>recursos literarios</negrita
>.</p>
<table border="1">
<tbody>
<tr>
<td><negrita>Verso</negrita></td>
<td>Es cada línea, frase o enunciado del poema.</td>
</tr>
<tr>
<td><negrita>Estrofas</negrita></td>
<td>Están compuestas por versos, equivalen al párrafo en el texto
narrativo.</td>
</tr>
<tr>
<td rowspan="3"><negrita>Rima</negrita></td>
<td>Son los sonidos que se repiten al final de cada verso. Hay dos
tipos de rima:</td>
</tr>
<tr>
<td><negrita>•	Rima asonante:</negrita> solo se repiten los sonidos
vocálicos.</td>
</tr>
<tr>
<td><negrita>•	Rima consonante:</negrita> se reiteran todos los sonidos
vocálicos y consonánticos.</td>
</tr>
<tr>
<td rowspan="4"><negrita>Recursos literarios</negrita></td>
<td>Es el lenguaje utilizado para embellecer la obra. Pueden ser: </td>
</tr>
<tr>
<td><negrita>•	Fónicos:</negrita> todo lo relacionado con el sonido
de las palabras.</td>
</tr>
<tr>
<td><negrita>•	Semánticos:</negrita> hace referencia al significado,
a lo que se quiere decir. </td>
</tr>
<tr>
<td><negrita>•	Sintácticos:</negrita> se vincula con la gramática
y el orden en que aparecen las palabras.</td>
</tr>
</tbody>
</table>
<practica>
<enlace
destino="/LoIdRedirect.aspx?LoId=LE_06_02_CO_Recurso100&amp;IdRecurso=RES-A263E1DF2F274558B1C608B4BB6C20B6"
>Refuerza tu aprendizaje: El género lírico</enlace>
</practica></seccion3Texto></seccion3></seccion2Texto></seccion2>
<seccion2 id="S2_LE_06_02_CO_0DE7F68164B1428AA32082CFDA39144F">
<seccion2Titulo>El género dramático</seccion2Titulo>
<seccion2Texto>
<p>Al género dramático pertenecen las obras que representan algún
episodio o conflicto de la vida de los seres humanos por medio del <negrita
>diálogo</negrita> de los personajes.</p>
<p>Las obras de este género están destinadas a ser representadas frente
a un público, generalmente en un recinto llamado teatro.</p>
<imagen src="LE_06_02_CO_IMG04_small.jpg">
<p>La palabra dramático proviene de la palabra <cursiva>drama</cursiva
> que significa <negritacursiva>hacer</negritacursiva> o <negritacursiva
>actuar</negritacursiva>. </p>
</imagen>
<seccion3 id="S3_LE_06_02_CO_260CADF1D7744F9094AC446ED1E5C5F7">
<seccion3Titulo>Los elementos del género dramático</seccion3Titulo>
<seccion3Texto>
<p>Cuando asistimos a una representación teatral, debemos fijarnos
en los diálogos y en todos los elementos que forman parte del género
dramático. Revisemos esos elementos.</p>
<table border="1">
<tbody>
<tr>
<td><negrita>Acto</negrita></td>
<td>Son las <negrita>partes</negrita> en las que se organiza una <negrita
>pieza teatral</negrita>.</td>
</tr>
<tr>
<td><negrita>Escena</negrita></td>
<td>Es el <negrita>fragmento</negrita> de un <negrita>acto</negrita
> en donde intervienen los <negrita>mismos personajes</negrita>.</td>
</tr>
<tr>
<td><negrita>Diálogo</negrita></td>
<td><negrita>Transmite</negrita> lo que dicen los personajes. Es la <negrita
>forma</negrita> de <negrita>expresión</negrita> que se utiliza en
el teatro.</td>
</tr>
<tr>
<td><negrita>Personajes</negrita></td>
<td>Son el <negrita>sustento</negrita> de la obra teatral, puesto
que lo usual es que no haya narrador para guiar la historia.</td>
</tr>
<tr>
<td><negrita>Acotación</negrita></td>
<td>Es el texto o la <negrita>nota</negrita> en la que el autor indica
lo que debe contener la escena, el estado de ánimo del personaje,
entre otros aspectos.</td>
</tr>
</tbody>
</table>
<practica>
<enlace
destino="/LoIdRedirect.aspx?LoId=LE_06_02_CO_Recurso110&amp;IdRecurso=RES-C2A8CAA11F174442854A98B3C1AAE4E5"
>Refuerza tu aprendizaje: El género dramático</enlace>
</practica></seccion3Texto></seccion3></seccion2Texto></seccion2>
<seccion2 id="S2_LE_06_02_CO_7ECE2F0CEF014DBDBFA905AA928F3FF9">
<seccion2Titulo>Consolidación</seccion2Titulo>
<seccion2Texto>
<p>Actividad para que fortalezcas lo aprendido.</p>
<practica>
<enlace
destino="/LoIdRedirect.aspx?LoId=LE_06_02_CO_Recurso120&amp;IdRecurso=RES-1D4F6346090D445BA4FC72231B92A11B"
>Refuerza tu aprendizaje: Los géneros literarios</enlace>
</practica></seccion2Texto></seccion2></seccion1Texto></seccion1>
<seccion1 id="S1_LE_06_02_CO_B6565B2BC2194B8DB05A3CA431233761">
<seccion1Titulo>Semántica: el sentido propio y el sentido figurado</seccion1Titulo>
<seccion1Texto>
<p>Cuando nos comunicamos expresamos ideas, pensamientos o sentimientos
frente a algo o a alguien. Dichas palabras, según nuestra intención
comunicativa, tienen un sentido particular o figurado. </p>
<recuerda><recuerdaTexto>
<p>La <negrita>semántica</negrita> es el estudio del significado de
las palabras. Proviene de un vocablo griego que puede traducirse como <negritacursiva
>significativo</negritacursiva>. Cuando observamos un conjunto de
palabras o elementos que poseen un significado similar, nos estamos
refiriendo al <cursiva>campo semántico</cursiva>, es decir, al significado
que comparten.</p>
</recuerdaTexto></recuerda><seccion2
id="S2_LE_06_02_CO_B184656E36AB43318D72FAAD1EF94EF9">
<seccion2Titulo>El sentido propio</seccion2Titulo>
<seccion2Texto>
<p>¿Cuándo escuchas la música siempre la interpretas al pie de la
letra?, ¿qué sucedería si interpretáramos de manera directa la forma
en que hablamos cuando estamos con nuestros amigos?, ¿harías todo
lo que te dicen?</p>
<destacado><destacadoTitulo>El sentido propio</destacadoTitulo>
<destacadoTexto>
<p>El <negrita>sentido propio,</negrita> también denominado <negrita
>denotativo</negrita> de una palabra o de una oración, se produce
cuando el término expresa su significado original, único, sin ninguna
variación; es decir, no hace referencia a otra cosa distinta de lo
que se dice.</p>
</destacadoTexto></destacado>
<p>Cuando nosotros decimos <cursiva>hoy es un bonito día</cursiva
>, nuestra intención comunicativa está ligada a la percepción que
tenemos y a lo que nos gusta. Por ejemplo, un día cálido y tranquilo
puede considerarse un día bonito porque es lo que estamos percibiendo
con nuestros sentidos, lo que está aconteciendo y que nos agrada.
No hay un sentido oculto en lo que decimos.</p>
<p>El sentido propio de las palabras está centrado en la <negrita
>intención comunicativa</negrita>. Si queremos que las personas hagan
las cosas que decimos, nuestro tono de voz, gestos y todo el lenguaje
corporal debe apoyar lo que expresamos y no tiene ningún otro significado. </p>
<p>El <negritacursiva>contexto de habla</negritacursiva>, es decir,
la situación comunicativa en la que nos encontremos, es el que determina
el sentido propio o el sentido figurado de las palabras. </p>
<p>Observemos algunos ejemplos del sentido propio o denotativo de
las palabras: </p>
<listaSinNumerar>
<listaElemento>Te compré un par de zapatos nuevos.</listaElemento>
<listaElemento>Vamos a visitar a la tía Gladis.</listaElemento>
<listaElemento>Tomemos un bus, no quiero caminar más.</listaElemento>
</listaSinNumerar>
<practica>
<enlace
destino="/LoIdRedirect.aspx?LoId=LE_06_02_CO_Recurso140&amp;IdRecurso=RES-50465C1F32344229BDAD9C78C4CE5EDA"
>Relaciona palabras con su significado propio</enlace>
</practica>
<imagen src="LE_06_02_CO_IMG05_small.jpg">
<p>Cuando nosotros observamos una situación como la de la imagen con
la familia reunida, la comida sobre la mesa, los platos listos y nos
llaman a cenar, el acto de habla nos anuncia tal cual lo que nos están
diciendo y no tiene ningún otro sentido. Es evidente que nos convocan
a comer en familia.</p>
</imagen>
</seccion2Texto></seccion2><seccion2
id="S2_LE_06_02_CO_C250C17FFFD34D1794ED649D341F4921">
<seccion2Titulo>El sentido figurado</seccion2Titulo>
<seccion2Texto>
<p>Seguramente has escuchado expresiones como “pero, ¡qué guapo estás!,
pareces todo un galán de televisión” o “¡qué bella eres!, igual a
una estrella brillando en el firmamento” o “qué burro eres, no sabes
cómo hacer esa operación” entre muchas otras, estas hacen parte del
sentido <negrita>figurado</negrita> o <negrita>connotativo</negrita
> del lenguaje. </p>
<p>El <negrita>lenguaje figurado</negrita> se encuentra ligado a la
intención del hablante, pero con un sentido impregnado a la palabra
que es diferente del convencional o que además de lo dicho implica
algo más. </p>
<p>Por ejemplo, la expresión "Tienes un corazón de oro", no significa
que la persona posee un corazón hecho de este metal, sino que es un
corazón con las propiedades simbólicas de dicho material, es decir,
un corazón puro, brillante, valioso, etc. </p>
<p>Observemos algunas expresiones con sentido figurado: </p>
<listaSinNumerar>
<listaElemento>Estoy verde de la ira.</listaElemento>
<listaElemento>Eres el burro del salón.</listaElemento>
<listaElemento>Tienes la lengua de plata.</listaElemento>
<listaElemento>Tus ojos son dos luceros.</listaElemento>
</listaSinNumerar>
<imagen src="LE_06_02_CO_IMG06_small.jpg">
<p>La palabra pirata, en nuestra sociedad, tiene diferentes connotaciones;
una de ellas es la de una persona que aborda barcos para robar, pero
otra, muy distinta, es la que hace referencia a los objetos copiados
de manera ilegal.</p>
</imagen>
<practica>
<enlace
destino="/LoIdRedirect.aspx?LoId=LE_06_02_CO_Recurso150&amp;IdRecurso=RES-985E8D62D4EB4EB2A1B7027BBFECB365"
>Expresiones con sentido figurado</enlace>
</practica>
<p>El lenguaje figurado es usado comúnmente por la literatura para
reforzar sensaciones y sentimientos, por su subjetividad y por la
gran variedad de interpretaciones que permite. </p>
<p>Veamos un ejemplo en el cual se utiliza el lenguaje connotativo
en un fragmento literario.</p>
<p><negrita>Mío Cid Campeador</negrita></p>
<p>La casa de Diego Laínez, una inmensa casona de piedra en el pueblo
de Vivar, medio fortaleza, medio casa de campo, tratando de mantenerse
fría a fuerza de piedra, levanta sus líneas duras y precisas, su adusta
majestad en medio de un sueño de piedra. Piedra. Piedra. Piedra. He
aquí la casa de Diego Laínez. Casa de silencios de piedra, de sueños
de piedra, de palabras de piedra, de honradez de piedra, de sentimientos
de piedra (¿quién ha dicho que las piedras no tienen sentimientos?;
¡oh, error!), de energías de piedra, de hombres de piedra. ¡Casa señalada
por el dedo de piedra del Destino!</p>
<p>Vicente Huidobro, <cursiva>Mío Cid Campeador</cursiva>.</p>
<recuerda><recuerdaTexto>
<p>El <negrita>sentido figurado</negrita> o palabras <negrita>connotativas</negrita
> son expresiones que se apartan del significado habitual que conocemos
y brindan un nuevo sentido intencional por parte del hablante.</p>
</recuerdaTexto></recuerda><profundiza>
<enlace
destino="/LoIdRedirect.aspx?LoId=LE_06_02_CO_Recurso160&amp;IdRecurso=RES-A905D7847025476AB3BD5F22C1FC4689"
>El lenguaje figurado en la literatura</enlace>
</profundiza></seccion2Texto></seccion2><seccion2
id="S2_LE_06_02_CO_C250C17FFFD34D1794ED649D341F5022">
<seccion2Titulo>Consolidación</seccion2Titulo>
<seccion2Texto>
<p>Observa el siguiente cuadro para consolidar lo aprendido.</p>
<table border="1">
<tbody>
<tr>
<td></td>
<td align="center"><negrita>Sentido propio</negrita></td>
<td align="center"><negrita>Sentido figurado</negrita></td>
</tr>
<tr>
<td rowspan="2"><negrita>Características</negrita></td>
<td>•	Expresa el sentido original de la palabra sin ninguna variación
en su significado.</td>
<td>•	Expresa un sentido diferente al cotidiano. </td>
</tr>
<tr>
<td>•	Surge durante una conversación cotidiana que evita los malos
entendidos.</td>
<td>•	Surge al jugar con el significado de las palabras y relacionarlas
con una idea o imagen diferente a la que les corresponde. </td>
</tr>
<tr>
<td rowspan="3"><negrita>Ejemplos</negrita></td>
<td>•	Mira la montaña, está en llamas.</td>
<td>•	Tus manos son de porcelana.</td>
</tr>
<tr>
<td>•	Llama a la policía, están robando la casa del frente.</td>
<td>•	Hablas como cotorra mojada.</td>
</tr>
<tr>
<td>•	Mañana no hay clase para los estudiantes del colegio.</td>
<td>•	Eres un pescador de sueños.</td>
</tr>
</tbody>
</table>
<p>Ahora, realiza las siguientes actividades para reforzar tus conocimientos
en esta sección.</p>
<practica>
<enlace
destino="/LoIdRedirect.aspx?LoId=LE_06_02_CO_Recurso170&amp;IdRecurso=RES-78ABD2A698FF4FDC8E913BC9651F3F2F"
>Distingue sentido propio de sentido figurado</enlace>
<enlace
destino="/LoIdRedirect.aspx?LoId=LE_06_02_CO_Recurso180&amp;IdRecurso=RES-C3E83FC0F2CF4581A7462C7B4F68DE92"
>Ejemplos sobre el sentido figurado y el sentido propio</enlace>
</practica></seccion2Texto></seccion2></seccion1Texto></seccion1>
<seccion1 id="S1_LE_06_02_CO_A5C848BC97FE418DBEFF58377F80C654">
<seccion1Titulo>Expresión oral: el noticiero</seccion1Titulo>
<seccion1Texto>
<p>En un mundo en el que acontecen tantas cosas a diario, todas en
lugares distantes unos de otros pero casi que en simultáneo, los noticieros
constituyen un excelente formato para informarnos de muchas situaciones
en poco tiempo. ¿Te has preguntado alguna vez cómo sería el mundo
sin los noticieros?, ¿cómo accederías a tanta información de manera
veloz y oportuna? </p>
<imagen src="LE_06_02_CO_IMG07_small.jpg">
<p>La palabra, hablada o escrita, te permite llegar a millones de
personas en cuestión de segundos y es por esa razón que los noticieros
radiales, televisivos o en Internet la utilizan para <negrita>informar</negrita
> a sus audiencias de manera inmediata. </p>
</imagen>
<p>El origen de los noticieros se remonta a la aparición de la prensa,
la radio y el cine, medios que fueron utilizados para comunicar lo
que sucedía en cualquier tipo de conflicto bélico, o si miramos más
remotamente, su aparición se liga a las cortes de los reyes que hicieron
uso de notas en su forma rudimentaria para comunicar a sus subalternos
lo que sucedía.</p>
<p>Los noticieros, como los conocemos en la actualidad, son programas
informativos cuya fuente principal son los <negrita>hechos</negrita
>. Estos se cuentan de manera <negrita>clara</negrita> y <negrita
>sencilla</negrita>, en forma <negrita>breve</negrita> y <negrita
>concisa</negrita>, con un <negrita>estilo ágil </negrita>y <negrita
>dinámico</negrita> que cautiva la atención del oyente, lector o televidente. </p>
<p>Observa en la siguiente tabla algunas de las principales características
de los noticieros, según el medio en el cual se emiten.</p>
<table border="1"><caption>Características de los noticieros</caption>
<tbody>
<tr>
<td align="center"><negrita>Radio</negrita></td>
<td align="center"><negrita>Televisión</negrita></td>
<td align="center"><negrita>Internet</negrita></td>
</tr>
<tr>
<td>Es inmediato y ágil. Normalmente no maneja repeticiones. </td>
<td>Suele ser presentado en directo, con notas pregrabadas o en vivo. </td>
<td>Está a disposición del usuario para su consulta en cualquier momento
y lugar.</td>
</tr>
<tr>
<td>Es oral. Privilegia la palabra hablada antes que otros recursos.</td>
<td>Combina oralidad, textos muy breves y su gran impacto está ligado
a la imagen.</td>
<td>Usa la palabra escrita, hablada, imágenes, recursos multimedia
y el hipertexto.</td>
</tr>
<tr>
<td>El mensaje es recibido en el momento en que se emite, es sincrónico.</td>
<td>Su mensaje es inmediato y sincrónico. Exige mayor concentración.</td>
<td>El mensaje es asincrónico. Requiere competencias tecnológicas.</td>
</tr>
</tbody>
</table>
<destacado><destacadoTitulo>Los noticieros </destacadoTitulo>
<destacadoTexto>
<p>Son una fuente valiosa de <negrita>información de actualidad</negrita
> que trasciende fronteras geográficas, idiomáticas, culturales, sociales,
entre otras, y que pone en contacto al mundo entero con sus realidades
cercanas y distantes, generando movilizaciones sociales de gran impacto.</p>
</destacadoTexto></destacado><seccion2
id="S2_LE_06_02_CO_5B3E10F2798A44B0B3D656A66F9407E3">
<seccion2Titulo>Las secciones de un noticiero</seccion2Titulo>
<seccion2Texto>
<p>La materia prima de los noticieros son las <negrita>noticias</negrita
> y estas son seleccionadas con base en criterios específicos, tales
como:</p>
<listaSinNumerar>
<listaElemento><negrita>Actualidad:</negrita> para que un hecho sea
noticioso debe ser algo importante que acaba de suceder.</listaElemento>
<listaElemento><negrita>Proximidad:</negrita> entre más cercano sea
lo acontecido a nuestra vida, más impactante es. Pero dado que la
tecnología ha puesto todo a nuestro alcance, cada vez nos importa
más lo que sucede en cualquier parte del mundo, porque finalmente
somos cercanos a esa realidad.</listaElemento>
<listaElemento><negrita>Relevancia:</negrita> pone de manifiesto la
importancia o el significado de lo sucedido y de sus protagonistas.</listaElemento>
<listaElemento><negrita>Extrañeza:</negrita> cuando un hecho es poco
común, especial o extraordinario suele atraer más la atención del
público.</listaElemento>
<listaElemento><negrita>Interés:</negrita> la cotidianidad genera
muchos hechos, pero solo aquellos que interesan a la mayoría adquieren
el papel protagónico.</listaElemento>
</listaSinNumerar>
<p>De acuerdo con estas características y con el propósito de organizar
la información, en un noticiero se generan bloques o secciones, esto <negrita
>facilita</negrita> la <negrita>comprensión</negrita>, la <negrita
>presentación</negrita>, el <negrita>orden</negrita> y el <negrita
>impacto</negrita>.</p>
<imagen src="LE_06_02_CO_IMG08_small.jpg">
<p>Las secciones de un noticiero tienen un <negrita>lugar preciso</negrita
> y cumplen una <negrita>función determinada</negrita> que da forma
a la estructura general de la producción. Cada noticia forma parte
de ese engranaje. </p>
</imagen>
<p>Las secciones más utilizadas en la organización de un noticiero
son: </p>
<listaSinNumerar>
<listaElemento><negrita>Locales:</negrita> contiene noticias que narran
hechos <negrita>muy próximos</negrita> a la localidad, ciudad o región
donde se emiten y afectan a los cercanos a esta zona.</listaElemento>
<listaElemento><negrita>Nacionales:</negrita> tienen <negrita>relevancia</negrita
> a nivel <negrita>país</negrita> porque suceden dentro de su territorio
e impactan de alguna forma la vida cotidiana.</listaElemento>
<listaElemento><negrita>Internacionales:</negrita> se enfocan en lo
más destacado que <negrita>acontece fuera del país</negrita> y que
tiene un <negrita>impacto global</negrita> por su crudeza, rareza
o consecuencias para la humanidad.</listaElemento>
<listaElemento><negrita>Económicas</negrita>: incluyen aspectos relacionados
con la <negrita>actividad lucrativa</negrita> de un país o a nivel
mundial. Se suelen destacar los indicadores económicos por tratarse
de parámetros de medición de uso común.</listaElemento>
<listaElemento><negrita>Deportivas: </negrita>agrupan todo lo <negrita
>sobresaliente</negrita> a nivel nacional o internacional en el ámbito
de los <negrita>deportes</negrita> y sus protagonistas. En cada país
o región se hace énfasis en los deportes o torneos del momento y de
su simpatía.</listaElemento>
<listaElemento><negrita>Culturales:</negrita> cubren todo lo concerniente
al espectáculo, la ciencia, la tecnología, el cine, entre otras áreas.
Normalmente, <negrita>se concentran en producciones o actores considerados
de alto reconocimiento</negrita> o en los intereses de los canales
o de las cadenas radiales, porque funcionan como refuerzo comercial
de su propia programación.</listaElemento>
</listaSinNumerar>
<recuerda><recuerdaTexto>
<p>Ten en cuenta que las secciones planteadas anteriormente son genéricas,
pero cada noticiero las puede subdividir o distribuir de acuerdo con
su propio estilo o enfoque. Lo importante es que se vea claramente
un orden, una estructura y no saltar de una a otra sinrazón.</p>
</recuerdaTexto></recuerda>
<p>Para acercarte a la forma en que se estructura un noticiero, te
invitamos a que revises diversos formatos radiales <enlace
destino="http://www.wradio.com.co/escucha/programas/la-w-radio/programa/14085.aspx"
>[VER] </enlace>y televisivos <enlace
destino="http://www.cmi.com.co/emision-central-del-noticiero-cm-19-de-agosto-de-2015"
>[VER]</enlace>. Si efectúas un seguimiento a este tipo de programas
podrás entender mejor su funcionamiento, hacer comparaciones y encontrar
diferencias significativas en el estilo, el orden y la manera de abordar
las noticias.</p>
<destacado><destacadoTitulo>Las secciones de noticias</destacadoTitulo>
<destacadoTexto>
<p>Las <negrita>secciones</negrita> de los noticieros <negrita>clasifican
la información</negrita> en bloques que facilitan la <negrita>comprensión</negrita
> a los oyentes o televidentes. Esto permite que los noticieros tengan
una estructura propia que los diferencia entre sí. Adicionalmente,
las secciones logran <negrita>captar la atención</negrita> de acuerdo
con los temas de <negrita>interés</negrita> de los receptores.</p>
</destacadoTexto></destacado><profundiza>
<enlace
destino="/LoIdRedirect.aspx?LoId=LE_06_02_CO_Recurso190&amp;IdRecurso=RES-B50375B421B3405C876744E0A97C88A2"
>La organización y presentación de un noticiero </enlace>
</profundiza></seccion2Texto></seccion2><seccion2
id="S2_LE_06_02_CO_F59A740A83294D608980CB683932017A">
<seccion2Titulo>Participa en un noticiero</seccion2Titulo>
<seccion2Texto>
<p>Como ya conoces lo que se necesita para planear un noticiero es
hora de <negrita>redactar noticias</negrita> y <negrita>organizar</negrita
> un informativo radial dirigido a niños de tu edad, con notas que
capturen su atención y que sean de <negrita>su interés</negrita>. </p>
<p>Tu objetivo es crear un nuevo espacio completamente <negrita>orientado</negrita
> a tu <negrita>público</negrita>. Recuerda que ahora debes <negrita
>darle identidad</negrita> a tu noticiero y a <negrita>cada una de
las secciones</negrita> que vayas a trabajar, así como analizar los
temas a abordar. </p>
<recuerda><recuerdaTexto>
<p>El <negrita>libreto</negrita> debe contener <negrita>toda la información
noticiosa</negrita> que vas a transmitir a tu público, <negrita>diferenciar
las secciones</negrita>, <negrita>identificar tu noticiero</negrita
>, tener todos los <negrita>tiempos establecido</negrita>s, contar
con los pregrabados de <negrita>entrada</negrita> y <negrita>salida</negrita
>, así como con los cortes <negrita>musicales, comerciales</negrita
> y demás recursos que vayas a emplear durante tu puesta al aire.</p>
</recuerdaTexto></recuerda>
<p>Cuando vayas a preparar y presentar tu propio noticiero, ten presente
las características propias de una noticia, su estilo de redacción
y la forma de comunicar a tu audiencia porque todo ello garantiza
el éxito de tu emisión. ¡Así que manos a la obra!, es hora de ejercitarnos
en el tema.</p>
<practica>
<enlace
destino="/LoIdRedirect.aspx?LoId=LE_06_02_CO_Recurso200&amp;IdRecurso=RES-CE97E6D369DA4977A37D7DE94472C196"
>Escucha e interpreta noticias</enlace>
</practica></seccion2Texto></seccion2><seccion2
id="S2_LE_06_02_CO_F59A740A83294D608980CB683932028A">
<seccion2Titulo>Consolidación</seccion2Titulo>
<seccion2Texto>
<p>Actividades para consolidar lo que has aprendido en esta sección.</p>
<practica>
<enlace
destino="/LoIdRedirect.aspx?LoId=LE_06_02_CO_Recurso210&amp;IdRecurso=RES-04FC4FFD6C004C9F863FB2AA2B8DF8A2"
>Refuerza tu aprendizaje: Recuerda características de los noticieros</enlace>
</practica></seccion2Texto></seccion2></seccion1Texto></seccion1>
<seccion1 id="S1_LE_06_02_CO_560F309D0EF14EAF8C2ADAC24A3E98CD">
<seccion1Titulo>Comunicación: los géneros informativos en los medios
de comunicación</seccion1Titulo>
<seccion1Texto>
<p>Los medios de comunicación que difunden notas de interés general
se caracterizan por utilizar los géneros informativos. ¿Tienes conocimiento
a qué nos referimos cuando hablamos de ellos?,  ¿cuáles son sus diferencias
y similitudes?</p>
<imagen src="LE_06_02_CO_IMG09_small.jpg">
<p>Todos los días el cerebro humano está bombardeado por multiplicidad
de información, por ello debe ser selectivo y aprender a asumir posturas
críticas.</p>
</imagen>
<p>La función primordial de los géneros informativos es mantener a
la población en general enterada de lo que sucede en diferentes ámbitos.
Como el <negrita>público</negrita> es <negrita>diverso</negrita> es
necesario tener presente la <negrita>importancia</negrita> de la información,
su <negrita>actualidad</negrita>, el <negrita>interés</negrita> que
despierta y la <negrita>sencillez</negrita> con la que debe ser expuesta
para que llegue a todos de manera <negrita>comprensible</negrita>. </p>
<p>De igual forma, debe considerarse la <negrita>credibilidad</negrita
> de las fuentes. El proceso informativo no depende únicamente del
medio o del periodista, se completa en el público que debe estar en
capacidad de analizar la información que recibe, contrastar fuentes
y asumir una <negrita>postura crítica</negrita> frente a esta. </p>
<p>Existen tres géneros informativos que poseen características similares,
y que a la vez se diferencian con base en el manejo que hacen de los
hechos. Exploremos un poco.</p>
<table border="1"><caption>Características de los géneros informativos</caption>
<tbody>
<tr>
<td align="center"><negrita>Noticia</negrita></td>
<td align="center"><negrita>Reportaje</negrita></td>
<td align="center"><negrita>Entrevista</negrita></td>
</tr>
<tr>
<td>Información breve sobre un tema de actualidad, cuya organización
va de lo más importante a lo menos significativo. Debe ser veraz y
objetiva. </td>
<td>Explicación de un suceso, no necesariamente de actualidad, con
cierto grado de profundidad y que contrasta diversas fuentes o versiones.</td>
<td>Diálogo entre dos personas, el entrevistador y el entrevistado,
generalmente un experto en el tema a tratar.</td>
</tr>
<tr>
<td>Utiliza un estilo claro, sencillo y directo para facilitar la
comprensión.</td>
<td>Usa un estilo más libre que el de la noticia y ahonda en los detalles
sin perder la objetividad.</td>
<td>El estilo está delimitado por el toque personal del entrevistador
y el entrevistado. Puede ser formal o cercano. Es un asunto de ganarse
la confianza del entrevistado.</td>
</tr>
</tbody>
</table>
<destacado><destacadoTitulo>Los géneros informativos</destacadoTitulo>
<destacadoTexto>
<p>Los géneros informativos son discursos o textos en los que se da
a conocer un hecho o dato de interés general, <negrita>sin hacer una
interpretación</negrita> o emitir una opinión y mucho menos un juicio
de valor por parte de quien escribe. Su estilo es <negrita>preciso,
claro, directo</negrita> y <negrita>sencillo</negrita>.</p>
</destacadoTexto></destacado><profundiza>
<enlace
destino="/LoIdRedirect.aspx?LoId=LE_06_02_CO_Recurso230&amp;IdRecurso=RES-D60DFE4B95C6412BA6AFB0A79693827D"
>Explora algunos géneros informativos y comunicativos</enlace>
</profundiza><seccion2
id="S2_LE_06_02_CO_E696DAED494D4B888F3D8C40CB9A21EC">
<seccion2Titulo>La noticia</seccion2Titulo>
<seccion2Texto>
<imagen src="LE_06_02_CO_IMG10_small.jpg">
<p>Las noticias se producen todos los días, independientemente del
contexto en el que nos movamos. Por ello, personas bien informadas
generan decisiones bien tomadas. </p><?Pub Caret -2?>
</imagen>
<destacado><destacadoTitulo>La noticia</destacadoTitulo><destacadoTexto>
<p>Es una <negrita>exposición breve</negrita> de <negrita>hechos actuales</negrita
> considerados de <negrita>interés general</negrita>. Se caracteriza
por una <negrita>profundidad básica</negrita>, limitada por los espacios
disponibles para su desarrollo. Siempre se ocupa de temas de actualidad
y presenta la información de <negrita>mayor a menor relevancia</negrita
>, haciendo uso de un <negrita>lenguaje claro</negrita>, <negrita
>ordenado</negrita> y <negrita>objetivo</negrita>. La noticia corresponde
a un hecho <negrita>verídico</negrita> que <negrita>no admite valoraciones</negrita
> u <negrita>opiniones</negrita> de parte de quien la escribe.</p>
</destacadoTexto></destacado>
<p><negrita>Estructura de la noticia</negrita></p>
<p>La forma en que se presenta la información se conoce con el nombre
de pirámide invertida, dado que en la base superior se ubican los
hechos más importantes que responden a las preguntas: <negrita>qué,
a quién, dónde, cuándo, por qué</negrita> y en muchos casos se adiciona
el <negrita>cómo</negrita>. </p>
<p>El <negrita>qué</negrita> siempre hace referencia a los hechos; <negrita
>quién o quiénes</negrita> señala a los protagonistas de la información; <negrita
>dónde</negrita> está vinculado al lugar en el que suceden los acontecimientos;
el <negrita>cuándo</negrita> determina el tiempo de la acción; el <negrita
>por qué</negrita>, la razón o las causas de lo sucedido; y finalmente,
el <negrita>cómo</negrita> identifica la forma en que se han presentado
los hechos. Estas 5 o 6 preguntas generalmente se responden en el
primer párrafo y algunos de estos elementos ya se mencionan en el
titular.</p>
<p>Las partes fundamentales de la noticia son: </p>
<imagen src="LE_06_02_CO_IMG11_small.jpg">
<p>Toda noticia tiene una estructura básica con determinadas partes
y funciones.</p>
</imagen>
<profundiza>
<enlace
destino="/LoIdRedirect.aspx?LoId=LE_06_02_CO_Recurso240&amp;IdRecurso=RES-B97DF8563B044AC699F3E9FECFB464D6"
>Los géneros informativos: la noticia escrita y la noticia gráfica</enlace>
</profundiza><practica>
<enlace
destino="/LoIdRedirect.aspx?LoId=LE_06_02_CO_Recurso250&amp;IdRecurso=RES-F1E1AFB970644106B8C59C56D9426889"
>Identifica las partes de una noticia</enlace>
</practica></seccion2Texto></seccion2><seccion2
id="S2_LE_06_02_CO_B63CA647BD7A4C71B250B7422BE9E782">
<seccion2Titulo>El reportaje</seccion2Titulo>
<seccion2Texto>
<imagen src="LE_06_02_CO_IMG12_small.jpg">
<p>El reportaje se nutre de hechos veraces que se profundizan con
testimonios, entrevistas, imágenes, recuerdos, entre otros recursos.</p>
</imagen>
<p>El reportaje se caracteriza por su <negrita>extensión</negrita
> en comparación con la noticia. Puede abarcar <negrita>todas las
áreas del conocimiento</negrita> y aunque se trate de un tema de <negrita
>interés general</negrita>, no necesariamente debe ser de actualidad. </p>
<p>El reportaje realiza un <negrita>análisis profundo</negrita> y
una <negrita>reflexión</negrita> sobre el asunto que se acompaña de
entrevistas, mayor profundidad y detalle de los datos relevantes,
testimonios, opiniones de expertos, conclusiones generales, fotografías,
recuerdos de personas, entre otros.</p>
<p>La estructura del reportaje se compone de:</p>
<table border="1">
<tbody>
<tr>
<td><negrita>Titular</negrita></td>
<td>Informa del contenido general del reportaje y, al igual que la
noticia, puede contener un antetítulo y un subtítulo.</td>
</tr>
<tr>
<td><negrita>Entrada o párrafo inicial</negrita></td>
<td>Busca atraer y atrapar al receptor, por eso debe manejar información
relevante que invite a continuar enganchado.</td>
</tr>
<tr>
<td><negrita>Cuerpo</negrita></td>
<td>Párrafos en los que se extiende el desarrollo del tema. Deben
tener coherencia y un orden lógico que permita seguir la historia.</td>
</tr>
<tr>
<td><negrita>Párrafo final</negrita></td>
<td>A diferencia de la noticia, cuenta con un párrafo que esboza una
conclusión, una pregunta o una reflexión. Aspecto que suele funcionar
como un cierre o apertura a nuevos planteamientos para quienes reciben
la información.</td>
</tr>
</tbody>
</table>
<practica>
<enlace
destino="/LoIdRedirect.aspx?LoId=LE_06_02_CO_Recurso260&amp;IdRecurso=RES-6827120D340F4A1EB021297618196B8F"
>Los elementos de un reportaje</enlace>
</practica><recuerda><recuerdaTexto>
<p>El <negrita>reportaje</negrita> forma parte de los géneros <negrita
>informativos</negrita>, se <negrita>diferencia</negrita> de la noticia
en que el <negrita>tema trabajado no tiene que ser de actualidad</negrita
> y que es mucho <negrita>más extenso</negrita>, lo que le permite
realizar <negrita>investigaciones profundas</negrita>, utilizar <negrita
>más datos, entrevistas, testimonios</negrita> y recursos que ayudan
a mantener <negrita>cautivo el interés</negrita> de quien recibe la
información.</p>
</recuerdaTexto></recuerda></seccion2Texto></seccion2><seccion2
id="S2_LE_06_02_CO_0ECA5B3DDE434266B3C1597AB61286C0">
<seccion2Titulo>La entrevista</seccion2Titulo>
<seccion2Texto>
<imagen src="LE_06_02_CO_IMG13_small.jpg">
<p>Las entrevistas son una herramienta periodística para obtener información
de manera directa y con la voz de los protagonistas de los hechos.
¿Cómo crees que un periodista se debe preparar para entrevistar a
alguien?</p>
</imagen>
<p>La entrevista pertenece al género informativo y nació espontáneamente
en Estados Unidos en el periódico <cursiva>Herald</cursiva> de Nueva
York en 1836, cuando un reportero reprodujo exactamente la conversación
que sostuvo con la propietaria de un negocio, una persona desconocida
para la opinión pública.</p>
<p>Esta forma diferente de comunicar un hecho noticioso y de darle
voz a una persona anónima tuvo gran impacto y aceptación en la población
en general. En Colombia, la entrevista comenzó a usarse en 1890, en <cursiva
>El Correo Nacional</cursiva>. Sin embargo, la entrevista como género
periodístico, formalmente establecido, aparece registrada en el contexto
nacional para 1911. El género se dejó influir por el estilo francés
y posteriormente del norteamericano.</p>
<destacado><destacadoTitulo>La entrevista</destacadoTitulo>
<destacadoTexto>
<p>Es un formato sencillo de <negrita>preguntas</negrita> y <negrita
>respuestas </negrita>entre un <negrita>entrevistado</negrita> y un <negrita
>entrevistador</negrita>, su esencia radica en la <negrita>investigación</negrita
> a profundidad del tema y del personaje entrevistado, de la química
o <negrita>empatía</negrita> que logren desarrollar los involucrados
y del <negrita>ambiente de confianza</negrita> que se genere entre
los participantes. Lo que más impacta de una entrevista es la huella
que deja en los espectadores o lectores, aquella que despierta sensaciones,
sentimientos, reacciones, la pieza que conmueve, que toca fibra.</p>
</destacadoTexto></destacado>
<p>La entrevista persigue diversos fines. En algunas ocasiones sirve
para <negrita>conocer a profundidad</negrita> la vida del entrevistado;
otras veces busca <negrita>entender mejor</negrita> un tema de interés,
que necesita ser explicado con mayor detenimiento; algunas otras es
un instrumento para <negrita>abordar otros asuntos</negrita> desconocidos
de un hecho o un personaje, pero sin duda es un formato <negrita>más
amigable</negrita> y <negrita>libre</negrita> que la noticia o el
reportaje.</p>
<p>Las partes que componen la entrevista son:</p>
<table border="1">
<tbody>
<tr>
<td><negrita>Título</negrita></td>
<td>Es la parte que identifica al personaje, al tema, a ambos, o al
hecho que origina la entrevista.</td>
</tr>
<tr>
<td><negrita>Presentación</negrita></td>
<td>Información precisa y concisa de la persona entrevistada y del
tema que se va a tratar. Debe ser resumida pero trascendental. </td>
</tr>
<tr>
<td><negrita>Diálogo</negrita></td>
<td>Formato de preguntas y respuestas en el que se desarrolla toda
la conversación.</td>
</tr>
</tbody>
</table>
<p>Como se dijo anteriormente, la entrevista es uno de los formatos
informativos más <negrita>amigables</negrita> y <negrita>abiertos</negrita
> que existen dentro de los géneros periodísticos. La <negrita>agudeza</negrita
> del <negrita>entrevistador</negrita>, así como su <negrita>capacidad</negrita
> de <negrita>escucha pueden poner al descubierto información que
sin decirse textualmente se capta entre líneas</negrita>. Algunos
entrevistados se sienten más cómodos con formatos preestablecidos
de preguntas para asegurarse de conocer las respuestas. </p>
<p>No todos los entrevistados se abren fácilmente al tema, ni contestan
todo lo que se les pregunta, algunos dan la vuelta al cuestionamiento
para responder solo lo que les conviene o quieren resaltar, o para
distraer la atención y no contestar.</p>
<practica>
<enlace
destino="/LoIdRedirect.aspx?LoId=LE_06_02_CO_Recurso270&amp;IdRecurso=RES-78334E1F33074F63B7102F6B076D000D"
>Los elementos de una entrevista</enlace>
</practica></seccion2Texto></seccion2><seccion2
id="S2_LE_06_02_CO_0ECA5B3DDE434266B3C1597AB61287C1">
<seccion2Titulo>Consolidación</seccion2Titulo>
<seccion2Texto>
<p>Actividad para consolidar lo que has aprendido en esta sección.</p>
<practica>
<enlace
destino="/LoIdRedirect.aspx?LoId=LE_06_02_CO_Recurso290&amp;IdRecurso=RES-47664FFE08F8470398053033395A6DD1"
>Refuerza tu aprendizaje: Clasifica textos informativos</enlace>
</practica></seccion2Texto></seccion2></seccion1Texto></seccion1>
<seccion1 id="S1_LE_06_02_CO_85BE42033AEE4231A2669A55C764A0E5">
<seccion1Titulo>Ética y comunicación: la comunicación verbal</seccion1Titulo>
<seccion1Texto>
<p>El ser humano necesita comunicarse, es parte esencial de su desarrollo
y de su proceso de interrelación con los demás. Piensa en un bebé
recién nacido e identifica: ¿cómo se hace entender?, ¿cómo aprende
a comunicarse?, ¿qué papel juega su llanto, su risa, o sus silencios
en ese proceso? </p>
<imagen src="LE_06_02_CO_IMG14_small.jpg">
<p>La palabra es parte constitutiva del hombre desde su nacimiento,
es el vínculo que lo une al mundo y que le permite interactuar con
él y construir nuevas formas de interrelacionarse con todo lo que
lo rodea. </p>
</imagen>
<destacado><destacadoTitulo>La comunicación verbal </destacadoTitulo>
<destacadoTexto>
<p>Es el <negrita>proceso</negrita> por medio del cual se <negrita
>transmite un mensaje</negrita> que puede ser <negrita>oral</negrita
> o <negrita>escrito</negrita>, entre dos o más personas y que se
caracteriza por manejar un <negrita>código común</negrita>, es decir,
un <negrita>conjunto de signos</negrita> que los dos entienden.</p>
</destacadoTexto></destacado>
<p>Como ya dijimos, la comunicación verbal involucra tanto lo oral
como lo escrito. Veamos entonces las características que acompañan
a cada uno de estos sistemas.</p>
<table border="1">
<tbody>
<tr>
<td align="center"><negrita>Comunicación oral</negrita></td>
<td align="center"><negrita>Comunicación escrita</negrita></td>
</tr>
<tr>
<td>•	El mensaje es <negrita>inmediato</negrita>, llega al receptor
en cuanto se emite. </td>
<td>•	El mensaje es <negrita>diferido</negrita>, lo recibe el destinatario
después de haberse emitido. </td>
</tr>
<tr>
<td>•	Es un mensaje <negrita>efímero</negrita>, cuando no está mediado
por las TIC, y por ello no perdura en el tiempo o se puede distorsionar.</td>
<td>•	Su contenido <negrita>perdura</negrita> en el tiempo y puede
ser conservado, retransmitido y reinterpretado en otras épocas y contextos.</td>
</tr>
<tr>
<td>•	Aunque por su naturaleza es <negrita>oral</negrita>, se puede
acompañar de <negrita>gestos</negrita>, <negrita>movimientos corporales</negrita
>, <negrita>cambios</negrita> en la <negrita>entonación</negrita> y
otros recursos que enriquecen su intencionalidad.</td>
<td>•	La <negrita>palabra escrita</negrita> es su fuente primordial,
pero se complementa con <negrita>gráficos, ilustraciones, fotografías</negrita
>, entre otros, lo que favorece su impacto y comprensión.</td>
</tr>
<tr>
<td>•	El canal es preferencialmente <negrita>oral</negrita> y <negrita
>auditivo</negrita>.</td>
<td>•	El canal es <negrita>visual</negrita>.</td>
</tr>
<tr>
<td>•	Suele ser un mensaje <negrita>espontáneo </negrita>dado que
surge de una pregunta directa que puede tener una <negrita>retroalimentación</negrita
> inmediata.</td>
<td>•	Se caracteriza por ser un <negrita>mensaje planeado</negrita
> y <negrita>estructurado</negrita>, no es espontáneo. Su <negrita
>retroalimentación</negrita> es igualmente <negrita>pensada</negrita
> y <negrita>planeada</negrita>.</td>
</tr>
</tbody>
</table>
<recuerda><recuerdaTexto>
<p>El uso de las TIC está cambiando algunas de estas características,
por ejemplo, hoy en día es posible grabar una conversación oral y
guardarla para la posteridad como ocurre con el mensaje escrito, o
un mensaje escrito puede ser inmediatamente recibido por su destinatario
y responderse de manera simultánea.</p>
</recuerdaTexto></recuerda><profundiza>
<enlace
destino="/LoIdRedirect.aspx?LoId=LE_06_02_CO_Recurso300&amp;IdRecurso=RES-35D95C9A5DAC4A7DB7C7B97E6B21C1DC"
>Acerquémonos a la comunicación oral y escrita</enlace>
</profundiza><seccion2
id="S2_LE_06_02_CO_0DB1892106A54FF797E1A4ADAD741B56">
<seccion2Titulo>El lenguaje, la lengua y el habla</seccion2Titulo>
<seccion2Texto>
<p>Para abordar este tema es importante tener claros los términos
del <negrita>lenguaje</negrita>, la <negrita>lengua</negrita> y el <negrita
>habla</negrita>.</p>
<table border="1">
<tbody>
<tr>
<td align="center"><negrita>El lenguaje</negrita></td>
<td align="center"><negrita>La lengua</negrita></td>
<td align="center"><negrita>El habla</negrita></td>
</tr>
<tr>
<td>Es el <negrita>conjunto</negrita> de <negrita>sonidos articulados
o signos</negrita> con los cuales el <negrita>ser humano manifiesta</negrita
> lo que <negrita>piensa</negrita> o <negrita>siente</negrita>, por
eso se asocia a su <negrita>capacidad</negrita> de hacerse entender. </td>
<td>Es un <negrita>sistema</negrita> de comunicación <negrita>verbal</negrita
> y <negrita>escrito</negrita>, propio de una <negrita>comunidad</negrita
>, que responde a unas <negrita>normas</negrita> previamente establecidas
para regular su uso. </td>
<td>Es el <negrita>acto individual</negrita> que hace cada persona
de los <negrita>signos verbales y escritos</negrita> que elige para
comunicarse y que los adapta a su propio estilo de vida.</td>
</tr>
<tr>
<td>Ejemplo: el llanto de un recién nacido es un sonido articulado
que pone de manifiesto que el bebé necesita algo y esa es su forma
de comunicarlo.</td>
<td>Ejemplo: comunicar un mensaje en lengua castellana (¡Buenos días!),
italiana (Buon giorno!) o francesa (Bonjour!), por citar algunas.</td>
<td>Ejemplo: sostener una conversación telefónica, presencial o por
chat.</td>
</tr>
</tbody>
</table>
<p>En este enlace <enlace
destino="https://www.youtube.com/watch?v=8qt1oHOsC28">[VER]</enlace
> hay un vídeo en el cual se observan distintos aspectos de la lengua,
el lenguaje y el habla. Míralo y luego reúnete con tus compañeros
y juntos elaboren un cuadro con los ejemplos trabajados.</p>
<practica>
<enlace
destino="/LoIdRedirect.aspx?LoId=LE_06_02_CO_Recurso310&amp;IdRecurso=RES-EDFE68BF665C4FFF8E7EFED13545D4A4"
>Las diferencias entre lenguaje, lengua y habla</enlace>
</practica></seccion2Texto></seccion2><seccion2
id="S2_LE_06_02_CO_5FA5552CEA1D42D88512CEEF4112D9C4">
<seccion2Titulo>La comunicación oral</seccion2Titulo>
<seccion2Texto>
<imagen src="LE_06_02_CO_IMG15_small.jpg">
<p>La comunicación oral desarrolla nuestras habilidades para expresar
en público ideas, pensamientos y sentimientos, de esa manera logramos
establecer relación directa con el otro y crear núcleos de interés
sobre los cuales intercambiar información.</p>
</imagen>
<p>La comunicación oral es el sistema más antiguo por medio del cual
el ser humano se comunica. Se dice que su función es <negrita>social</negrita
>, pues ayuda a <negrita>crear</negrita> y <negrita>mantener relaciones</negrita
>. Su forma más conocida y usada es la conversación, que se caracteriza
por ser <negrita>espontánea, directa, veloz</negrita> y <negrita>cambiar
ágilmente de un tema a otro</negrita>. </p>
<p>En este tipo de comunicación es común la utilización de muletillas,
frases que comienzan pero no se terminan, repetición de palabras,
frases, contenidos que expresamos una y otra vez de diversas formas.</p>
<p>Normalmente, los interlocutores se encuentran <negrita>cara a cara</negrita
> y esto permite que el <negrita>rol cambie constantemente</negrita
>, a veces eres el <negrita>emisor</negrita> y acto seguido eres el <negrita
>receptor</negrita>. El mensaje <negrita>no se conserva</negrita> largo
tiempo, lo que obliga a repetir en muchas ocasiones lo que queremos
comunicar y a <negrita>reforzarlo con gestos, movimientos corporales,
miradas, manejos de la entonación, actitudes</negrita>, entre otros.
Sin embargo, el desarrollo de la tecnología ha modificado abismalmente
este proceso. La virtualidad nos permite estar en cualquier momento
y lugar. Aún sin estar físicamente, la conversación puede ser <negrita
>inmediata</negrita>. </p>
<recuerda><recuerdaTexto>
<p>La comunicación oral se considera más limitada que la escrita por
su espontaneidad y lo efímero de su mensaje, pero existen verdaderos
expertos en el tema que pueden llegar a mover masas más fácilmente
con su oratoria que por medio de su escritura.</p>
</recuerdaTexto></recuerda><practica>
<enlace
destino="/LoIdRedirect.aspx?LoId=LE_06_02_CO_Recurso320&amp;IdRecurso=RES-BAEAA0A7A16E4CE986CEE5BCB2DA9239"
>Practica la comunicación oral</enlace>
</practica></seccion2Texto></seccion2><seccion2
id="S2_LE_06_02_CO_C4F960CCE4604DBBBD0A7774D576D1A3">
<seccion2Titulo>La comunicación escrita</seccion2Titulo>
<seccion2Texto>
<p>Surge después de la comunicación oral por la necesidad de <negrita
>representar gráficamente</negrita> los sonidos y así poder <negrita
>conservarlos</negrita>. Debido a esto, suele ser <negrita>planeada</negrita
> de forma cuidadosa porque <negrita>perdura</negrita> en el <negrita
>tiempo</negrita>. </p>
<p>En general, no se considera <negrita>inmediata</negrita>, dado
que <negrita>emisor</negrita> y <negrita>receptor no actúan en simultáneo</negrita
>, concepto ligeramente revaluado por el uso de las tecnologías de
la información y la comunicación. Sin embargo, los medios escritos
utilizan <negrita>otras formas no verbales</negrita> que ayudan a <negrita
>fortalecer el mensaje</negrita>, por ejemplo: distintas <negrita
>tipografías</negrita>, diversos <negrita>tamaños, subrayado, negrita,
resaltado, imágenes</negrita>, entre muchos otros recursos.</p>
<p>La principal ventaja de la comunicación escrita es la posibilidad
de transmitir <negrita>fielmente el mensaje original</negrita>, libre
de interpretaciones o modificaciones propias de la oralidad. </p>
<p>Son antecedentes de la escritura formal los dibujos o formas gráficas
usadas en Mesopotamia, los jeroglíficos egipcios y la escritura china
basada en signos que representaban seres, objetos o ideas. El origen
de la escritura moderna se le atribuye a los fenicios quienes por
medio del alfabeto asignaron a la representación de cada letra un
sonido. Luego aparecieron otros alfabetos como el griego, el árabe,
el latín y estos dieron origen a diversas formas de escritura.</p>
<p>La comunicación escrita exige mayor concentración, mejor manejo
del vocabulario, la ortografía, las reglas gramaticales, los signos
de puntuación y el estilo de redacción. En síntesis, la comunicación
escrita es un <negrita>proceso más elaborado</negrita> que también
involucra un proceso lógico de construcción para que el mensaje pueda
ser comprendido por el lector.</p>
<destacado><destacadoTitulo>La comunicación escrita </destacadoTitulo>
<destacadoTexto>
<p>A diferencia del sistema oral, el escritor no tiene la oportunidad
de corroborar si lo que dijo y lo que el lector entendió era lo que
realmente quería que se entendiera, por eso se hace más complejo estructurar
las ideas, pensamientos o sentimientos que quiere transmitir.</p>
</destacadoTexto></destacado>
<p>La variedad de textos escritos pasa por modalidades como la carta,
el correo electrónico, el libro, el cuento, la novela, la noticia,
el contrato, las actas, la crónica, el reportaje y muchos más. </p>
<imagen src="LE_06_02_CO_IMG16_small.jpg">
<p>La comunicación escrita activa otros procesos mentales esenciales,
por ejemplo: la lógica, el análisis, la lectura comprensiva, la interpretación
textual… Además, incrementa nuestro vocabulario, incentiva la imaginación,
fortalece la ortografía y muchos más.</p>
</imagen>
<practica>
<enlace
destino="/LoIdRedirect.aspx?LoId=LE_06_02_CO_Recurso330&amp;IdRecurso=RES-B49C14571D14447E8E23C2C37966C580"
>La práctica de la comunicación escrita</enlace>
</practica></seccion2Texto></seccion2><seccion2
id="S2_LE_06_02_CO_C4F960CCE4604DBBBD0A7774D576E1A4">
<seccion2Titulo>Consolidación</seccion2Titulo>
<seccion2Texto>
<p>Actividad para consolidar lo que has aprendido en esta sección. </p>
<practica>
<enlace
destino="/LoIdRedirect.aspx?LoId=LE_06_02_CO_Recurso350&amp;IdRecurso=RES-A6ABB2F876964C489C056A754B701016"
>Refuerza tu aprendizaje: La comunicación </enlace>
</practica></seccion2Texto></seccion2></seccion1Texto></seccion1>
<seccion1 id="S1_LE_06_02_CO_C5413BDC41C24530A76D8042924DFD1C">
<seccion1Titulo>Competencias</seccion1Titulo>
<seccion1Texto>
<p>Pon a prueba tus habilidades y afianza tus competencias con estas
actividades. </p>
<practica>
<enlace
destino="/LoIdRedirect.aspx?LoId=LE_06_02_CO_Recurso360&amp;IdRecurso=RES-890882C3CC34426299D21C077A8E6022"
>Las diferencias entre los géneros literarios</enlace>
<enlace
destino="/LoIdRedirect.aspx?LoId=LE_06_02_CO_Recurso370&amp;IdRecurso=RES-F913AFAA89D5475B91B9D3B7A6AC631C"
>La organización de un noticiero</enlace>
<enlace
destino="/LoIdRedirect.aspx?LoId=LE_06_02_CO_Recurso380&amp;IdRecurso=RES-CD5C90681802464FA732647B137D518F"
>Reconoce partes de un texto informativo</enlace>
<enlace
destino="/LoIdRedirect.aspx?LoId=LE_06_02_CO_Recurso390&amp;IdRecurso=RES-068C6AB8253E4D129425A24309E71F16"
>Proyecto: El proceso de escritura con un plan textual</enlace>
</practica></seccion1Texto></seccion1><masinformacion
id="MI_LE_06_02_CO_129FA19CC94B4C7FB08245F515F4B82B"><mapaconceptual>
<enlace
destino="/LoIdRedirect.aspx?LoId=LE_06_02_CO_Recurso410&amp;IdRecurso=RES-E3F301190A0C440EBFC435DBCB4215C8"
>Mapa Conceptual del tema Los géneros literarios</enlace>
</mapaconceptual><autoevaluate><enlace
destino="/LoIdRedirect.aspx?LoId=LE_06_02_CO_Recurso420&amp;IdRecurso=RES-3C264DA61EB64EF597785AB2EE3F4536"
>Evalúa tus conocimientos sobre el tema Los géneros literarios</enlace>
</autoevaluate><enlacesreferencia>
<enlace
destino="http://www.eltiempo.com/carrusel/un-androide-hiperrealista-la-nueva-recepcionista-de-unos-grandes-almacenes-en-tokio/15600017"
>En este diario podrás consultar noticias de interés tecnológico.</enlace>
<enlace
destino="http://www.razon.com.mx/spip.php?page=columnista&amp;id_article=192083"
>En este sitio de la revista <cursiva>La razón de México</cursiva
> podrás observar diferencias entre la noticia escrita y la gráfica.</enlace>
<enlace
destino="http://www.elpais.com.co/elpais/cultura/noticias/profesor-cambia-sonidos-guerra-toribio-por-notas-paz"
>Aquí podrás revisar cómo abordar una noticia de manera diferente
e impactante.</enlace>
<enlace
destino="http://www.eltiempo.com/colombia/otras-ciudades/amistad-entre-guillermo-davila-y-gabriel-garcia-marquez/15594875"
>Es una forma interesante de abordar los temas relacionados con los
géneros informativos.</enlace>
<enlace destino="http://www.eltiempo.com/archivo/documento/CMS-10191058"
>Aquí podrás observar la forma en que se puede estructurar la información
al momento de escribir.</enlace>
<enlace
destino="http://www.eltiempo.com/bocas/revista-bocas-edicion-40/15590077"
>Revista que presenta diversos ejemplos del manejo de la información.</enlace>
<enlace
destino="http://revistas.javeriana.edu.co/index.php/signoypensamiento/article/viewFile/3681/3365"
>En esta revista encontrarás información valiosa para abordar el periodismo
y cómo construirlo en la cotidianidad. </enlace>
<enlace
destino="http://www.profesorenlinea.cl/castellano/generonarrativoMC.html"
>Este enlace te servirá para condensar tus saberes sobre el género
narrativo.</enlace>
<enlace destino="https://www.youtube.com/watch?v=8qt1oHOsC28">En este
video podrás observar el uso personalizado que alguien hace del lenguaje
y sus características particulares.</enlace>
<enlace destino="https://www.youtube.com/watch?v=s6rKDL1CvhM">En este
audio se escucha a Antonio Comas, más conocido como el Indio Duarte,
declamador argentino y excelente ejemplo del impacto de la comunicación
oral.</enlace>
<enlace
destino="http://www.lacasadelahistoria.com/mayo-6-naufragios-en-el-mar-mediterraneo/"
>En esta página descubrirás excelentes ejemplos de oralidad y escritura,
complementados con recursos multimedia.</enlace>
<enlace
destino="http://www.fnpi.org/fileadmin/documentos/imagenes/Maestros/Textos_de_los_maestros/elmejor.pdf"
>En esta página podrás consultar escritos de Gabriel García Márquez
y otros autores.</enlace>
</enlacesreferencia></masinformacion></libro>
