﻿<?xml version="1.0" encoding="utf-8"?><motor tipo="101" clase="a" aprid="m101a">
  <plataforma>
    <grado>2</grado>
    <titulo>Refuerza tu aprendizaje: Identifica textos literarios</titulo>
    <volumen/>
    <nivel><![CDATA[1]]></nivel>
    <referencia/>
    <motor/>
    <lang>es</lang>
  </plataforma>
  <enunciado><![CDATA[Realiza las siguientes actividades. Cuando termines, haz clic en enviar. Si es necesario, puedes entregarle las respuestas a tu docente, a mano o por e-mail, para que pueda evaluarlas.]]></enunciado>
  <masinfo inicio="0"/>
  <calc><![CDATA[0]]></calc>
  <preguntas cantidad="3">
    <pregunta>
      <enunciado><![CDATA[Lee el siguiente fragmento. Según como está escrito, identifica a qué género literario pertenece. Argumenta tu respuesta. Luego determina cuántos personajes aparecen en él.]]></enunciado>
      <explicacion/>
      <nivel><![CDATA[2]]></nivel>
      <tipo/>
      <imagen/>
      <ampliacion/>
      <texto><![CDATA[—¡Oh, le ruego que me perdone! —gritó Alicia apresuradamente, temiendo haber herido los sentimientos del pobre animal—. Olvidé que a usted no le gustan los gatos.—¡No me gustan los gatos! —exclamó el Ratón en voz aguda y apasionada—. ¿Te gustarían a ti los gatos si tú fueses yo?—Bueno, puede que no —dijo Alicia en tono conciliador—. No se enfade por esto. Y, sin embargo, me gustaría poder enseñarle a nuestra gata Dina. Bastaría que usted la viera para que empezaran a gustarle los gatos. Es tan bonita y tan suave —siguió Alicia, hablando casi para sí misma, mientras nadaba perezosa por el charco.Lewis Carroll. {{cur}}Alicia en el país de las maravillas{{normal}}. ]]></texto>
    </pregunta>
    <pregunta>
      <enunciado><![CDATA[Lee el siguiente fragmento y contesta: ¿a qué género literario corresponde? ¿Qué tipo de acotaciones pondrías respecto a la actitud y las acciones de los personajes? ]]></enunciado>
      <explicacion/>
      <nivel><![CDATA[2]]></nivel>
      <tipo/>
      <imagen/>
      <ampliacion/>
      <texto><![CDATA[HAMLET —¡Oh, Dios!LA SOMBRA —Venga su muerte: venga un homicidio cruel y atroz.HAMLET —¿Homicidio?LA SOMBRA —Sí, homicidio cruel, como todos lo son; pero el más cruel y el más injusto y el más aleve.HAMLET —Refiéremelo presto, para que con alas veloces, como la fantasía, o con la prontitud de los pensamientos amorosos, me precipite a la venganza.William Shakespeare. {{cur}}Hamlet{{normal}}.]]></texto>
    </pregunta>
    <pregunta>
      <enunciado><![CDATA[Lee el siguiente fragmento y contesta: ¿a qué género literario corresponde? ¿Qué tipo de elementos te hacen pensar en un género en específico? Luego, reescríbelo en forma de obra teatral. ]]></enunciado>
      <explicacion/>
      <nivel><![CDATA[2]]></nivel>
      <tipo/>
      <imagen/>
      <ampliacion/>
      <texto><![CDATA[Me levanté temprano y anduve descalza.Por los corredores: bajé a los jardines.Y besé las plantas.Absorbí los vahos limpios de la tierra,tirada en la grama;me bañé en la fuente que verdes achirascircundan. Más tarde, mojados de aguapeiné mis cabellos. Perfumé las manoscon zumo oloroso de diamelas. Garzasquisquillosas, finas,de mi falda hurtaron doradas migajas.Luego puse traje de clarín más leveque la misma gasa.Alfonsina Storni. {{cur}}Sábado{{normal}}.]]></texto>
    </pregunta>
  </preguntas>
</motor>