﻿<?xml version="1.0" encoding="utf-8"?><motor tipo="101" clase="a" aprid="m101a">
  <plataforma>
    <grado>2</grado>
    <titulo>Refuerza tu aprendizaje: El género narrativo</titulo>
    <volumen/>
    <nivel><![CDATA[1]]></nivel>
    <referencia/>
    <motor/>
    <lang>es</lang>
  </plataforma>
  <enunciado><![CDATA[Realiza las siguientes actividades. Cuando termines, haz clic en enviar. Si es necesario, puedes entregarle las respuestas a tu docente, a mano o por e-mail, para que pueda evaluarlas.]]></enunciado>
  <masinfo inicio="0"/>
  <calc><![CDATA[0]]></calc>
  <preguntas cantidad="2">
    <pregunta>
      <enunciado><![CDATA[Utiliza las palabras "sierpe", "almohada", "carta", "tornamesa" y "alcaraván" dentro de un cuento breve de tu inspiración.]]></enunciado>
      <explicacion/>
      <nivel><![CDATA[2]]></nivel>
      <tipo/>
      <imagen/>
      <ampliacion/>
      <texto/>
    </pregunta>
    <pregunta>
      <enunciado><![CDATA[Lee el siguiente fragmento e identifica los elementos del género narrativo que se encuentran presentes. Explica a partir de qué información inferiste esos elementos. ]]></enunciado>
      <explicacion/>
      <nivel><![CDATA[1]]></nivel>
      <tipo/>
      <imagen/>
      <ampliacion/>
      <texto><![CDATA[–Así estaban las cosas. Me daba pena, pero no podía hacer nada al respecto, porque siempre tropezaba con dos ideas fijas: su locura por América del Sur y el hecho de que no le gustaba París. La primera idea la sacó de un libro, y supongo que la segunda provenía también de algún libro.–Bien –le dije–, tengo que subir a enviar unos cables.–¿De veras?–Sí, tengo que mandar unos cables.–¿Te importa si subo y me quedo por ahí en tu despacho?–No, sube.Ernest Hemingway, {{cur}}Fiesta{{normal}}.]]></texto>
    </pregunta>
  </preguntas>
</motor>