﻿<?xml version="1.0" encoding="utf-8"?><motor tipo="12" clase="a" aprid="m12a"><plataforma><grado><![CDATA[2]]></grado><titulo>La organización colonial en América</titulo><area>0</area><nivel>2</nivel><referencia /><idreg><![CDATA[0]]></idreg><motor><![CDATA[M12A]]></motor><lang>es</lang></plataforma><enunciado><![CDATA[Ordena jerárquicamente a los integrantes de la sociedad colonial en América.]]></enunciado><masinfo inicio="0" /><calc><![CDATA[0]]></calc><orden ini="Cima" fi="Base" /><elementos><elemento contestacion="Virreyes. De origen español. Representantes de la Corona." orden="1" /><elemento contestacion="Encomenderos y representantes de la Iglesia. Españoles." orden="2" /><elemento contestacion="Hijos de españoles nacidos en América. Cargos medios." orden="3" /><elemento contestacion="Personas de origen mestizo." orden="4" /><elemento contestacion="Indígenas. Estuvieron a cargo de los encomenderos." orden="5" /><elemento contestacion="Esclavos africanos. Trabajaron en minas y haciendas." orden="6" /></elementos></motor>