﻿<?xml version="1.0" encoding="utf-8"?>
<motor tipo="10" clase="a" aprid="m10a">
  <plataforma>
    <grado><![CDATA[1]]></grado>
    <titulo>Refuerza tu aprendizaje: Diferencia las oraciones reflexivas de las recíprocas</titulo>
    <area>0</area>
    <nivel>2</nivel>
    <referencia />
    <idreg><![CDATA[0]]></idreg>
    <motor><![CDATA[M10A]]></motor>
    <lang>es</lang>
  </plataforma>
  <enunciado><![CDATA[Selecciona los criterios o complementos que puedes usar para diferenciar las oraciones reflexivas de las oraciones recíprocas.]]></enunciado>
  <masinfo inicio="0" />
  <sinaleatoriedad><![CDATA[0]]></sinaleatoriedad>
  <calc><![CDATA[0]]></calc>
  <textoacategoria cantidad="2">
    <cuestion>
      <categoria><![CDATA[Oraciones reflexivas]]></categoria>
      <respuestas>
        <respuesta id="1"><![CDATA[Singular o plural]]></respuesta>
        <respuesta id="2"><![CDATA[A sí misma]]></respuesta>
        <respuesta id="3"><![CDATA[Pronombre reflexivo]]></respuesta>
        <respuesta id="4"><![CDATA[Verbo reflexivo]]></respuesta>
      </respuestas>
      <sonido />
    </cuestion>
    <cuestion>
      <categoria><![CDATA[Oraciones recíprocas]]></categoria>
      <respuestas>
        <respuesta id="1"><![CDATA[Solo plural]]></respuesta>
        <respuesta id="2"><![CDATA[Mutuamente]]></respuesta>
        <respuesta id="3"><![CDATA[Verbo recíproco]]></respuesta>
        <respuesta id="4"><![CDATA[Entre ellos]]></respuesta>
      </respuestas>
      <sonido />
    </cuestion>
  </textoacategoria>
</motor>