<?xml version='1.0' encoding='UTF-8'?><engine copy="Editorial Planeta" version="1" aprid="f13b" title="Proyecto: el proceso de escritura con un plan textual" mode="buttons">
<section title="1. Introducción" type="P">
	<slide layout="2" imagePath="">
<![CDATA[
<p><span style="font-size:25px"><span style="font-family:verdana,geneva,sans-serif">&iquest;Alguna vez te han encomendado escribir un texto y has sentido que tienes tantas ideas que&nbsp;no las puedes organizar claramente en un texto, o al contrario no sabes qu&eacute;&nbsp;escribir? A trav&eacute;s de las siguientes fases te probar&aacute;s a t&iacute;&nbsp;mismo que puedes realizar un escrito sobre un tema espec&iacute;fico siguiendo un sencillo plan textual.</span></span></p>
	]]>	</slide>
</section>
<section title="2. Tarea" type="P">
	<slide layout="0" imagePath="le_06_02_rec390_img01.jpg">
<![CDATA[
<p><span style="font-family:verdana,geneva,sans-serif"><span style="font-size:25px">Realiza&nbsp;un escrito sobre lo que para t&iacute;&nbsp;es la literatura y los g&eacute;neros literarios, siguiendo el&nbsp;plan textual que te presentamos a continuaci&oacute;n.</span></span></p>
	]]>	</slide>
</section>
<section title="3. Proceso" type="P">
	<slide layout="2" imagePath="">
<![CDATA[
<p><span style="font-size:20px">Copia el siguiente formato y completa la informaci&oacute;n para ayudarte a realizar tu escrito.</span></p>

<table border="1" cellpadding="0" cellspacing="0">
	<tbody>
		<tr>
			<td style="width:139px">
			<p><span style="font-family:verdana,geneva,sans-serif"><span style="font-size:20px"><strong>Selecci&oacute;n de tema</strong></span></span></p>
			</td>
			<td colspan="2" style="width:417px">
			<p><span style="font-family:verdana,geneva,sans-serif"><span style="font-size:20px">La literatura y los g&eacute;neros literarios</span></span></p>
			</td>
		</tr>
		<tr>
			<td style="width:139px">
			<p><span style="font-family:verdana,geneva,sans-serif"><span style="font-size:20px"><strong>Selecci&oacute;n de aspectos a tratar</strong></span></span></p>
			</td>
			<td colspan="2" style="width:417px">
			<ul>
				<li><span style="font-family:verdana,geneva,sans-serif"><span style="font-size:20px">Caracter&iacute;sticas.<span style="color:#FF0000"> (Escribe dos m&aacute;s)</span></span></span></li>
				<li>&nbsp;</li>
				<li>&nbsp;</li>
			</ul>
			</td>
		</tr>
		<tr>
			<td style="width:139px">
			<p><span style="font-family:verdana,geneva,sans-serif"><span style="font-size:20px"><strong>Extensi&oacute;n del documento</strong></span></span></p>
			</td>
			<td colspan="2" style="width:417px">
			<p><span style="font-family:verdana,geneva,sans-serif"><span style="font-size:20px">1 cuartilla</span></span></p>
			</td>
		</tr>
		<tr>
			<td colspan="3" style="width:556px">
			<p><span style="font-family:verdana,geneva,sans-serif"><span style="font-size:20px"><strong>PLAN TEXTUAL</strong></span></span></p>
			</td>
		</tr>
		<tr>
			<td style="width:139px">
			<p>&nbsp;</p>

			<p><span style="font-family:verdana,geneva,sans-serif"><span style="font-size:20px"><strong>Introducci&oacute;n</strong></span></span></p>
			</td>
			<td style="width:142px">
			<p><span style="font-family:verdana,geneva,sans-serif"><span style="font-size:20px">Aqu&iacute; especificar&aacute;s el objetivo de tu escrito y presentar&aacute;s brevemente el tema.&nbsp;</span></span></p>
			</td>
			<td style="width:275px">
			<p><span style="font-family:verdana,geneva,sans-serif"><span style="font-size:20px"><span style="color:#FF0000">(Escribe un p&aacute;rrafo de ocho l&iacute;neas)</span></span></span></p>
			</td>
		</tr>
		<tr>
			<td style="width:139px">
			<p><span style="font-family:verdana,geneva,sans-serif"><span style="font-size:20px"><strong>S&iacute;ntesis </strong></span></span></p>
			</td>
			<td style="width:142px">
			<p><span style="font-family:verdana,geneva,sans-serif"><span style="font-size:20px">Aqu&iacute; podr&aacute;s exponer los aspectos que consideraste para escribir este texto.</span></span></p>
			</td>
			<td style="width:275px">
			<p><span style="font-family:verdana,geneva,sans-serif"><span style="font-size:20px"><span style="color:#FF0000">(Ten en cuenta que abordar&aacute;s los aspectos que escribiste anteriormente)</span></span></span></p>
			</td>
		</tr>
		<tr>
			<td style="width:139px">
			<p><span style="font-family:verdana,geneva,sans-serif"><span style="font-size:20px"><strong>Conclusi&oacute;n</strong></span></span></p>
			</td>
			<td style="width:142px">
			<p><span style="font-family:verdana,geneva,sans-serif"><span style="font-size:20px">En esta parte escribir&aacute;s un p&aacute;rrafo en el cu&aacute;l terminar&aacute;s tu escrito.&nbsp;</span></span></p>
			</td>
			<td style="width:275px">
			<p><span style="font-family:verdana,geneva,sans-serif"><span style="font-size:20px"><span style="color:#FF0000">(Escribe un p&aacute;rrafo de ocho l&iacute;neas)</span></span></span></p>
			</td>
		</tr>
	</tbody>
</table>
	]]>	</slide>
</section>
<section title="4. Recursos" type="P">
	<slide layout="1" imagePath="le_06_02_rec390_img02.jpg">
<![CDATA[
<p><span style="font-family:verdana,geneva,sans-serif"><span style="font-size:20px">Recuerda que para realizar un buen escrito debes tener la informaci&oacute;n apropiada.</span></span></p>

<p><span style="font-family:verdana,geneva,sans-serif"><span style="font-size:20px">En el siguiente recuadro podr&aacute;s escribir las fuentes de informaci&oacute;n que utilizaste o consultaste en tu redacci&oacute;n. Esto quiere decir que debes hacer un listado de los libros, art&iacute;culos o p&aacute;ginas web que tuviste en cuenta para preparar tu escrito personal.</span></span></p>

<table border="1" cellpadding="0" cellspacing="0">
	<tbody>
		<tr>
			<td style="width:599px">
			<p style="text-align: center;"><span style="font-size:20px"><strong>Referencias</strong></span></p>
			</td>
		</tr>
		<tr>
			<td style="width:599px">
			<p>&nbsp;</p>
			</td>
		</tr>
		<tr>
			<td style="width:599px">
			<p>&nbsp;</p>
			</td>
		</tr>
		<tr>
			<td style="width:599px">
			<p>&nbsp;</p>
			</td>
		</tr>
		<tr>
			<td style="width:599px">
			<p>&nbsp;</p>
			</td>
		</tr>
	</tbody>
</table>

<p>&nbsp;</p>
	]]>	</slide>
</section>
</engine>