﻿<?xml version="1.0" encoding="utf-8"?><engine copy="Editorial Planeta" version="1" aprid="f13" title="Investiga sobre Federico García Lorca" >
<section title="Introducción" path="LE_10_05_REC240_IMG05n.jpg" pathAmp="LE_10_05_REC240_IMG05a.jpg" image1Text="&lt;p&gt;Federico Garc&amp;iacute;a Lorca, por Gregorio Prieto.&lt;/p&gt; " zoom1="true" zoom2a="false" zoom2b="false" layout="0" >
<![CDATA[
<p><span style="font-size:18px"><span style="font-family:verdana,geneva,sans-serif">En esta actividad te proponemos que investigues y profundices sobre la vida y la obra de <strong>Federico Garc&iacute;a Lorca</strong>, quiz&aacute; el autor m&aacute;s importante de la literatura espa&ntilde;ola del Modernismo a las vanguardias.</span></span></p>

<p><span style="font-size:18px"><span style="font-family:verdana,geneva,sans-serif">Miembro destacado de la <strong>generaci&oacute;n del 27</strong>, muri&oacute; en Granada fusilado por las falanges&nbsp;franquistas al&nbsp;inicio de la <strong>Guerra Civil</strong>, acusado de homosexualismo, socialismo y masoner&iacute;a en un juicio que a&uacute;n hoy no se acaba de aclarar. La situaci&oacute;n pol&iacute;tica espa&ntilde;ola en el verano de 1936 era insostenible y las manifestaciones de <strong>violencia</strong> e <strong>intolerancia </strong>se hac&iacute;an bastante frecuentes, tanto as&iacute;, que antes del estallido de la guerra, los embajadores de Colombia y M&eacute;xico, temiendo que Lorca pudiera ser victima de un atentado, le ofrecieron el exilio en sus pa&iacute;ses, pero el poeta rechaz&oacute; las ofertas y se dirigi&oacute; a su casa en Granada para reunirse con sus familiares.</span></span></p>

<p><span style="font-size:18px"><span style="font-family:verdana,geneva,sans-serif">El asesinato de Lorca, el exilio de Luis Cernuda o Jorge Guill&eacute;n son&nbsp;unos pocos casos que evidencian la represi&oacute;n a la <strong>intelectualidad</strong> y la consecuente decadencia de la <strong>cultura</strong> y la <strong>ciencia</strong> durante el franquismo. El impacto de la muerte del poeta granadino se hizo sentir, y al respecto es diciente el estremecedor poema &ldquo;El crimen fue en Granada&rdquo; escrito por Antonio Machado en 1937.</span></span></p>

<p><span style="font-size:18px"><span style="font-family:verdana,geneva,sans-serif">Pues bien, haciendo uso de tu <strong>capacidad investigativa</strong>, ahora deber&aacute;s preparar un documento en el que examines la figura de Garc&iacute;a Lorca a partir de dos frentes, a saber, su <strong>vida</strong> y su <strong>obra</strong>, ambas fascinantes.&nbsp;</span></span></p>
]]></section>
<section title="Tarea" path="Lorca2.jpg" pathAmp="Lorca2.jpg" image1Text="&lt;p&gt;Garc&amp;iacute;a Lorca (izq.)&amp;nbsp;en el estreno de&amp;nbsp;&lt;em&gt;Do&amp;ntilde;a Rosita la soltera o el lenguaje de las flores&lt;/em&gt;&amp;nbsp;(1935)&amp;nbsp;en el Teatro Principal Palace de Barcelona.&lt;/p&gt; " zoom1="true" zoom2a="false" zoom2b="false" layout="0" >
<![CDATA[<p><span style="font-size:18px"><span style="font-family:verdana,geneva,sans-serif">Para la realizaci&oacute;n de tu&nbsp;escrito divide su estructura en dos partes; por un lado los contenidos que se refieren a la vida del poeta, y por el otro, el comentario de los fragmentos que se encuentran en la casilla <strong>Lecturas</strong>. Ten en cuenta los siguientes aspectos para cada una de las secciones:</span></span></p>

<p><span style="font-size:18px"><span style="font-family:verdana,geneva,sans-serif">1. <strong>Vida</strong></span></span></p>

<p><span style="font-size:18px"><span style="font-family:verdana,geneva,sans-serif">Puedes obtener informaci&oacute;n sobre la vida de Garc&iacute;a Lorca de diferentes fuentes, pero el texto que realices debe por lo menos dar respuesta a las siguientes preguntas:</span></span></p>

<ul>
	<li><span style="font-size:18px"><span style="font-family:verdana,geneva,sans-serif">En 1919 Lorca se traslada de su Granada natal para estudiar Derecho y Filosof&iacute;a y letras. &iquest;A qu&eacute; ciudad era habitual ir a estudiar en la Espa&ntilde;a de entonces? &iquest;D&oacute;nde se aloj&oacute; el joven Federico?</span></span></li>
	<li><span style="font-size:18px"><span style="font-family:verdana,geneva,sans-serif">En 1929 realiz&oacute; un viaje que lo marc&oacute; para siempre. &iquest;A d&oacute;nde fue? &iquest;Cu&aacute;les fueron esas experiencias que lo tocaron tanto?</span></span></li>
	<li><span style="font-size:18px"><span style="font-family:verdana,geneva,sans-serif">En 1932 fund&oacute; <em>La Barraca</em>. &iquest;Qu&eacute; era? &iquest;Cu&aacute;l es su importancia?</span></span></li>
	<li><span style="font-size:18px"><span style="font-family:verdana,geneva,sans-serif">&iquest;Qu&eacute; lugares de Latinoam&eacute;rica visit&oacute; Lorca? &iquest;Qu&eacute; impresi&oacute;n tuvo de ellos?</span></span></li>
</ul>

<p><span style="font-size:18px"><span style="font-family:verdana,geneva,sans-serif">Te sugerimos&nbsp;visitar la p&aacute;gina del autor en el sitio web de la Biblioteca Virtual Miguel de Cervantes <a href="http://www.cervantesvirtual.com/bib/bib_autor/garcialorca/" target="_blank">[VER]</a> y el siguiente enlace del Instituto Cervantes <a href="http://cvc.cervantes.es/literatura/lorca_america/default.htm" target="_blank">[VER]</a>. Asimismo, es importante&nbsp;que consultes el material disponible en alguna biblioteca local o universitaria.</span></span></p>

<p><span style="font-size:18px"><span style="font-family:verdana,geneva,sans-serif">2. <strong>Obra</strong></span></span></p>

<p><span style="font-size:18px"><span style="font-family:verdana,geneva,sans-serif">En la casilla <strong>Lecturas</strong> encontrar&aacute;s fragmentos de&nbsp;obras representativas del poeta. Deber&aacute;s hacer un an&aacute;lisis interpretativo&nbsp;de ellos, para lo cual te presentamos a continuaci&oacute;n una serie de preguntas que te podr&iacute;an orientar. Es recomendable, a su vez, que en la medida de lo posible consultes aparte las obras completas. &iexcl;Seguro que no te arrepentir&aacute;s, pues no tienen desperdicio!</span></span></p>

<ul>
	<li><span style="font-size:18px"><span style="font-family:verdana,geneva,sans-serif"><em>La casada infiel. Romancero gitano</em> (1928)</span></span></li>
</ul>

<p style="margin-left:40px"><span style="font-size:18px"><span style="font-family:verdana,geneva,sans-serif">- &iquest;A qui&eacute;n pertenece la voz po&eacute;tica?</span></span></p>

<p style="margin-left:40px"><span style="font-size:18px"><span style="font-family:verdana,geneva,sans-serif">- &iquest;C&oacute;mo es el estilo?</span></span></p>

<p style="margin-left:40px"><span style="font-size:18px"><span style="font-family:verdana,geneva,sans-serif">- &iquest;Qu&eacute; recursos literarios son los m&aacute;s utilizados?</span></span></p>

<ul>
	<li><em>Ciudad&nbsp;sin&nbsp;sue&ntilde;o&nbsp;(nocturno&nbsp;del&nbsp;Brooklyn&nbsp;Bridge). Poeta en Nueva York</em><span style="font-family:verdana,geneva,sans-serif">&nbsp;(1929)</span></li>
</ul>

<p style="margin-left:40px">- &iquest;De qu&eacute; movimiento vanguardista es propio este estilo?</p>

<p style="margin-left:40px">- &iquest;Qu&eacute; tipo de versos son?</p>

<ul>
	<li><span style="font-size:18px"><span style="font-family:verdana,geneva,sans-serif"><em>Bodas de sangre</em>&nbsp;(1933) (fragmento)</span></span></li>
</ul>

<p style="margin-left:40px"><span style="font-size:18px"><span style="font-family:verdana,geneva,sans-serif">- &iquest;A qu&eacute; g&eacute;nero literario pertenece la obra?</span></span></p>

<p style="margin-left:40px"><span style="font-size:18px"><span style="font-family:verdana,geneva,sans-serif">- &iquest;Por qu&eacute; se utiliza el verso?</span></span></p>

<ul>
	<li><span style="font-size:18px"><span style="font-family:verdana,geneva,sans-serif"><em>La casa de Bernarda Alba </em>(1936) (fragmento)</span></span></li>
</ul>

<p style="margin-left:40px"><span style="font-size:18px"><span style="font-family:verdana,geneva,sans-serif">- &iquest;Cu&aacute;l es el lenguaje de los personajes que aparecen en el fragmento?</span></span></p>

<p style="margin-left:40px"><span style="font-size:18px"><span style="font-family:verdana,geneva,sans-serif">- &iquest;Qu&eacute; tipo de ambiente se percibe?</span></span></p>

<p style="margin-left:40px"><span style="font-size:18px"><span style="font-family:verdana,geneva,sans-serif">- &iquest;Por qu&eacute; dice Bernarda que en la iglesia solo se debe mirar al oficiante?</span></span></p>
]]></section>
<section title="Lecturas" path="Lorca3_1.jpg" pathAmp="LE_10_05_REC240_IMG03a.jpg" image1Text="&lt;p&gt;&lt;span style=&quot;font-size:18px&quot;&gt;&lt;span style=&quot;font-family:verdana,geneva,sans-serif&quot;&gt;Escena de&amp;nbsp;&lt;em&gt;La casa de Bernarda Alba&lt;/em&gt;&amp;nbsp;por la compa&amp;ntilde;&amp;iacute;a Teatro Tribue&amp;ntilde;e en un&amp;nbsp;festival en&amp;nbsp;Gran Canaria (Espa&amp;ntilde;a).&lt;/span&gt;&lt;/span&gt;&lt;/p&gt; " zoom1="true" zoom2a="false" zoom2b="false" layout="0" >
<![CDATA[

<p><span style="font-size:18px"><span style="font-family:verdana,geneva,sans-serif"><strong>La casada infiel</strong></span></span></p>

<p><span style="font-size:18px"><span style="font-family:verdana,geneva,sans-serif">Aquella noche corr&iacute;&nbsp;<br />
el mejor de los caminos,&nbsp;<br />
montado en potra de n&aacute;car&nbsp;<br />
sin bridas y sin estribos.&nbsp;<br />
No quiero decir, por hombre,&nbsp;<br />
las cosas que ella me dijo.&nbsp;<br />
La luz del entendimiento&nbsp;<br />
me hace ser muy comedido.&nbsp;<br />
Sucia de besos y arena&nbsp;<br />
yo me la llev&eacute; del r&iacute;o.&nbsp;<br />
Con el aire se bat&iacute;an&nbsp;<br />
las espadas de los lirios.&nbsp;<br />
<br />
Me port&eacute; como quien soy.&nbsp;<br />
Como un gitano leg&iacute;timo.&nbsp;<br />
Le regal&eacute; un costurero&nbsp;<br />
grande de raso pajizo,&nbsp;<br />
y no quise enamorarme&nbsp;<br />
porque teniendo marido&nbsp;<br />
me dijo que era mozuela&nbsp;<br />
cuando la llevaba al r&iacute;o.</span></span></p>

<p style="text-align: right;"><span style="font-size:18px"><span style="font-family:verdana,geneva,sans-serif"><em>La casada infiel. Romancero gitano</em> (1928) (fragmento)</span></span></p>

<p><span style="font-size:18px"><span style="font-family:verdana,geneva,sans-serif">&nbsp; &nbsp; &nbsp; &nbsp; &nbsp; &nbsp;&nbsp;</span></span></p>

<p><span style="font-size:18px"><span style="font-family:verdana,geneva,sans-serif"><strong>Ciudad&nbsp;sin&nbsp;sue&ntilde;o&nbsp;(nocturno&nbsp;del&nbsp;Brooklyn&nbsp;Bridge)</strong></span></span></p>

<p><span style="font-size:18px"><span style="font-family:verdana,geneva,sans-serif">No duerme nadie por el cielo. Nadie, nadie.&nbsp;<br />
No duerme nadie.&nbsp;<br />
Las criaturas de la luna huelen y rondan sus caba&ntilde;as.&nbsp;<br />
Vendr&aacute;n las iguanas vivas a morder a los hombres que no sue&ntilde;an&nbsp;<br />
y el que huye con el coraz&oacute;n roto encontrar&aacute; por las esquinas&nbsp;<br />
al incre&iacute;ble cocodrilo quieto bajo la tierna protesta de los astros.</span></span></p>

<p style="text-align: right;"><span style="font-size:18px"><span style="font-family:verdana,geneva,sans-serif"><em>Ciudad&nbsp;sin&nbsp;sue&ntilde;o&nbsp;(nocturno&nbsp;del&nbsp;Brooklyn&nbsp;Bridge). Poeta en Nueva York</em> (1929) (fragmento)</span></span></p>

<p><span style="font-size:18px"><span style="font-family:verdana,geneva,sans-serif">&nbsp; &nbsp; &nbsp; &nbsp; &nbsp;&nbsp;</span></span></p>

<p><span style="font-size:18px"><span style="font-family:verdana,geneva,sans-serif"><strong>Bodas de sangre</strong></span></span></p>

<p><span style="font-size:18px"><span style="font-family:verdana,geneva,sans-serif"><em>(Toda esta escena es violenta, llena de gran sensualidad.)</em><br />
<br />
NOVIA: &iquest;Oyes?</span></span></p>

<p><span style="font-size:18px"><span style="font-family:verdana,geneva,sans-serif">LEONARDO: Viene gente.</span></span></p>

<p><span style="font-size:18px"><span style="font-family:verdana,geneva,sans-serif">NOVIA:&iexcl;Huye!<br />
Es justo que yo aqu&iacute; muera<br />
con los pies dentro del agua,<br />
espinas en la cabeza.<br />
Y que me lloren las hojas.<br />
mujer perdida y doncella.</span></span></p>

<p><span style="font-size:18px"><span style="font-family:verdana,geneva,sans-serif">LEONARDO: C&aacute;llate. Ya suben.</span></span></p>

<p><span style="font-size:18px"><span style="font-family:verdana,geneva,sans-serif">NOVIA: &iexcl;Vete!&nbsp;</span></span></p>

<p><span style="font-size:18px"><span style="font-family:verdana,geneva,sans-serif">LEONARDO:&nbsp;Silencio. Que no nos sientan.<br />
T&uacute; delante. &iexcl;Vamos, digo!</span></span></p>

<p style="text-align: right;"><span style="font-size:18px"><span style="font-family:verdana,geneva,sans-serif"><em>Bodas de sangre</em> (1933) (fragmento)</span></span></p>

<p><span style="font-size:18px"><span style="font-family:verdana,geneva,sans-serif">&nbsp; &nbsp; &nbsp; &nbsp; &nbsp; &nbsp; &nbsp; &nbsp; &nbsp; &nbsp; &nbsp;&nbsp;</span></span></p>

<p><span style="font-size:18px"><span style="font-family:verdana,geneva,sans-serif"><strong>La casa de Bernarda Alba</strong></span></span></p>

<p><span style="font-size:18px"><span style="font-family:verdana,geneva,sans-serif">BERNARDA: Quien s&iacute; estaba era el viudo de Darajal&iacute;. Muy cerca de tu t&iacute;a. A &eacute;se lo vimos todas.</span></span></p>

<p><span style="font-size:18px"><span style="font-family:verdana,geneva,sans-serif">MUJER 2: (<em>Aparte y en baja voz</em>) &iexcl;Mala, m&aacute;s que mala!</span></span></p>

<p><span style="font-size:18px"><span style="font-family:verdana,geneva,sans-serif">MUJER 3: (<em>Aparte y en baja voz</em>) &iexcl;Lengua de cuchillo!</span></span></p>

<p><span style="font-size:18px"><span style="font-family:verdana,geneva,sans-serif">BERNARDA: Las mujeres en la iglesia no deben mirar m&aacute;s hombre que al oficiante, y a &eacute;se porque tiene faldas. Volver la cabeza es buscar el calor de la pana.</span></span></p>

<p><span style="font-size:18px"><span style="font-family:verdana,geneva,sans-serif">MUJER 1: (<em>En voz baja</em>) &iexcl;Vieja lagarta recocida!</span></span></p>

<p><span style="font-size:18px"><span style="font-family:verdana,geneva,sans-serif">LA PONCIA: (<em>Entre dientes</em>) &iexcl;Sarmentosa por calentura de var&oacute;n!</span></span></p>

<p><span style="font-size:18px"><span style="font-family:verdana,geneva,sans-serif">BERNARDA: (<em>Dando un golpe de bast&oacute;n en el suelo</em>) &iexcl;Alabado sea Dios!</span></span></p>

<p><span style="font-size:18px"><span style="font-family:verdana,geneva,sans-serif">TODAS: (<em>Santigu&aacute;ndose</em>) Sea por siempre bendito y alabado.</span></span></p>

<p style="text-align: right;"><span style="font-size:18px"><span style="font-family:verdana,geneva,sans-serif"><em>La casa de Bernarda Alba </em>(1936) (fragmento)</span></span></p>
]]></section>
<section title="Conclusión" path="Lorca4_1.jpg" pathAmp="Lorca4_21.jpg" image1Text="&lt;p&gt;Aut&amp;oacute;grafo de una dedicatoria de Garc&amp;iacute;a Lorca al escritor Ignacio Agust&amp;iacute; en un ejemplar de la primera edici&amp;oacute;n del&amp;nbsp;&lt;em&gt;Romance de la Luna, Luna&lt;/em&gt;, 1928.&lt;/p&gt; " zoom1="true" zoom2a="false" zoom2b="false" layout="0" >
<![CDATA[
<p><span style="font-size:18px"><span style="font-family:verdana,geneva,sans-serif">Una vez hayas terminado la redacci&oacute;n de tu escrito, cerci&oacute;rate de que cumple los prop&oacute;sitos de la actividad a partir de estos criterios:</span></span></p>

<ul>
	<li><span style="font-size:18px"><span style="font-family:verdana,geneva,sans-serif">Al igual que para la realizaci&oacute;n de una monograf&iacute;a, tu escrito exige una labor investigativa, por lo tanto debe ser manifiesta la consulta bibliogr&aacute;fica y las fuentes deben citarse correctamente.</span></span></li>
	<li><span style="font-size:18px"><span style="font-family:verdana,geneva,sans-serif">El texto debe estructurarse en dos partes diferenciadas (una sobre la vida y otra sobre la obra) y no debe dejar ideas sueltas ni cuestiones sin resolver en ninguna de ellas, dando satisfacci&oacute;n a todas las exigencias que se han solicitado.</span></span></li>
	<li><span style="font-size:18px"><span style="font-family:verdana,geneva,sans-serif">El escrito debe exponer con claridad los contenidos. Haciendo uso de un registro formal, debe respetar los lineamientos de la coherencia y la cohesi&oacute;n, as&iacute; como presentar un lenguaje adecuado, sin faltas ortogr&aacute;ficas ni de puntuaci&oacute;n.&nbsp;</span></span></li>
</ul>
]]></section>
</engine>