﻿<?xml version="1.0" encoding="utf-8"?><motor tipo="4" clase="a" aprid="m4a"><plataforma><grado><![CDATA[2]]></grado><titulo>Afianza tus conocimientos relacionados con los recursos fónicos</titulo><area>0</area><nivel>2</nivel><referencia /><idreg><![CDATA[0]]></idreg><motor><![CDATA[M4A]]></motor><lang>es</lang></plataforma><enunciado><![CDATA[Responde las preguntas sobre los recursos fónicos.]]></enunciado><masinfo inicio="0" /><sinaleatoriedad><![CDATA[1]]></sinaleatoriedad><calc><![CDATA[0]]></calc><respuestaunica><![CDATA[1]]></respuestaunica><test cantidad="4"><cuestion><enunciado><![CDATA[Cuando se utilizan recursos fónicos, ¿con qué parte de las palabras juega el autor?]]></enunciado><explicacion><![CDATA[Cuando el autor juega con el sonido de las palabras con el fin de generar una determinada sensación en el interlocutor, se dice que está utilizando recursos fónicos. ]]></explicacion><imagen /><respuestas><respuesta contestacion="Sonido" correcta="1" /><respuesta contestacion="Forma" correcta="0" /><respuesta contestacion="Gramática" correcta="0" /><respuesta contestacion="Ortografía" correcta="0" /><respuesta contestacion="Mayúsculas" correcta="0" /></respuestas></cuestion><cuestion><enunciado><![CDATA[¿Qué se repite en la aliteración?]]></enunciado><explicacion /><imagen /><respuestas><respuesta contestacion="La primera y última palabra." correcta="0" /><respuesta contestacion="Las palabras de la mitad del texto." correcta="0" /><respuesta contestacion="Sonidos similares en dos o más palabras." correcta="1" /><respuesta contestacion="No se repiten palabras." correcta="0" /></respuestas></cuestion><cuestion><enunciado><![CDATA[¿Cuál de las siguientes palabras es una onomatopeya?]]></enunciado><explicacion><![CDATA[Es la repetición de uno o más sonidos que imitan los sonidos de la vida cotidiana o de la naturaleza.]]></explicacion><imagen /><respuestas><respuesta contestacion="Pelota " correcta="0" /><respuesta contestacion="Rocío" correcta="0" /><respuesta contestacion="Picnic" correcta="0" /><respuesta contestacion="Boing" correcta="1" /><respuesta contestacion="Pedestal" correcta="0" /></respuestas></cuestion><cuestion><enunciado><![CDATA[¿Cuál de las siguientes frases contiene una paronomasia?]]></enunciado><explicacion><![CDATA[Es el uso de palabras con sonidos semejantes pero significados diferentes. Con este recurso el autor llama la atención sobre la forma de las palabras.]]></explicacion><imagen /><respuestas><respuesta contestacion="Caminante camina el camino largo." correcta="0" /><respuesta contestacion="Del dicho al hecho hay mucho trecho." correcta="1" /><respuesta contestacion="Las canas tristes de mi viejo abuelo." correcta="0" /></respuestas></cuestion></test><temps></temps></motor>