﻿<?xml version="1.0" encoding="utf-8"?><engine copy="Editorial Planeta" version="1" aprid="f1">
<css><![CDATA[.secundaria {
font-family: verdana;
font-size: 25px;
}
.texto {
font-family: verdana;
font-size: 20px;}

.boton_sombra {
font-family: verdana;
font-size: 16px;
font-weight: bold;
}
.caja_gris {
background-color:grey;}

.caja_arena {
background-color:#E9E2D0;}

.destacar {
font-family: verdana;
font-size: 20px;
font-weight: bold;
}

.modal { background-color:#fff; }]]></css>
<pantallas>
<pantalla id="pantalla_5">
<event id='onPrepare' language='DO'><![CDATA[]]></event>
<event id='onShown' language='DO'><![CDATA[]]></event>
<components>
<component _type='_compSimpleText' id='texto_11' x='145' y='20' width='659' height='123' alpha='1' visible='1' enabled='1' cssClass='defaultSimpleText' alignMode='17' >
<content><![CDATA[Góngora y Quevedo]]></content>
</component>
<component _type='_compImageButton' id='imagebutton_60' x='152' y='130' width='252' height='332' alpha='1' visible='1' enabled='1' group='-1' adjustMode='1' alignMode='0' image='data/imagenes/screenshot_1.png'><event id='onClick' language='DO'><![CDATA[uiobject_set(rootSlider,"current",1)]]></event>
</component>
<component _type='_compImageButton' id='imagebutton_61' x='531' y='130' width='254' height='329' alpha='1' visible='1' enabled='1' group='-1' adjustMode='1' alignMode='0' image='data/imagenes/screenshot_2.png'><event id='onClick' language='DO'><![CDATA[uiobject_set(rootSlider,"current",10)]]></event>
</component>
<component _type='_compRichText' id='texto_62' x='155' y='454' width='245' height='67' alpha='1' visible='1' enabled='1' scrollable='0' >
<content><![CDATA[<p style="text-align: center;"><span style="font-size:22px"><span style="font-family:verdana,geneva,sans-serif">G&oacute;ngora</span></span></p>
]]></content>
</component>
<component _type='_compRichText' id='texto_63' x='535' y='454' width='245' height='67' alpha='1' visible='1' enabled='1' scrollable='0' >
<content><![CDATA[<p style="text-align:center"><span style="font-size:22px"><span style="font-family:verdana,geneva,sans-serif">Quevedo</span></span></p>
]]></content>
</component>
<component _type='_compImage' id='image_64' x='342' y='537' width='266' height='36' alpha='1' visible='1' enabled='1' cssClass='' adjustMode='1' alignMode='0' image='data/imagenes/screenshot_3.png' />
</components>
<animaciones>
</animaciones>
</pantalla>
<pantalla id="pantalla_13">
<event id='onPrepare' language='DO'><![CDATA[]]></event>
<event id='onShown' language='DO'><![CDATA[]]></event>
<components>
<component _type='_compIconButton' id='iconbutton_105' x='94' y='542' width='37' height='37' alpha='1' visible='1' enabled='1' cssClass='' group='-1'><event id='onClick' language='DO'><![CDATA[]]></event>
</component>
<component _type='_compIconButton' id='iconbutton_106' x='46' y='542' width='37' height='37' alpha='1' visible='1' enabled='1' cssClass='' group='-1'><event id='onClick' language='DO'><![CDATA[]]></event>
</component>
<component _type='_compIconButton' id='iconbutton_68' x='40' y='542' width='37' height='37' alpha='1' visible='1' enabled='1' cssClass='iconHomeButton' group='-1'><event id='onClick' language='DO'><![CDATA[uiobject_set(rootSlider,"current",0)]]></event>
</component>
<component _type='_compIconButton' id='iconbutton_66' x='140' y='542' width='37' height='37' alpha='1' visible='1' enabled='1' cssClass='iconNextButton' group='-1'><event id='onClick' language='DO'><![CDATA[uiobject_set(rootSlider,"current",2)]]></event>
</component>
<component _type='_compRichText' id='texto_101' x='98' y='18' width='388' height='89' alpha='1' visible='1' enabled='1' scrollable='0' >
<content><![CDATA[<p><span style="font-size:25px"><span style="font-family:verdana,geneva,sans-serif">Luis de G&oacute;ngora y Argote</span></span></p>
]]></content>
</component>
<component _type='_compImage' id='image_65' x='318' y='101' width='0' height='0' alpha='1' visible='1' enabled='1' cssClass='' adjustMode='1' alignMode='0' image='data/imagenes/screenshot_4.png' />
</components>
<animaciones>
</animaciones>
</pantalla>
<pantalla id="pantalla_23">
<event id='onPrepare' language='DO'><![CDATA[]]></event>
<event id='onShown' language='DO'><![CDATA[]]></event>
<components>
<component _type='_compIconButton' id='iconbutton_66' x='140' y='542' width='37' height='37' alpha='1' visible='1' enabled='1' cssClass='iconNextButton' group='-1'><event id='onClick' language='DO'><![CDATA[uiobject_set(rootSlider,"current",3)]]></event>
</component>
<component _type='_compIconButton' id='iconbutton_67' x='90' y='542' width='37' height='37' alpha='1' visible='1' enabled='1' cssClass='iconPrevButton' group='-1'><event id='onClick' language='DO'><![CDATA[uiobject_set(rootSlider,"current",1)]]></event>
</component>
<component _type='_compIconButton' id='iconbutton_68' x='40' y='542' width='37' height='37' alpha='1' visible='1' enabled='1' cssClass='iconHomeButton' group='-1'><event id='onClick' language='DO'><![CDATA[uiobject_set(rootSlider,"current",0)]]></event>
</component>
<component _type='_compRichText' id='texto_66' x='88' y='124' width='776' height='392' alpha='1' visible='1' enabled='1' scrollable='0' >
<content><![CDATA[<p><span style="font-size:22px"><span style="font-family:verdana,geneva,sans-serif">Luis de G&oacute;ngora (1561-1627), natural de C&oacute;rdoba y descendiente de familia noble, es uno de los poetas m&aacute;s conocidos del Siglo de Oro.</span></span><br />
&nbsp;</p>

<p><span style="font-size:22px"><span style="font-family:verdana,geneva,sans-serif">Su obra se caracteriza por presentar gran complejidad, hecho que despert&oacute; una constante disputa entre el autor y sus detractores, entre ellos Lope de Vega y Francisco de Quevedo.</span></span><br />
&nbsp;</p>

<p><span style="font-size:22px"><span style="font-family:verdana,geneva,sans-serif">&iquest;Por qu&eacute; se origin&oacute; esta pol&eacute;mica?</span></span></p>
]]></content>
</component>
</components>
<animaciones>
</animaciones>
</pantalla>
<pantalla id="pantalla_29">
<event id='onPrepare' language='DO'><![CDATA[]]></event>
<event id='onShown' language='DO'><![CDATA[]]></event>
<components>
<component _type='_compIconButton' id='iconbutton_66' x='140' y='542' width='37' height='37' alpha='1' visible='1' enabled='1' cssClass='iconNextButton' group='-1'><event id='onClick' language='DO'><![CDATA[uiobject_set(rootSlider,"current",4)]]></event>
</component>
<component _type='_compIconButton' id='iconbutton_67' x='90' y='542' width='37' height='37' alpha='1' visible='1' enabled='1' cssClass='iconPrevButton' group='-1'><event id='onClick' language='DO'><![CDATA[uiobject_set(rootSlider,"current",2)]]></event>
</component>
<component _type='_compIconButton' id='iconbutton_68' x='40' y='542' width='37' height='37' alpha='1' visible='1' enabled='1' cssClass='iconHomeButton' group='-1'><event id='onClick' language='DO'><![CDATA[uiobject_set(rootSlider,"current",0)]]></event>
</component>
<component _type='_compRichText' id='texto_101' x='98' y='18' width='762' height='196' alpha='1' visible='1' enabled='1' scrollable='0' >
<content><![CDATA[<p><span style="font-size:25px"><span style="font-family:verdana,geneva,sans-serif">En este soneto Lope de Vega ataca la forma de escribir de G&oacute;ngora y a sus defensores. Intenta&nbsp;descifrar a qu&eacute; se debe la pol&eacute;mica.</span></span></p>
]]></content>
</component>
<component _type='_compImage' id='image_67' x='56' y='143' width='0' height='0' alpha='1' visible='1' enabled='1' cssClass='' adjustMode='1' alignMode='0' image='data/imagenes/screenshot_5.png' />
</components>
<animaciones>
</animaciones>
</pantalla>
<pantalla id="pantalla_38">
<event id='onPrepare' language='DO'><![CDATA[]]></event>
<event id='onShown' language='DO'><![CDATA[]]></event>
<components>
<component _type='_compIconButton' id='iconbutton_66' x='140' y='542' width='37' height='37' alpha='1' visible='1' enabled='1' cssClass='iconNextButton' group='-1'><event id='onClick' language='DO'><![CDATA[uiobject_set(rootSlider,"current",5)]]></event>
</component>
<component _type='_compIconButton' id='iconbutton_67' x='90' y='542' width='37' height='37' alpha='1' visible='1' enabled='1' cssClass='iconPrevButton' group='-1'><event id='onClick' language='DO'><![CDATA[uiobject_set(rootSlider,"current",3)]]></event>
</component>
<component _type='_compIconButton' id='iconbutton_68' x='40' y='542' width='37' height='37' alpha='1' visible='1' enabled='1' cssClass='iconHomeButton' group='-1'><event id='onClick' language='DO'><![CDATA[uiobject_set(rootSlider,"current",0)]]></event>
</component>
<component _type='_compRichText' id='texto_101' x='98' y='18' width='847' height='266' alpha='1' visible='1' enabled='1' scrollable='0' >
<content><![CDATA[<p><span style="font-size:25px"><span style="font-family:verdana,geneva,sans-serif">Ahora observa&nbsp;este soneto de G&oacute;ngora:<br />
&iquest;C&oacute;mo es el lenguaje que aparece?&nbsp;<br />
&iquest;Hay partes m&aacute;s dif&iacute;ciles de comprender?&nbsp;<br />
&iquest;En qu&eacute; partes se emplea un lenguaje sencillo y en cu&aacute;les un lenguaje rebuscado?&nbsp;</span></span></p>
]]></content>
</component>
<component _type='_compImage' id='image_68' x='82' y='236' width='0' height='0' alpha='1' visible='1' enabled='1' cssClass='' adjustMode='1' alignMode='0' image='data/imagenes/screenshot_6.png' />
<component _type='_compIconButton' id='iconbutton_76' x='190' y='542' width='37' height='37' alpha='1' visible='1' enabled='1' cssClass='iconInfoButton' group='-1'><event id='onClick' language='DO'><![CDATA[popup_open("pantalla_69")]]></event>
</component>
</components>
<animaciones>
<anim id='Entrada'><![CDATA[{}]]></anim>
</animaciones>
</pantalla>
<pantalla id="pantalla_43">
<event id='onPrepare' language='DO'><![CDATA[]]></event>
<event id='onShown' language='DO'><![CDATA[]]></event>
<components>
<component _type='_compRichText' id='texto_101' x='79' y='71' width='636' height='540' alpha='1' visible='1' enabled='1' scrollable='0' >
<content><![CDATA[<p><span style="font-size:22px"><span style="font-family:verdana,geneva,sans-serif">En este poema hay dos tipos de lenguaje:</span></span><br />
<br />
<span style="font-size:22px"><span style="font-family:verdana,geneva,sans-serif">&bull; Sencillo y armonioso &rarr; lengua cl&aacute;sica hablada&nbsp;<br />
por dos autores del renacimiento:&nbsp;<br />
Bosc&aacute;n y Garcilaso.&nbsp;</span></span><br />
&nbsp;</p>

<p><span style="font-size:22px"><span style="font-family:verdana,geneva,sans-serif">&bull; Complejo y rebuscado &rarr; lenguaje culterano.</span></span></p>

<p><br />
<span style="font-size:22px"><span style="font-family:verdana,geneva,sans-serif">&iquest;Qu&eacute; es el <strong>culteranismo</strong>?</span></span></p>

<p><span style="font-size:22px"><span style="font-family:verdana,geneva,sans-serif">Estilo caracterizado por prestar especial atenci&oacute;n&nbsp;<br />
a la <strong>forma </strong>del poema, usando un<strong> lenguaje rico</strong> en&nbsp;<br />
met&aacute;foras, con una sintaxis compleja y con la presencia de cultismos.&nbsp;<br />
Su m&aacute;ximo representante es G&oacute;ngora.</span></span></p>
]]></content>
</component>
<component _type='_compImage' id='image_77' x='677' y='69' width='0' height='0' alpha='1' visible='1' enabled='1' cssClass='' adjustMode='1' alignMode='0' image='data/imagenes/screenshot_8.png' />
<component _type='_compIconButton' id='iconbutton_68' x='40' y='542' width='37' height='37' alpha='1' visible='1' enabled='1' cssClass='iconHomeButton' group='-1'><event id='onClick' language='DO'><![CDATA[uiobject_set(rootSlider,"current",0)]]></event>
</component>
<component _type='_compIconButton' id='iconbutton_66' x='140' y='542' width='37' height='37' alpha='1' visible='1' enabled='1' cssClass='iconNextButton' group='-1'><event id='onClick' language='DO'><![CDATA[uiobject_set(rootSlider,"current",6)]]></event>
</component>
<component _type='_compIconButton' id='iconbutton_67' x='92' y='542' width='37' height='37' alpha='1' visible='1' enabled='1' cssClass='iconPrevButton' group='-1'><event id='onClick' language='DO'><![CDATA[uiobject_set(rootSlider,"current",4)]]></event>
</component>
</components>
<animaciones>
</animaciones>
</pantalla>
<pantalla id="pantalla_49">
<event id='onPrepare' language='DO'><![CDATA[]]></event>
<event id='onShown' language='DO'><![CDATA[]]></event>
<components>
<component _type='_compIconButton' id='iconbutton_66' x='140' y='542' width='37' height='37' alpha='1' visible='1' enabled='1' cssClass='iconNextButton' group='-1'><event id='onClick' language='DO'><![CDATA[uiobject_set(rootSlider,"current",7)]]></event>
</component>
<component _type='_compIconButton' id='iconbutton_67' x='90' y='542' width='37' height='37' alpha='1' visible='1' enabled='1' cssClass='iconPrevButton' group='-1'><event id='onClick' language='DO'><![CDATA[uiobject_set(rootSlider,"current",5)]]></event>
</component>
<component _type='_compIconButton' id='iconbutton_68' x='40' y='542' width='37' height='37' alpha='1' visible='1' enabled='1' cssClass='iconHomeButton' group='-1'><event id='onClick' language='DO'><![CDATA[uiobject_set(rootSlider,"current",0)]]></event>
</component>
<component _type='_compRichText' id='texto_101' x='86' y='71' width='847' height='438' alpha='1' visible='1' enabled='1' scrollable='0' >
<content><![CDATA[<p><span style="font-family:verdana,geneva,sans-serif"><span style="font-size:22px">Las tres caracter&iacute;sticas del estilo culterano son:</span></span><br />
<br />
<br />
&nbsp;</p>

<ul>
	<li><span style="font-family:verdana,geneva,sans-serif"><span style="font-size:22px">Lenguaje rico en met&aacute;foras.<br />
	<span style="font-size:22px">Sustituci&oacute;n de un t&eacute;rmino real por una imagen equivalente.</span></span></span><br />
	&nbsp;</li>
	<li><span style="font-family:verdana,geneva,sans-serif"><span style="font-size:22px">Sintaxis compleja.<br />
	<span style="font-size:22px">Alteraci&oacute;n del orden sint&aacute;ctico l&oacute;gico (hip&eacute;rbaton).</span></span></span><br />
	&nbsp;</li>
	<li><span style="font-family:verdana,geneva,sans-serif"><span style="font-size:22px">Presencia de muchos cultismos adem&aacute;s de incluir gran variedad&nbsp;de figuras ret&oacute;ricas. Empleo de palabras que proceden directamente&nbsp;del lat&iacute;n y que eran lejanas al modo de hablar del pueblo.&nbsp;</span></span></li>
</ul>
]]></content>
</component>
<component _type='_compIconButton' id='iconbutton_76' x='190' y='542' width='37' height='37' alpha='1' visible='1' enabled='1' cssClass='iconInfoButton' group='-1'><event id='onClick' language='DO'><![CDATA[popup_open("pantalla_78")]]></event>
</component>
</components>
<animaciones>
</animaciones>
</pantalla>
<pantalla id="pantalla_54">
<event id='onPrepare' language='DO'><![CDATA[]]></event>
<event id='onShown' language='DO'><![CDATA[]]></event>
<components>
<component _type='_compIconButton' id='iconbutton_67' x='90' y='542' width='37' height='37' alpha='1' visible='1' enabled='1' cssClass='iconPrevButton' group='-1'><event id='onClick' language='DO'><![CDATA[uiobject_set(rootSlider,"current",6)]]></event>
</component>
<component _type='_compIconButton' id='iconbutton_68' x='40' y='542' width='37' height='37' alpha='1' visible='1' enabled='1' cssClass='iconHomeButton' group='-1'><event id='onClick' language='DO'><![CDATA[uiobject_set(rootSlider,"current",0)]]></event>
</component>
<component _type='_compRichText' id='texto_101' x='95' y='46' width='818' height='129' alpha='1' visible='1' enabled='1' scrollable='0' >
<content><![CDATA[<p><span style="font-size:22px"><span style="font-family:verdana,geneva,sans-serif">No toda la obra de G&oacute;ngora es defensora del culteranismo ni se enfrenta a otros estilos, sino que hay que considerar que:</span></span></p>
]]></content>
</component>
<component _type='_compImage' id='image_83' x='690' y='134' width='0' height='0' alpha='1' visible='1' enabled='1' cssClass='' adjustMode='1' alignMode='0' image='data/imagenes/screenshot_10.png' />
<component _type='_compRoundButton' id='roundbutton_82' x='786' y='548' width='132' height='30' alpha='1' visible='1' enabled='1' cssClass='roundTextButton' group='-1'>
<content><![CDATA[PRACTICA]]></content>
<event id='onClick' language='DO'><![CDATA[uiobject_set(rootSlider,"current", 8)]]></event>
</component>
<component _type='_compRichText' id='texto_76' x='95' y='56' width='578' height='545' alpha='1' visible='1' enabled='1' scrollable='0' >
<content><![CDATA[<p><br />
<br />
<br />
<br />
&nbsp;</p>

<ul>
	<li><span style="font-size:22px"><span style="font-family:verdana,geneva,sans-serif">El estilo culterano de G&oacute;ngora tambi&eacute;n&nbsp;presenta caracter&iacute;sticas comunes&nbsp;al conceptismo de Quevedo o al de Graci&aacute;n.</span></span><br />
	&nbsp;</li>
	<li><span style="font-size:22px"><span style="font-family:verdana,geneva,sans-serif">La obra de G&oacute;ngora puede dividirse en:&nbsp;</span></span><br />
	&nbsp;</li>
	<li><span style="font-size:22px"><span style="font-family:verdana,geneva,sans-serif">Obras eruditas y propiamente culteranas: los&nbsp;sonetos, la<em> F&aacute;bula de Polifemo</em> <em>y</em> <em>Galatea</em>&nbsp;recogido en <em>Obras</em> (1627) y <em>Las soledades</em> (1613).</span></span><br />
	&nbsp;</li>
	<li><span style="font-size:22px"><span style="font-family:verdana,geneva,sans-serif">Obras de car&aacute;cter popular: los romances y letrillas.</span></span></li>
</ul>

<p>&nbsp;</p>
]]></content>
</component>
</components>
<animaciones>
</animaciones>
</pantalla>
<pantalla id="pantalla_61">
<event id='onPrepare' language='DO'><![CDATA[]]></event>
<event id='onShown' language='DO'><![CDATA[]]></event>
<components>
<component _type='_compIconButton' id='iconbutton_67' x='865' y='47' width='37' height='37' alpha='1' visible='1' enabled='1' cssClass='iconCloseButton' group='-1'><event id='onClick' language='DO'><![CDATA[uiobject_set(rootSlider,"current",7)]]></event>
</component>
<component _type='_compRoundButton' id='roundbutton_82' x='786' y='548' width='132' height='30' alpha='1' visible='1' enabled='1' cssClass='roundTextButton' group='-1'>
<content><![CDATA[SOLUCIÓN]]></content>
<event id='onClick' language='DO'><![CDATA[uiobject_set(rootSlider,"current", 9)]]></event>
</component>
<component _type='_compRichText' id='texto_91' x='100' y='21' width='769' height='138' alpha='1' visible='1' enabled='1' scrollable='0' >
<content><![CDATA[<p><span style="font-size:22px"><span style="font-family:verdana,geneva,sans-serif">El siguiente texto est&aacute; extra&iacute;do de un poema que G&oacute;ngora escribi&oacute; en 1581. L&eacute;elo&nbsp;e indica&nbsp;si se trata de una obra erudita o popular.&nbsp;<br />
Justifica tu&nbsp;respuesta.</span></span></p>
]]></content>
</component>
<component _type='_compImage' id='image_94' x='257' y='133' width='0' height='0' alpha='1' visible='1' enabled='1' cssClass='' adjustMode='1' alignMode='0' image='data/imagenes/screenshot_11.png' />
</components>
<animaciones>
</animaciones>
</pantalla>
<pantalla id="pantalla_65">
<event id='onPrepare' language='DO'><![CDATA[]]></event>
<event id='onShown' language='DO'><![CDATA[]]></event>
<components>
<component _type='_compIconButton' id='iconbutton_67' x='90' y='542' width='37' height='37' alpha='1' visible='1' enabled='1' cssClass='iconPrevButton' group='-1'><event id='onClick' language='DO'><![CDATA[uiobject_set(rootSlider,"current",8)]]></event>
</component>
<component _type='_compRichText' id='texto_101' x='100' y='20' width='371' height='89' alpha='1' visible='1' enabled='1' scrollable='0' >
<content><![CDATA[<p><span style="font-size:22px"><span style="font-family:verdana,geneva,sans-serif">Obra popular: <span style="color:#3366ff"><strong>letrilla sat&iacute;rica</strong></span></span></span></p>
]]></content>
</component>
<component _type='_compImage' id='image_95' x='243' y='76' width='0' height='0' alpha='1' visible='1' enabled='1' cssClass='' adjustMode='1' alignMode='0' image='data/imagenes/screenshot_12.png' />
<component _type='_compIconButton' id='iconbutton_96' x='865' y='47' width='37' height='37' alpha='1' visible='1' enabled='1' cssClass='iconCloseButton' group='-1'><event id='onClick' language='DO'><![CDATA[uiobject_set(rootSlider,"current",7)]]></event>
</component>
</components>
<animaciones>
</animaciones>
</pantalla>
<pantalla id="pantalla_69">
<event id='onPrepare' language='DO'><![CDATA[]]></event>
<event id='onShown' language='DO'><![CDATA[]]></event>
<components>
<component _type='_compIconButton' id='iconbutton_66' x='140' y='542' width='37' height='37' alpha='1' visible='1' enabled='1' cssClass='iconNextButton' group='-1'><event id='onClick' language='DO'><![CDATA[uiobject_set(rootSlider,"current",11)]]></event>
</component>
<component _type='_compIconButton' id='iconbutton_68' x='40' y='542' width='37' height='37' alpha='1' visible='1' enabled='1' cssClass='iconHomeButton' group='-1'><event id='onClick' language='DO'><![CDATA[uiobject_set(rootSlider,"current",0)]]></event>
</component>
<component _type='_compRichText' id='texto_101' x='98' y='19' width='480' height='89' alpha='1' visible='1' enabled='1' scrollable='0' >
<content><![CDATA[<p><span style="font-size:25px"><span style="font-family:verdana,geneva,sans-serif">Francisco de Quevedo y Villegas</span></span></p>
]]></content>
</component>
<component _type='_compImage' id='image_97' x='323' y='100' width='0' height='0' alpha='1' visible='1' enabled='1' cssClass='' adjustMode='1' alignMode='0' image='data/imagenes/screenshot_13.png' />
</components>
<animaciones>
</animaciones>
</pantalla>
<pantalla id="pantalla_74">
<event id='onPrepare' language='DO'><![CDATA[]]></event>
<event id='onShown' language='DO'><![CDATA[]]></event>
<components>
<component _type='_compIconButton' id='iconbutton_66' x='140' y='542' width='37' height='37' alpha='1' visible='1' enabled='1' cssClass='iconNextButton' group='-1'><event id='onClick' language='DO'><![CDATA[uiobject_set(rootSlider,"current",12)]]></event>
</component>
<component _type='_compIconButton' id='iconbutton_67' x='90' y='542' width='37' height='37' alpha='1' visible='1' enabled='1' cssClass='iconPrevButton' group='-1'><event id='onClick' language='DO'><![CDATA[uiobject_set(rootSlider,"current",10)]]></event>
</component>
<component _type='_compIconButton' id='iconbutton_68' x='40' y='542' width='37' height='37' alpha='1' visible='1' enabled='1' cssClass='iconHomeButton' group='-1'><event id='onClick' language='DO'><![CDATA[uiobject_set(rootSlider,"current",0)]]></event>
</component>
<component _type='_compRichText' id='texto_101' x='88' y='127' width='816' height='329' alpha='1' visible='1' enabled='1' scrollable='0' >
<content><![CDATA[<p><span style="font-size:22px"><span style="font-family:verdana,geneva,sans-serif">Francisco de Quevedo y Villegas (1580-1645), hijo de nobles cercanos a la reina, siempre estuvo muy ligado a la corte, con lo cual su vida estuvo dividida entre la pol&iacute;tica y la literatura.</span></span></p>

<p><span style="font-size:22px"><span style="font-family:verdana,geneva,sans-serif">Vio pasar por el trono real a Felipe II, Felipe III y Felipe IV cuyo servidor, el duque de Olivares, mantuvo una relaci&oacute;n pol&iacute;tica tensa con el autor, relaci&oacute;n que culmin&oacute; con el encarcelamiento de Quevedo, acusado de promover una rebeli&oacute;n entre los nobles.</span></span></p>
]]></content>
</component>
</components>
<animaciones>
</animaciones>
</pantalla>
<pantalla id="pantalla_78">
<event id='onPrepare' language='DO'><![CDATA[]]></event>
<event id='onShown' language='DO'><![CDATA[]]></event>
<components>
<component _type='_compIconButton' id='iconbutton_66' x='140' y='542' width='37' height='37' alpha='1' visible='1' enabled='1' cssClass='iconNextButton' group='-1'><event id='onClick' language='DO'><![CDATA[uiobject_set(rootSlider,"current",13)]]></event>
</component>
<component _type='_compIconButton' id='iconbutton_67' x='90' y='542' width='37' height='37' alpha='1' visible='1' enabled='1' cssClass='iconPrevButton' group='-1'><event id='onClick' language='DO'><![CDATA[uiobject_set(rootSlider,"current",11)]]></event>
</component>
<component _type='_compIconButton' id='iconbutton_68' x='40' y='542' width='37' height='37' alpha='1' visible='1' enabled='1' cssClass='iconHomeButton' group='-1'><event id='onClick' language='DO'><![CDATA[uiobject_set(rootSlider,"current",0)]]></event>
</component>
<component _type='_compImage' id='image_98' x='489' y='91' width='0' height='0' alpha='1' visible='1' enabled='1' cssClass='' adjustMode='1' alignMode='0' image='data/imagenes/screenshot_14.png' />
<component _type='_compRichText' id='texto_99' x='93' y='29' width='766' height='120' alpha='1' visible='1' enabled='1' scrollable='0' >
<content><![CDATA[<p><span style="font-size:22px"><span style="font-family:verdana,geneva,sans-serif">La imagen que se conserva de la personalidad de Quevedo es la de un <em>collage</em> de pensamientos y emociones:</span></span><br />
<br />
&nbsp;</p>

<p>&nbsp;</p>
]]></content>
</component>
<component _type='_compRichText' id='texto_77' x='68' y='152' width='437' height='410' alpha='1' visible='1' enabled='1' scrollable='0' >
<content><![CDATA[<ul>
	<li><span style="font-size:18px"><span style="font-family:verdana,geneva,sans-serif">Hombre ligado a la s&aacute;tira y a la cr&iacute;tica&nbsp;social, cuyas obras est&aacute;n repletas de&nbsp;juegos virtuosos de&nbsp;palabras e im&aacute;genes bufonescas.</span></span><br />
	<br />
	&nbsp;</li>
	<li><span style="font-size:18px"><span style="font-family:verdana,geneva,sans-serif">Hombre reflexivo capaz de elaborar&nbsp;tratados sobre moralidad, pol&iacute;tica&nbsp;o religi&oacute;n.</span></span><br />
	<br />
	&nbsp;</li>
	<li><span style="font-size:18px"><span style="font-family:verdana,geneva,sans-serif">Hombre cuyos sentimientos se&nbsp;ven representados magn&iacute;ficamente&nbsp;por la poes&iacute;a.</span></span></li>
</ul>
]]></content>
</component>
</components>
<animaciones>
</animaciones>
</pantalla>
<pantalla id="pantalla_83">
<event id='onPrepare' language='DO'><![CDATA[]]></event>
<event id='onShown' language='DO'><![CDATA[]]></event>
<components>
<component _type='_compIconButton' id='iconbutton_66' x='140' y='542' width='37' height='37' alpha='1' visible='1' enabled='1' cssClass='iconNextButton' group='-1'><event id='onClick' language='DO'><![CDATA[uiobject_set(rootSlider,"current",14)]]></event>
</component>
<component _type='_compIconButton' id='iconbutton_67' x='90' y='542' width='37' height='37' alpha='1' visible='1' enabled='1' cssClass='iconPrevButton' group='-1'><event id='onClick' language='DO'><![CDATA[uiobject_set(rootSlider,"current",12)]]></event>
</component>
<component _type='_compIconButton' id='iconbutton_68' x='40' y='542' width='37' height='37' alpha='1' visible='1' enabled='1' cssClass='iconHomeButton' group='-1'><event id='onClick' language='DO'><![CDATA[uiobject_set(rootSlider,"current",0)]]></event>
</component>
<component _type='_compRichText' id='texto_101' x='98' y='19' width='847' height='189' alpha='1' visible='1' enabled='1' scrollable='0' >
<content><![CDATA[<p><span style="font-size:25px"><span style="font-family:verdana,geneva,sans-serif">Esta personalidad fragmentada hace posible la cantidad de g&eacute;neros y temas que cultiv&oacute;:</span></span></p>
]]></content>
</component>
<component _type='_compImage' id='image_100' x='53' y='149' width='0' height='0' alpha='1' visible='1' enabled='1' cssClass='' adjustMode='1' alignMode='0' image='data/imagenes/final_texto_2.png' />
</components>
<animaciones>
</animaciones>
</pantalla>
<pantalla id="pantalla_87">
<event id='onPrepare' language='DO'><![CDATA[]]></event>
<event id='onShown' language='DO'><![CDATA[]]></event>
<components>
<component _type='_compIconButton' id='iconbutton_66' x='140' y='542' width='37' height='37' alpha='1' visible='1' enabled='1' cssClass='iconNextButton' group='-1'><event id='onClick' language='DO'><![CDATA[uiobject_set(rootSlider,"current",15)]]></event>
</component>
<component _type='_compIconButton' id='iconbutton_67' x='90' y='542' width='37' height='37' alpha='1' visible='1' enabled='1' cssClass='iconPrevButton' group='-1'><event id='onClick' language='DO'><![CDATA[uiobject_set(rootSlider,"current",13)]]></event>
</component>
<component _type='_compIconButton' id='iconbutton_68' x='40' y='542' width='37' height='37' alpha='1' visible='1' enabled='1' cssClass='iconHomeButton' group='-1'><event id='onClick' language='DO'><![CDATA[uiobject_set(rootSlider,"current",0)]]></event>
</component>
<component _type='_compImage' id='image_101' x='214' y='101' width='0' height='0' alpha='1' visible='1' enabled='1' cssClass='' adjustMode='1' alignMode='0' image='data/imagenes/screenshot_16.png' />
<component _type='_compRichText' id='texto_102' x='98' y='9' width='788' height='164' alpha='1' visible='1' enabled='1' scrollable='0' >
<content><![CDATA[<p><span style="font-size:25px"><span style="font-family:verdana,geneva,sans-serif">Escucha&nbsp;este poema de Quevedo y determina&nbsp;en cu&aacute;l de los cuatro ejes tem&aacute;ticos se podr&iacute;a clasificar.</span></span></p>
]]></content>
</component>
<component _type='_compIconButton' id='iconbutton_103' x='190' y='542' width='37' height='37' alpha='1' visible='1' enabled='1' cssClass='iconInfoButton' group='-1'><event id='onClick' language='DO'><![CDATA[popup_open("pantalla_84")]]></event>
</component>
<component _type='_compIconButton' id='iconbutton_104' x='240' y='542' width='37' height='37' alpha='1' visible='1' enabled='1' cssClass='iconPlayButton' group='-1'><event id='onClick' language='DO'><![CDATA[do (
uiobject_set("pause","visible", true),
uiobject_play("audioclip_105")
)]]></event>
</component>
<component _type='_compAudioClip' id='audioclip_105' x='296' y='543' width='32' height='32' alpha='1' visible='1' enabled='1' audio='data/sonidos/sound_2.mp3' autoplay='0' />
<component _type='_compIconButton' id='pause' x='240' y='542' width='37' height='37' alpha='1' visible='0' enabled='1' cssClass='iconPauseButton' group='-1'><event id='onClick' language='DO'><![CDATA[do (
uiobject_set("pause","visible", false),
uiobject_stop("audioclip_105")
)]]></event>
</component>
</components>
<animaciones>
</animaciones>
</pantalla>
<pantalla id="pantalla_91">
<event id='onPrepare' language='DO'><![CDATA[]]></event>
<event id='onShown' language='DO'><![CDATA[]]></event>
<components>
<component _type='_compIconButton' id='iconbutton_67' x='90' y='542' width='37' height='37' alpha='1' visible='1' enabled='1' cssClass='iconPrevButton' group='-1'><event id='onClick' language='DO'><![CDATA[uiobject_set(rootSlider,"current",14)]]></event>
</component>
<component _type='_compIconButton' id='iconbutton_68' x='40' y='542' width='37' height='37' alpha='1' visible='1' enabled='1' cssClass='iconHomeButton' group='-1'><event id='onClick' language='DO'><![CDATA[uiobject_set(rootSlider,"current",0)]]></event>
</component>
<component _type='_compRichText' id='texto_101' x='98' y='18' width='847' height='166' alpha='1' visible='1' enabled='1' scrollable='0' >
<content><![CDATA[<p><span style="font-size:25px"><span style="font-family:verdana,geneva,sans-serif">La prosa de Quevedo, como su poes&iacute;a, es extensa y dif&iacute;cil de clasificar. Algunas de sus obras son:</span></span></p>
]]></content>
</component>
<component _type='_compRoundButton' id='roundbutton_82' x='786' y='548' width='132' height='30' alpha='1' visible='1' enabled='1' cssClass='roundTextButton' group='-1'>
<content><![CDATA[PRACTICA]]></content>
<event id='onClick' language='DO'><![CDATA[uiobject_set(rootSlider,"current",16)]]></event>
</component>
<component _type='_compImage' id='image_108' x='113' y='129' width='0' height='0' alpha='1' visible='1' enabled='1' cssClass='' adjustMode='1' alignMode='0' image='data/imagenes/screenshot_17.png' />
</components>
<animaciones>
</animaciones>
</pantalla>
<pantalla id="pantalla_112">
<event id='onPrepare' language='DO'><![CDATA[]]></event>
<event id='onShown' language='DO'><![CDATA[]]></event>
<components>
<component _type='_compRichText' id='texto_101' x='99' y='35' width='754' height='531' alpha='1' visible='1' enabled='1' scrollable='0' >
<content><![CDATA[<p><span style="font-size:20px"><span style="font-family:verdana,geneva,sans-serif">Tanto en la poes&iacute;a como en la prosa a Quevedo se le presenta como un autor&nbsp;conceptista.</span></span><br />
&nbsp;</p>

<p><span style="font-size:20px"><span style="font-family:verdana,geneva,sans-serif">&iquest;Qu&eacute; es el <strong>conceptismo</strong>?&nbsp;</span></span></p>

<p><span style="font-size:20px"><span style="font-family:verdana,geneva,sans-serif">Lee&nbsp;estos fragmentos extra&iacute;dos de <em>El Busc&oacute;n</em> y ded&uacute;celo.</span></span></p>

<p><em><span style="font-size:20px"><span style="font-family:verdana,geneva,sans-serif">Estuvo casado con Aldonza de San Pedro (&hellip;); sospech&aacute;base en el pueblo que no era cristiana vieja, aun vi&eacute;ndola con canas y rota.</span></span></em></p>

<p><em><span style="font-size:20px"><span style="font-family:verdana,geneva,sans-serif">Padeci&oacute; grandes trabajos reci&eacute;n casada, y aun despu&eacute;s, porque malas lenguas daban en decir que mi padre met&iacute;a el dos de bastos, para sacar el as de oros. (&hellip;) Sintiolo mucho mi padre, por ser tal, que robaba a todos&hellip; las voluntades.</span></span></em></p>

<p><span style="font-size:20px"><span style="font-family:verdana,geneva,sans-serif"><em>Sentose el licenciado Cabra y ech&oacute; la bendici&oacute;n. Comieron una comida eterna, sin principio ni fin; trujeron caldo en unas escudillas de madera, tan claro, que en comer una dellas peligrara Narciso m&aacute;s que en la fuente</em>.</span></span></p>
]]></content>
</component>
<component _type='_compRoundButton' id='roundbutton_82' x='787' y='548' width='132' height='30' alpha='1' visible='1' enabled='1' cssClass='roundTextButton' group='-1'>
<content><![CDATA[PRACTICA]]></content>
<event id='onClick' language='DO'><![CDATA[uiobject_set(rootSlider,"current",17)]]></event>
</component>
<component _type='_compIconButton' id='iconbutton_67' x='90' y='542' width='37' height='37' alpha='1' visible='1' enabled='1' cssClass='iconPrevButton' group='-1'><event id='onClick' language='DO'><![CDATA[uiobject_set(rootSlider,"current",15)]]></event>
</component>
<component _type='_compIconButton' id='iconbutton_68' x='40' y='542' width='37' height='37' alpha='1' visible='1' enabled='1' cssClass='iconHomeButton' group='-1'><event id='onClick' language='DO'><![CDATA[uiobject_set(rootSlider,"current",0)]]></event>
</component>
<component _type='_compIconButton' id='iconbutton_103' x='190' y='542' width='37' height='37' alpha='1' visible='1' enabled='1' cssClass='iconInfoButton' group='-1'><event id='onClick' language='DO'><![CDATA[popup_open("pantalla_109")]]></event>
</component>
</components>
<animaciones>
</animaciones>
</pantalla>
<pantalla id="pantalla_84">
<event id='onPrepare' language='DO'><![CDATA[]]></event>
<event id='onShown' language='DO'><![CDATA[]]></event>
<components>
<component _type='_compRichText' id='texto_101' x='98' y='18' width='734' height='226' alpha='1' visible='1' enabled='1' scrollable='0' >
<content><![CDATA[<p><span style="font-size:25px"><span style="font-family:verdana,geneva,sans-serif">Lee&nbsp;estos fragmentos extra&iacute;dos de varios poemas de Quevedo y clasif&iacute;calos seg&uacute;n pertenezcan a temas amorosos, metaf&iacute;sicos, sat&iacute;ricos o pol&iacute;ticos.&nbsp;</span></span></p>
]]></content>
</component>
<component _type='_compIconButton' id='iconbutton_67' x='865' y='39' width='37' height='37' alpha='1' visible='1' enabled='1' cssClass='iconCloseButton' group='-1'><event id='onClick' language='DO'><![CDATA[uiobject_set(rootSlider,"current",15)]]></event>
</component>
<component _type='_compImage' id='image_114' x='55' y='185' width='0' height='0' alpha='1' visible='1' enabled='1' cssClass='' adjustMode='1' alignMode='0' image='data/imagenes/screenshot_18.png' />
<component _type='_compRoundButton' id='roundbutton_82' x='787' y='548' width='132' height='30' alpha='1' visible='1' enabled='1' cssClass='roundTextButton' group='-1'>
<content><![CDATA[SOLUCIÓN]]></content>
<event id='onClick' language='DO'><![CDATA[uiobject_set(rootSlider,"current",18)]]></event>
</component>
</components>
<animaciones>
</animaciones>
</pantalla>
<pantalla id="pantalla_115">
<event id='onPrepare' language='DO'><![CDATA[]]></event>
<event id='onShown' language='DO'><![CDATA[]]></event>
<components>
<component _type='_compIconButton' id='iconbutton_88' x='90' y='542' width='37' height='37' alpha='1' visible='1' enabled='1' cssClass='iconPrevButton' group='-1'><event id='onClick' language='DO'><![CDATA[uiobject_set(rootSlider,"current",16)]]></event>
</component>
<component _type='_compImage' id='image_114' x='55' y='185' width='0' height='0' alpha='1' visible='1' enabled='1' cssClass='' adjustMode='1' alignMode='0' image='data/imagenes/screenshot_18.png' />
<component _type='_compIconButton' id='iconbutton_67' x='865' y='39' width='37' height='37' alpha='1' visible='1' enabled='1' cssClass='iconCloseButton' group='-1'><event id='onClick' language='DO'><![CDATA[uiobject_set(rootSlider,"current",15)]]></event>
</component>
<component _type='_compRichText' id='texto_119' x='70' y='128' width='341' height='72' alpha='1' visible='1' enabled='1' scrollable='0' >
<content><![CDATA[<p><span style="font-family:verdana,geneva,sans-serif"><span style="font-size:25px">Metaf&iacute;sicos</span></span></p>
]]></content>
</component>
<component _type='_compRichText' id='texto_120' x='70' y='318' width='341' height='72' alpha='1' visible='1' enabled='1' scrollable='0' >
<content><![CDATA[<p><span style="font-family:verdana,geneva,sans-serif"><span style="font-size:25px">Sat&iacute;ricos</span></span></p>
]]></content>
</component>
<component _type='_compRichText' id='texto_121' x='500' y='128' width='341' height='72' alpha='1' visible='1' enabled='1' scrollable='0' >
<content><![CDATA[<p><span style="font-family:verdana,geneva,sans-serif"><span style="font-size:25px">Amorosos</span></span></p>
]]></content>
</component>
<component _type='_compRichText' id='texto_122' x='500' y='318' width='341' height='72' alpha='1' visible='1' enabled='1' scrollable='0' >
<content><![CDATA[<p><span style="font-family:verdana,geneva,sans-serif"><span style="font-size:25px">Pol&iacute;ticos</span></span></p>
]]></content>
</component>
</components>
<animaciones>
</animaciones>
</pantalla>
</pantallas>
<popups>
<pantalla id="pantalla_69">
<event id='onPrepare' language='DO'><![CDATA[]]></event>
<event id='onShown' language='DO'><![CDATA[]]></event>
<components>
<component _type='_compCSSBox' id='fondo_75' x='81' y='64' width='973' height='595' alpha='1' visible='1' enabled='1' cssClass='modal' />
<component _type='_compImage' id='image_73' x='122' y='211' width='0' height='0' alpha='1' visible='1' enabled='1' cssClass='' adjustMode='1' alignMode='0' image='data/imagenes/screenshot_7.png' />
<component _type='_compRichText' id='texto_74' x='93' y='57' width='776' height='173' alpha='1' visible='1' enabled='1' scrollable='0' >
<content><![CDATA[<ul>
	<li><span style="font-size:22px"><span style="font-family:verdana,geneva,sans-serif">Lenguaje sencillo y armonioso, propio de la poes&iacute;a cl&aacute;sica.</span></span><br />
	&nbsp;</li>
	<li><span style="font-size:22px"><span style="font-family:verdana,geneva,sans-serif">Lenguaje complejo y rebuscado, t&iacute;pico de los autores culteranos.</span></span></li>
</ul>
]]></content>
</component>
<component _type='_compIconButton' id='iconbutton_75' x='866' y='37' width='37' height='37' alpha='1' visible='1' enabled='1' cssClass='iconCloseButton' group='-1'><event id='onClick' language='DO'><![CDATA[popup_close()]]></event>
</component>
</components>
<animaciones>
</animaciones>
</pantalla>
<pantalla id="pantalla_78">
<event id='onPrepare' language='DO'><![CDATA[]]></event>
<event id='onShown' language='DO'><![CDATA[]]></event>
<components>
<component _type='_compCSSBox' id='fondo_75' x='82' y='0' width='972' height='660' alpha='1' visible='1' enabled='1' cssClass='modal' />
<component _type='_compImage' id='image_82' x='87' y='52' width='0' height='0' alpha='1' visible='1' enabled='1' cssClass='' adjustMode='1' alignMode='0' image='data/imagenes/screenshot_9.png' />
<component _type='_compIconButton' id='iconbutton_75' x='866' y='37' width='37' height='37' alpha='1' visible='1' enabled='1' cssClass='iconCloseButton' group='-1'><event id='onClick' language='DO'><![CDATA[popup_close()]]></event>
</component>
</components>
<animaciones>
</animaciones>
</pantalla>
<pantalla id="pantalla_84">
<event id='onPrepare' language='DO'><![CDATA[]]></event>
<event id='onShown' language='DO'><![CDATA[]]></event>
<components>
<component _type='_compCSSBox' id='fondo_75' x='84' y='0' width='970' height='660' alpha='1' visible='1' enabled='1' cssClass='modal' />
<component _type='_compRichText' id='texto_107' x='223' y='86' width='551' height='524' alpha='1' visible='1' enabled='1' scrollable='0' >
<content><![CDATA[<p><em><span style="font-size:20px"><span style="font-family:verdana,geneva,sans-serif">Cerrar podr&aacute; mis ojos la postrera<br />
sombra que me llevare el blanco d&iacute;a,<br />
y podr&aacute; desatar esta alma m&iacute;a<br />
hora a su af&aacute;n ansioso lisonjera;<br />
<br />
mas no, de esotra parte, en la ribera,<br />
dejar&aacute; la memoria, en donde ard&iacute;a:<br />
nadar sabe mi llama la agua fr&iacute;a,<br />
y perder el respeto a ley severa.<br />
<br />
Alma a quien todo un dios prisi&oacute;n ha sido,<br />
venas que humor a tanto fuego han dado,<br />
medulas que han gloriosamente ardido,<br />
<br />
su cuerpo dejar&aacute;, no su cuidado;<br />
ser&aacute;n ceniza, m&aacute;s tendr&aacute; sentido;<br />
polvo ser&aacute;n, mas polvo enamorado.</span></span></em></p>
]]></content>
</component>
<component _type='_compIconButton' id='iconbutton_75' x='866' y='37' width='37' height='37' alpha='1' visible='1' enabled='1' cssClass='iconCloseButton' group='-1'><event id='onClick' language='DO'><![CDATA[popup_close()]]></event>
</component>
</components>
<animaciones>
</animaciones>
</pantalla>
<pantalla id="pantalla_109">
<event id='onPrepare' language='DO'><![CDATA[]]></event>
<event id='onShown' language='DO'><![CDATA[]]></event>
<components>
<component _type='_compCSSBox' id='fondo_75' x='83' y='0' width='971' height='660' alpha='1' visible='1' enabled='1' cssClass='modal' />
<component _type='_compRichText' id='texto_113' x='81' y='137' width='798' height='389' alpha='1' visible='1' enabled='1' scrollable='0' >
<content><![CDATA[<p><span style="font-family:verdana,geneva,sans-serif"><span style="font-size:22px">El conceptismo es &nbsp;un estilo preocupado profundamente por el <strong>contenido </strong>(el concepto), transmitido a partir de <strong>juegos de palabras ingeniosos</strong>, ant&iacute;tesis, paradojas y met&aacute;foras que enriquecen su lenguaje y potencian el objetivo del texto, ya sea este la cr&iacute;tica sagaz o el deseo de transmitir la angustia existencial entre otros.<br />
<br />
Los m&aacute;ximos representantes de este estilo fueron Quevedo y Graci&aacute;n.</span></span></p>
]]></content>
</component>
<component _type='_compIconButton' id='iconbutton_75' x='866' y='37' width='37' height='37' alpha='1' visible='1' enabled='1' cssClass='iconCloseButton' group='-1'><event id='onClick' language='DO'><![CDATA[popup_close()]]></event>
</component>
</components>
<animaciones>
</animaciones>
</pantalla>
</popups>
</engine>