﻿<?xml version="1.0" encoding="utf-8"?><motor tipo="11" clase="a" aprid="M11a">
  <plataforma>
    <grado><![CDATA[2]]></grado>
    <titulo>Resuelve el crucigrama sobre 'x' y 's'</titulo>
    <area>5</area>
    <nivel>2</nivel>
    <referencia><![CDATA[LC_08_05_20]]></referencia>
    <idreg><![CDATA[2459]]></idreg>
    <motor><![CDATA[M11A]]></motor>
    <lang>es</lang>
  </plataforma>
  <enunciado><![CDATA[Completa el siguiente crucigrama con nueve palabras que contengan {{cur}}x{{normal}} y {{cur}}s{{normal}} a partir de las siguientes definiciones. No olvides acentuarlas de forma adecuada.]]></enunciado>
  <masinfo inicio="0"/>
  <calc><![CDATA[0]]></calc>
  <crucigrama>
    <central etiqueta="explorar"><![CDATA[Reconocer un lugar desconocido.]]></central>
    <cruzadas>
      <palabra etiqueta="escarbar" cortePropio="1"><![CDATA[Remover la superficie de la tierra haciendo un hoyo.]]></palabra>
      <palabra etiqueta="sexto" cortePropio="3"><![CDATA[Que sigue en el orden al quinto.]]></palabra>
      <palabra etiqueta="explicación" cortePropio="3"><![CDATA[Exposición de una materia o una idea de forma clara y con ejemplos.]]></palabra>
      <palabra etiqueta="escultura" cortePropio="5"><![CDATA[Arte de tallar el barro, la piedra u otros elementos para que tenga una forma determinada.]]></palabra>
      <palabra etiqueta="escoger" cortePropio="4"><![CDATA[Tomar una cosa o persona entre las posibilidades de un grupo de ellas.]]></palabra>
      <palabra etiqueta="excavar" cortePropio="7"><![CDATA[Hacer hoyos en el suelo, especialmente con profundidad y con ayuda de herramientas.]]></palabra>
      <palabra etiqueta="aproximado" cortePropio="1"><![CDATA[Que se acerca más o menos a lo exacto.]]></palabra>
      <palabra etiqueta="exprimir" cortePropio="4"><![CDATA[Sacarle el zumo o el jugo a una cosa apretándola o retorciéndola.]]></palabra>
    </cruzadas>
  </crucigrama>
</motor>