﻿<?xml version="1.0" encoding="utf-8"?>
<motor tipo="101" clase="a" aprid="m101a">
  <plataforma>
    <grado>2</grado>
    <titulo>Producción textual: explica los elementos de un anuncio publicitario</titulo>
    <volumen />
    <nivel><![CDATA[1]]></nivel>
    <referencia />
    <motor />
    <lang>es</lang>
  </plataforma>
  <enunciado><![CDATA[Responde las siguientes preguntas.]]></enunciado>
  <masinfo inicio="0" />
  <calc><![CDATA[0]]></calc>
  <preguntas cantidad="5">
    <pregunta>
      <enunciado><![CDATA[¿Cuáles son las principales características del anuncio publicitario?]]></enunciado>
      <explicacion />
      <nivel><![CDATA[1]]></nivel>
      <tipo />
      <imagen />
      <ampliacion />
      <texto />
    </pregunta>
    <pregunta>
      <enunciado><![CDATA[¿Qué cambios sufre el anuncio publicitario de acuerdo al medio de comunicación en el que se difunde?]]></enunciado>
      <explicacion />
      <nivel><![CDATA[2]]></nivel>
      <tipo />
      <imagen />
      <ampliacion />
      <texto />
    </pregunta>
    <pregunta>
      <enunciado><![CDATA[¿En qué ha evolucionado la publicidad con la aparición de las nuevas tecnologías para la comunicación?]]></enunciado>
      <explicacion />
      <nivel><![CDATA[2]]></nivel>
      <tipo />
      <imagen />
      <ampliacion />
      <texto />
    </pregunta>
    <pregunta>
      <enunciado><![CDATA[Inventa una marca y crea un anuncio publicitario, que además de ser atractivo, sea convincente e invite a la gente a su consumo.]]></enunciado>
      <explicacion />
      <nivel><![CDATA[3]]></nivel>
      <tipo />
      <imagen />
      <ampliacion />
      <texto />
    </pregunta>
    <pregunta>
      <enunciado><![CDATA[¿De qué manera influyen los anuncios publicitarios en las dinámicas de consumo de la gente?]]></enunciado>
      <explicacion />
      <nivel><![CDATA[3]]></nivel>
      <tipo />
      <imagen />
      <ampliacion />
      <texto />
    </pregunta>
  </preguntas>
</motor>