﻿<?xml version="1.0" encoding="utf-8"?><engine copy="Editorial Planeta" version="1" aprid="f6b"><main layout="2">
<title>Refuerza tu aprendizaje: Antología literaria</title>
</main>
<sections>
<section i="0" star="false" >
<menuImage>
<title><![CDATA[<p><span style="font-size:20px;"><span style="font-family: verdana,geneva,sans-serif;">Eduardo Zalamea Borda, <em>Cuatro a&ntilde;os a bordo de m&iacute; mismo</em></span></span></p>
]]></title>
</menuImage>
<pages>
<page i="0">
<title>Cuatro años a bordo de mí mismo</title>
<description><![CDATA[<p><strong><span style="font-size:20px;"><span style="font-family:verdana,geneva,sans-serif;">Partida. Iniciaci&oacute;n de la l&iacute;nea. Viaje</span></span></strong></p>

<p><span style="font-size:20px;"><span style="font-family:verdana,geneva,sans-serif;">La noche est&aacute; sola. Sola como la luz. Abandonada sobre el mundo, extendida sobre muchas ciudades, muchos campos, bosques, islas, mares, aldeas. En la ciudad la acompa&ntilde;a la otra soledad. La de las lucecitas peque&ntilde;as de las bombillas el&eacute;ctricas, la de los cigarrillos taciturnos dormidos en las manos fatigadas de la madrugada. Las lucecillas del cigarro malo del asesino, que se esconde entre su sombra cuando siente pasos cercanos. Pero aqu&iacute; en Puerto Colombia, est&aacute; m&aacute;s sola que en todos los lugares del mundo. Tres, una, siete, trece estrellas vacilantes le hacen desganada compa&ntilde;&iacute;a. Atr&aacute;s, all&aacute; en el caser&iacute;o dormido, hay unos pocos resplandores que no alcanzan a equivaler a la luz de una estrella. Nubes bajas, olas sonoras. Olas que juegan con el muelle. El muelle, largo y recto, acariciado por el viento. Viento alegre que no parece viento nocturno sino viento de amanecer. Nubes, olas, viento, estrellas, noche abandonada.</span></span></p>

<p><span style="font-size:20px;"><span style="font-family:verdana,geneva,sans-serif;">A las doce han de venir a embarcarme los marineros. Tengo miedo, un miedecillo vago, peque&ntilde;o, como el miedo que sent&iacute;a en mi casa cuando era ni&ntilde;o y me dejaban solo en la noche para que durmiera. Aqu&iacute;, como all&aacute; entonces, estoy solo y es de noche. &iquest;Acaso no soy tambi&eacute;n un poco ni&ntilde;o? &iexcl;Qu&eacute; miedo he tenido! Como ese miedo vago que tuve en el muelle, mientras esperaba a los marineros, creci&oacute; y se hizo gigantesco, devorador, terrible, cuando lleg&oacute; el botecillo tambaleante a esperarme debajo de la parte alta del muelle. Donde las olas son m&aacute;s mugidoras, m&aacute;s grandes, m&aacute;s marinas. El bote saltaba, nos echaba de un lado a otro, se mov&iacute;a sobre el lomo del mar. Y yo ten&iacute;a que saltar a bordo. Los marineros me gritaban blasfemias, ajos, se burlaban. Por fin salt&eacute;&hellip; El bote se hundi&oacute; de popa. Yo pens&eacute; que iba a ahogarme y sujet&eacute; por el cuello a un negro remero. Me rechaz&oacute; y ca&iacute; en el fondo. El bote estaba lleno de agua. Soplaba el viento. &iexcl;Ya estoy a bordo! &iexcl;Seguro! Y me marcho a la Guajira.</span></span></p>

<p align="right"><span style="font-size:20px;"><span style="font-family:verdana,geneva,sans-serif;">Eduardo Zalamea Borda. <em>Cuatro a&ntilde;os a bordo de m&iacute; mismo</em>. Caracas, Venezuela: Fundaci&oacute;n El perro y la rana, 2008.</span></span></p>
]]></description>
<images>
<image path="LE_08_07_REC130_IMG01n.jpg" border="false" pathbig="LE_08_07_REC130_IMG01a.jpg" zoomEnabled="true">
<title><![CDATA[]]></title>
</image>
</images>
<questions>
<question visible="true">
<text><![CDATA[<p><span style="font-family:verdana,geneva,sans-serif;">El texto comienza diciendo que la luz y la noche est&aacute;n solas, como si fueran personas, &iquest;c&oacute;mo se denomina a esta figura ret&oacute;rica?</span></p>
]]></text><answers>
<answer correct="true">
<![CDATA[


Personificación]]></answer>
<answer correct="false">
<![CDATA[


Personalización]]></answer>
<answer correct="false">
<![CDATA[


Apersonamiento]]></answer>
<answer correct="false">
<![CDATA[


Personación]]></answer>
</answers>
</question>
<question visible="true">
<text><![CDATA[<p><span style="font-family:verdana,geneva,sans-serif;">Identifica la intenci&oacute;n del narrador al decir <em>Tres, una, siete, trece estrellas vacilantes le hacen desganada compa&ntilde;&iacute;a</em>.</span></p>
]]></text><answers>
<answer correct="false">
<![CDATA[


Manifestar sus conocimientos matemáticos.]]></answer>
<answer correct="false">
<![CDATA[


Explicar el fenómeno de las estrellas titilantes. ]]></answer>
<answer correct="true">
<![CDATA[


Mostrar cómo fluye su pensamiento.]]></answer>
<answer correct="false">
<![CDATA[


Hacer un contraste entre la costa y el interior.]]></answer>
</answers>
</question>
<question visible="true">
<text><![CDATA[<p><span style="font-size:22px;"><span style="font-family: verdana,geneva,sans-serif;">Selecciona la figura ret&oacute;rica del siguiente enunciado <em>la de los cigarrillos taciturnos dormidos en las manos fatigadas de la madrugada</em>.</span></span></p>
]]></text><answers>
<answer correct="false">
<![CDATA[


Personificación ]]></answer>
<answer correct="false">
<![CDATA[


Metáfora ]]></answer>
<answer correct="true">
<![CDATA[


Metonimia]]></answer>
<answer correct="false">
<![CDATA[


Asíndeton ]]></answer>
</answers>
</question>
<question visible="true">
<text><![CDATA[<p><span style="font-family:verdana,geneva,sans-serif;">Seg&uacute;n el relato, &iquest;cu&aacute;les son los puntos de partida y de llegada del personaje?</span></p>
]]></text><answers>
<answer correct="false">
<![CDATA[


La Guajira-Puerto Colombia. ]]></answer>
<answer correct="true">
<![CDATA[


Puerto Colombia-La Guajira.]]></answer>
<answer correct="false">
<![CDATA[


Bogotá-La Guajira. ]]></answer>
<answer correct="false">
<![CDATA[


Una ciudad-Puerto Colombia.]]></answer>
</answers>
</question>
<question visible="true">
<text><![CDATA[<p><span style="font-family:verdana,geneva,sans-serif;">En el siguiente enunciado pasa algo entre la pregunta y la exclamaci&oacute;n: <em>&iquest;Acaso no soy tambi&eacute;n un poco ni&ntilde;o? &iexcl;Qu&eacute; miedo he tenido!</em>. Infiere qu&eacute; es lo que ha sucedido.</span></p>
]]></text><answers>
<answer correct="false">
<![CDATA[


El narrador se ha dado cuenta de que ya es un adulto. ]]></answer>
<answer correct="true">
<![CDATA[


El protagonista ha subido al bote.]]></answer>
<answer correct="false">
<![CDATA[


El autor ha perdido el miedo a la oscuridad. ]]></answer>
<answer correct="false">
<![CDATA[


El narrador ha olvidado algo en casa.]]></answer>
</answers>
</question>
<question visible="true">
<text><![CDATA[<p><span style="font-family:verdana,geneva,sans-serif;">Teniendo en cuenta el uso del lenguaje (&iacute;ntimo, lleno de figuras po&eacute;ticas) que hace el autor, selecciona la opci&oacute;n que explique mejor su prop&oacute;sito en este fragmento.</span></p>
]]></text><answers>
<answer correct="false">
<![CDATA[


Explicar cómo se pasa la noche en un puerto.]]></answer>
<answer correct="false">
<![CDATA[


Demostrar que la noche varía de acuerdo con su observador. ]]></answer>
<answer correct="true">
<![CDATA[


Explorar la interioridad del personaje y sus percepciones.]]></answer>
<answer correct="false">
<![CDATA[


Narrar, de forma objetiva, cómo es un viaje.]]></answer>
</answers>
</question>
</questions>
</page>
</pages>
</section><section i="1" star="false" >
<menuImage>
<title><![CDATA[<p><span style="font-size:20px;"><span style="font-family: verdana,geneva,sans-serif;">Gabriel Garc&iacute;a M&aacute;rquez, <em>Cien a&ntilde;os de soledad</em></span></span></p>
]]></title>
</menuImage>
<pages>
<page i="0">
<title>Cien años de soledad</title>
<description><![CDATA[<p><span style="font-size:20px;"><span style="font-family:verdana,geneva,sans-serif;">Las autoridades locales, despu&eacute;s del armisticio de Neerlandia, eran alcaldes sin iniciativa, jueces decorativos, escogidos entre los pac&iacute;ficos y cansados conservadores de Macondo. &ldquo;Este es un r&eacute;gimen de pobres diablos&rdquo;, comentaba el coronel Aureliano Buend&iacute;a cuando ve&iacute;a pasar a los polic&iacute;as descalzos armados de bolillos de palo. &ldquo;Hicimos tantas guerras, y todo para que no nos pintaran la casa de azul.&rdquo; Cuando lleg&oacute; la compa&ntilde;&iacute;a bananera, sin embargo, los funcionarios locales fueron sustituidos por forasteros autoritarios, que el se&ntilde;or Brown se llev&oacute; a vivir en el gallinero electrificado, para que gozaran, seg&uacute;n explic&oacute;, de la dignidad que correspond&iacute;a a su investidura, no padecieran el calor y los mosquitos y las incontables incomodidades y privaciones del pueblo. Los antiguos polic&iacute;as fueron reemplazados por sicarios de machetes. Encerrado en el taller, el coronel Aureliano Buend&iacute;a pensaba en estos cambios, y por primera vez en sus callados a&ntilde;os de soledad lo atorment&oacute; la definida certidumbre de que hab&iacute;a sido un error no proseguir la guerra hasta sus &uacute;ltimas consecuencias. Por esos d&iacute;as, un hermano del olvidado coronel Magn&iacute;fico Visbal llev&oacute; su nieto de siete a&ntilde;os a tomar un refresco en los carritos de la plaza, y porque el ni&ntilde;o tropez&oacute; por accidente con un cabo de la polic&iacute;a y le derram&oacute; el refresco en el uniforme, el b&aacute;rbaro lo hizo picadillo a machetazos y decapit&oacute; de un tajo al abuelo que trat&oacute; de impedirlo. Todo el pueblo vio pasar al decapitado cuando un grupo de hombres lo llevaban a su casa, y la cabeza arrastrada que una mujer llevaba cogida por el pelo, y el talego ensangrentado donde hab&iacute;an metido los pedazos del ni&ntilde;o.</span></span></p>

<p><span style="font-size:20px;"><span style="font-family:verdana,geneva,sans-serif;">Para el coronel Aureliano Buend&iacute;a fue el l&iacute;mite de la expiaci&oacute;n. Se encontr&oacute; de pronto padeciendo la misma indignaci&oacute;n que sinti&oacute; en la juventud, frente al cad&aacute;ver de la mujer que fue muerta a palos porque la mordi&oacute; un perro con mal de rabia. Mir&oacute; los grupos de curiosos que estaban frente a la casa y con su antigua voz estent&oacute;rea, restaurada por un hondo desprecio contra s&iacute; mismo, les ech&oacute; encima la carga de odio que ya no pod&iacute;a soportar el coraz&oacute;n.</span></span></p>

<p><span style="font-size:20px;"><span style="font-family:verdana,geneva,sans-serif;">&ndash;&iexcl;Un d&iacute;a de estos &ndash;grit&oacute;&ndash; voy armar a mis muchachos para que acaben con esos gringos de mierda!</span></span></p>

<p><span style="font-size:20px;"><span style="font-family:verdana,geneva,sans-serif;">En el curso de esa semana, por distintos lugares del litoral, sus diecisiete hijos fueron cazados como conejos por criminales invisibles que apuntaron al centro de su cruz de ceniza.</span></span></p>

<p align="right"><span style="font-size:20px;"><span style="font-family:verdana,geneva,sans-serif;">Gabriel Garc&iacute;a M&aacute;rquez. <em>Cien a&ntilde;os de soledad</em>. 9&ordf; edici&oacute;n. Buenos Aires: Sudamericana, 1968.</span></span></p>
]]></description>
<images>
<image path="LE_08_07_REC130_IMG02n.jpg" border="false" pathbig="LE_08_07_REC130_IMG02a.jpg" zoomEnabled="true">
<title><![CDATA[]]></title>
</image>
</images>
<questions>
<question visible="true">
<text><![CDATA[<p><span style="font-family:verdana,geneva,sans-serif;">Identifica el contexto hist&oacute;rico con el que se asocia esta narraci&oacute;n.</span></p>
]]></text><answers>
<answer correct="true">
<![CDATA[

Hechos previos a la Masacre de las Bananeras. ]]></answer>
<answer correct="false">
<![CDATA[

Establecimiento del Frente Nacional. ]]></answer>
<answer correct="false">
<![CDATA[

Guerra de los Mil Días.]]></answer>
<answer correct="false">
<![CDATA[

Dictadura de Rojas Pinilla.]]></answer>
</answers>
</question>
<question visible="true">
<text><![CDATA[<p><span style="font-family:verdana,geneva,sans-serif;">Infiere, de acuerdo con la narraci&oacute;n, qu&eacute; partido pol&iacute;tico estaba en el poder en el momento de los hechos relatados.</span></p>
]]></text><answers>
<answer correct="false">
<![CDATA[

El Liberal.]]></answer>
<answer correct="true">
<![CDATA[

El Conservador.]]></answer>
<answer correct="false">
<![CDATA[

Uno independiente.]]></answer>
<answer correct="false">
<![CDATA[

No se puede determinar.]]></answer>
</answers>
</question>
<question visible="true">
<text><![CDATA[<p><span style="font-family:verdana,geneva,sans-serif;">Explica con qu&eacute; se relaciona el color <em>azul</em> en la narraci&oacute;n.</span></p>
]]></text><answers>
<answer correct="false">
<![CDATA[

El Partido Liberal.]]></answer>
<answer correct="true">
<![CDATA[

El Partido Conservador.]]></answer>
<answer correct="false">
<![CDATA[

Los revolucionarios de comienzo de siglo.]]></answer>
<answer correct="false">
<![CDATA[

Los militares retirados.]]></answer>
</answers>
</question>
<question visible="true">
<text><![CDATA[<p><span style="font-family:verdana,geneva,sans-serif;">Infiere el significado de la expresi&oacute;n <strong><em>hacer picadillo</em></strong>, de acuerdo con el contexto.</span></p>
]]></text><answers>
<answer correct="false">
<![CDATA[

Hacer un embutido. ]]></answer>
<answer correct="false">
<![CDATA[

Afectar psicológicamente a alguien. ]]></answer>
<answer correct="false">
<![CDATA[

Preparar un guiso. ]]></answer>
<answer correct="true">
<![CDATA[

Despedazar a alguien o a algo.]]></answer>
</answers>
</question>
<question visible="true">
<text><![CDATA[<p><span style="font-family:verdana,geneva,sans-serif;">&iquest;A qui&eacute;nes se refiere el coronel Aureliano Buend&iacute;a al decir <em>mis muchachos</em>?</span></p>
]]></text><answers>
<answer correct="false">
<![CDATA[

A su grupo guerrillero. ]]></answer>
<answer correct="false">
<![CDATA[

A la familia Buendía.]]></answer>
<answer correct="true">
<![CDATA[

A sus hijos.]]></answer>
<answer correct="false">
<![CDATA[

A sus antiguos subalternos.]]></answer>
</answers>
</question>
<question visible="true">
<text><![CDATA[<p><span style="font-family:verdana,geneva,sans-serif;">Selecciona a qui&eacute;n o qu&eacute; se refiere el coronel Aureliano Buend&iacute;a al usar la expresi&oacute;n &ldquo;gringos&rdquo;.</span></p>
]]></text><answers>
<answer correct="false">
<![CDATA[

Policías. ]]></answer>
<answer correct="false">
<![CDATA[

Alcaldes y jueces.]]></answer>
<answer correct="true">
<![CDATA[

Extranjeros.]]></answer>
<answer correct="false">
<![CDATA[

Habitantes de Macondo.]]></answer>
</answers>
</question>
<question visible="true">
<text><![CDATA[<p><span style="font-family:verdana,geneva,sans-serif;">&iquest;Por qu&eacute; Aureliano Buend&iacute;a no ordena detener la violencia si ostenta el grado de coronel?</span></p>
]]></text><answers>
<answer correct="false">
<![CDATA[

Porque ya es un oficial retirado. ]]></answer>
<answer correct="true">
<![CDATA[

Porque era un oficial revolucionario, no de la fuerza pública. ]]></answer>
<answer correct="false">
<![CDATA[

Porque no le interesan los muertos. ]]></answer>
<answer correct="false">
<![CDATA[

Porque prefiere encerrarse en su taller que hacer algo.]]></answer>
</answers>
</question>
<question visible="true">
<text><![CDATA[<p><span style="font-family:verdana,geneva,sans-serif;">Seleciona la posici&oacute;n que tiene el narrador frente a los hechos.</span></p>
]]></text><answers>
<answer correct="false">
<![CDATA[

Neutral, no se puede adivinar su posición. ]]></answer>
<answer correct="false">
<![CDATA[

Subjetivo, solo se escuchan sus pensamientos. ]]></answer>
<answer correct="true">
<![CDATA[

Cómplice, acompaña el sufrimiento de sus personajes. ]]></answer>
<answer correct="false">
<![CDATA[

Objetivo, no usa adjetivos calificativos.]]></answer>
</answers>
</question>
<question visible="true">
<text><![CDATA[<p><span style="font-family:verdana,geneva,sans-serif;">Qu&eacute; tipo de narrativa se&nbsp;utiliza en el fragmento:<em> Los hijos del coronel ten&iacute;an una imborrable cruz de ceniza en su frente. Solo murieron aquellos a los que lograron herir...</em></span></p>
]]></text><answers>
<answer correct="false">
<![CDATA[

Narrativa realista.]]></answer>
<answer correct="false">
<![CDATA[

Narrativa de la violencia.]]></answer>
<answer correct="true">
<![CDATA[

Realismo mágico.]]></answer>
<answer correct="false">
<![CDATA[

Narrativa experimental.]]></answer>
</answers>
</question>
<question visible="true">
<text><![CDATA[<p><span style="font-family:verdana,geneva,sans-serif;">Se&ntilde;ala la denuncia social que se hace en este fragmento.</span></p>
]]></text><answers>
<answer correct="true">
<![CDATA[

Los desmanes de los sicarios con machetes que llegaron al pueblo. ]]></answer>
<answer correct="false">
<![CDATA[

La irreverencia de los exguerrilleros liberales. ]]></answer>
<answer correct="false">
<![CDATA[

El irrespeto de los infantes hacia la fuerza pública. ]]></answer>
<answer correct="false">
<![CDATA[

La curiosidad morbosa de los pobladores de Macondo.]]></answer>
</answers>
</question>
</questions>
</page>
</pages>
</section><section i="2" star="false" >
<menuImage>
<title><![CDATA[<p><span style="font-family:verdana,geneva,sans-serif;"><span style="font-size: 20px;">Gabriel Garc&iacute;a M&aacute;rquez, <em>Diatriba de amor contra un hombre sentado</em></span></span></p>
]]></title>
</menuImage>
<pages>
<page i="0">
<title>Diatriba de amor contra un hombre sentado</title>
<description><![CDATA[<p><span style="font-size:20px;"><span style="font-family:verdana,geneva,sans-serif;">GRACIELA: &iexcl;Nada se parece tanto al infierno como un matrimonio feliz!</span></span></p>

<p><span style="font-size:20px;"><span style="font-family:verdana,geneva,sans-serif;"><em>Tira el bolso de mano en un sill&oacute;n, recoge del suelo el peri&oacute;dico de la tarde, le da una hojeada r&aacute;pida y lo tira junto del bolso. Se quita las joyas y las pone sobre la mesa de centro.</em></span></span></p>

<p><span style="font-size:20px;"><span style="font-family:verdana,geneva,sans-serif;">Solo un Dios hombre pod&iacute;a regalarme esta revelaci&oacute;n para nuestras bodas de plata. Y todav&iacute;a debo agradecerle que me haya dado todo lo necesario para gozar de mi estupidez, d&iacute;a por d&iacute;a, durante veinticinco a&ntilde;os mortales. Todo, hasta un hijo seductor y holgaz&aacute;n, y tan hijo de puta como su padre.</span></span></p>

<p><span style="font-size:20px;"><span style="font-family:verdana,geneva,sans-serif;"><em>Se sienta a fumar, se quita los zapatos, se sumerge en una reflexi&oacute;n profunda, y en un tono bajo y tenso, de moscard&oacute;n monocorde, reanuda el sartal de reproches interminables: </em></span></span></p>

<p><span style="font-size:20px;"><span style="font-family:verdana,geneva,sans-serif;">Qu&eacute; te cre&iacute;as: &iquest;que &iacute;bamos a cancelar a &uacute;ltima hora la fiesta m&aacute;s hablada del a&ntilde;o, para que yo quedara como la villana del cuento y t&uacute; ba&ntilde;&aacute;ndote en agua de rosas? Ja, ja. &iexcl;La eterna v&iacute;ctima! Pero mientras tanto te niegas a contestarme, te niegas a discutir los problemas como la gente de bien, te niegas a mirarme a la cara.</span></span></p>

<p><span style="font-size:20px;"><span style="font-family:verdana,geneva,sans-serif;"><em>Larga espera.</em></span></span></p>

<p><span style="font-size:20px;"><span style="font-family:verdana,geneva,sans-serif;">De acuerdo: tambi&eacute;n el silencio es una respuesta. As&iacute; que ya puedes quedarte ah&iacute; hasta el final de los siglos, porque a m&iacute; s&iacute; que me vas a o&iacute;r.</span></span></p>

<p><span style="font-size:20px;"><span style="font-family:verdana,geneva,sans-serif;"><em>Apaga el cigarrillo restreg&aacute;ndolo sin piedad en el cenicero, y empieza a desvestirse poco a poco sin interrumpir el mon&oacute;logo. Como el vestido es cerrado en la espalda con una larga hilera de botones, Graciela har&aacute; toda clase de tentativas casi acrob&aacute;ticas para desabotonarla sin apelar a la ayuda del marido. Pero terminar&aacute; por rendirse, agarrando con toda su fuerza los dos lados del vestido a la altura de la nuca, y haciendo saltar de un tir&oacute;n en&eacute;rgico la hilera de botones. Al final se quitar&aacute; las medias, y quedar&aacute; descalza y vestida solo con la combinaci&oacute;n de seda.</em></span></span></p>

<p><span style="font-size:20px;"><span style="font-family:verdana,geneva,sans-serif;">A la noche estar&aacute; aqu&iacute; todo el que vale y pesa en este pa&iacute;s. Es decir, todo el mundo menos los pobres. Tal como t&uacute; mismo lo anunciaste hace veinticinco a&ntilde;os, cuando juraste que ibas a consagrar cada minuto de tu vida a preparar las bodas de plata del matrimonio m&aacute;s feliz de la tierra.</span></span></p>

<p align="right"><span style="font-size:20px;"><span style="font-family:verdana,geneva,sans-serif;">Gabriel Garc&iacute;a M&aacute;rquez. <em>Diatriba de amor contra un hombre sentado</em>. Barcelona: Grijalbo, Mondadori,&nbsp; 1995.</span></span></p>
]]></description>
<images>
<image path="LE_08_07_REC130_IMG03n.jpg" border="false" pathbig="LE_08_07_REC130_IMG03a.jpg" zoomEnabled="true">
<title><![CDATA[]]></title>
</image>
</images>
<questions>
<question visible="true">
<text><![CDATA[<p><span style="font-family:verdana,geneva,sans-serif;">Especifica la t&eacute;cnica teatral que se usa en <em>Diatriba de amor contra un hombre sentado</em>.</span></p>
]]></text><answers>
<answer correct="false">
<![CDATA[


Diálogo]]></answer>
<answer correct="true">
<![CDATA[


Monólogo]]></answer>
<answer correct="false">
<![CDATA[


Aparte]]></answer>
<answer correct="false">
<![CDATA[


Parlamento]]></answer>
</answers>
</question>
<question visible="true">
<text><![CDATA[<p><span style="font-family:verdana,geneva,sans-serif;">Deduce cu&aacute;l es el tono de la exclamaci&oacute;n con la que inicia la intervenci&oacute;n de Graciela.</span></p>
]]></text><answers>
<answer correct="false">
<![CDATA[


Festivo ]]></answer>
<answer correct="false">
<![CDATA[


Alegre]]></answer>
<answer correct="false">
<![CDATA[


Melancólico]]></answer>
<answer correct="true">
<![CDATA[


Irónico]]></answer>
</answers>
</question>
<question visible="true">
<text><![CDATA[<p><span style="font-family:verdana,geneva,sans-serif;">Marca la cr&iacute;tica social que est&aacute; impl&iacute;cita en el fragmento.</span></p>
]]></text><answers>
<answer correct="false">
<![CDATA[


La paternidad permisiva e irresponsable. ]]></answer>
<answer correct="false">
<![CDATA[


El ateísmo de las élites económicas. ]]></answer>
<answer correct="true">
<![CDATA[


El desprecio de los ricos hacia los pobres.]]></answer>
<answer correct="false">
<![CDATA[


La victimización de los hombres casados.]]></answer>
</answers>
</question>
<question visible="true">
<text><![CDATA[<p><span style="font-family:verdana,geneva,sans-serif;">Infiere cu&aacute;l es el estado de &aacute;nimo de Graciela en el fragmento.</span></p>
]]></text><answers>
<answer correct="true">
<![CDATA[


Colérico]]></answer>
<answer correct="false">
<![CDATA[


Feliz]]></answer>
<answer correct="false">
<![CDATA[


Melancólico]]></answer>
<answer correct="false">
<![CDATA[


Triste]]></answer>
</answers>
</question>
<question visible="true">
<text><![CDATA[<p><span style="font-family:verdana,geneva,sans-serif;">A partir de lo le&iacute;do en el fragmento, selecciona la oraci&oacute;n que explique mejor la intenci&oacute;n de Graciela al exclamar &ldquo;&iexcl;Nada se parece tanto al infierno como un matrimonio feliz!&rdquo;.</span></p>
]]></text><answers>
<answer correct="true">
<![CDATA[


Aparentar un matrimonio feliz es como el infierno. ]]></answer>
<answer correct="false">
<![CDATA[


Tener un matrimonio feliz es muy complicado. ]]></answer>
<answer correct="false">
<![CDATA[


Cualquier matrimonio es insoportable. ]]></answer>
<answer correct="false">
<![CDATA[


La felicidad es como el infierno.]]></answer>
</answers>
</question>
<question visible="true">
<text><![CDATA[<p><span style="font-family:verdana,geneva,sans-serif;">Marca la tem&aacute;tica garciamarquiana que se encuentra en el fragmento.</span></p>
]]></text><answers>
<answer correct="true">
<![CDATA[


La denuncia social.]]></answer>
<answer correct="false">
<![CDATA[


Las descripciones maravillosas.]]></answer>
<answer correct="false">
<![CDATA[


El narrador omnisciente. ]]></answer>
<answer correct="false">
<![CDATA[


La visión femenina de la realidad.]]></answer>
</answers>
</question>
</questions>
</page>
</pages>
</section><section i="3" star="false" >
<menuImage>
<title><![CDATA[<p><span style="font-size:20px;"><span style="font-family: verdana,geneva,sans-serif;">Andr&eacute;s Caicedo, <em>&iexcl;Que viva la m&uacute;sica!</em></span></span></p>
]]></title>
</menuImage>
<pages>
<page i="0">
<title>¡Que viva la música!</title>
<description><![CDATA[<p><span style="font-size:20px;"><span style="font-family:verdana,geneva,sans-serif;">En todo caso, no lo vi m&aacute;s. Dicen que empez&oacute; a sabotear el sue&ntilde;o de sus pap&aacute;s profiriendo horribles aullidos a la medianoche. Y que terminaron por encerrarlo. Pero no en la antigua y verde Inglaterra, como &eacute;l hubiese querido. Fue a parar a San Isidro, loquito criollo al fin y al cabo. Otros dicen que all&aacute; no dur&oacute; mucho, pero nadie sabe a ciencia cierta d&oacute;nde est&aacute;. Nadie sabe el paradero del pobre miserable. Hablan de un viaje de inc&oacute;gnito con su mam&aacute;, del que solo regres&oacute; ella, m&aacute;s bella que nunca. Me da pena no haberlo despedido. Yo no s&eacute; si fue que &eacute;l se perdi&oacute; primero o fui yo la que me encerr&eacute;. Pero una ma&ntilde;ana me lleg&oacute;, en correo certificado, una hoja de papel con la siguiente informaci&oacute;n:</span></span></p>

<p align="right"><span style="font-size:20px;"><span style="font-family:verdana,geneva,sans-serif;">&nbsp;Cuestionario del paciente No. 02, X 26</span></span></p>

<p align="center"><span style="font-size:20px;"><span style="font-family:verdana,geneva,sans-serif;">HOSPITAL PSIQUI&Aacute;TRICO<br />
&quot;SAN ISIDRO&quot;, CALI</span></span></p>

<p><span style="font-size:20px;"><span style="font-family:verdana,geneva,sans-serif;">&nbsp;Cuestionario para ser llenado por el&nbsp;paciente&nbsp;y/o acompa&ntilde;ante.</span></span></p>

<p><span style="font-size:20px;"><span style="font-family:verdana,geneva,sans-serif;">N&deg;. DE HISTORIA: 1</span></span></p>

<p><span style="font-size:20px;"><span style="font-family:verdana,geneva,sans-serif;">NOMBRES Y APELLIDOS:</span></span></p>

<p><span style="font-size:20px;"><span style="font-family:verdana,geneva,sans-serif;">Ricardito Sevilla, alias &quot;Miserable&quot;.</span></span></p>

<p><span style="font-size:20px;"><span style="font-family:verdana,geneva,sans-serif;">Por el problema que viene a este Hospital ha consultado antes a:</span></span></p>

<p><span style="font-size:20px;"><span style="font-family:verdana,geneva,sans-serif;">1. Psic&oacute;logo .....&nbsp;2. Curandero .....&nbsp;3. Amigo .....<br />
4. M&eacute;dico .....&nbsp;5. Boticario ..... 6. Sacerdote .....<br />
7. Siquiatra .....&nbsp;8. Nadie .....</span></span></p>

<p><span style="font-size:20px;"><span style="font-family:verdana,geneva,sans-serif;">Se&ntilde;ale con una (X) al lado del S&Iacute; lo que corresponda a este momento, o lo que ha sentido durante los &uacute;ltimos 30 d&iacute;as. Si no lo ha sentido coloque la (X) al lado del NO.</span></span></p>

<table border="1" cellpadding="0" cellspacing="0" style="width:570px;" width="442">
	<tbody>
		<tr>
			<td style="width:492px;height:30px;">
			<p><span style="font-size:20px;"><span style="font-family:verdana,geneva,sans-serif;">Se ha sentido feliz</span></span></p>
			</td>
			<td style="width:49px;height:30px;">
			<p><span style="font-size:20px;"><span style="font-family:verdana,geneva,sans-serif;">S&Iacute; x</span></span></p>
			</td>
			<td style="width:49px;height:30px;">
			<p><span style="font-size:20px;"><span style="font-family:verdana,geneva,sans-serif;">NO</span></span></p>
			</td>
		</tr>
		<tr>
			<td style="width:492px;">
			<p><span style="font-size:20px;"><span style="font-family:verdana,geneva,sans-serif;">Ha participado en actividades deportivas o recreativas (f&uacute;tbol, cine, ba&ntilde;o, paseo, baile, etc.)</span></span></p>
			</td>
			<td style="width:49px;">
			<p><span style="font-size:20px;"><span style="font-family:verdana,geneva,sans-serif;">S&Iacute; x</span></span></p>
			</td>
			<td style="width:49px;">
			<p><span style="font-size:20px;"><span style="font-family:verdana,geneva,sans-serif;">NO</span></span></p>
			</td>
		</tr>
		<tr>
			<td style="width:492px;">
			<p><span style="font-size:20px;"><span style="font-family:verdana,geneva,sans-serif;">Oye radio, o lee los peri&oacute;dicos diariamente para informes de las noticias</span></span></p>
			</td>
			<td style="width:49px;">
			<p><span style="font-size:20px;"><span style="font-family:verdana,geneva,sans-serif;">S&Iacute; x</span></span></p>
			</td>
			<td style="width:49px;">
			<p><span style="font-size:20px;"><span style="font-family:verdana,geneva,sans-serif;">NO</span></span></p>
			</td>
		</tr>
		<tr>
			<td style="width:492px;">
			<p><span style="font-size:20px;"><span style="font-family:verdana,geneva,sans-serif;">Cumple mal con su trabajo o estudio</span></span></p>
			</td>
			<td style="width:49px;">
			<p><span style="font-size:20px;"><span style="font-family:verdana,geneva,sans-serif;">S&Iacute; x</span></span></p>
			</td>
			<td style="width:49px;">
			<p><span style="font-size:20px;"><span style="font-family:verdana,geneva,sans-serif;">NO</span></span></p>
			</td>
		</tr>
		<tr>
			<td style="width:492px;">
			<p><span style="font-size:20px;"><span style="font-family:verdana,geneva,sans-serif;">Ha tenido dificultad para dormir</span></span></p>
			</td>
			<td style="width:49px;">
			<p><span style="font-size:20px;"><span style="font-family:verdana,geneva,sans-serif;">S&Iacute; x</span></span></p>
			</td>
			<td style="width:49px;">
			<p><span style="font-size:20px;"><span style="font-family:verdana,geneva,sans-serif;">NO</span></span></p>
			</td>
		</tr>
		<tr>
			<td style="width:492px;">
			<p><span style="font-size:20px;"><span style="font-family:verdana,geneva,sans-serif;">Ha tenido frecuentes dolores de cabeza</span></span></p>
			</td>
			<td style="width:49px;">
			<p><span style="font-size:20px;"><span style="font-family:verdana,geneva,sans-serif;">S&Iacute; x</span></span></p>
			</td>
			<td style="width:49px;">
			<p><span style="font-size:20px;"><span style="font-family:verdana,geneva,sans-serif;">NO</span></span></p>
			</td>
		</tr>
		<tr>
			<td style="width:492px;">
			<p><span style="font-size:20px;"><span style="font-family:verdana,geneva,sans-serif;">Ha tenido mal apetito</span></span></p>
			</td>
			<td style="width:49px;">
			<p><span style="font-size:20px;"><span style="font-family:verdana,geneva,sans-serif;">S&Iacute; x</span></span></p>
			</td>
			<td style="width:49px;">
			<p><span style="font-size:20px;"><span style="font-family:verdana,geneva,sans-serif;">NO</span></span></p>
			</td>
		</tr>
		<tr>
			<td style="width:492px;">
			<p><span style="font-size:20px;"><span style="font-family:verdana,geneva,sans-serif;">Ha perdido peso</span></span></p>
			</td>
			<td style="width:49px;">
			<p><span style="font-size:20px;"><span style="font-family:verdana,geneva,sans-serif;">S&Iacute; x</span></span></p>
			</td>
			<td style="width:49px;">
			<p><span style="font-size:20px;"><span style="font-family:verdana,geneva,sans-serif;">NO</span></span></p>
			</td>
		</tr>
		<tr>
			<td style="width:492px;">
			<p><span style="font-size:20px;"><span style="font-family:verdana,geneva,sans-serif;">Ha tenido convulsiones o ataques con ca&iacute;da al suelo, movimiento de brazos y piernas, mordedura de lengua o p&eacute;rdida del conocimiento</span></span></p>
			</td>
			<td style="width:49px;">
			<p><span style="font-size:20px;"><span style="font-family:verdana,geneva,sans-serif;">S&Iacute; x</span></span></p>
			</td>
			<td style="width:49px;">
			<p><span style="font-size:20px;"><span style="font-family:verdana,geneva,sans-serif;">NO</span></span></p>
			</td>
		</tr>
		<tr>
			<td style="width:492px;">
			<p><span style="font-size:20px;"><span style="font-family:verdana,geneva,sans-serif;">Ha tenido sequedad en la boca</span></span></p>
			</td>
			<td style="width:49px;">
			<p><span style="font-size:20px;"><span style="font-family:verdana,geneva,sans-serif;">S&Iacute; x</span></span></p>
			</td>
			<td style="width:49px;">
			<p><span style="font-size:20px;"><span style="font-family:verdana,geneva,sans-serif;">NO</span></span></p>
			</td>
		</tr>
		<tr>
			<td style="width:492px;">
			<p><span style="font-size:20px;"><span style="font-family:verdana,geneva,sans-serif;">Ha sufrido de temblores de los brazos, manos o boca</span></span></p>
			</td>
			<td style="width:49px;">
			<p><span style="font-size:20px;"><span style="font-family:verdana,geneva,sans-serif;">S&Iacute; x</span></span></p>
			</td>
			<td style="width:49px;">
			<p><span style="font-size:20px;"><span style="font-family:verdana,geneva,sans-serif;">NO</span></span></p>
			</td>
		</tr>
		<tr>
			<td style="width:492px;">
			<p><span style="font-size:20px;"><span style="font-family:verdana,geneva,sans-serif;">Ha tenido mareos</span></span></p>
			</td>
			<td style="width:49px;">
			<p><span style="font-size:20px;"><span style="font-family:verdana,geneva,sans-serif;">S&Iacute; x</span></span></p>
			</td>
			<td style="width:49px;">
			<p><span style="font-size:20px;"><span style="font-family:verdana,geneva,sans-serif;">NO</span></span></p>
			</td>
		</tr>
		<tr>
			<td style="width:492px;">
			<p><span style="font-size:20px;"><span style="font-family:verdana,geneva,sans-serif;">Ha tenido sensaci&oacute;n de intranquilidad, como que no se puede quedar quieto un momento</span></span></p>
			</td>
			<td style="width:49px;">
			<p><span style="font-size:20px;"><span style="font-family:verdana,geneva,sans-serif;">S&Iacute; x</span></span></p>
			</td>
			<td style="width:49px;">
			<p><span style="font-size:20px;"><span style="font-family:verdana,geneva,sans-serif;">NO</span></span></p>
			</td>
		</tr>
		<tr>
			<td style="width:492px;">
			<p><span style="font-size:20px;"><span style="font-family:verdana,geneva,sans-serif;">Se le ha nublado la vista; se le ha puesto borrosa la vista</span></span></p>
			</td>
			<td style="width:49px;">
			<p><span style="font-size:20px;"><span style="font-family:verdana,geneva,sans-serif;">S&Iacute; x</span></span></p>
			</td>
			<td style="width:49px;">
			<p><span style="font-size:20px;"><span style="font-family:verdana,geneva,sans-serif;">NO</span></span></p>
			</td>
		</tr>
		<tr>
			<td style="width:492px;">
			<p><span style="font-size:20px;"><span style="font-family:verdana,geneva,sans-serif;">Ha tenido salivadera</span></span></p>
			</td>
			<td style="width:49px;">
			<p><span style="font-size:20px;"><span style="font-family:verdana,geneva,sans-serif;">S&Iacute; x</span></span></p>
			</td>
			<td style="width:49px;">
			<p><span style="font-size:20px;"><span style="font-family:verdana,geneva,sans-serif;">NO</span></span></p>
			</td>
		</tr>
		<tr>
			<td style="width:492px;">
			<p><span style="font-size:20px;"><span style="font-family:verdana,geneva,sans-serif;">Se ha sentido como &quot;engranado&quot; y &quot;tieso&rdquo;</span></span></p>
			</td>
			<td style="width:49px;">
			<p><span style="font-size:20px;"><span style="font-family:verdana,geneva,sans-serif;">S&Iacute; x</span></span></p>
			</td>
			<td style="width:49px;">
			<p><span style="font-size:20px;"><span style="font-family:verdana,geneva,sans-serif;">NO</span></span></p>
			</td>
		</tr>
		<tr>
			<td style="width:492px;">
			<p><span style="font-size:20px;"><span style="font-family:verdana,geneva,sans-serif;">Ha sentido tristeza, decaimiento, deseos de llorar</span></span></p>
			</td>
			<td style="width:49px;">
			<p><span style="font-size:20px;"><span style="font-family:verdana,geneva,sans-serif;">S&Iacute; x</span></span></p>
			</td>
			<td style="width:49px;">
			<p><span style="font-size:20px;"><span style="font-family:verdana,geneva,sans-serif;">NO</span></span></p>
			</td>
		</tr>
		<tr>
			<td style="width:492px;">
			<p><span style="font-size:20px;"><span style="font-family:verdana,geneva,sans-serif;">Ha sentido nerviosidad, angustia, miedo o temores</span></span></p>
			</td>
			<td style="width:49px;">
			<p><span style="font-size:20px;"><span style="font-family:verdana,geneva,sans-serif;">S&Iacute; x</span></span></p>
			</td>
			<td style="width:49px;">
			<p><span style="font-size:20px;"><span style="font-family:verdana,geneva,sans-serif;">NO</span></span></p>
			</td>
		</tr>
		<tr>
			<td style="width:492px;">
			<p><span style="font-size:20px;"><span style="font-family:verdana,geneva,sans-serif;">Ha usado coca&iacute;na, hero&iacute;na</span></span></p>
			</td>
			<td style="width:49px;">
			<p><span style="font-size:20px;"><span style="font-family:verdana,geneva,sans-serif;">S&Iacute; x</span></span></p>
			</td>
			<td style="width:49px;">
			<p><span style="font-size:20px;"><span style="font-family:verdana,geneva,sans-serif;">NO</span></span></p>
			</td>
		</tr>
		<tr>
			<td style="width:492px;">
			<p><span style="font-size:20px;"><span style="font-family:verdana,geneva,sans-serif;">Ha usado mariguana</span></span></p>
			</td>
			<td style="width:49px;">
			<p><span style="font-size:20px;"><span style="font-family:verdana,geneva,sans-serif;">S&Iacute; x</span></span></p>
			</td>
			<td style="width:49px;">
			<p><span style="font-size:20px;"><span style="font-family:verdana,geneva,sans-serif;">NO</span></span></p>
			</td>
		</tr>
		<tr>
			<td style="width:492px;">
			<p><span style="font-size:20px;"><span style="font-family:verdana,geneva,sans-serif;">Ha usado LSD (&aacute;cido), hongos</span></span></p>
			</td>
			<td style="width:49px;">
			<p><span style="font-size:20px;"><span style="font-family:verdana,geneva,sans-serif;">S&Iacute; x</span></span></p>
			</td>
			<td style="width:49px;">
			<p><span style="font-size:20px;"><span style="font-family:verdana,geneva,sans-serif;">NO</span></span></p>
			</td>
		</tr>
		<tr>
			<td style="width:492px;">
			<p><span style="font-size:20px;"><span style="font-family:verdana,geneva,sans-serif;">Ha pensado seriamente en matarse</span></span></p>
			</td>
			<td style="width:49px;">
			<p><span style="font-size:20px;"><span style="font-family:verdana,geneva,sans-serif;">S&Iacute; x</span></span></p>
			</td>
			<td style="width:49px;">
			<p><span style="font-size:20px;"><span style="font-family:verdana,geneva,sans-serif;">NO</span></span></p>
			</td>
		</tr>
		<tr>
			<td style="width:492px;">
			<p><span style="font-size:20px;"><span style="font-family:verdana,geneva,sans-serif;">Ha intentado matarse</span></span></p>
			</td>
			<td style="width:49px;">
			<p><span style="font-size:20px;"><span style="font-family:verdana,geneva,sans-serif;">S&Iacute; x</span></span></p>
			</td>
			<td style="width:49px;">
			<p><span style="font-size:20px;"><span style="font-family:verdana,geneva,sans-serif;">NO</span></span></p>
			</td>
		</tr>
		<tr>
			<td style="width:492px;">
			<p><span style="font-size:20px;"><span style="font-family:verdana,geneva,sans-serif;">Ha o&iacute;do voces que otros no oyen</span></span></p>
			</td>
			<td style="width:49px;">
			<p><span style="font-size:20px;"><span style="font-family:verdana,geneva,sans-serif;">S&Iacute; x</span></span></p>
			</td>
			<td style="width:49px;">
			<p><span style="font-size:20px;"><span style="font-family:verdana,geneva,sans-serif;">NO</span></span></p>
			</td>
		</tr>
		<tr>
			<td style="width:492px;">
			<p><span style="font-size:20px;"><span style="font-family:verdana,geneva,sans-serif;">Ha visto cosas que otros no ven</span></span></p>
			</td>
			<td style="width:49px;">
			<p><span style="font-size:20px;"><span style="font-family:verdana,geneva,sans-serif;">S&Iacute; x</span></span></p>
			</td>
			<td style="width:49px;">
			<p><span style="font-size:20px;"><span style="font-family:verdana,geneva,sans-serif;">NO</span></span></p>
			</td>
		</tr>
		<tr>
			<td style="width:492px;">
			<p><span style="font-size:20px;"><span style="font-family:verdana,geneva,sans-serif;">Ha pensado seriamente en matar a alguien</span></span></p>
			</td>
			<td style="width:49px;">
			<p><span style="font-size:20px;"><span style="font-family:verdana,geneva,sans-serif;">S&Iacute; x</span></span></p>
			</td>
			<td style="width:49px;">
			<p><span style="font-size:20px;"><span style="font-family:verdana,geneva,sans-serif;">NO</span></span></p>
			</td>
		</tr>
		<tr>
			<td style="width:492px;">
			<p><span style="font-size:20px;"><span style="font-family:verdana,geneva,sans-serif;">Ha herido f&iacute;sicamente a alguien</span></span></p>
			</td>
			<td style="width:49px;">
			<p><span style="font-size:20px;"><span style="font-family:verdana,geneva,sans-serif;">S&Iacute; x</span></span></p>
			</td>
			<td style="width:49px;">
			<p><span style="font-size:20px;"><span style="font-family:verdana,geneva,sans-serif;">NO</span></span></p>
			</td>
		</tr>
		<tr>
			<td style="width:492px;">
			<p><span style="font-size:20px;"><span style="font-family:verdana,geneva,sans-serif;">Se ha orinado en la cama</span></span></p>
			</td>
			<td style="width:49px;">
			<p><span style="font-size:20px;"><span style="font-family:verdana,geneva,sans-serif;">S&Iacute; x</span></span></p>
			</td>
			<td style="width:49px;">
			<p><span style="font-size:20px;"><span style="font-family:verdana,geneva,sans-serif;">NO</span></span></p>
			</td>
		</tr>
		<tr>
			<td style="width:492px;">
			<p><span style="font-size:20px;"><span style="font-family:verdana,geneva,sans-serif;">Ha tenido problemas o dificultades sexuales</span></span></p>
			</td>
			<td style="width:49px;">
			<p><span style="font-size:20px;"><span style="font-family:verdana,geneva,sans-serif;">S&Iacute; x</span></span></p>
			</td>
			<td style="width:49px;">
			<p><span style="font-size:20px;"><span style="font-family:verdana,geneva,sans-serif;">NO</span></span></p>
			</td>
		</tr>
		<tr>
			<td style="width:492px;">
			<p><span style="font-size:20px;"><span style="font-family:verdana,geneva,sans-serif;">Tiene dificultad para concentrarse o pensar</span></span></p>
			</td>
			<td style="width:49px;">
			<p><span style="font-size:20px;"><span style="font-family:verdana,geneva,sans-serif;">S&Iacute; x</span></span></p>
			</td>
			<td style="width:49px;">
			<p><span style="font-size:20px;"><span style="font-family:verdana,geneva,sans-serif;">NO</span></span></p>
			</td>
		</tr>
		<tr>
			<td style="width:492px;">
			<p><span style="font-size:20px;"><span style="font-family:verdana,geneva,sans-serif;">Se le ha paralizado un brazo, una pierna o ha perdido la voz temporalmente</span></span></p>
			</td>
			<td style="width:49px;">
			<p><span style="font-size:20px;"><span style="font-family:verdana,geneva,sans-serif;">S&Iacute; x</span></span></p>
			</td>
			<td style="width:49px;">
			<p><span style="font-size:20px;"><span style="font-family:verdana,geneva,sans-serif;">NO</span></span></p>
			</td>
		</tr>
		<tr>
			<td style="width:492px;">
			<p><span style="font-size:20px;"><span style="font-family:verdana,geneva,sans-serif;">Ha sentido temores de perder la raz&oacute;n (enloquecerse)</span></span></p>
			</td>
			<td style="width:49px;">
			<p><span style="font-size:20px;"><span style="font-family:verdana,geneva,sans-serif;">S&Iacute; x</span></span></p>
			</td>
			<td style="width:49px;">
			<p><span style="font-size:20px;"><span style="font-family:verdana,geneva,sans-serif;">NO</span></span></p>
			</td>
		</tr>
		<tr>
			<td style="width:492px;">
			<p><span style="font-size:20px;"><span style="font-family:verdana,geneva,sans-serif;">Ha notado que la gente lo critica o se burla de usted</span></span></p>
			</td>
			<td style="width:49px;">
			<p><span style="font-size:20px;"><span style="font-family:verdana,geneva,sans-serif;">S&Iacute; x</span></span></p>
			</td>
			<td style="width:49px;">
			<p><span style="font-size:20px;"><span style="font-family:verdana,geneva,sans-serif;">NO</span></span></p>
			</td>
		</tr>
		<tr>
			<td style="width:492px;">
			<p><span style="font-size:20px;"><span style="font-family:verdana,geneva,sans-serif;">Ha sentido que alguien o algo lo tiene controlado por brujer&iacute;a</span></span></p>
			</td>
			<td style="width:49px;">
			<p><span style="font-size:20px;"><span style="font-family:verdana,geneva,sans-serif;">S&Iacute; x</span></span></p>
			</td>
			<td style="width:49px;">
			<p><span style="font-size:20px;"><span style="font-family:verdana,geneva,sans-serif;">NO</span></span></p>
			</td>
		</tr>
		<tr>
			<td style="width:492px;">
			<p><span style="font-size:20px;"><span style="font-family:verdana,geneva,sans-serif;">Ha sentido que alguien lo persigue para matarlo o causarle da&ntilde;o</span></span></p>
			</td>
			<td style="width:49px;">
			<p><span style="font-size:20px;"><span style="font-family:verdana,geneva,sans-serif;">S&Iacute; x</span></span></p>
			</td>
			<td style="width:49px;">
			<p><span style="font-size:20px;"><span style="font-family:verdana,geneva,sans-serif;">NO</span></span></p>
			</td>
		</tr>
		<tr>
			<td style="width:492px;">
			<p><span style="font-size:20px;"><span style="font-family:verdana,geneva,sans-serif;">Ha sentido que Ud. es un personaje importante o que tiene poderes especiales</span></span></p>
			</td>
			<td style="width:49px;">
			<p><span style="font-size:20px;"><span style="font-family:verdana,geneva,sans-serif;">S&Iacute; x</span></span></p>
			</td>
			<td style="width:49px;">
			<p><span style="font-size:20px;"><span style="font-family:verdana,geneva,sans-serif;">NO</span></span></p>
			</td>
		</tr>
	</tbody>
</table>

<p><span style="font-size:20px;"><span style="font-family:verdana,geneva,sans-serif;">Persona que dio la informaci&oacute;n:</span></span></p>

<p><span style="font-size:20px;"><span style="font-family:verdana,geneva,sans-serif;">&nbsp;1. Paciente&nbsp;&nbsp;&nbsp; 2. Familiar.&nbsp;&nbsp;&nbsp;&nbsp; 3. Otra.</span></span></p>

<p><span style="font-size:20px;"><span style="font-family:verdana,geneva,sans-serif;">&iexcl;Oh, Ricardito Miserable, que te perdiste cargando con todos los s&iacute;ntomas de mi generaci&oacute;n! Otros dicen que lo que se propon&iacute;a era confundir a los m&eacute;dicos con tantas respuestas afirmativas. Humor, del carro&ntilde;oso, no le falt&oacute; en medio de sus cuitas.</span></span></p>

<p align="right"><span style="font-size:20px;"><span style="font-family:verdana,geneva,sans-serif;">Andr&eacute;s Caicedo. <em>&iexcl;Que viva la m&uacute;sica!</em> Bogot&aacute;: Norma, 2008.</span></span></p>
]]></description>
<images>
<image path="LE_08_07_REC130_IMG04n.jpg" border="false" pathbig="LE_08_07_REC130_IMG04a.jpg" zoomEnabled="true">
<title><![CDATA[]]></title>
</image>
</images>
<questions>
<question visible="true">
<text><![CDATA[<p><span style="font-family:verdana,geneva,sans-serif;">Indica qu&eacute; quiere decir la naradora cuando califica a Ricardo de &ldquo;loco criollo&rdquo;.</span></p>
]]></text><answers>
<answer correct="true">
<![CDATA[Ricardo es un loco que nació en Colombia.]]></answer>
<answer correct="false">
<![CDATA[Ricardo es un inglés que se volvió loco en Colombia.]]></answer>
<answer correct="false">
<![CDATA[A Ricardo lo volvió loco ser colombiano. ]]></answer>
<answer correct="false">
<![CDATA[Ricardo es un loco de poca categoría.]]></answer>
</answers>
</question>
<question visible="true">
<text><![CDATA[<p><span style="font-family:verdana,geneva,sans-serif;">Califica la informaci&oacute;n que ofrece Ricardo en el formulario de ingreso al hospital.</span></p>
]]></text><answers>
<answer correct="false">
<![CDATA[Coherente]]></answer>
<answer correct="true">
<![CDATA[Contradictoria]]></answer>
<answer correct="false">
<![CDATA[Acertada ]]></answer>
<answer correct="false">
<![CDATA[Insuficiente]]></answer>
</answers>
</question>
<question visible="true">
<text><![CDATA[<p><span style="font-family:verdana,geneva,sans-serif;">Selecciona la opci&oacute;n que&nbsp;no explica satisfactoriamente la inserci&oacute;n de este formulario dentro de la novela.</span></p>
]]></text><answers>
<answer correct="false">
<![CDATA[Experimentar con otros registro lingüísticos en la obra. ]]></answer>
<answer correct="true">
<![CDATA[Insertar una opinión profesional sobre la locura.]]></answer>
<answer correct="false">
<![CDATA[Darle mayor verosimilitud al relato. ]]></answer>
<answer correct="false">
<![CDATA[Realzar el carácter irreverente de Ricardo.]]></answer>
</answers>
</question>
<question visible="true">
<text><![CDATA[<p><span style="font-family:verdana,geneva,sans-serif;">Una de las caracter&iacute;sticas de la novela contempor&aacute;nea es insertar varias voces en una obra. Selecciona la pareja de discursos que sustenten esta afirmaci&oacute;n.</span></p>
]]></text><answers>
<answer correct="false">
<![CDATA[Narrativo, literario. ]]></answer>
<answer correct="true">
<![CDATA[Literario, científico.]]></answer>
<answer correct="false">
<![CDATA[Personal, psicológico. ]]></answer>
<answer correct="false">
<![CDATA[Sobrio, loco.]]></answer>
</answers>
</question>
<question visible="true">
<text><![CDATA[<p><span style="font-family:verdana,geneva,sans-serif;">La narradora afirma <em>te perdiste cargando con todos los s&iacute;ntomas de mi generaci&oacute;n</em>. Explica por qu&eacute; lo dice.</span></p>
]]></text><answers>
<answer correct="false">
<![CDATA[Porque lo que escribió en el formulario es verdad. ]]></answer>
<answer correct="false">
<![CDATA[Porque sus padres tampoco la soportan.]]></answer>
<answer correct="false">
<![CDATA[Porque la narradora también aúlla en las noches. ]]></answer>
<answer correct="true">
<![CDATA[Porque los dos pertenecen a una generación desencantada.]]></answer>
</answers>
</question>
<question visible="true">
<text><![CDATA[<p><span style="font-family:verdana,geneva,sans-serif;">Deduce el significado que se le da a la palabra <strong><em>carro&ntilde;oso</em></strong> en el texto.</span></p>
]]></text><answers>
<answer correct="false">
<![CDATA[Moribundo]]></answer>
<answer correct="false">
<![CDATA[Rapaz]]></answer>
<answer correct="true">
<![CDATA[Sarcástico]]></answer>
<answer correct="false">
<![CDATA[Aburrido]]></answer>
</answers>
</question>
</questions>
</page>
</pages>
</section></sections>
</engine>