<?xml version="1.0" encoding="utf-8"?><motor tipo="5" clase="b" aprid="m5b">
  <plataforma>
    <grado><![CDATA[2]]></grado>
    <titulo>Reconoce predicados</titulo>
    <area>0</area>
    <nivel>2</nivel>
    <referencia/>
    <idreg><![CDATA[0]]></idreg>
    <motor><![CDATA[M5B]]></motor>
    <lang>es</lang>
  </plataforma>
  <enunciado><![CDATA[Observa el video {{cur}}Fiestas de San Juan en Ciudadela{{Normal}}. Luego completa los enunciados.]]></enunciado>
  <masinfo inicio="0"><![CDATA[Recuerda que el predicado de una oración siempre comienza con un verbo. El predicado está compuesto por el núcleo, que es el verbo mismo y el complemento que son otras palabras que acompañan al verbo. ]]></masinfo>
  <sinaleatoriedad><![CDATA[0]]></sinaleatoriedad>
  <calc><![CDATA[0]]></calc>
  <respuestaunica><![CDATA[0]]></respuestaunica>
  <test cantidad="6">
    <cuestion>
      <enunciado><![CDATA[Los protagonistas de las {{cur}}Fiestas de San Juan de Ciudadela{{normal}}]]></enunciado>
      <explicacion/>
      <video><![CDATA[VI002067_CO_LO.mp4]]></video>
      <salto/>
      <respuestas>
        <respuesta contestacion="llegan puntual a las fiestas." correcta="0"/>
        <respuesta contestacion="se esconden rápidamente." correcta="0"/>
        <respuesta contestacion="muestran talento ecuestre." correcta="1"/>
        <respuesta contestacion="llegan muy rápido de otros lugares." correcta="0"/>
        <respuesta contestacion="entran lentamente." correcta="0"/>
      </respuestas>
    </cuestion>
    <cuestion>
      <enunciado><![CDATA[ El santo San Juan recorre las calles del pueblo ]]></enunciado>
      <explicacion/>
      <video><![CDATA[VI002067_CO_LO.mp4]]></video>
      <salto/>
      <respuestas>
        <respuesta contestacion="para invitar a las fiestas." correcta="1"/>
        <respuesta contestacion="para invitar a los creyentes a la iglesia." correcta="0"/>
        <respuesta contestacion="como una ofrenda a los dioses." correcta="0"/>
        <respuesta contestacion="como símbolo de fe." correcta="0"/>
        <respuesta contestacion="para que lo alaben a diario." correcta="0"/>
      </respuestas>
    </cuestion>
    <cuestion>
      <enunciado><![CDATA[Los jinetes que participan en las fiestas de San Juan de Ciudadela]]></enunciado>
      <explicacion/>
      <video><![CDATA[VI002067_CO_LO.mp4]]></video>
      <salto/>
      <respuestas>
        <respuesta contestacion="son europeos." correcta="0"/>
        <respuesta contestacion="son de San Juan de Ciudadela." correcta="1"/>
        <respuesta contestacion="son de Madrid." correcta="0"/>
        <respuesta contestacion="pertenecen a una ciudad cercana." correcta="0"/>
        <respuesta contestacion="son de una tribu africana." correcta="0"/>
      </respuestas>
    </cuestion>
    <cuestion>
      <enunciado><![CDATA[Los jinetes]]></enunciado>
      <explicacion/>
      <video><![CDATA[VI002067_CO_LO.mp4]]></video>
      <salto/>
      <respuestas>
        <respuesta contestacion="llegan a pie, tirando de sus caballos." correcta="0"/>
        <respuesta contestacion="se dirigen a la plaza." correcta="0"/>
        <respuesta contestacion="llegan descalzos y se dirigen a la iglesia." correcta="0"/>
        <respuesta contestacion="llegan cabalgando y van a la iglesia." correcta="1"/>
        <respuesta contestacion="llegan en lujosos autos." correcta="0"/>
      </respuestas>
    </cuestion>
    <cuestion>
      <enunciado><![CDATA[Los caracoleos]]></enunciado>
      <explicacion/>
      <video><![CDATA[VI002067_CO_LO.mp4]]></video>
      <salto/>
      <respuestas>
        <respuesta contestacion="son carreras de caracoles." correcta="0"/>
        <respuesta contestacion="son movimientos bruscos de caballos encabritados." correcta="1"/>
        <respuesta contestacion="son movimientos circulares con animales." correcta="0"/>
        <respuesta contestacion="son movimientos lentos con los caballos." correcta="0"/>
        <respuesta contestacion="son bailes típicos de los habitantes." correcta="0"/>
      </respuestas>
    </cuestion>
    <cuestion>
      <enunciado><![CDATA[Según el video podemos afirmar que el {{cur}}s´ensortilla´{{normal}}]]></enunciado>
      <explicacion/>
      <video><![CDATA[VI002067_CO_LO.mp4]]></video>
      <salto/>
      <respuestas>
        <respuesta contestacion="es un accesorio de los jinetes." correcta="0"/>
        <respuesta contestacion="es un soporte que se usa en la entrada de las casas." correcta="1"/>
        <respuesta contestacion="es un juego medieval." correcta="0"/>
        <respuesta contestacion="es un baile con aros." correcta="0"/>
        <respuesta contestacion="son accesorios que decoran los vestidos de las mujeres." correcta="0"/>
      </respuestas>
    </cuestion>
  </test>
</motor>