<?xml version="1.0" encoding="utf-8"?><motor tipo="5" clase="b" aprid="m5b">
  <plataforma>
    <grado><![CDATA[2]]></grado>
    <titulo>Aprende palabras</titulo>
    <area>0</area>
    <nivel>2</nivel>
    <referencia/>
    <idreg><![CDATA[0]]></idreg>
    <motor><![CDATA[M5B]]></motor>
    <lang>es</lang>
  </plataforma>
  <enunciado><![CDATA[Después de ver el video, responde a cada una de las preguntas.]]></enunciado>
  <masinfo inicio="0"/>
  <sinaleatoriedad><![CDATA[0]]></sinaleatoriedad>
  <calc><![CDATA[0]]></calc>
  <respuestaunica><![CDATA[0]]></respuestaunica>
  <test cantidad="7">
    <cuestion>
      <enunciado><![CDATA[Donde hoy se encuentra el Libano vivieron a partir del tercer milenio antes de Cristo los...]]></enunciado>
      <explicacion/>
      <video><![CDATA[DI000419_CO_LO.mp4]]></video>
      <salto/>
      <respuestas>
        <respuesta contestacion="Españoles" correcta="0"/>
        <respuesta contestacion="Fenicios" correcta="1"/>
        <respuesta contestacion="Africanos" correcta="0"/>
        <respuesta contestacion="Europeos" correcta="0"/>
        <respuesta contestacion="Aborígenes" correcta="0"/>
      </respuestas>
    </cuestion>
    <cuestion>
      <enunciado><![CDATA[Los fenicios era un pueblo dedicado al...]]></enunciado>
      <explicacion/>
      <video><![CDATA[DI000419_CO_LO.mp4]]></video>
      <salto/>
      <respuestas>
        <respuesta contestacion="Comercio de aves" correcta="0"/>
        <respuesta contestacion="Comercio industrial" correcta="0"/>
        <respuesta contestacion="Comercio marítimo" correcta="1"/>
        <respuesta contestacion="Comercio de esclavos" correcta="0"/>
        <respuesta contestacion="Comercio de alimentos" correcta="0"/>
      </respuestas>
    </cuestion>
    <cuestion>
      <enunciado><![CDATA[La civilización fenicia floreció primero en Ugarit y Biblos que fueron reinos parciales ]]></enunciado>
      <explicacion/>
      <video><![CDATA[DI000419_CO_LO.mp4]]></video>
      <salto/>
      <respuestas>
        <respuesta contestacion="Dependientes" correcta="0"/>
        <respuesta contestacion="Violentos" correcta="0"/>
        <respuesta contestacion="Pobres" correcta="0"/>
        <respuesta contestacion="Autónomos" correcta="1"/>
        <respuesta contestacion="Bárbaros" correcta="0"/>
      </respuestas>
    </cuestion>
    <cuestion>
      <enunciado><![CDATA[Las ciudades de Tiro, Sidon, Arados y Berito consiguieron una hegemonía comercial en el ]]></enunciado>
      <explicacion/>
      <video><![CDATA[DI000419_CO_LO.mp4]]></video>
      <salto/>
      <respuestas>
        <respuesta contestacion="Mar Muerto" correcta="0"/>
        <respuesta contestacion="Río Ganges" correcta="0"/>
        <respuesta contestacion="Atlántico" correcta="0"/>
        <respuesta contestacion="Mar Negro" correcta="0"/>
        <respuesta contestacion="Mediterráneo" correcta="1"/>
      </respuestas>
    </cuestion>
    <cuestion>
      <enunciado><![CDATA[Una de las colonicas fundadas con la creación de ciudades como Tiro y Arados fue...]]></enunciado>
      <explicacion/>
      <video><![CDATA[DI000419_CO_LO.mp4]]></video>
      <salto/>
      <respuestas>
        <respuesta contestacion="Masedonia" correcta="0"/>
        <respuesta contestacion="Cartago" correcta="1"/>
        <respuesta contestacion="Biblos" correcta="0"/>
        <respuesta contestacion="Berito" correcta="0"/>
        <respuesta contestacion="Ugarit" correcta="0"/>
      </respuestas>
    </cuestion>
    <cuestion>
      <enunciado><![CDATA[En Gadir los fenicios entraron en contacto con los ]]></enunciado>
      <explicacion/>
      <video><![CDATA[DI000419_CO_LO.mp4]]></video>
      <salto/>
      <respuestas>
        <respuesta contestacion="Iberos" correcta="1"/>
        <respuesta contestacion="Galicios" correcta="0"/>
        <respuesta contestacion="Gadirenses" correcta="0"/>
        <respuesta contestacion="Ugarianos" correcta="0"/>
        <respuesta contestacion="Australianos" correcta="0"/>
      </respuestas>
    </cuestion>
    <cuestion>
      <enunciado><![CDATA[Los fenicios se destacaron por su contribución al arte de la...]]></enunciado>
      <explicacion/>
      <video><![CDATA[DI000419_CO_LO.mp4]]></video>
      <salto/>
      <respuestas>
        <respuesta contestacion="Agricultura" correcta="0"/>
        <respuesta contestacion="Pesca" correcta="0"/>
        <respuesta contestacion="Navegación" correcta="1"/>
        <respuesta contestacion="Orfebrería" correcta="0"/>
        <respuesta contestacion="Gastronomía" correcta="0"/>
      </respuestas>
    </cuestion>
  </test>
</motor>