﻿<?xml version="1.0" encoding="UTF-8"?>
<engine copy="Editorial Planeta" version="1" aprid="f1">
  <css><![CDATA[
  ]]></css>
  <pantallas>
    <pantalla id="pantalla_5">
      <event id="onPrepare" language="DO"><![CDATA[]]></event>
      <event id="onShown" language="DO"><![CDATA[]]></event>
      <components>
        <component _type="_compSimpleText" id="texto_10" x="267" y="40" width="416" height="60" alpha="1" visible="1" enabled="1" cssClass="defaultSimpleText" alignMode="17">
          <content><![CDATA[¿Con acento o sin acento?]]></content>
        </component>
        <component _type="_compImage" id="image_11" x="538" y="167" width="418" height="441" alpha="1" visible="1" enabled="1" cssClass="" adjustMode="3" alignMode="0" image="data/imagenes/image_25019b.jpg" />
        <component _type="_compRichText" id="texto_12" x="253" y="113" width="443" height="145" alpha="1" visible="1" enabled="1" scrollable="0">
          <content><![CDATA[<p style="text-align: center;"><span style="font-size:54px"><span style="font-family:verdana,geneva,sans-serif">EUROPEO</span></span></p>
]]></content>
        </component>
        <component _type="_compIconButton" id="iconbutton_122" x="144" y="527" width="37" height="37" alpha="1" visible="1" enabled="1" cssClass="iconNextButton" group="-1">
          <event id="onClick" language="DO"><![CDATA[uiobject_set(rootSlider,"current",1)]]></event>
        </component>
      </components>
      <animaciones>
      </animaciones>
    </pantalla>
    <pantalla id="pantalla_13">
      <event id="onPrepare" language="DO"><![CDATA[]]></event>
      <event id="onShown" language="DO"><![CDATA[]]></event>
      <components>
        <component _type="_compRichText" id="texto_17" x="112" y="20" width="641" height="72" alpha="1" visible="1" enabled="1" scrollable="1">
          <content><![CDATA[<p><span style="font-family:verdana,geneva,sans-serif"><span style="font-size:25px">&iquest;Cu&aacute;ntas vocales seguidas tiene la palabra?</span></span></p>
]]></content>
        </component>
        <component _type="_compRichText" id="texto_18" x="309" y="225" width="332" height="157" alpha="1" visible="1" enabled="1" scrollable="1">
          <content><![CDATA[<p><span style="font-size:68px"><span style="font-family:verdana,geneva,sans-serif">EUROPEO</span></span></p>
]]></content>
        </component>
        <component _type="_compIconButton" id="iconbutton_36" x="20" y="527" width="37" height="37" alpha="1" visible="1" enabled="1" cssClass="iconHomeButton" group="-1">
          <event id="onClick" language="DO"><![CDATA[uiobject_set(rootSlider,"current",0)]]></event>
        </component>
        <component _type="_compIconButton" id="iconbutton_122" x="144" y="527" width="37" height="37" alpha="1" visible="1" enabled="1" cssClass="iconNextButton" group="-1">
          <event id="onClick" language="DO"><![CDATA[uiobject_set(rootSlider,"current",2)]]></event>
        </component>
      </components>
      <animaciones>
      </animaciones>
    </pantalla>
    <pantalla id="pantalla_19">
      <event id="onPrepare" language="DO"><![CDATA[]]></event>
      <event id="onShown" language="DO"><![CDATA[]]></event>
      <components>
        <component _type="_compRichText" id="texto_17" x="112" y="20" width="647" height="72" alpha="1" visible="1" enabled="1" scrollable="1">
          <content><![CDATA[<p><span style="font-family:verdana,geneva,sans-serif"><span style="font-size:25px">&iquest;Cu&aacute;ntas vocales seguidas tiene la palabra?</span></span></p>
]]></content>
        </component>
        <component _type="_compRichText" id="texto_18" x="309" y="225" width="332" height="157" alpha="1" visible="1" enabled="1" scrollable="1">
          <content><![CDATA[<p><span style="font-size:68px"><span style="font-family:verdana,geneva,sans-serif"><span style="color:rgb(0, 0, 205)">EU</span>ROP<span style="color:rgb(0, 0, 205)">EO</span></span></span></p>
]]></content>
        </component>
        <component _type="_compIconButton" id="iconbutton_36" x="20" y="527" width="37" height="37" alpha="1" visible="1" enabled="1" cssClass="iconHomeButton" group="-1">
          <event id="onClick" language="DO"><![CDATA[uiobject_set(rootSlider,"current",0)]]></event>
        </component>
        <component _type="_compIconButton" id="iconbutton_123" x="87" y="527" width="37" height="37" alpha="1" visible="1" enabled="1" cssClass="iconPrevButton" group="-1">
          <event id="onClick" language="DO"><![CDATA[uiobject_set(rootSlider,"current",1)]]></event>
        </component>
        <component _type="_compIconButton" id="iconbutton_122" x="144" y="527" width="37" height="37" alpha="1" visible="1" enabled="1" cssClass="iconNextButton" group="-1">
          <event id="onClick" language="DO"><![CDATA[uiobject_set(rootSlider,"current",3)]]></event>
        </component>
      </components>
      <animaciones>
      </animaciones>
    </pantalla>
    <pantalla id="pantalla_23">
      <event id="onPrepare" language="DO"><![CDATA[]]></event>
      <event id="onShown" language="DO"><![CDATA[]]></event>
      <components>
        <component _type="_compRichText" id="texto_17" x="112" y="20" width="542" height="72" alpha="1" visible="1" enabled="1" scrollable="1">
          <content><![CDATA[<p><span style="font-family:verdana,geneva,sans-serif"><span style="font-size:25px">&iquest;Qu&eacute; tipo de vocales son?</span></span></p>
]]></content>
        </component>
        <component _type="_compRichText" id="texto_18" x="309" y="225" width="332" height="157" alpha="1" visible="1" enabled="1" scrollable="1">
          <content><![CDATA[<p><span style="font-size:68px"><span style="font-family:verdana,geneva,sans-serif"><span style="color:rgb(0, 0, 205)">EU</span>ROP<span style="color:rgb(0, 0, 205)">EO</span></span></span></p>
]]></content>
        </component>
        <component _type="_compIconButton" id="iconbutton_36" x="20" y="527" width="37" height="37" alpha="1" visible="1" enabled="1" cssClass="iconHomeButton" group="-1">
          <event id="onClick" language="DO"><![CDATA[uiobject_set(rootSlider,"current",0)]]></event>
        </component>
        <component _type="_compIconButton" id="iconbutton_123" x="87" y="527" width="37" height="37" alpha="1" visible="1" enabled="1" cssClass="iconPrevButton" group="-1">
          <event id="onClick" language="DO"><![CDATA[uiobject_set(rootSlider,"current",2)]]></event>
        </component>
        <component _type="_compIconButton" id="iconbutton_122" x="144" y="527" width="37" height="37" alpha="1" visible="1" enabled="1" cssClass="iconNextButton" group="-1">
          <event id="onClick" language="DO"><![CDATA[uiobject_set(rootSlider,"current",4)]]></event>
        </component>
        <component _type="_compIconButton" id="iconbutton_104" x="211" y="527" width="37" height="37" alpha="1" visible="1" enabled="1" cssClass="iconInfoButton" group="-1">
          <event id="onClick" language="DO"><![CDATA[popup_open("pantalla_31")]]></event>
        </component>
      </components>
      <animaciones>
      </animaciones>
    </pantalla>
    <pantalla id="pantalla_27">
      <event id="onPrepare" language="DO"><![CDATA[]]></event>
      <event id="onShown" language="DO"><![CDATA[]]></event>
      <components>
        <component _type="_compRichText" id="texto_17" x="112" y="20" width="542" height="72" alpha="1" visible="1" enabled="1" scrollable="1">
          <content><![CDATA[<p><span style="font-size:25px"><span style="font-family:verdana,geneva,sans-serif">&iquest;Qu&eacute; tipo de vocales son?</span></span></p>
]]></content>
        </component>
        <component _type="_compImage" id="image_37" x="286" y="192" width="378" height="224" alpha="1" visible="1" enabled="1" cssClass="" adjustMode="1" alignMode="0" image="data/imagenes/screenshot_6.jpg" />
        <component _type="_compIconButton" id="iconbutton_36" x="20" y="527" width="37" height="37" alpha="1" visible="1" enabled="1" cssClass="iconHomeButton" group="-1">
          <event id="onClick" language="DO"><![CDATA[uiobject_set(rootSlider,"current",0)]]></event>
        </component>
        <component _type="_compIconButton" id="iconbutton_123" x="87" y="527" width="37" height="37" alpha="1" visible="1" enabled="1" cssClass="iconPrevButton" group="-1">
          <event id="onClick" language="DO"><![CDATA[uiobject_set(rootSlider,"current",3)]]></event>
        </component>
        <component _type="_compIconButton" id="iconbutton_122" x="144" y="527" width="37" height="37" alpha="1" visible="1" enabled="1" cssClass="iconNextButton" group="-1">
          <event id="onClick" language="DO"><![CDATA[uiobject_set(rootSlider,"current",5)]]></event>
        </component>
      </components>
      <animaciones>
      </animaciones>
    </pantalla>
    <pantalla id="pantalla_38">
      <event id="onPrepare" language="DO"><![CDATA[]]></event>
      <event id="onShown" language="DO"><![CDATA[]]></event>
      <components>
        <component _type="_compImage" id="image_37" x="286" y="192" width="378" height="224" alpha="1" visible="1" enabled="1" cssClass="" adjustMode="1" alignMode="0" image="data/imagenes/screenshot_6.jpg" />
        <component _type="_compRichText" id="texto_17" x="112" y="20" width="542" height="72" alpha="1" visible="1" enabled="1" scrollable="1">
          <content><![CDATA[<p><span style="font-size:25px"><span style="font-family:verdana,geneva,sans-serif">&iquest;Las vocales forman diptongo o hiato?</span></span></p>
]]></content>
        </component>
        <component _type="_compIconButton" id="iconbutton_36" x="20" y="527" width="37" height="37" alpha="1" visible="1" enabled="1" cssClass="iconHomeButton" group="-1">
          <event id="onClick" language="DO"><![CDATA[uiobject_set(rootSlider,"current",0)]]></event>
        </component>
        <component _type="_compIconButton" id="iconbutton_123" x="87" y="527" width="37" height="37" alpha="1" visible="1" enabled="1" cssClass="iconPrevButton" group="-1">
          <event id="onClick" language="DO"><![CDATA[uiobject_set(rootSlider,"current",4)]]></event>
        </component>
        <component _type="_compIconButton" id="iconbutton_122" x="144" y="527" width="37" height="37" alpha="1" visible="1" enabled="1" cssClass="iconNextButton" group="-1">
          <event id="onClick" language="DO"><![CDATA[uiobject_set(rootSlider,"current",6)]]></event>
        </component>
        <component _type="_compIconButton" id="iconbutton_104" x="211" y="527" width="37" height="37" alpha="1" visible="1" enabled="1" cssClass="iconInfoButton" group="-1">
          <event id="onClick" language="DO"><![CDATA[popup_open("pantalla_42")]]></event>
        </component>
      </components>
      <animaciones>
      </animaciones>
    </pantalla>
    <pantalla id="pantalla_47">
      <event id="onPrepare" language="DO"><![CDATA[]]></event>
      <event id="onShown" language="DO"><![CDATA[]]></event>
      <components>
        <component _type="_compRichText" id="texto_17" x="112" y="20" width="542" height="72" alpha="1" visible="1" enabled="1" scrollable="1">
          <content><![CDATA[<p><span style="font-family:verdana,geneva,sans-serif"><span style="font-size:25px">&iquest;Las vocales forman diptongo o hiato?</span></span></p>
]]></content>
        </component>
        <component _type="_compImage" id="image_37" x="290" y="183" width="369" height="242" alpha="1" visible="1" enabled="1" cssClass="" adjustMode="1" alignMode="0" image="data/imagenes/screenshot_8.jpg" />
        <component _type="_compIconButton" id="iconbutton_36" x="20" y="527" width="37" height="37" alpha="1" visible="1" enabled="1" cssClass="iconHomeButton" group="-1">
          <event id="onClick" language="DO"><![CDATA[uiobject_set(rootSlider,"current",0)]]></event>
        </component>
        <component _type="_compIconButton" id="iconbutton_123" x="87" y="527" width="37" height="37" alpha="1" visible="1" enabled="1" cssClass="iconPrevButton" group="-1">
          <event id="onClick" language="DO"><![CDATA[uiobject_set(rootSlider,"current",5)]]></event>
        </component>
        <component _type="_compIconButton" id="iconbutton_122" x="144" y="527" width="37" height="37" alpha="1" visible="1" enabled="1" cssClass="iconNextButton" group="-1">
          <event id="onClick" language="DO"><![CDATA[uiobject_set(rootSlider,"current",7)]]></event>
        </component>
      </components>
      <animaciones>
      </animaciones>
    </pantalla>
    <pantalla id="pantalla_51">
      <event id="onPrepare" language="DO"><![CDATA[]]></event>
      <event id="onShown" language="DO"><![CDATA[]]></event>
      <components>
        <component _type="_compRichText" id="texto_17" x="112" y="20" width="641" height="72" alpha="1" visible="1" enabled="1" scrollable="1">
          <content><![CDATA[<p><span style="font-family:verdana,geneva,sans-serif"><span style="font-size:25px">&iquest;Cu&aacute;ntas s&iacute;labas tiene la palabra?</span></span></p>
]]></content>
        </component>
        <component _type="_compRichText" id="texto_18" x="309" y="225" width="332" height="157" alpha="1" visible="1" enabled="1" scrollable="1">
          <content><![CDATA[<p><span style="font-size:68px"><span style="font-family:verdana,geneva,sans-serif">EUROPEO</span></span></p>
]]></content>
        </component>
        <component _type="_compIconButton" id="iconbutton_36" x="20" y="527" width="37" height="37" alpha="1" visible="1" enabled="1" cssClass="iconHomeButton" group="-1">
          <event id="onClick" language="DO"><![CDATA[uiobject_set(rootSlider,"current",0)]]></event>
        </component>
        <component _type="_compIconButton" id="iconbutton_123" x="87" y="527" width="37" height="37" alpha="1" visible="1" enabled="1" cssClass="iconPrevButton" group="-1">
          <event id="onClick" language="DO"><![CDATA[uiobject_set(rootSlider,"current",6)]]></event>
        </component>
        <component _type="_compIconButton" id="iconbutton_122" x="144" y="527" width="37" height="37" alpha="1" visible="1" enabled="1" cssClass="iconNextButton" group="-1">
          <event id="onClick" language="DO"><![CDATA[uiobject_set(rootSlider,"current",8)]]></event>
        </component>
        <component _type="_compIconButton" id="iconbutton_104" x="211" y="527" width="37" height="37" alpha="1" visible="1" enabled="1" cssClass="iconInfoButton" group="-1">
          <event id="onClick" language="DO"><![CDATA[popup_open("pantalla_55")]]></event>
        </component>
      </components>
      <animaciones>
      </animaciones>
    </pantalla>
    <pantalla id="pantalla_60">
      <event id="onPrepare" language="DO"><![CDATA[]]></event>
      <event id="onShown" language="DO"><![CDATA[]]></event>
      <components>
        <component _type="_compRichText" id="texto_17" x="112" y="20" width="641" height="72" alpha="1" visible="1" enabled="1" scrollable="1">
          <content><![CDATA[<p><span style="font-family:verdana,geneva,sans-serif"><span style="font-size:25px">&iquest;Cu&aacute;ntas s&iacute;labas tiene la palabra?</span></span></p>
]]></content>
        </component>
        <component _type="_compImage" id="image_37" x="286" y="218" width="377" height="130" alpha="1" visible="1" enabled="1" cssClass="" adjustMode="1" alignMode="0" image="data/imagenes/screenshot_10.jpg" />
        <component _type="_compIconButton" id="iconbutton_122" x="144" y="527" width="37" height="37" alpha="1" visible="1" enabled="1" cssClass="iconNextButton" group="-1">
          <event id="onClick" language="DO"><![CDATA[uiobject_set(rootSlider,"current",9)]]></event>
        </component>
        <component _type="_compIconButton" id="iconbutton_123" x="87" y="527" width="37" height="37" alpha="1" visible="1" enabled="1" cssClass="iconPrevButton" group="-1">
          <event id="onClick" language="DO"><![CDATA[uiobject_set(rootSlider,"current",7)]]></event>
        </component>
        <component _type="_compIconButton" id="iconbutton_36" x="20" y="527" width="37" height="37" alpha="1" visible="1" enabled="1" cssClass="iconHomeButton" group="-1">
          <event id="onClick" language="DO"><![CDATA[uiobject_set(rootSlider,"current",0)]]></event>
        </component>
      </components>
      <animaciones>
      </animaciones>
    </pantalla>
    <pantalla id="pantalla_64">
      <event id="onPrepare" language="DO"><![CDATA[]]></event>
      <event id="onShown" language="DO"><![CDATA[]]></event>
      <components>
        <component _type="_compRichText" id="texto_17" x="112" y="20" width="641" height="72" alpha="1" visible="1" enabled="1" scrollable="1">
          <content><![CDATA[<p><span style="font-family:verdana,geneva,sans-serif"><span style="font-size:25px">&iquest;D&oacute;nde tiene la s&iacute;laba t&oacute;nica?</span></span></p>
]]></content>
        </component>
        <component _type="_compImage" id="image_37" x="286" y="218" width="368" height="109" alpha="1" visible="1" enabled="1" cssClass="" adjustMode="1" alignMode="0" image="data/imagenes/screenshot_11.jpg" />
        <component _type="_compIconButton" id="iconbutton_122" x="144" y="527" width="37" height="37" alpha="1" visible="1" enabled="1" cssClass="iconNextButton" group="-1">
          <event id="onClick" language="DO"><![CDATA[uiobject_set(rootSlider,"current",10)]]></event>
        </component>
        <component _type="_compIconButton" id="iconbutton_123" x="87" y="527" width="37" height="37" alpha="1" visible="1" enabled="1" cssClass="iconPrevButton" group="-1">
          <event id="onClick" language="DO"><![CDATA[uiobject_set(rootSlider,"current",8)]]></event>
        </component>
        <component _type="_compIconButton" id="iconbutton_36" x="20" y="527" width="37" height="37" alpha="1" visible="1" enabled="1" cssClass="iconHomeButton" group="-1">
          <event id="onClick" language="DO"><![CDATA[uiobject_set(rootSlider,"current",0)]]></event>
        </component>
        <component _type="_compIconButton" id="iconbutton_104" x="211" y="527" width="37" height="37" alpha="1" visible="1" enabled="1" cssClass="iconInfoButton" group="-1">
          <event id="onClick" language="DO"><![CDATA[popup_open("pantalla_68")]]></event>
        </component>
      </components>
      <animaciones>
      </animaciones>
    </pantalla>
    <pantalla id="pantalla_73">
      <event id="onPrepare" language="DO"><![CDATA[]]></event>
      <event id="onShown" language="DO"><![CDATA[]]></event>
      <components>
        <component _type="_compRichText" id="texto_17" x="112" y="20" width="641" height="72" alpha="1" visible="1" enabled="1" scrollable="1">
          <content><![CDATA[<p><span style="font-family:verdana,geneva,sans-serif"><span style="font-size:25px">&iquest;D&oacute;nde tiene la s&iacute;laba t&oacute;nica?</span></span></p>
]]></content>
        </component>
        <component _type="_compImage" id="image_37" x="286" y="218" width="379" height="114" alpha="1" visible="1" enabled="1" cssClass="" adjustMode="1" alignMode="0" image="data/imagenes/screenshot_13.jpg" />
        <component _type="_compIconButton" id="iconbutton_36" x="20" y="527" width="37" height="37" alpha="1" visible="1" enabled="1" cssClass="iconHomeButton" group="-1">
          <event id="onClick" language="DO"><![CDATA[uiobject_set(rootSlider,"current",0)]]></event>
        </component>
        <component _type="_compIconButton" id="iconbutton_123" x="87" y="527" width="37" height="37" alpha="1" visible="1" enabled="1" cssClass="iconPrevButton" group="-1">
          <event id="onClick" language="DO"><![CDATA[uiobject_set(rootSlider,"current",9)]]></event>
        </component>
        <component _type="_compIconButton" id="iconbutton_122" x="144" y="527" width="37" height="37" alpha="1" visible="1" enabled="1" cssClass="iconNextButton" group="-1">
          <event id="onClick" language="DO"><![CDATA[uiobject_set(rootSlider,"current",11)]]></event>
        </component>
      </components>
      <animaciones>
      </animaciones>
    </pantalla>
    <pantalla id="pantalla_77">
      <event id="onPrepare" language="DO"><![CDATA[]]></event>
      <event id="onShown" language="DO"><![CDATA[]]></event>
      <components>
        <component _type="_compImage" id="image_37" x="286" y="218" width="377" height="130" alpha="1" visible="1" enabled="1" cssClass="" adjustMode="1" alignMode="0" image="data/imagenes/screenshot_10.jpg" />
        <component _type="_compRichText" id="texto_17" x="112" y="20" width="641" height="72" alpha="1" visible="1" enabled="1" scrollable="1">
          <content><![CDATA[<p><span style="font-family:verdana,geneva,sans-serif"><span style="font-size:25px">&iquest;Es una palabra aguda, llana o esdr&uacute;jula?</span></span></p>
]]></content>
        </component>
        <component _type="_compIconButton" id="iconbutton_36" x="20" y="527" width="37" height="37" alpha="1" visible="1" enabled="1" cssClass="iconHomeButton" group="-1">
          <event id="onClick" language="DO"><![CDATA[uiobject_set(rootSlider,"current",0)]]></event>
        </component>
        <component _type="_compIconButton" id="iconbutton_123" x="87" y="527" width="37" height="37" alpha="1" visible="1" enabled="1" cssClass="iconPrevButton" group="-1">
          <event id="onClick" language="DO"><![CDATA[uiobject_set(rootSlider,"current",10)]]></event>
        </component>
        <component _type="_compIconButton" id="iconbutton_122" x="144" y="527" width="37" height="37" alpha="1" visible="1" enabled="1" cssClass="iconNextButton" group="-1">
          <event id="onClick" language="DO"><![CDATA[uiobject_set(rootSlider,"current",12)]]></event>
        </component>
        <component _type="_compIconButton" id="iconbutton_104" x="211" y="527" width="37" height="37" alpha="1" visible="1" enabled="1" cssClass="iconInfoButton" group="-1">
          <event id="onClick" language="DO"><![CDATA[popup_open("pantalla_81")]]></event>
        </component>
      </components>
      <animaciones>
      </animaciones>
    </pantalla>
    <pantalla id="pantalla_86">
      <event id="onPrepare" language="DO"><![CDATA[]]></event>
      <event id="onShown" language="DO"><![CDATA[]]></event>
      <components>
        <component _type="_compRichText" id="texto_17" x="112" y="20" width="641" height="72" alpha="1" visible="1" enabled="1" scrollable="1">
          <content><![CDATA[<p><span style="font-family:verdana,geneva,sans-serif"><span style="font-size:25px">&iquest;Es una palabra aguda, llana o esdr&uacute;jula?</span></span></p>
]]></content>
        </component>
        <component _type="_compImage" id="image_37" x="286" y="218" width="376" height="161" alpha="1" visible="1" enabled="1" cssClass="" adjustMode="1" alignMode="0" image="data/imagenes/screenshot_15.jpg" />
        <component _type="_compIconButton" id="iconbutton_36" x="20" y="527" width="37" height="37" alpha="1" visible="1" enabled="1" cssClass="iconHomeButton" group="-1">
          <event id="onClick" language="DO"><![CDATA[uiobject_set(rootSlider,"current",0)]]></event>
        </component>
        <component _type="_compIconButton" id="iconbutton_123" x="87" y="527" width="37" height="37" alpha="1" visible="1" enabled="1" cssClass="iconPrevButton" group="-1">
          <event id="onClick" language="DO"><![CDATA[uiobject_set(rootSlider,"current",11)]]></event>
        </component>
        <component _type="_compIconButton" id="iconbutton_122" x="144" y="527" width="37" height="37" alpha="1" visible="1" enabled="1" cssClass="iconNextButton" group="-1">
          <event id="onClick" language="DO"><![CDATA[uiobject_set(rootSlider,"current",13)]]></event>
        </component>
      </components>
      <animaciones>
      </animaciones>
    </pantalla>
    <pantalla id="pantalla_90">
      <event id="onPrepare" language="DO"><![CDATA[]]></event>
      <event id="onShown" language="DO"><![CDATA[]]></event>
      <components>
        <component _type="_compImage" id="image_37" x="286" y="218" width="379" height="114" alpha="1" visible="1" enabled="1" cssClass="" adjustMode="1" alignMode="0" image="data/imagenes/screenshot_13.jpg" />
        <component _type="_compRichText" id="texto_17" x="112" y="20" width="641" height="72" alpha="1" visible="1" enabled="1" scrollable="1">
          <content><![CDATA[<p><span style="font-family:verdana,geneva,sans-serif"><span style="font-size:25px">&iquest;Lleva tilde o no?</span></span></p>
]]></content>
        </component>
        <component _type="_compIconButton" id="iconbutton_36" x="20" y="527" width="37" height="37" alpha="1" visible="1" enabled="1" cssClass="iconHomeButton" group="-1">
          <event id="onClick" language="DO"><![CDATA[uiobject_set(rootSlider,"current",0)]]></event>
        </component>
        <component _type="_compIconButton" id="iconbutton_123" x="87" y="527" width="37" height="37" alpha="1" visible="1" enabled="1" cssClass="iconPrevButton" group="-1">
          <event id="onClick" language="DO"><![CDATA[uiobject_set(rootSlider,"current",12)]]></event>
        </component>
        <component _type="_compIconButton" id="iconbutton_122" x="144" y="527" width="37" height="37" alpha="1" visible="1" enabled="1" cssClass="iconNextButton" group="-1">
          <event id="onClick" language="DO"><![CDATA[uiobject_set(rootSlider,"current",14)]]></event>
        </component>
        <component _type="_compIconButton" id="iconbutton_104" x="211" y="527" width="37" height="37" alpha="1" visible="1" enabled="1" cssClass="iconInfoButton" group="-1">
          <event id="onClick" language="DO"><![CDATA[popup_open("pantalla_94")]]></event>
        </component>
      </components>
      <animaciones>
      </animaciones>
    </pantalla>
    <pantalla id="pantalla_99">
      <event id="onPrepare" language="DO"><![CDATA[]]></event>
      <event id="onShown" language="DO"><![CDATA[]]></event>
      <components>
        <component _type="_compRichText" id="texto_17" x="112" y="20" width="641" height="72" alpha="1" visible="1" enabled="1" scrollable="1">
          <content><![CDATA[<p><span style="font-family:verdana,geneva,sans-serif"><span style="font-size:25px">&iquest;Lleva tilde o no?</span></span></p>
]]></content>
        </component>
        <component _type="_compImage" id="image_37" x="287" y="145" width="375" height="192" alpha="1" visible="1" enabled="1" cssClass="" adjustMode="1" alignMode="0" image="data/imagenes/screenshot_17.jpg" />
        <component _type="_compRichText" id="texto_103" x="160" y="327" width="630" height="231" alpha="1" visible="1" enabled="1" scrollable="0">
          <content><![CDATA[<p><span style="font-size:20px"><span style="font-family:verdana,geneva,sans-serif"><strong>No lleva tilde porque:</strong></span></span></p>

<ul>
	<li><span style="font-size:20px"><span style="font-family:verdana,geneva,sans-serif">Hiato</span></span></li>
	<li><span style="font-size:20px"><span style="font-family:verdana,geneva,sans-serif">Vocal fuerte (E) + vocal fuerte (O)</span></span></li>
	<li><span style="font-size:20px"><span style="font-family:verdana,geneva,sans-serif">Tetras&iacute;laba (4 s&iacute;labas)</span></span></li>
	<li><span style="font-size:20px"><span style="font-family:verdana,geneva,sans-serif">T&oacute;nica en la pen&uacute;ltima s&iacute;laba (PE)</span></span></li>
	<li><span style="font-size:20px"><span style="font-family:verdana,geneva,sans-serif">Llana: no se acent&uacute;an ni acabadas en vocal, ni en </span></span>-S ni -N.</li>
</ul>
]]></content>
        </component>
        <component _type="_compIconButton" id="iconbutton_123" x="87" y="527" width="37" height="37" alpha="1" visible="1" enabled="1" cssClass="iconPrevButton" group="-1">
          <event id="onClick" language="DO"><![CDATA[uiobject_set(rootSlider,"current",13)]]></event>
        </component>
        <component _type="_compIconButton" id="iconbutton_36" x="20" y="527" width="37" height="37" alpha="1" visible="1" enabled="1" cssClass="iconHomeButton" group="-1">
          <event id="onClick" language="DO"><![CDATA[uiobject_set(rootSlider,"current",0)]]></event>
        </component>
      </components>
      <animaciones>
      </animaciones>
    </pantalla>
  </pantallas>
  <popups>
    <pantalla id="pantalla_31">
      <event id="onPrepare" language="DO"><![CDATA[]]></event>
      <event id="onShown" language="DO"><![CDATA[]]></event>
      <components>
        <component _type="_compCSSBox" id="fondo_186" x="-3" y="83" width="867" height="611" alpha="1" visible="1" enabled="1" cssClass="bkWhite" />
        <component _type="_compCSSBox" id="fondo_36" x="83" y="-3" width="867" height="611" alpha="1" visible="1" enabled="1" cssClass="bkWhite" />
        <component _type="_compImage" id="image_35" x="99" y="77" width="751" height="453" alpha="1" visible="1" enabled="1" cssClass="" adjustMode="1" alignMode="0" image="data/imagenes/screenshot_5.jpg" />
        <component _type="_compIconButton" id="iconbutton_105" x="806" y="86" width="37" height="37" alpha="1" visible="1" enabled="1" cssClass="iconCloseButton" group="-1">
          <event id="onClick" language="DO"><![CDATA[popup_close()]]></event>
        </component>
      </components>
      <animaciones>
      </animaciones>
    </pantalla>
    <pantalla id="pantalla_42">
      <event id="onPrepare" language="DO"><![CDATA[]]></event>
      <event id="onShown" language="DO"><![CDATA[]]></event>
      <components>
        <component _type="_compCSSBox" id="fondo_186" x="-3" y="83" width="867" height="611" alpha="1" visible="1" enabled="1" cssClass="bkWhite" />
        <component _type="_compCSSBox" id="fondo_36" x="87" y="-3" width="863" height="611" alpha="1" visible="1" enabled="1" cssClass="bkWhite" />
        <component _type="_compImage" id="image_46" x="97" y="74" width="756" height="460" alpha="1" visible="1" enabled="1" cssClass="" adjustMode="1" alignMode="0" image="data/imagenes/screenshot_7.jpg" />
        <component _type="_compIconButton" id="iconbutton_105" x="806" y="86" width="37" height="37" alpha="1" visible="1" enabled="1" cssClass="iconCloseButton" group="-1">
          <event id="onClick" language="DO"><![CDATA[popup_close()]]></event>
        </component>
      </components>
      <animaciones>
      </animaciones>
    </pantalla>
    <pantalla id="pantalla_55">
      <event id="onPrepare" language="DO"><![CDATA[]]></event>
      <event id="onShown" language="DO"><![CDATA[]]></event>
      <components>
        <component _type="_compCSSBox" id="fondo_187" x="-2" y="82" width="868" height="611" alpha="1" visible="1" enabled="1" cssClass="bkWhite" />
        <component _type="_compCSSBox" id="fondo_36" x="83" y="-3" width="868" height="611" alpha="1" visible="1" enabled="1" cssClass="bkWhite" />
        <component _type="_compImage" id="image_59" x="96" y="75" width="757" height="458" alpha="1" visible="1" enabled="1" cssClass="" adjustMode="1" alignMode="0" image="data/imagenes/screenshot_9.jpg" />
        <component _type="_compIconButton" id="iconbutton_105" x="806" y="86" width="37" height="37" alpha="1" visible="1" enabled="1" cssClass="iconCloseButton" group="-1">
          <event id="onClick" language="DO"><![CDATA[popup_close()]]></event>
        </component>
      </components>
      <animaciones>
      </animaciones>
    </pantalla>
    <pantalla id="pantalla_68">
      <event id="onPrepare" language="DO"><![CDATA[]]></event>
      <event id="onShown" language="DO"><![CDATA[]]></event>
      <components>
        <component _type="_compCSSBox" id="fondo_188" x="-3" y="84" width="868" height="611" alpha="1" visible="1" enabled="1" cssClass="bkWhite" />
        <component _type="_compCSSBox" id="fondo_36" x="81" y="-3" width="868" height="611" alpha="1" visible="1" enabled="1" cssClass="bkWhite" />
        <component _type="_compImage" id="image_72" x="97" y="74" width="755" height="459" alpha="1" visible="1" enabled="1" cssClass="" adjustMode="1" alignMode="0" image="data/imagenes/screenshot_12.jpg" />
        <component _type="_compIconButton" id="iconbutton_105" x="806" y="86" width="37" height="37" alpha="1" visible="1" enabled="1" cssClass="iconCloseButton" group="-1">
          <event id="onClick" language="DO"><![CDATA[popup_close()]]></event>
        </component>
      </components>
      <animaciones>
      </animaciones>
    </pantalla>
    <pantalla id="pantalla_81">
      <event id="onPrepare" language="DO"><![CDATA[]]></event>
      <event id="onShown" language="DO"><![CDATA[]]></event>
      <components>
        <component _type="_compCSSBox" id="fondo_189" x="-3" y="82" width="867" height="611" alpha="1" visible="1" enabled="1" cssClass="bkWhite" />
        <component _type="_compCSSBox" id="fondo_36" x="84" y="-3" width="867" height="611" alpha="1" visible="1" enabled="1" cssClass="bkWhite" />
        <component _type="_compImage" id="image_85" x="97" y="75" width="757" height="458" alpha="1" visible="1" enabled="1" cssClass="" adjustMode="1" alignMode="0" image="data/imagenes/screenshot_14.jpg" />
        <component _type="_compIconButton" id="iconbutton_105" x="806" y="86" width="37" height="37" alpha="1" visible="1" enabled="1" cssClass="iconCloseButton" group="-1">
          <event id="onClick" language="DO"><![CDATA[popup_close()]]></event>
        </component>
      </components>
      <animaciones>
        <anim id="Entrada"><![CDATA[{}]]></anim>
      </animaciones>
    </pantalla>
    <pantalla id="pantalla_94">
      <event id="onPrepare" language="DO"><![CDATA[]]></event>
      <event id="onShown" language="DO"><![CDATA[]]></event>
      <components>
        <component _type="_compCSSBox" id="fondo_190" x="-2" y="86" width="866" height="611" alpha="1" visible="1" enabled="1" cssClass="bkWhite" />
        <component _type="_compCSSBox" id="fondo_36" x="85" y="-3" width="866" height="611" alpha="1" visible="1" enabled="1" cssClass="bkWhite" />
        <component _type="_compImage" id="image_98" x="96" y="74" width="758" height="460" alpha="1" visible="1" enabled="1" cssClass="" adjustMode="1" alignMode="0" image="data/imagenes/screenshot_16.jpg" />
        <component _type="_compIconButton" id="iconbutton_105" x="806" y="86" width="37" height="37" alpha="1" visible="1" enabled="1" cssClass="iconCloseButton" group="-1">
          <event id="onClick" language="DO"><![CDATA[popup_close()]]></event>
        </component>
      </components>
      <animaciones>
      </animaciones>
    </pantalla>
  </popups>
</engine>