﻿<?xml version="1.0" encoding="utf-8"?><motor tipo="13" clase="b" aprid="m13b"><plataforma><grado><![CDATA[2]]></grado><titulo>Marca las palabras que cumplen la función de complemento directo</titulo><area>0</area><nivel>2</nivel><referencia /><idreg><![CDATA[0]]></idreg><motor><![CDATA[M13B]]></motor><lang>es</lang></plataforma><enunciado><![CDATA[Señala las palabras que hacen las veces de complemento directo en las siguientes oraciones.]]></enunciado><masinfo inicio="0" /><calc><![CDATA[0]]></calc><texto><![CDATA[* El enfermo toma [caldo].* El alcalde prohibió [las] [corridas] [de] [toros].* Mi abuela necesita [oxígeno].* Yo no tolero [la] [leche].* El rey de España celebra [la] [victoria] [del] [equipo].* Mi mamá apagó [la] [estufa].* Los policías llevan [armas] [de] [fuego].* Los domingos cocinamos [carne] [asada].* Quiero ver [esa] [película].* Anoche vi [una] [estrella] [fugaz].]]></texto></motor>