﻿<?xml version="1.0" encoding="utf-8"?><motor tipo="1" clase="b" aprid="m1b">
  <plataforma>
    <grado><![CDATA[2]]></grado>
    <titulo>Gramática: asocia el tipo de complemento verbal con su ejemplo correspondiente</titulo>
    <area>0</area>
    <nivel>2</nivel>
    <referencia/>
    <idreg><![CDATA[0]]></idreg>
    <motor><![CDATA[M1B]]></motor>
    <lang>es</lang>
  </plataforma>
  <enunciado><![CDATA[Lee con atención las siguientes oraciones y arrástralas al contenedor que indica el tipo de complemento que contienen. ]]></enunciado>
  <masinfo inicio="0"/>
  <sinaleatoriedad><![CDATA[0]]></sinaleatoriedad>
  <calc><![CDATA[0]]></calc>
  <textoatexto cantidad="3">
    <cuestion>
      <pregunta><![CDATA[Complemento directo]]></pregunta>
      <respuesta><![CDATA[Marco consiguió, a último momento, las boletas para el lanzamiento de su película preferida.]]></respuesta>
    </cuestion>
    <cuestion>
      <pregunta><![CDATA[Complemeto indirecto]]></pregunta>
      <respuesta><![CDATA[Llevamos a Antonia al hospital después del incidente de anoche. ]]></respuesta>
    </cuestion>
    <cuestion>
      <pregunta><![CDATA[Complemento atributo]]></pregunta>
      <respuesta><![CDATA[Laura está terriblemente enferma y cansada por tanto trabajo.]]></respuesta>
    </cuestion>
  </textoatexto>
  <textofalso cantidad="0"/>
</motor>