﻿<?xml version="1.0" encoding="utf-8"?><engine copy="Editorial Planeta" version="1" aprid="f4">
<main title="Composiciones líricas breves" path="LE_07_03_REC70_IMG01.jpg" buttonsHeight="53">
<info path="LE_07_03_REC70_IMG02.jpg">
<text><![CDATA[<p><span style="font-size:22px"><span style="font-family:verdana,geneva,sans-serif">A lo largo de la historia de la literatura universal han surgido diversas formas de composici&oacute;n l&iacute;rica breve. Algunas de ellas son: el haik&uacute;&nbsp;y&nbsp;el tanka en Oriente;&nbsp;los epigramas, los caligramas y las greguer&iacute;as en Occidente.&nbsp;</span></span></p>
]]></text>
</info>
</main>
<questions respCorrecta="Respuesta correcta." respIncorrecta="Respuesta incorrecta.">
<question title="El haikú" path="">
<text><![CDATA[<p><span style="font-size:20px"><span style="font-family:verdana,geneva,sans-serif">El haik&uacute; o haiku&nbsp;surgi&oacute; en Jap&oacute;n en el siglo XVl como un tipo de&nbsp;composici&oacute;n&nbsp;breve&nbsp;que se articula en torno a la emoci&oacute;n que produce en el poeta la contemplaci&oacute;n de la naturaleza. A&nbsp;menudo&nbsp;entonces, el haik&uacute;&nbsp;hace uso de&nbsp;</span></span><span style="font-size:20px"><span style="font-family:verdana,geneva,sans-serif">im&aacute;genes que comprenden elementos y estados naturales, como las estaciones&nbsp;por ejemplo, para evocar estados emocionales espec&iacute;ficos.&nbsp;</span></span></p>

<p><span style="font-size:20px"><span style="font-family:verdana,geneva,sans-serif">Tal evocaci&oacute;n se produce de forma sucinta,&nbsp;delicada y simple,&nbsp;</span></span><span style="font-size:20px"><span style="font-family:verdana,geneva,sans-serif">por medio de&nbsp;palabras que buscan resaltar lo po&eacute;tico&nbsp;del momento inmediato. Por esta&nbsp;raz&oacute;n se ha vinculado&nbsp;este tipo de poes&iacute;a&nbsp;con el budismo zen, el cual&nbsp;enfatiza, por un lado, el centrarse en el aqu&iacute; y el ahora, y por el otro, habla de&nbsp;encontrar la satisfacci&oacute;n y la felicidad en las cosas inmediatas, cotidianas y simples de la vida.</span></span></p>

<p><span style="font-size:20px"><span style="font-family:verdana,geneva,sans-serif">Por medio de este tipo de composici&oacute;n l&iacute;rica el poeta intenta aprehender todo aquello que no puede tocarse ni entenderse, es decir, la esencia espiritual&nbsp;de la naturaleza. Para este fin, el poeta despoja a la palabra de cualquier artificio, para as&iacute;, reducirla a su expresi&oacute;n m&aacute;s elemental.&nbsp;</span></span></p>

<p style="text-align:justify">&nbsp;</p>
]]></text><answers>
<answer correct="0">
<text><![CDATA[Características]]></text>
<explanation width="394"><![CDATA[<p><span style="font-size:18px"><span style="font-family:verdana,geneva,sans-serif">-Una&nbsp;tem&aacute;tica&nbsp;en la cual prevalece el presente como instante significativo.</span></span></p>

<p><span style="font-size:18px"><span style="font-family:verdana,geneva,sans-serif">-La brevedad de los poemas: habitualmente formados por 3 versos de&nbsp;5, 7 y&nbsp;5 s&iacute;labas&nbsp;respectivamente.</span></span></p>

<p><span style="font-size:18px"><span style="font-family:verdana,geneva,sans-serif">-Una continua evocaci&oacute;n de la naturaleza, en la que especialmente se menciona&nbsp;la estaci&oacute;n del a&ntilde;o. Por ejemplo: la luz del verano u oto&ntilde;o, el viento fr&iacute;o del invierno, los d&iacute;as cortos o largos, entre otros.&nbsp;</span></span></p>

<p><span style="font-size:18px"><span style="font-family:verdana,geneva,sans-serif">-Una noci&oacute;n seg&uacute;n la cual&nbsp;la b&uacute;squeda interior del hombre hacia lo espiritual&nbsp;se da a trav&eacute;s de la palabra.</span></span></p>
]]></explanation>
</answer>
<answer correct="0">
<text><![CDATA[]]></text>
<explanation width="394"><![CDATA[]]></explanation>
</answer>
<answer correct="0">
<text><![CDATA[]]></text>
<explanation width="394"><![CDATA[]]></explanation>
</answer>
<answer correct="0">
<text><![CDATA[]]></text>
<explanation width="394"><![CDATA[]]></explanation>
</answer>
<answer correct="0">
<text><![CDATA[]]></text>
<explanation width="394"><![CDATA[]]></explanation>
</answer>
<answer correct="0">
<text><![CDATA[]]></text>
<explanation width="394"><![CDATA[]]></explanation>
</answer>
<answer correct="0">
<text><![CDATA[]]></text>
<explanation width="394"><![CDATA[]]></explanation>
</answer>
<answer correct="0">
<text><![CDATA[]]></text>
<explanation width="394"><![CDATA[]]></explanation>
</answer>
</answers>
<info path="LE_07_03_REC70_IMG07.jpg">
<text><![CDATA[<p><span style="font-size:22px"><span style="font-family:verdana,geneva,sans-serif">Los d&iacute;as lentos</span></span></p>

<p><span style="font-size:22px"><span style="font-family:verdana,geneva,sans-serif">se apilan, evocando</span></span></p>

<p><span style="font-size:22px"><span style="font-family:verdana,geneva,sans-serif">un viejo anta&ntilde;o.</span></span></p>

<p style="text-align:right"><span style="font-size:22px"><span style="font-family:verdana,geneva,sans-serif">Yosa Buson (1716-1784)</span></span></p>

<p>&nbsp;</p>

<p><span style="font-size:22px"><span style="font-family:verdana,geneva,sans-serif">La flor ca&iacute;da</span></span></p>

<p><span style="font-size:22px"><span style="font-family:verdana,geneva,sans-serif">va volando a su rama.</span></span></p>

<p><span style="font-size:22px"><span style="font-family:verdana,geneva,sans-serif">&iexcl;Es mariposa!</span></span></p>

<p style="text-align:right"><span style="font-size:22px"><span style="font-family:verdana,geneva,sans-serif">Arakida Moritake (1473-1549)</span></span></p>

<p style="text-align:right">&nbsp;</p>
]]></text>
</info>
</question>
<question title="El tanka" path="">
<text><![CDATA[<p><span style="font-size:20px"><span style="font-family:verdana,geneva,sans-serif">El tanka surgi&oacute; en Jap&oacute;n con mucha antelaci&oacute;n al&nbsp;haik&uacute;;<em>&nbsp;</em>aparece&nbsp;desde el&nbsp;<em>Manyoushu</em>&nbsp;(<em>Canci&oacute;n de la mir&iacute;ada de hojas</em>), la antolog&iacute;a de poes&iacute;a japonesa m&aacute;s antigua y relevante, datada en el siglo VIII.&nbsp;</span></span></p>

<p><span style="font-size:20px"><span style="font-family:verdana,geneva,sans-serif"><em>Tanka</em>&nbsp;significa &quot;canci&oacute;n corta&quot;,&nbsp;fue un g&eacute;nero extensamente cultivado y que suele tener cinco versos de 5, 7, 5, 7 y&nbsp;7 s&iacute;labas respectivamente. Los autores generalmente pertenec&iacute;an a la clase gobernante, que adem&aacute;s de&nbsp;declamar&nbsp;sus composiciones en concursos&nbsp;especialmente organizados para tal fin, utilizaron este tipo de poes&iacute;a para socializar toda suerte de ceremonias y convenciones de clase; despedidas, saludos, elogios, salidas de campo, todo pod&iacute;a ser expresado elegantemente en las 31 s&iacute;labas de un tanka.</span></span></p>

<p><span style="font-size:20px"><span style="font-family:verdana,geneva,sans-serif">No obstante, la tem&aacute;tica dominante fue la de tipo amoroso. Amantes pod&iacute;an intercambiar varios tankas al d&iacute;a para comunicarse sus deseos, agradecimientos, invitaciones al lecho o rupturas. Se conocen casos de autor&iacute;as compartidas, en los cuales e</span></span><span style="font-size:20px"><span style="font-family:verdana,geneva,sans-serif">l primer poeta o poetisa&nbsp;propon&iacute;a&nbsp;los primeros versos y el destinatario o destinataria conclu&iacute;a&nbsp;los &uacute;ltimos.&nbsp;</span></span></p>
]]></text><answers>
<answer correct="0">
<text><![CDATA[Características]]></text>
<explanation width="394"><![CDATA[<p><span style="font-size:18px"><span style="font-family:verdana,geneva,sans-serif">-Una tem&aacute;tica en la que predomina el amor.</span></span></p>

<p><span style="font-size:18px"><span style="font-family:verdana,geneva,sans-serif">-A pesar de la brevedad, una extensi&oacute;n m&aacute;s amplia que la del haik&uacute;.&nbsp;El tanka est&aacute; conformado por 31 s&iacute;labas divididas en cinco versos de 5, 7, 5, 7, 7 respectivamente.</span></span></p>

<p><span style="font-size:18px"><span style="font-family:verdana,geneva,sans-serif">-La representaci&oacute;n de costumbres y ceremonias propias de la&nbsp;&eacute;lite social.</span></span></p>
]]></explanation>
</answer>
<answer correct="0">
<text><![CDATA[]]></text>
<explanation width="394"><![CDATA[]]></explanation>
</answer>
<answer correct="0">
<text><![CDATA[]]></text>
<explanation width="394"><![CDATA[]]></explanation>
</answer>
<answer correct="0">
<text><![CDATA[]]></text>
<explanation width="394"><![CDATA[]]></explanation>
</answer>
<answer correct="0">
<text><![CDATA[]]></text>
<explanation width="394"><![CDATA[]]></explanation>
</answer>
<answer correct="0">
<text><![CDATA[]]></text>
<explanation width="394"><![CDATA[]]></explanation>
</answer>
<answer correct="0">
<text><![CDATA[]]></text>
<explanation width="394"><![CDATA[]]></explanation>
</answer>
<answer correct="0">
<text><![CDATA[]]></text>
<explanation width="394"><![CDATA[]]></explanation>
</answer>
</answers>
<info path="LE_07_03_REC70_IMG04.jpg">
<text><![CDATA[<p><span style="font-size:22px"><span style="font-family:verdana,geneva,sans-serif">Igual que los gusanillos de seda </span></span></p>

<p><span style="font-size:22px"><span style="font-family:verdana,geneva,sans-serif">que cr&iacute;a mi madre bajo su custodia,</span></span></p>

<p><span style="font-size:22px"><span style="font-family:verdana,geneva,sans-serif">yo, encerrado tambi&eacute;n en un estrecho capullo, </span></span></p>

<p><span style="font-size:22px"><span style="font-family:verdana,geneva,sans-serif">me siento ahogado </span></span></p>

<p><span style="font-size:22px"><span style="font-family:verdana,geneva,sans-serif">sin poder ver a mi amada.</span></span></p>

<p style="text-align:right"><span style="font-family:verdana,geneva,sans-serif"><span style="font-size:22px">Canto 2991.&nbsp;</span><em><span style="font-size:22px">Manyoushu</span><span style="font-size:20px">,</span></em><span style="font-size:20px">&nbsp;Tomo XII</span></span></p>

<p>&nbsp;</p>

<p><span style="font-size:22px"><span style="font-family:verdana,geneva,sans-serif">Ahora yo me voy a morir,</span></span></p>

<p><span style="font-size:22px"><span style="font-family:verdana,geneva,sans-serif">querid&iacute;simo m&iacute;o, </span></span></p>

<p><span style="font-size:22px"><span style="font-family:verdana,geneva,sans-serif">porque nadie cree </span></span></p>

<p><span style="font-size:22px"><span style="font-family:verdana,geneva,sans-serif">que t&uacute; me </span></span><span style="font-size:22px"><span style="font-family:verdana,geneva,sans-serif">favorezcas con tu amor</span></span></p>

<p><span style="font-size:22px"><span style="font-family:verdana,geneva,sans-serif">aunque yo siga viviendo.</span></span></p>

<p style="text-align:right"><span style="font-family:verdana,geneva,sans-serif; font-size:22px">Canto 684.&nbsp;</span><em><span style="font-size:22px">Manyoushu</span><span style="font-size:20px">,</span></em><span style="font-family:verdana,geneva,sans-serif; font-size:20px">&nbsp;Tomo IV</span></p>
]]></text>
</info>
</question>
<question title="El epigrama" path="">
<text><![CDATA[<p><span style="font-size:20px"><span style="font-family:verdana,geneva,sans-serif">El epigrama surge&nbsp;en&nbsp;Grecia en la &eacute;poca&nbsp;cl&aacute;sica, pero se consolida como g&eacute;nero propiamente en la &eacute;poca helen&iacute;stica (323 a. C. - 30 a. C.). En principio, los epigramas eran inscripciones talladas en diferentes objetos, como piedras, trozos de metal, puertas, estatuas o tumbas (estos &uacute;ltimos luego comenzaron a llamarse epitafios), que ten&iacute;an la intenci&oacute;n de transmitir un mensaje concreto con brevedad, y por lo general se compon&iacute;an en&nbsp;<em>d&iacute;sticos,</em>&nbsp;es decir, estrofas de dos versos.</span></span></p>

<p><span style="font-size:20px"><span style="font-family:verdana,geneva,sans-serif">Sin embargo, eventualmente, los epigramas comenzaron a comprender tem&aacute;ticas m&aacute;s variadas, a reflejar los diversos intereses de la &eacute;poca y&nbsp;a aumentar en su extensi&oacute;n. Despu&eacute;s de un tiempo, cualquier poema que tuviera un tono ingenioso y que fuera&nbsp;breve comenz&oacute; a considerarse un epigrama, sin importar mucho la estructura m&eacute;trica ni la rima. Entonces,&nbsp;este tipo de composici&oacute;n l&iacute;rica&nbsp;se convirti&oacute; en un modo de expresi&oacute;n&nbsp;sat&iacute;rica en la&nbsp;que predomina el tono ir&oacute;nico y a veces sarc&aacute;stico.&nbsp;</span></span></p>

<p><span style="font-size:20px"><span style="font-family:verdana,geneva,sans-serif">El g&eacute;nero fue heredado a Roma por los griegos, y luego fue recuperado por poetas como Jonathan Swift (1667-1745) y&nbsp;Oscar Wilde (1854-1900), para consolidar el epigrama moderno. En general, el epigrama se utiliza&nbsp;para criticar alg&uacute;n vicio o defecto de una persona o situaci&oacute;n actual cotidiana. Los epigramas que hablan del amor se caracterizan por tener un tono de humor negro.&nbsp;</span></span></p>
]]></text><answers>
<answer correct="0">
<text><![CDATA[Características]]></text>
<explanation width="394"><![CDATA[<p><span style="font-size:18px"><span style="font-family:verdana,geneva,sans-serif">-La presentaci&oacute;n simple y con argucia de un tema.</span></span></p>

<p><span style="font-size:18px"><span style="font-family:verdana,geneva,sans-serif">-Una b&uacute;squeda de producir en el &aacute;nimo del receptor una sorpresa, basada en la incongruencia o en la s&aacute;tira.</span></span></p>

<p><span style="font-size:18px"><span style="font-family:verdana,geneva,sans-serif">-Una habitual presencia de&nbsp;recursos literarios&nbsp;como la aliteraci&oacute;n, el paralelismo, la&nbsp;iron&iacute;a, y especialmente,&nbsp;la paradoja o&nbsp;aparente contradicci&oacute;n.&nbsp;</span></span></p>
]]></explanation>
</answer>
<answer correct="0">
<text><![CDATA[]]></text>
<explanation width="394"><![CDATA[]]></explanation>
</answer>
<answer correct="0">
<text><![CDATA[]]></text>
<explanation width="394"><![CDATA[]]></explanation>
</answer>
<answer correct="0">
<text><![CDATA[]]></text>
<explanation width="394"><![CDATA[]]></explanation>
</answer>
<answer correct="0">
<text><![CDATA[]]></text>
<explanation width="394"><![CDATA[]]></explanation>
</answer>
<answer correct="0">
<text><![CDATA[]]></text>
<explanation width="394"><![CDATA[]]></explanation>
</answer>
<answer correct="0">
<text><![CDATA[]]></text>
<explanation width="394"><![CDATA[]]></explanation>
</answer>
<answer correct="0">
<text><![CDATA[]]></text>
<explanation width="394"><![CDATA[]]></explanation>
</answer>
</answers>
<info path="LE_07_03_REC70_IMG05jpg.jpg">
<text><![CDATA[<p><span style="font-size:22px"><span style="font-family:verdana,geneva,sans-serif">A un espartano que huy&oacute; una vez de la batalla, su madre</span></span></p>

<p><span style="font-size:22px"><span style="font-family:verdana,geneva,sans-serif">lo enfrent&oacute; y le dijo, hundi&eacute;ndole la espada en el pecho:</span></span></p>

<p><span style="font-size:22px"><span style="font-family:verdana,geneva,sans-serif">&quot;si est&aacute;s vivo acarreas a tu madre una verguenza eterna</span></span></p>

<p><span style="font-size:22px"><span style="font-family:verdana,geneva,sans-serif">y rompes las antiguas leyes de la poderosa Esparta;</span></span></p>

<p><span style="font-size:22px"><span style="font-family:verdana,geneva,sans-serif">si mueres por mi propia&nbsp;mano, ser&eacute; considerada una madre</span></span></p>

<p><span style="font-size:22px"><span style="font-family:verdana,geneva,sans-serif">desdichada, pero estar&eacute; salvada en mi patria&quot;.&nbsp;</span></span></p>

<p style="text-align:right"><span style="font-size:22px"><span style="font-family:verdana,geneva,sans-serif">P&aacute;ladas (siglo IV d. C.)</span></span></p>
]]></text>
</info>
</question>
<question title="El caligrama" path="">
<text><![CDATA[<p><span style="font-size:20px"><span style="font-family:verdana,geneva,sans-serif">Un caligrama es un tipo de poema visual&nbsp;que forma un dibujo con las palabras que lo conforman. La forma as&iacute; recreada mantiene una relaci&oacute;n de significado con lo que las palabras mismas del poema expresan. Es posible observar entonces poemas con aspecto de&nbsp;un personaje, un animal, un paisaje, una fruta, entre otros.</span></span></p>

<p><span style="font-size:20px"><span style="font-family:verdana,geneva,sans-serif">Con el advenimiento de las vanguardias art&iacute;sticas en el siglo XX y su b&uacute;squeda afanosa de innovaci&oacute;n y ruptura de modelos,&nbsp;el caligrama encontr&oacute; un &aacute;mbito para desarrollarse ampliamente como g&eacute;nero.&nbsp;Guillaume Apollinaire (1880-1918) es ampliamente reconocido&nbsp;como un gran compositor de caligramas. Con la publicaci&oacute;n de su libro <em>Caligramas</em>&nbsp;puso en boga esta forma de poes&iacute;a, que brinda amplias posibilidades para la&nbsp;experimentaci&oacute;n y la creatividad.</span></span></p>
]]></text><answers>
<answer correct="0">
<text><![CDATA[Características]]></text>
<explanation width="394"><![CDATA[<p style="text-align:justify"><span style="font-size:18px"><span style="font-family:verdana,geneva,sans-serif">-Una preferencia por los temas actuales y la experimentaci&oacute;n con los sentidos&nbsp;que aporta la disposici&oacute;n del texto.</span></span></p>

<p style="text-align:justify"><span style="font-size:18px"><span style="font-family:verdana,geneva,sans-serif">-La desaparici&oacute;n de la&nbsp;rima,&nbsp;ya que el poema, al romper con la disposici&oacute;n&nbsp; tradicional,&nbsp;no lleva un&nbsp;orden lineal ni un patr&oacute;n de&nbsp;m&eacute;trica.</span></span></p>

<p><span style="font-size:18px"><span style="font-family:verdana,geneva,sans-serif">-El inter&eacute;s por&nbsp;fomentar la creatividad y modos de creaci&oacute;n de significaci&oacute;n alternativos.&nbsp;</span></span></p>

<p>&nbsp;</p>
]]></explanation>
</answer>
<answer correct="0">
<text><![CDATA[]]></text>
<explanation width="394"><![CDATA[]]></explanation>
</answer>
<answer correct="0">
<text><![CDATA[]]></text>
<explanation width="394"><![CDATA[]]></explanation>
</answer>
<answer correct="0">
<text><![CDATA[]]></text>
<explanation width="394"><![CDATA[]]></explanation>
</answer>
<answer correct="0">
<text><![CDATA[]]></text>
<explanation width="394"><![CDATA[]]></explanation>
</answer>
<answer correct="0">
<text><![CDATA[]]></text>
<explanation width="394"><![CDATA[]]></explanation>
</answer>
<answer correct="0">
<text><![CDATA[]]></text>
<explanation width="394"><![CDATA[]]></explanation>
</answer>
<answer correct="0">
<text><![CDATA[]]></text>
<explanation width="394"><![CDATA[]]></explanation>
</answer>
</answers>
<info path="LE_07_03_REC70_IMG08.jpg">
<text><![CDATA[<p>&nbsp;</p>

<p>&nbsp;</p>

<p>&nbsp;</p>

<p><span style="font-size:22px"><span style="font-family:verdana,geneva,sans-serif">Observa el caligrama&nbsp;</span></span><span style="font-family:verdana,geneva,sans-serif; font-size:22px">de Guillermo Cabrera Infante llamado&nbsp;</span><span style="font-size:22px"><span style="font-family:verdana,geneva,sans-serif">&quot;Texto que se encoge&quot;.</span></span></p>

<p><span style="font-size:22px"><span style="font-family:verdana,geneva,sans-serif">&iquest;C&oacute;mo se relaciona el contenido del poema con la disposici&oacute;n de las palabras?</span></span></p>
]]></text>
</info>
</question>
<question title="Las greguerías" path="">
<text><![CDATA[<p><span style="font-size:20px"><span style="font-family:verdana,geneva,sans-serif">Las greguer&iacute;as son breves composiciones que no son propiamente l&iacute;ricas, pues se dan en prosa. A trav&eacute;s de ellas&nbsp;el autor busca exponer una visi&oacute;n humor&iacute;stica e ingeniosa de temas comunes de la realidad. Por ejemplo: &quot;lo peor del golpe en la cabeza es la burla del chich&oacute;n.&quot;</span></span></p>

<p><span style="font-size:20px"><span style="font-family:verdana,geneva,sans-serif">Este tipo de composici&oacute;n breve fue creada y denominada&nbsp;por el escritor espa&ntilde;ol Ram&oacute;n G&oacute;mez de la Serna (1888-1963), quien escribi&oacute; m&aacute;s de 10 mil greguer&iacute;as de muy diverso contenido. Al igual que el caligrama, la greguer&iacute;a fue una forma propia del vanguardismo, y sirvi&oacute; para renovar la anticuada y caduca noci&oacute;n de la met&aacute;fora que por entonces dominaba en la est&eacute;tica literaria. </span></span></p>

<p><span style="font-size:20px"><span style="font-family:verdana,geneva,sans-serif">La greguer&iacute;a se basa en una&nbsp;asociaci&oacute;n de objetos y circunstancias cotidianas que no corresponde a la realidad, y por ello produce un efecto de extra&ntilde;amiento. De la Serna&nbsp;incluso plante&oacute; una f&oacute;rmula&nbsp;para la composici&oacute;n como <strong>Greguer&iacute;a </strong>=&nbsp;<strong>Humor</strong> + <strong>Met&aacute;fora</strong>.</span></span></p>
]]></text><answers>
<answer correct="0">
<text><![CDATA[Características]]></text>
<explanation width="394"><![CDATA[<p><span style="font-family:verdana,geneva,sans-serif"><span style="font-size:18px">-La recreaci&oacute;n&nbsp;en prosa de una asociaci&oacute;n ingeniosa.</span></span></p>

<p><span style="font-family:verdana,geneva,sans-serif"><span style="font-size:18px">-Una brevedad absoluta;&nbsp;generalmente una greguer&iacute;a no sobrepasa una l&iacute;nea.</span></span></p>

<p><span style="font-family:verdana,geneva,sans-serif"><span style="font-size:18px">-La profunda importancia concedida al recurso literario de la met&aacute;fora.</span></span></p>

<p><span style="font-family:verdana,geneva,sans-serif"><span style="font-size:18px">-La b&uacute;squeda de generar en el receptor un extra&ntilde;amiento o choque entre el pensamiento y la realidad.</span></span></p>
]]></explanation>
</answer>
<answer correct="0">
<text><![CDATA[]]></text>
<explanation width="394"><![CDATA[]]></explanation>
</answer>
<answer correct="0">
<text><![CDATA[]]></text>
<explanation width="394"><![CDATA[]]></explanation>
</answer>
<answer correct="0">
<text><![CDATA[]]></text>
<explanation width="394"><![CDATA[]]></explanation>
</answer>
<answer correct="0">
<text><![CDATA[]]></text>
<explanation width="394"><![CDATA[]]></explanation>
</answer>
<answer correct="0">
<text><![CDATA[]]></text>
<explanation width="394"><![CDATA[]]></explanation>
</answer>
<answer correct="0">
<text><![CDATA[]]></text>
<explanation width="394"><![CDATA[]]></explanation>
</answer>
<answer correct="0">
<text><![CDATA[]]></text>
<explanation width="394"><![CDATA[]]></explanation>
</answer>
</answers>
<info path="LE_07_03_REC70_IMG06.jpg">
<text><![CDATA[<p><span style="font-size:22px"><span style="font-family:verdana,geneva,sans-serif">Los&nbsp;haikai<sup>1</sup><em>&nbsp;</em>son telegramas po&eacute;ticos.</span></span></p>

<p>&nbsp;</p>

<p><span style="font-family:verdana,geneva,sans-serif; font-size:22px">Donde el tiempo est&aacute; m&aacute;s unido al polvo es en las bibliotecas.</span></p>

<p>&nbsp;</p>

<p><span style="font-size:22px"><span style="font-family:verdana,geneva,sans-serif">Los rosales son poetas que quisieron ser rosales.</span></span></p>

<p style="text-align:right">&nbsp;</p>

<p style="text-align:right"><span style="font-size:22px"><span style="font-family:verdana,geneva,sans-serif">Ram&oacute;n G&oacute;mez de la Serna (1888-1963)</span></span></p>

<hr />
<div><span style="font-size:17px"><span style="font-family:verdana,geneva,sans-serif"><sup>1 </sup>El haikai&nbsp;es una&nbsp;forma de la poes&iacute;a tradicional japonesa que se considera&nbsp;antecesora del haik&uacute;.&nbsp;</span></span><br />
&nbsp;</div>
]]></text>
</info>
</question>
</questions>
</engine>