﻿<?xml version="1.0" encoding="utf-8"?><motor tipo="5" clase="d" aprid="m5d">
  <plataforma>
    <grado><![CDATA[2]]></grado>
    <titulo>Literatura: examina textos de la dictadura y de la democracia</titulo>
    <area>0</area>
    <nivel>3</nivel>
    <referencia/>
    <idreg><![CDATA[0]]></idreg>
    <motor><![CDATA[M5D]]></motor>
    <lang>es</lang>
  </plataforma>
  <enunciado><![CDATA[Marca verdadero o falso según corresponda. ]]></enunciado>
  <masinfo inicio="0"><![CDATA[Los fragmentos citados pertenecen a las siguientes obras:{{cur}}El móvil{{normal}}, Javier Cercas. Barcelona: Tusquets Editores, 2003. {{cur}}La mortaja{{normal}}, Miguel Delibes. Madrid: Ediciones Cátedra, 1984.{{cur}}La colmena{{normal}}, Camilo José Cela. Bogotá: Editorial Oveja Negra, 1983.{{cur}}Malena es un nombre de tango{{normal}}, Almudena Grandes. Barcelona: Tusquets Editores, 1994.]]></masinfo>
  <sinaleatoriedad><![CDATA[0]]></sinaleatoriedad>
  <calc><![CDATA[0]]></calc>
  <respuestaunica><![CDATA[0]]></respuestaunica>
  <test cantidad="6">
    <cuestion>
      <enunciado><![CDATA[El fragmento está narrado en tercera persona, con lo cual se da la impresión de mayor distancia entre lo expuesto y el narrador. ]]></enunciado>
      <explicacion/>
      <texto><![CDATA[El valle, en rigor, no era tal valle sino una polvorienta cuenca delimitada por unos tesos blancos e inhóspitos. El valle, en rigor no daba sino dos estaciones: invierno y verano y ambas eran extremosas, agrias, casi despiadadas. Al finalizar mayo comenzaba a descender de los cerros de greda un calor denso y enervante, como una lenta invasión de lava, que en pocas semanas absorbía las últimas humedades del invierno. El lecho de la cuenca, entonces, empezaba cuartearse por falta de agua y el río se encogía sobre sí mismo y su caudal pasaba en pocos días de una opacidad lora y espesa a una verdosidad de botella casi transparente. El trigo, fustigado por el sol, espigaba y maduraba apenas granado y a primeros de junio la cuenca únicamente conservaba dos notas verdes: la enmarañada fronda de las riberas del río y el emparrado que sombreaba la mayor de las tres edificaciones que se levantaban próximas a la corriente. El resto de la cuenca asumía una agónica amarillez de desierto. Era el calor y bajo él se hacía la siembra de los melonares, se segaba el trigo, y la codorniz, que había llegado con los últimos fríos de la Baja Extremadura, abandonaba los nidos y buscaba el frescor en las altas pajas de los ribazos. {{cur}}La mortaja{{normal}}, Miguel Delibes. ]]></texto>
      <respuestas>
        <respuesta contestacion="Verdadero" correcta="1"/>
        <respuesta contestacion="Falso" correcta="0"/>
      </respuestas>
    </cuestion>
    <cuestion>
      <enunciado><![CDATA[En el fragmento, los hechos se relatan en el mismo orden en que sucedieron. ]]></enunciado>
      <explicacion/>
      <texto><![CDATA[El niño jugaba en el camino, junto a la casa blanca, bajo el sol, y sobre los trigales, a su derecha, el cernícalo aleteaba sin avanzar, como si flotase en el aire, cazando insectos. La tarde cubría la cuenca compasivamente y el hombre que venía de la falda de los cerros, con la vieja chaqueta desmayada sobre los hombros, pasó por su lado, sin mirarle, empujó con el pie la puerta de la casa y casi a ciegas se desnudó y se desplomó en el lecho sin abrirlo. Al momento, casi sin transición, empezó a roncar arrítmicamente.Hubo un tiempo en que al niño le descorazonaba que sus amigos dijeran de su padre que tenía nombre de mujer; le humillaba que dijeran eso de su padre, tan fornido y poderoso. Años antes, cuando sus relaciones no se habían enfriado del todo, el Senderines le preguntó si Trinidad era, en efecto, nombre de mujer. Su padre había respondido:Las cosas son según las tomes. Trinidad son tres, dioses y no tres diosas, ¿comprendes? De todos modos mis amigos me llaman Trino para evitar confusiones.{{cur}}La mortaja{{normal}}, Miguel Delibes. ]]></texto>
      <respuestas>
        <respuesta contestacion="Verdadero" correcta="0"/>
        <respuesta contestacion="Falso" correcta="1"/>
      </respuestas>
    </cuestion>
    <cuestion>
      <enunciado><![CDATA[En el fragmento, se emplea la perspectiva múltiple pues se presenta el punto de vista de dos personajes. ]]></enunciado>
      <explicacion/>
      <texto><![CDATA[─No perdamos la perspectiva, yo ya estoy harta de decirlo, es lo único importante. Doña Rosa va y viene por entre las mesas del Café, tropezando a los clientes con su tremendo trasero. Doña Rosa dice con frecuencia "leñe" y "nos ha merengao". Para doña Rosa, el mundo es su Café, y alrededor de su Café, todo lo demás. Hay quien dice que a doña Rosa le brillan los ojillos cuando viene la primavera y las muchachas empiezan a andar de manga corta. Yo creo que todo eso son habladurías: doña Rosa no hubiera soltado jamás un buen amadeo de plata por nada de este mundo. Ni con primavera ni sin ella. A doña Rosa lo que le gusta es arrastrar sus arrobas, sin más ni más, por entre las mesas. Fuma tabaco de noventa, cuando está a solas, y bebe ojén, buenas copas de ojén, desde que se levanta hasta que se acuesta. Después tose y sonríe. Cuando está de buenas, se sienta en la cocina, en una banqueta baja, y lee novelas y folletines, cuanto más sangrientos, mejor: todo alimenta. Entonces le gasta bromas a la gente y les cuenta el crimen de la calle de Bordadores o el del expreso de Andalucía. {{cur}}La colmena{{normal}}, Camilo José Cela.]]></texto>
      <respuestas>
        <respuesta contestacion="Verdadero" correcta="1"/>
        <respuesta contestacion="Falso" correcta="0"/>
      </respuestas>
    </cuestion>
    <cuestion>
      <enunciado><![CDATA[En el fragmento, se emplea el discurso indirecto libre, pues se “escuchan” las palabras de un personaje dentro del discurso del narrador, pero sin que haya un verbo que las introduzca. ]]></enunciado>
      <explicacion/>
      <texto><![CDATA[─Verás, papá, este verano voy a cumplir diecisiete años… ─intentaba improvisar, pero él echó una ojeada a su reloj y, como de costumbre, no me dejó terminar.Uno, si quieres dinero, no hay dinero. Dos, si te quieres ir en julio a Inglaterra a mejorar tu inglés, me parece muy bien, y a ver si convences a tu hermana, estoy deseando que me dejéis en paz. Tres, si vas a suspender más de dos asignaturas, este verano te quedas estudiando en Madrid. Cuatro, si te quieres sacar el carnet de conducir, te compro un coche en cuanto cumplas dieciocho, con la condición de que, a partir de ahora, seas tú la que pasee a tu madre. Cinco, si te has hecho del Partido Comunista, estás automáticamente desheredada desde este mismo momento. Seis, si lo que quieres es casarte, te lo prohíbo porque eres muy joven y harías una tontería. Siete, si insistes a pesar de todo, porque estás segura de haber encontrado el amor de tu vida y si no te dejo casarte te suicidarás, primero me negaré aunque posiblemente, dentro de un año, o a lo mejor hasta dos, termine apoyándote solo para perderte de vista. Ocho, si has tenido la sensatez de buscarte un novio aquí en Madrid, puede subir a casa cuando quiera, preferiblemente en mis ausencias. Nueve, si lo que pretendes es llegar más tarde por las noches, no te dejo, las once y media ya están bien para dos micos como vosotras. Y diez, si quieres tomar la píldora, me parece cojonudo, pero que no se entere tu madre. {{cur}}Malena es un nombre de tango{{normal}}, Almudena Grandes. ]]></texto>
      <respuestas>
        <respuesta contestacion="Verdadero" correcta="1"/>
        <respuesta contestacion="Falso" correcta="0"/>
      </respuestas>
    </cuestion>
    <cuestion>
      <enunciado><![CDATA[El relato consigna en pocas palabras un hecho que es repetitivo en la vida del personaje. ]]></enunciado>
      <explicacion/>
      <texto><![CDATA[Álvaro se tomaba su trabajo en serio. Cada día se levantaba puntualmente a las ocho. Se despejaba con una ducha de agua helada y bajaba al supermercado a comprar pan y el periódico. De regreso, preparaba café, tostadas con mantequilla y mermelada y desayunaba en la cocina, hojeando el periódico y oyendo la radio. A las nueve se sentaba en el despacho, dispuesto a iniciar su jornada de trabajo. Había subordinado su vida a la literatura; todas sus amistades, intereses, ambiciones, posibilidades de mejora laboral o económica, sus salidas nocturnas o diurnas se habían visto relegadas en beneficio de aquella. Desdeñaba todo lo que no constituyese un estímulo para su labor. Y como la mayoría de los trabajos bien remunerados a los que, en su calidad de licenciado en Derecho, podría haber tenido acceso exigían de él una dedicación casi exclusiva, Álvaro prefirió una modesta plaza de asesor jurídico en una modesta gestoría. Este empleo le permitía disponer de las mañanas para dedicarlas a su tarea y le libraba de cualquier responsabilidad que lo distrajera de la escritura; también le ofrecía la indispensable tranquilidad económica. {{cur}}El móvil{{normal}}, Javier Cercas.]]></texto>
      <respuestas>
        <respuesta contestacion="Verdadero" correcta="1"/>
        <respuesta contestacion="Falso" correcta="0"/>
      </respuestas>
    </cuestion>
    <cuestion>
      <enunciado><![CDATA[Para definir la literatura, el personaje se vale de una metáfora. ]]></enunciado>
      <explicacion/>
      <texto><![CDATA[Juzgaba que la literatura es una amante excluyente. O la servía con entrega y devoción absolutas o ella lo abandonaría a su suerte. {{cur}}Tertium non datur{{normal}}. Como todas las otras artes, la literatura es una cuestión de tiempo y trabajo, se decía. Recordando la célebre sentencia que sobre el amor había dictado un severo moralista francés, Álvaro pensaba que la inspiración es como los fantasmas: todo el mundo habla de ella, pero nadie la ha visto. Por eso aceptaba que toda creación consta de un uno por ciento de inspiración y un noventa y nueve por ciento de transpiración. Lo contrario era abandonarla en manos del aficionado, del escritor de fin de semana; lo contrario era la improvisación y el caos, la más detestable falta de rigor. Consideraba que la literatura había sido abandonada en manos de aficionados. Una prueba concluyente: sólo los menos egregios de sus contemporáneos se entregaban a ella. Campaban por sus respetos la frivolidad, la ausencia de una ambición auténtica, el comercio conformista con la tradición, el uso indiscriminado de fórmulas obsoletas, la miopía y aun el desprecio de todo cuanto se apartara de las vías de un provincianismo estrecho. Fenómenos ajenos a la propia creación añadían confusión a este panorama: la carencia de un entorno social estimulante y civilizado, de un ambiente propicio al trabajo y fértil en manifestaciones aledañas a lo propiamente artístico. {{cur}}El móvil{{normal}}, Javier Cercas.]]></texto>
      <respuestas>
        <respuesta contestacion="Verdadero" correcta="1"/>
        <respuesta contestacion="Falso" correcta="0"/>
      </respuestas>
    </cuestion>
  </test>
</motor>