﻿<?xml version="1.0" encoding="UTF-8"?>
<engine copy="Editorial Planeta" version="1" aprid="f4">
  <main title="El anuncio publicitario: La intención comunicativa " path="" buttonsHeight="53">
  </main>
  <questions respCorrecta="Respuesta correcta." respIncorrecta="Respuesta incorrecta.">
    <question title="¿Cuál es la intención comunicativa de los siguientes slogans publicitarios?" path="">
      <text><![CDATA[<ul>
	<li><span style="font-size:20px">Just do it (Solo, hazlo) - Nike</span>
	<div style="page-break-after: always"><span style="display:none">&nbsp;</span></div>
	</li>
	<li><span style="font-size:20px">Think different (Piensa diferente) - Apple</span>
	<div style="page-break-after: always"><span style="display:none">&nbsp;</span></div>
	</li>
	<li><span style="font-size:20px">Impossible is nothing (Nada es imposible) - Adidas</span>
	<div style="page-break-after: always"><span style="display:none">&nbsp;</span></div>
	</li>
	<li><span style="font-size:20px">Ideas for life (Ideas para la vida) - Panasonic</span>
	<div style="page-break-after: always"><span style="display:none">&nbsp;</span></div>
	</li>
	<li><span style="font-size:20px">Compartida, la vida es m&aacute;s - Movistar</span></li>
</ul>

<p>&nbsp;</p>

<p>&nbsp;</p>
]]></text>
      <answers>
        <answer correct="1">
          <text><![CDATA[Inspirar impulso para la vida]]></text>
          <explanation width="394"><![CDATA[<p><span style="font-size:18px"><span style="font-family:verdana,geneva,sans-serif">La intenci&oacute;n comunicativa de estos slogans es inspirar en los receptores la sensaci&oacute;n de logro y una actitud positiva hacia la vida. De esta forma, la percepci&oacute;n de sensaciones positivas resulta traslad&aacute;ndose hacia la marca anunciante, favoreciendo la decisi&oacute;n de compra en el receptor del mensaje.</span></span></p>
]]></explanation>
        </answer>
        <answer correct="0">
          <text><![CDATA[Generar compras de esos productos]]></text>
          <explanation width="394"><![CDATA[]]></explanation>
        </answer>
        <answer correct="0">
          <text><![CDATA[]]></text>
          <explanation width="394"><![CDATA[]]></explanation>
        </answer>
        <answer correct="0">
          <text><![CDATA[]]></text>
          <explanation width="394"><![CDATA[]]></explanation>
        </answer>
        <answer correct="0">
          <text><![CDATA[]]></text>
          <explanation width="394"><![CDATA[]]></explanation>
        </answer>
        <answer correct="0">
          <text><![CDATA[]]></text>
          <explanation width="394"><![CDATA[]]></explanation>
        </answer>
        <answer correct="0">
          <text><![CDATA[]]></text>
          <explanation width="394"><![CDATA[]]></explanation>
        </answer>
        <answer correct="0">
          <text><![CDATA[]]></text>
          <explanation width="394"><![CDATA[]]></explanation>
        </answer>
      </answers>
      <info path="">
        <text><![CDATA[]]></text>
      </info>
    </question>
    <question title="¿Cuál es el slogan de esta campaña y qué intención comunicativa tiene?" path="recoleccion_img.png">
      <answers>
        <answer correct="0">
          <text><![CDATA[Movilízate por la recolección]]></text>
          <explanation width="394"><![CDATA[<p><em>&quot;Movil&iacute;zate por la recolecci&oacute;n&quot; </em>es un mensaje de este anuncio, pero la campa&ntilde;a puede tener varios anuncios como mensajes variados. El slogan es un lema o frase que identifica el objetivo principal y permanente de cualquier campa&ntilde;a publicitaria. Por eso,&quot;<em>Movil&iacute;zate por la recolecci&oacute;n&quot;</em> no es el slogan. &nbsp;</p>
]]></explanation>
        </answer>
        <answer correct="1">
          <text><![CDATA[Pilas con el ambiente]]></text>
          <explanation width="394"><![CDATA[<p><em>&quot;Pilas con el ambiente&quot; </em>es el slogan que representa la intenci&oacute;n comunicativa permanente de la campa&ntilde;a: crear conciencia sobre la protecci&oacute;n del ambiente, mediante la buena disposici&oacute;n o desecho de pilas o bater&iacute;as, despu&eacute;s de su uso.</p>
]]></explanation>
        </answer>
        <answer correct="0">
          <text><![CDATA[]]></text>
          <explanation width="394"><![CDATA[]]></explanation>
        </answer>
        <answer correct="0">
          <text><![CDATA[]]></text>
          <explanation width="394"><![CDATA[]]></explanation>
        </answer>
        <answer correct="0">
          <text><![CDATA[]]></text>
          <explanation width="394"><![CDATA[]]></explanation>
        </answer>
        <answer correct="0">
          <text><![CDATA[]]></text>
          <explanation width="394"><![CDATA[]]></explanation>
        </answer>
        <answer correct="0">
          <text><![CDATA[]]></text>
          <explanation width="394"><![CDATA[]]></explanation>
        </answer>
        <answer correct="0">
          <text><![CDATA[]]></text>
          <explanation width="394"><![CDATA[]]></explanation>
        </answer>
      </answers>
      <info path="">
        <text><![CDATA[]]></text>
      </info>
    </question>
    <question title="¿Según el slogan y el mensaje de este anuncio, a qué tipo de receptor se dirige?" path="BLOGCABEZ.png">
      <answers>
        <answer correct="1">
          <text><![CDATA[Productores de artículos ]]></text>
          <explanation width="394"><![CDATA[<p>Este anuncio busca detener la tala indiscriminada e ilegal de arboles, motivando la compra de madera que ha sido cortada de bosques cultivados especialmente para la producci&oacute;n y renovaci&oacute;n permanentes. Se dirige a los grandes compradores, que son los fabricantes de diversos art&iacute;culos de madera.</p>
]]></explanation>
        </answer>
        <answer correct="0">
          <text><![CDATA[Niños que usan juegos ]]></text>
          <explanation width="400"><![CDATA[<p>Esta campa&ntilde;a busca ir al origen de la comercializaci&oacute;n de madera, que est&aacute; en quienes la usan para la producci&oacute;n. No se dirige a los ni&ntilde;os, pues ellos desconocen si sus juguetes est&aacute;n hechos con madera legal o no.</p>
]]></explanation>
        </answer>
        <answer correct="0">
          <text><![CDATA[]]></text>
          <explanation width="394"><![CDATA[]]></explanation>
        </answer>
        <answer correct="0">
          <text><![CDATA[]]></text>
          <explanation width="394"><![CDATA[]]></explanation>
        </answer>
        <answer correct="0">
          <text><![CDATA[]]></text>
          <explanation width="394"><![CDATA[]]></explanation>
        </answer>
        <answer correct="0">
          <text><![CDATA[]]></text>
          <explanation width="394"><![CDATA[]]></explanation>
        </answer>
        <answer correct="0">
          <text><![CDATA[]]></text>
          <explanation width="394"><![CDATA[]]></explanation>
        </answer>
        <answer correct="0">
          <text><![CDATA[]]></text>
          <explanation width="394"><![CDATA[]]></explanation>
        </answer>
      </answers>
      <info path="">
        <text><![CDATA[]]></text>
      </info>
    </question>
    <question title="¿Cuál es la intención comunicativa de este anuncio?" path="La%20respuesta%20es%20Colombia.jpg">
      <answers>
        <answer correct="1">
          <text><![CDATA[Implicar al lector ]]></text>
          <explanation width="400"><![CDATA[<p><span style="font-size:18px"><span style="font-family:verdana,geneva,sans-serif">Una de las principales estrategias de la publicidad es implicar al receptor en una causa, en una idea o en la percepci&oacute;n positiva de un producto. Esto se logra apelando a sus sentimientos, emociones&nbsp; o sus valores; tales como: el odio, la indignaci&oacute;n, la ternura, el amor a la patria, madre o hijos.</span></span></p>

<p><span style="font-size:18px"><span style="font-family:verdana,geneva,sans-serif">En este anuncio, que hace parte de la estrategia llamada &ldquo;marca pa&iacute;s&rdquo;, del gobierno colombiano, se recurri&oacute; al sentimiento patrio para implicar al receptor en una actitud comprometida con la construcci&oacute;n de una imagen positiva para el pa&iacute;s.</span></span></p>
]]></explanation>
        </answer>
        <answer correct="0">
          <text><![CDATA[Promover el turismo ]]></text>
          <explanation width="400"><![CDATA[]]></explanation>
        </answer>
        <answer correct="0">
          <text><![CDATA[]]></text>
          <explanation width="394"><![CDATA[]]></explanation>
        </answer>
        <answer correct="0">
          <text><![CDATA[]]></text>
          <explanation width="394"><![CDATA[]]></explanation>
        </answer>
        <answer correct="0">
          <text><![CDATA[]]></text>
          <explanation width="394"><![CDATA[]]></explanation>
        </answer>
        <answer correct="0">
          <text><![CDATA[]]></text>
          <explanation width="394"><![CDATA[]]></explanation>
        </answer>
        <answer correct="0">
          <text><![CDATA[]]></text>
          <explanation width="394"><![CDATA[]]></explanation>
        </answer>
        <answer correct="0">
          <text><![CDATA[]]></text>
          <explanation width="394"><![CDATA[]]></explanation>
        </answer>
      </answers>
      <info path="">
        <text><![CDATA[]]></text>
      </info>
    </question>
  </questions>
</engine>