﻿<?xml version="1.0" encoding="utf-8"?>
<motor tipo="2" clase="c" aprid="M2c">
  <plataforma>
    <grado><![CDATA[2]]></grado>
    <titulo>Las conjunciones y la relación entre los enunciados</titulo>
    <area>5</area>
    <nivel>2</nivel>
    <referencia><![CDATA[LC_09_11_07]]></referencia>
    <idreg><![CDATA[768 ]]></idreg>
    <motor><![CDATA[M2C]]></motor>
    <lang>es</lang>
  </plataforma>
  <enunciado><![CDATA[Completa el texto con la conjunción adecuada en cada caso.]]></enunciado>
  <masinfo inicio="0" />
  <calc><![CDATA[0]]></calc>
  <sonido />
  <textoacategoria>
    <cuestion>
      <pregunta><![CDATA[Todos los días, Manuel se levanta a las 7:00 para sacar a su perro, [*] no ocurrió así el lunes pasado. Cuando sonó el despertador, Manuel no se levantó [*] llamó a su perro. No estaba en casa, [*], había pasado la noche fuera. Después de una intensa jornada de trabajo había decidido no volver a casa, [*] ir a descansar a la montaña. De ese modo, se olvidaría de todo [*] intentaría pensar qué hacer con su vida. Había llegado el momento de la verdad: o daba un giro a su vida [*] se condenaba a seguir en aquella rutina que pronto acabaría con él.]]></pregunta>
      <respuestas>
        <respuesta orden="1">
          <opcion correcta="0"><![CDATA[y]]></opcion>
          <opcion correcta="0"><![CDATA[ni]]></opcion>
          <opcion correcta="0"><![CDATA[es decir]]></opcion>
          <opcion correcta="1"><![CDATA[pero]]></opcion>
        </respuesta>
        <respuesta orden="2">
          <opcion correcta="0"><![CDATA[o]]></opcion>
          <opcion correcta="0"><![CDATA[pero]]></opcion>
          <opcion correcta="1"><![CDATA[ni]]></opcion>
          <opcion correcta="0"><![CDATA[aunque]]></opcion>
        </respuesta>
        <respuesta orden="3">
          <opcion correcta="1"><![CDATA[es decir]]></opcion>
          <opcion correcta="0"><![CDATA[pero]]></opcion>
          <opcion correcta="0"><![CDATA[o]]></opcion>
          <opcion correcta="0"><![CDATA[ni]]></opcion>
        </respuesta>
        <respuesta orden="4">
          <opcion correcta="1"><![CDATA[sino]]></opcion>
          <opcion correcta="0"><![CDATA[ya que]]></opcion>
          <opcion correcta="0"><![CDATA[pero]]></opcion>
          <opcion correcta="0"><![CDATA[aunque]]></opcion>
        </respuesta>
        <respuesta orden="5">
          <opcion correcta="0"><![CDATA[y]]></opcion>
          <opcion correcta="0"><![CDATA[o]]></opcion>
          <opcion correcta="1"><![CDATA[e]]></opcion>
          <opcion correcta="0"><![CDATA[pero]]></opcion>
        </respuesta>
        <respuesta orden="6">
          <opcion correcta="1"><![CDATA[o]]></opcion>
          <opcion correcta="0"><![CDATA[u]]></opcion>
          <opcion correcta="0"><![CDATA[y]]></opcion>
          <opcion correcta="0"><![CDATA[e]]></opcion>
        </respuesta>
      </respuestas>
    </cuestion>
  </textoacategoria>
</motor>