<?xml version="1.0" encoding="iso-8859-1"?>
<metadata xmlns="urn:InfoRecurso">
  <identificador>RES-D0EA4389971943CA971D4C0D85DA29DD</identificador>
  <loid>LE_10_02_CO_Recurso160</loid>
  <titulo>Analiza un soneto de Garcilaso de la Vega</titulo>
  <descripcion>Actividad para examinar en profundidad el soneto XIII del poeta</descripcion>
  <relacionado>0</relacionado>
  <tiporecurso>Recurso sin ficha</tiporecurso>
  <tiempoestimado>15</tiempoestimado>
  <acciondidactica>Ejercitaci�n</acciondidactica>
  <competencia>Competencia para aprender a aprender</competencia>
  <tipomedia pesado="false" matricula="">Actividad</tipomedia>
  <conceptos>
    <concepto>Garcilaso de la Vega</concepto>
    <concepto>literatura renacentista</concepto>
    <concepto>m�trica</concepto>
    <concepto>Renacimiento</concepto>
    <concepto>soneto</concepto>
  </conceptos>
  <autonomico>0</autonomico>
</metadata>