﻿<?xml version="1.0" encoding="utf-8"?><engine copy="Editorial Planeta" version="1" aprid="f12">
<main mode="f12" title="La novela picaresca y El lazarillo de Tormes">
<video>VIDEO_LC_09_05RECURSO050_LO.mp4</video>
</main>
<understanding title="" title2="" buttons="false" visible="true" >
	<definition>
		<title></title>
		<def><![CDATA[<p><span style="font-size: 36px; color: #ff6600; ;font-family: Verdana,Arial,sans-serif;">Comprensi&oacute;n</span></p>

<ul>
	<li><span style="font-size: 30px; ;font-family: Verdana,Arial,sans-serif;">En pleno Renacimiento se produce un cambio de visi&oacute;n y de estilo en la escritura, &iquest;en qu&eacute; consiste este cambio? &iquest;Por qu&eacute; ocurre?</span></li>
</ul>

<ul>
	<li><span style="font-size: 30px; ;font-family: Verdana,Arial,sans-serif;">&iquest;Por qu&eacute; se habla del p&iacute;caro como <em>antih&eacute;roe</em>?</span></li>
</ul>]]></def>
	</definition>
	<definition>
		<title></title>
		<def><![CDATA[<p><span style="font-size: 36px; color: #ff6600; ;font-family: Verdana,Arial,sans-serif;">Comprensi&oacute;n</span></p>

<ul>
	<li><span style="font-size: 30px; ;font-family: Verdana,Arial,sans-serif;">&iquest;Por qu&eacute; motivo el <em>p&iacute;caro</em> se contrapone al <em>hidalgo</em>?</span></li>
</ul>

<ul>
	<li><span style="font-size: 30px; ;font-family: Verdana,Arial,sans-serif;">Para hablar de las diferencias entre p&iacute;caro e hidalgo, &iquest;influye el hecho de que la novela picaresca sea de estilo realista y que adem&aacute;s sea cr&iacute;tica? Explica la respuesta.</span></li>
</ul>]]></def>
	</definition>
</understanding>
<definitions title="" title2="" visible="true" >
	<definition>
		<title>Adversidad</title>
		<def><![CDATA[<p><span style="font-weight: bold; ;font-family: Verdana,Arial,sans-serif; font-size: 27px;">Adversidad:</span></p><p><span style="font-family: Verdana,Arial,sans-serif; font-size: 27px;">situación desgraciada en que se encuentra alguien. </span></p>]]></def>
	</definition>
	<definition>
		<title>Idealista</title>
		<def><![CDATA[<p><span style="font-weight: bold; ;font-family: Verdana,Arial,sans-serif; font-size: 27px;">Idealista:</span></p><p><span style="font-family: Verdana,Arial,sans-serif; font-size: 27px;">que propende a representarse las cosas de una manera ideal.</span></p>]]></def>
	</definition>
	<definition>
		<title>Pícaro</title>
		<def><![CDATA[<p><span style="font-weight: bold; ;font-family: Verdana,Arial,sans-serif; font-size: 27px;">Pícaro:</span></p><p><span style="font-family: Verdana,Arial,sans-serif; font-size: 27px;">bajo, ruin, doloso, falto de honra y vergüenza.</span></p>]]></def>
	</definition>
	<definition>
		<title>Ínfima</title>
		<def><![CDATA[<p><span style="font-weight: bold; ;font-family: Verdana,Arial,sans-serif; font-size: 27px;">&Iacute;nfima:</span></p>

<p><span style="font-family: Verdana,Arial,sans-serif; font-size: 27px;">en el orden y graduaci&oacute;n de las cosas, se dice de la que es &uacute;ltima y menos que las dem&aacute;s.</span></p>]]></def>
	</definition>
	<definition>
		<title>Hidalgo</title>
		<def><![CDATA[<p><span style="font-weight: bold; ;font-family: Verdana,Arial,sans-serif; font-size: 27px;">Hidalgo:</span></p><p><span style="font-family: Verdana,Arial,sans-serif; font-size: 27px;">persona que por su sangre es de una clase noble y distinguida.</span></p>]]></def>
	</definition>
	<definition>
		<title>Sustento</title>
		<def><![CDATA[<p><span style="font-weight: bold; ;font-family: Verdana,Arial,sans-serif; font-size: 27px;">Sustento:</span></p><p><span style="font-family: Verdana,Arial,sans-serif; font-size: 27px;">mantenimiento, alimento.</span></p>]]></def>
	</definition>
	<definition>
		<title>Satírico</title>
		<def><![CDATA[<p><span style="font-weight: bold; ;font-family: Verdana,Arial,sans-serif; font-size: 27px;">Satírico:</span></p><p><span style="font-family: Verdana,Arial,sans-serif; font-size: 27px;">perteneciente o relativo a la sátira. Esto es, discurso o dicho agudo, picante y mordaz, dirigido a este mismo fin.</span></p>]]></def>
	</definition>
	<definition>
		<title>Moralizante</title>
		<def><![CDATA[<p><span style="font-weight: bold; ;font-family: Verdana,Arial,sans-serif; font-size: 27px;">Moralizante:</span></p><p><span style="font-family: Verdana,Arial,sans-serif; font-size: 27px;">que moraliza o intenta moralizar, es decir, que reforma las malas costumbres enseñando las buenas.</span></p>]]></def>
	</definition>
</definitions>
<reaserch title="" title2="Investiga" buttons="false" visible="true" >
	<definition>
		<title></title>
		<def><![CDATA[<p><span style="font-size: 36px; color: #ff6600; ;font-family: Verdana,Arial,sans-serif;">Investiga</span></p>

<p><span style="font-size: 24px; ;font-family: Verdana,Arial,sans-serif;">En la novela picaresca el protagonista suele narrar su vida desde el presente. Busca informaci&oacute;n sobre</span><span style="font-size: 24px; font-style: italic; ;font-family: Verdana,Arial,sans-serif;"><span style="font-size: 24px; ;font-family: Verdana,Arial,sans-serif;">&nbsp;El&nbsp;</span>lazarillo de Tormes</span><span style="font-size: 24px; ;font-family: Verdana,Arial,sans-serif;"> y explica el motivo por el que L&aacute;zaro decide contar su historia.</span></p>
]]></def>
	</definition>
	<definition>
		<title></title>
		<def><![CDATA[<p><span style="font-size: 36px; color: #ff6600; ;font-family: Verdana,Arial,sans-serif;">Investiga</span></p>

<p><span style="font-size: 24px; ;font-family: Verdana,Arial,sans-serif;">Uno de los cap&iacute;tulos m&aacute;s conocidos de <em>El</em></span><span style="font-size: 24px; font-style: italic; ;font-family: Verdana,Arial,sans-serif;">&nbsp;lazarillo</span><span style="font-size: 24px; ;font-family: Verdana,Arial,sans-serif;"> es el que narra su estancia con el ciego. &iquest;C&oacute;mo consigue burlarse de &eacute;l?</span></p>
]]></def>
	</definition>
	<definition>
		<title></title>
		<def><![CDATA[<p><span style="font-size: 36px; color: #ff6600; ;font-family: Verdana,Arial,sans-serif;">Investiga</span></p>

<p><span style="font-size: 24px; ;font-family: Verdana,Arial,sans-serif;">En el tratado tercero de <em>El&nbsp;</em></span><span style="font-size: 24px; font-style: italic; ;font-family: Verdana,Arial,sans-serif;">lazarillo de Tormes</span><span style="font-size: 24px; ;font-family: Verdana,Arial,sans-serif;"> el protagonista escucha a una mujer que se lamenta por la p&eacute;rdida de su marido diciendo: </span></p>

<p><span style="font-size: 24px; ;font-family: Verdana,Arial,sans-serif;">&quot;Marido y se&ntilde;or m&iacute;o, &iquest;ad&oacute;nde os me llevan? &iexcl;A la casa triste y desdichada, a la casa l&oacute;brega y obscura, a la casa donde nunca comen ni beben!&quot;</span></p>

<p><span style="font-size: 24px; ;font-family: Verdana,Arial,sans-serif;">Tras o&iacute;r estas palabras el muchacho cree que lo llevan a casa de su amo, el escudero. &iquest;Qu&eacute; cr&iacute;tica se encierra tras este episodio?</span></p>
]]></def>
	</definition>
</reaserch>
<activity title2="" visible="false" path="LC_09_05_05_ACT.zip">
</activity></engine>