﻿<?xml version="1.0" encoding="utf-8"?><motor tipo="4" clase="a" aprid="m4a">
  <plataforma>
    <grado><![CDATA[2]]></grado>
    <titulo>Evaluación</titulo>
    <area>0</area>
    <nivel>3</nivel>
    <referencia/>
    <idreg><![CDATA[0]]></idreg>
    <motor><![CDATA[M4A]]></motor>
    <lang>es</lang>
  </plataforma>
  <enunciado><![CDATA[Selecciona la opción que complete el enunciado en cada caso.]]></enunciado>
  <masinfo inicio="0"/>
  <sinaleatoriedad><![CDATA[0]]></sinaleatoriedad>
  <calc><![CDATA[0]]></calc>
  <respuestaunica><![CDATA[0]]></respuestaunica>
  <test cantidad="10">
    <cuestion>
      <enunciado><![CDATA[El principal acontecimiento que marca el Renacimiento español, así como la historia universal, fue]]></enunciado>
      <explicacion><![CDATA[El Descubrimiento de América, en 1492, dio fin a la Edad Media e inicio a la Edad Moderna.]]></explicacion>
      <imagen/>
      <ampliacion/>
      <respuestas>
        <respuesta contestacion="el reinado de los Reyes Católicos." correcta="0"/>
        <respuesta contestacion="la influencia italiana, por medio del Humanismo." correcta="0"/>
        <respuesta contestacion="el Descubrimiento de América." correcta="1"/>
        <respuesta contestacion="la creación del Tribunal de la Santa Inquisición." correcta="0"/>
      </respuestas>
    </cuestion>
    <cuestion>
      <enunciado><![CDATA[El {{cur}}Amadís de Gaula{{normal}} se recuerda porque fue la única novela que no quemaron el cura y el barbero en la famosa escena de {{cur}}El Quijote{{normal}}. Esta obra pertenece a la novela llamada]]></enunciado>
      <explicacion/>
      <imagen/>
      <ampliacion/>
      <respuestas>
        <respuesta contestacion="de caballerías." correcta="1"/>
        <respuesta contestacion="pastoril." correcta="0"/>
        <respuesta contestacion="morisca." correcta="0"/>
        <respuesta contestacion="bizantina." correcta="0"/>
      </respuestas>
    </cuestion>
    <cuestion>
      <enunciado><![CDATA[Gracias a su crudo realismo y su humorismo, se considera que {{cur}}El Lazarillo de Tormes{{normal}} es el máximo exponente de la narrativa]]></enunciado>
      <explicacion/>
      <imagen/>
      <ampliacion/>
      <respuestas>
        <respuesta contestacion="realista." correcta="0"/>
        <respuesta contestacion="humorística." correcta="0"/>
        <respuesta contestacion="picaresca." correcta="1"/>
        <respuesta contestacion="irónica." correcta="0"/>
      </respuestas>
    </cuestion>
    <cuestion>
      <enunciado><![CDATA[La lírica religiosa expresada por fray Luis de León y swan Juan de la Cruz tiene como principal característica la idea de que]]></enunciado>
      <explicacion/>
      <imagen/>
      <ampliacion/>
      <respuestas>
        <respuesta contestacion="la perfección moral precede a la unión con Dios." correcta="1"/>
        <respuesta contestacion="la perfección moral se logra al volverse uno con Dios." correcta="0"/>
        <respuesta contestacion="el sufrimiento es la única forma de manifestar el amor." correcta="0"/>
        <respuesta contestacion="la única forma de alcanzar a Dios es guardar silencio." correcta="0"/>
      </respuestas>
    </cuestion>
    <cuestion>
      <enunciado><![CDATA[Los temas y el estilo de Garcilaso de la Vega son evidencia de la gran influencia que ejerció sobre Europa la poesía de]]></enunciado>
      <explicacion><![CDATA[La influencia del petrarquismo (formas, estilos y temas poéticos de Petrarca) fueron indiscutibles durante todo el Renacimiento europeo.]]></explicacion>
      <imagen/>
      <ampliacion/>
      <respuestas>
        <respuesta contestacion="Giovanni Boccaccio." correcta="0"/>
        <respuesta contestacion="Dante Alighieri." correcta="0"/>
        <respuesta contestacion="Francesco Petrarca." correcta="1"/>
        <respuesta contestacion="Guido Guinizelli." correcta="0"/>
      </respuestas>
    </cuestion>
    <cuestion>
      <enunciado><![CDATA[La metáfora presente en la oración {{cur}}Ella tenía cabellos de sol{{normal}} recibe el nombre de]]></enunciado>
      <explicacion><![CDATA[En las metáforas de complemento preposicional, dos elementos se unen por medio de una preposición, en este caso, "de".]]></explicacion>
      <imagen/>
      <ampliacion/>
      <respuestas>
        <respuesta contestacion="pura." correcta="0"/>
        <respuesta contestacion="común." correcta="0"/>
        <respuesta contestacion="de complemento preposicional." correcta="1"/>
        <respuesta contestacion="aposicional." correcta="0"/>
      </respuestas>
    </cuestion>
    <cuestion>
      <enunciado><![CDATA[Un ejemplo de una metáfora sinestésica es]]></enunciado>
      <explicacion><![CDATA[La metáfora sinestésica se produce al combinar las sensaciones producidas por los sentidos.]]></explicacion>
      <imagen/>
      <ampliacion/>
      <respuestas>
        <respuesta contestacion="¡Qué ruidos ásperos hay en la calle!" correcta="1"/>
        <respuesta contestacion="Todos formábamos una marea humana." correcta="0"/>
        <respuesta contestacion="Sus palabras eran como dardos envenenados." correcta="0"/>
        <respuesta contestacion="Las botas marchaban por las calles." correcta="0"/>
      </respuestas>
    </cuestion>
    <cuestion>
      <enunciado><![CDATA[A la hora de realizar un conversatorio, es importante tener en cuenta que es una actividad grupal que, por sus características, se acerca a]]></enunciado>
      <explicacion/>
      <imagen/>
      <ampliacion/>
      <respuestas>
        <respuesta contestacion="el debate." correcta="0"/>
        <respuesta contestacion="la conferencia." correcta="0"/>
        <respuesta contestacion="la mesa redonda." correcta="1"/>
        <respuesta contestacion="la exposición." correcta="0"/>
      </respuestas>
    </cuestion>
    <cuestion>
      <enunciado><![CDATA[El profesor de Filosofía te pide proponer una idea para un documental de interés para la comunidad escolar. El tema que sería más pertinente y adecuado es]]></enunciado>
      <explicacion><![CDATA[Aunque los dos últimos temas serían propuestas interesantes, solo la última sería relevante para una comunidad formada mayoritariamente por niños y jóvenes.]]></explicacion>
      <imagen/>
      <ampliacion/>
      <respuestas>
        <respuesta contestacion="la calidad de la alimentación en las vacaciones." correcta="0"/>
        <respuesta contestacion="las experiencias de un joven en Semana Santa." correcta="0"/>
        <respuesta contestacion="la religiosidad de las poblaciones católicas." correcta="0"/>
        <respuesta contestacion="la explotación infantil en las áreas turísticas." correcta="1"/>
      </respuestas>
    </cuestion>
    <cuestion>
      <enunciado><![CDATA[Al analizar un guion cinematográfico, se hace evidente que, por su forma, está más cerca del género]]></enunciado>
      <explicacion/>
      <imagen/>
      <ampliacion/>
      <respuestas>
        <respuesta contestacion="ensayístico." correcta="0"/>
        <respuesta contestacion="dramático." correcta="1"/>
        <respuesta contestacion="lírico." correcta="0"/>
        <respuesta contestacion="narrativo." correcta="0"/>
      </respuestas>
    </cuestion>
  </test>
  <temps>30</temps>
</motor>