﻿<?xml version="1.0" encoding="utf-8"?><motor tipo="3" clase="b1" aprid="m3b1">
  <plataforma>
    <grado><![CDATA[1]]></grado>
    <titulo>Reconoce los argumentos de los participantes de un conversatorio</titulo>
    <area>0</area>
    <nivel>2</nivel>
    <referencia/>
    <idreg><![CDATA[0]]></idreg>
    <motor><![CDATA[M3B1]]></motor>
    <lang>es</lang>
  </plataforma>
  <enunciado><![CDATA[Escucha con atención los siguientes audios e identifica las características de sus argumentos.]]></enunciado>
  <masinfo inicio="0"/>
  <sinaleatoriedad><![CDATA[0]]></sinaleatoriedad>
  <calc><![CDATA[0]]></calc>
  <textoasonido cantidad="3">
    <cuestion>
      <sonido><![CDATA[audioDummy.mp3]]></sonido>
      <respuestas>
        <respuesta valor="Razonamiento por signos."/>
        <respuesta valor="Se utilizan indicios."/>
        <respuesta valor="Se define un fenómeno."/>
      </respuestas>
    </cuestion>
    <cuestion>
      <sonido><![CDATA[audioDummy.mp3]]></sonido>
      <respuestas>
        <respuesta valor="Razonamiento por causa."/>
        <respuesta valor="Se establece una relación causal."/>
        <respuesta valor="Señala consecuencias."/>
      </respuestas>
    </cuestion>
    <cuestion>
      <sonido><![CDATA[audioDummy.mp3]]></sonido>
      <respuestas>
        <respuesta valor="Criterio de autoridad."/>
        <respuesta valor="Referencia la opinión de expertos."/>
        <respuesta valor="Sustenta la tesis."/>
      </respuestas>
    </cuestion>
  </textoasonido>
  <temps>10</temps>
</motor>