﻿<?xml version="1.0" encoding="utf-8"?><engine copy="Editorial Planeta" version="1" aprid="f6b"><main layout="0">
<title>La tradición oral y los textos narrativos</title>
</main>
<sections>
<section i="0" star="false" >
<menuImage>
<title><![CDATA[<p><em>La Llorona</em>, leyenda</p>

<p></p>
]]></title>
</menuImage>
<pages>
<page i="0">
<title>La Llorona</title>
<description><![CDATA[<p><span style="font-size:20px;"><span style="font-family:verdana,geneva,sans-serif;">Entre los cafetales y los yarumos, en las noches de luna llena, se escucha el grito de la Llorona. De rostro cadav&eacute;rico, cubierta de harapos pringados por la lluvia y el sol, la Llorona alguna vez fue una mujer hermosa de ojos audaces que enloquec&iacute;a a los hombres de los pueblos con su cuerpo de acr&oacute;bata del placer. Ahora, desprovista de esplendor, deambula sin sosiego por las veredas, atormentada por la culpa del crimen y los delirios de una madre que cree llevar entre los brazos a un ni&ntilde;o imposible.</span></span></p>

<p></p>

<p><span style="font-size:20px;"><span style="font-family:verdana,geneva,sans-serif;">Pla&ntilde;idera, diosa de los t&aacute;banos y el desconsuelo, la Llorona,&nbsp;como algunas aves de la espesura, jam&aacute;s cesa en su canto f&uacute;nebre, aunque&nbsp;intente olvidarlo, atra&iacute;da por el silencio de las ca&ntilde;adas, por el tejido invisible de las mariposas en el aire de los r&iacute;os. Algunas noches, incluso lo intenta, rodando por las ventanas de las aldeas. All&iacute; se detiene, perdida en el dolor y la sombra, mientras escucha las guitarras, las voces que con aroma de aguardiente y tabaco ahuyentan el alba.</span></span></p>

<p></p>

<p><span style="font-size:20px;"><span style="font-family:verdana,geneva,sans-serif;">Dama de hiel, vagabunda del alarido, la Llorona tiene cualidad de espejismo. Algunos, la han contemplado con el lamento infanticida, bella como antes del maleficio. Otros, con el rostro de calavera, los ojos ardientes, el pelo alborotado y el quejido que sacude la monta&ntilde;a.</span></span></p>

<p></p>

<p><span style="font-size:20px;"><span style="font-family:verdana,geneva,sans-serif;">Cualquiera que sea la aparici&oacute;n, nadie desea ver a la Llorona. Basta con reconocer el olor, el grito desesperado, para saber que algo terrible se esconde en la maleza.</span></span></p>

<p><span style="font-size:20px;"><span style="font-family:verdana,geneva,sans-serif;">Tomado de: <a href="http://www.colombia.com/colombia-info/folclor-y-tradiciones/leyendas/la-llorona/">http://www.colombia.com</a></span></span></p>

<p></p>
]]></description>
<images>
<image path="LE_06_03_REC70_IMG01a1.jpg" border="false" pathbig="LE_06_03_REC70_IMG01n1.jpg" zoomEnabled="true">
<title><![CDATA[]]></title>
</image>
</images>
<questions>
<question visible="true">
<text><![CDATA[<p>&iquest;Qu&eacute; elementos hacen de <em>La Llorona</em> una leyenda?</p>
]]></text><answers>
<answer correct="true">
<![CDATA[Es un relato popular.]]></answer>
<answer correct="false">
<![CDATA[Es un cuento.]]></answer>
<answer correct="false">
<![CDATA[Es una historia de miedo.]]></answer>
<answer correct="false">
<![CDATA[Es un relato triste.]]></answer>
</answers>
</question>
<question visible="true">
<text><![CDATA[<p>&iquest;Has escuchado otras versiones de <em>La Llorona</em>?&nbsp;&iquest;Qu&eacute; tienen en com&uacute;n?</p>
]]></text><answers>
<answer correct="false">
<![CDATA[El lugar.]]></answer>
<answer correct="true">
<![CDATA[El personaje principal.]]></answer>
<answer correct="false">
<![CDATA[El tiempo.]]></answer>
<answer correct="false">
<![CDATA[Nada.]]></answer>
</answers>
</question>
<question visible="true">
<text><![CDATA[&iquest;Por qu&eacute; <em>La Llorona</em> es una leyenda?]]></text><answers>
<answer correct="true">
<![CDATA[Porque relata la vida de un personaje mágico.]]></answer>
<answer correct="false">
<![CDATA[Porque explica el origen de la mujer.]]></answer>
<answer correct="false">
<![CDATA[Porque enseña a no ser mala madre.]]></answer>
<answer correct="false">
<![CDATA[Porque estudia los comportamientos de una mujer.]]></answer>
</answers>
</question>
</questions>
</page>
</pages>
</section><section i="1" star="false" >
<menuImage>
<title><![CDATA[<p><em>La zorra y el le&ntilde;ador</em>, f&aacute;bula</p>
]]></title>
</menuImage>
<pages>
<page i="0">
<title>La zorra y el leñador</title>
<description><![CDATA[<p><span style="font-size:20px;"><span style="font-family:verdana,geneva,sans-serif;">Una zorra estaba siendo perseguida por unos cazadores cuando lleg&oacute; al sitio de un le&ntilde;ador y le suplic&oacute; que la escondiera. El hombre le aconsej&oacute; que ingresara a su caba&ntilde;a.</span></span></p>

<p><span style="font-size:20px;"><span style="font-family:verdana,geneva,sans-serif;">Casi de inmediato llegaron los cazadores&nbsp;y le preguntaron al le&ntilde;ador si hab&iacute;a visto a la zorra.</span></span></p>

<p><span style="font-size:20px;"><span style="font-family:verdana,geneva,sans-serif;">El le&ntilde;ador, con la voz les dijo que no, pero con su mano disimuladamente se&ntilde;alaba la caba&ntilde;a donde se hab&iacute;a escondido.</span></span></p>

<p><span style="font-size:20px;"><span style="font-family:verdana,geneva,sans-serif;">Los cazadores no comprendieron las se&ntilde;as de la mano y se confiaron &uacute;nicamente en lo dicho con la palabra.</span></span></p>

<p><span style="font-size:20px;"><span style="font-family:verdana,geneva,sans-serif;">La zorra al verlos marcharse, sali&oacute; sin decir nada.&nbsp;Le reproch&oacute; el le&ntilde;ador por qu&eacute; a pesar de haberla salvado, no le daba las gracias, a lo que la zorra respondi&oacute;:</span></span></p>

<p><span style="font-size:20px;"><span style="font-family:verdana,geneva,sans-serif;">&mdash;Te hubiera dado las gracias si tus manos y tu boca hubieran dicho lo mismo.</span></span></p>

<p></p>

<p><span style="font-size:20px;"><span style="font-family:verdana,geneva,sans-serif;">Moraleja:&nbsp;<em>No niegues con tus actos, lo que pregonas con tus palabras.</em></span></span></p>

<p></p>

<p><span style="font-size:20px;"><span style="font-family:verdana,geneva,sans-serif;">Esopo.&nbsp;Tomado de: <a href="http://edyd.com/Fabulas/Esopo/E10ZorraLenador.htm">http://edyd.com/</a></span></span></p>
]]></description>
<images>
<image path="LE_06_03_REC70_IMG02n1.jpg" border="false" pathbig="LE_06_03_REC70_IMG02a1.jpg" zoomEnabled="true">
<title><![CDATA[]]></title>
</image>
</images>
<questions>
<question visible="true">
<text><![CDATA[<p>&iquest;Cu&aacute;les son los personajes de la f&aacute;bula?</p>
]]></text><answers>
<answer correct="false">
<![CDATA[La zorra y la mano.]]></answer>
<answer correct="false">
<![CDATA[Esopo.]]></answer>
<answer correct="true">
<![CDATA[La zorra y el leñador.]]></answer>
<answer correct="false">
<![CDATA[Los cazadores.]]></answer>
</answers>
</question>
<question visible="true">
<text><![CDATA[<p>&iquest;Por qu&eacute; es una f&aacute;bula?</p>
]]></text><answers>
<answer correct="false">
<![CDATA[Porque tiene dos personajes.]]></answer>
<answer correct="false">
<![CDATA[Porque es una narración propia de la tradición oral.]]></answer>
<answer correct="false">
<![CDATA[Porque trata temas subjetivos y sentimentales.]]></answer>
<answer correct="true">
<![CDATA[Porque intenta dar una lección. ]]></answer>
</answers>
</question>
<question visible="true">
<text><![CDATA[<p>La moraleja de la f&aacute;bula</p>
]]></text><answers>
<answer correct="true">
<![CDATA[cuestiona la actitud del leñador.]]></answer>
<answer correct="false">
<![CDATA[aprueba el comportamiento de la zorra.]]></answer>
<answer correct="false">
<![CDATA[reprocha el modo de ser de la zorra.]]></answer>
<answer correct="false">
<![CDATA[valora la actividad del cazador.]]></answer>
</answers>
</question>
</questions>
</page>
</pages>
</section></sections>
</engine>