﻿<?xml version="1.0" encoding="utf-8"?><engine copy="Editorial Planeta" version="1" aprid="f7"><main layout="0">
<title>Palabras con c y s</title>
<footer>Escoge una imagen </footer>
</main>
<sections>
<section i="0" star="false" hasSubsections="false">
<menuImage path="LE_06_03_REC190_IMG01.jpg" border="0">
<title><![CDATA[El grafema c]]></title>
</menuImage>
<pages>
<page i="0" visible="true" color="">
<title>Reglas ortográficas del grafema c</title>
<description><![CDATA[<p><span style="font-size: 20px;"><span style="font-family: verdana, geneva, sans-serif;">Se escriben con <em>c</em>&nbsp;las palabras con la terminaci&oacute;n </span></span><br />
<span style="font-size: 20px;"><span style="font-family: verdana, geneva, sans-serif;">-<em>unci&oacute;n.&nbsp;</em>Por ejemplo: f<strong>unci&oacute;n</strong>, As<strong>unci&oacute;n</strong>, pres<strong>unci&oacute;n.</strong></span></span></p>

<ul>
	<li>
	<p><span style="font-size: 20px;"><span style="font-family: verdana, geneva, sans-serif;">La actriz termin&oacute; su fun<strong>c</strong>i&oacute;n muy agotada.</span></span></p>
	</li>
	<li>
	<p><span style="font-size: 20px;"><span style="font-family: verdana, geneva, sans-serif;">Asun<strong>c</strong>i&oacute;n es la capital de Paraguay.</span></span></p>
	</li>
</ul>

<p><span style="font-size: 20px;"><span style="font-family: verdana, geneva, sans-serif;">Se escriben con <em>c,</em>&nbsp;las palabras que terminan en <em>-cial&nbsp;<br />
y &ndash;cioso</em>.&nbsp;Por ejemplo: espe<strong>cial</strong>, preten<strong>cioso</strong>, perjudi<strong>cial</strong>, benefi<strong>cioso</strong>.</span></span></p>

<ul>
	<li>
	<p><span style="font-size: 20px;"><span style="font-family: verdana, geneva, sans-serif;">Este regalo es especial para mi mam&aacute;.</span></span></p>
	</li>
	<li>
	<p><span style="font-size: 20px;"><span style="font-family: verdana, geneva, sans-serif;">El alcohol es perjudicial para la salud.</span></span></p>
	</li>
</ul>

<p><span style="font-size: 20px;"><span style="font-family: verdana, geneva, sans-serif;">Se escriben con <em>c</em>&nbsp;las palabras con terminaciones en </span></span><br />
<span style="font-size: 20px;"><span style="font-family: verdana, geneva, sans-serif;"><em>-cie&nbsp;</em>y muchas de las&nbsp;que terminan en <em>-cia&nbsp;y </em></span></span><br />
<span style="font-size: 20px;"><span style="font-family: verdana, geneva, sans-serif;"><em>-cio,</em>&nbsp;precedidos&nbsp;de&nbsp;vocal.&nbsp;Por&nbsp;ejemplo:&nbsp;calvi<strong>cie,&nbsp;</strong>o<strong>cio, </strong>gra<strong>cia.</strong></span></span></p>

<ul>
	<li><span style="font-size: 20px;"><span style="font-family: verdana, geneva, sans-serif;">C&eacute;sar sufre de calvi<strong>c</strong>ie prematura.</span></span></li>
	<li><span style="font-size: 20px;"><span style="font-family: verdana, geneva, sans-serif;">La pereza es diferente al o<strong>c</strong>io.</span></span></li>
</ul>

<p><span style="font-size: 20px;"><span style="font-family: verdana, geneva, sans-serif;">Se escriben con&nbsp;<em>c</em>&nbsp;las palabras terminadas en </span></span><br />
<span style="font-size: 20px;"><span style="font-family: verdana, geneva, sans-serif;"><em>-ci&oacute;n</em>&nbsp;cuando derivan de sustantivos y adjetivos terminados en -<em>to,&nbsp;</em></span></span><em style="font-family: verdana, geneva, sans-serif; font-size: 20px;">-</em><span style="font-size: 20px;"><span style="font-family: verdana, geneva, sans-serif;"><em>tor.&nbsp;</em>Por ejemplo: can<strong>tor</strong>, can<strong>ci&oacute;n</strong>, reduc<strong>tor,&nbsp;</strong>reduc<strong>ci&oacute;n</strong>, produc<strong>tor,&nbsp;</strong>produc<strong>ci&oacute;n</strong>, traduc<strong>tor,&nbsp;</strong>traduc<strong>ci&oacute;n</strong>.</span></span></p>

<ul>
	<li>
	<p><span style="font-size: 20px;"><span style="font-family: verdana, geneva, sans-serif;">La can<strong>c</strong>i&oacute;n del grupo&nbsp;Los Prisioneros&nbsp;suena bastante bien en todas las emisoras.&nbsp;</span></span></p>
	</li>
	<li>
	<p><span style="font-size: 20px;"><span style="font-family: verdana, geneva, sans-serif;">La produc<strong>c</strong>i&oacute;n de arroz en Colombia baj&oacute; un cinco por ciento a comparaci&oacute;n del a&ntilde;o pasado.</span></span></p>
	</li>
</ul>
]]></description>
<images>
<image path="LE_06_03_REC190_IMG18n.jpg" border = "0" pathbig="LE_06_03_REC190_IMG18a.jpg">
<title><![CDATA[La actriz terminó su función muy agotada.]]></title>
</image>
<image path="LE_06_03_REC190_IMG04n.jpg" border = "0" pathbig="LE_06_03_REC190_IMG04a.jpg">
<title><![CDATA[El alcohol es perjudicial para la salud.]]></title>
</image>
<image path="LE_06_03_REC190_IMG05n.jpg" border = "0" pathbig="LE_06_03_REC190_IMG05a.jpg">
<title><![CDATA[César sufre de calvicie prematura.]]></title>
</image>
<image path="LE_06_03_REC190_IMG19n.jpg" border = "0" pathbig="LE_06_03_REC190_IMG19a.jpg">
<title><![CDATA[La producción de arroz en Colombia bajó un cinco por ciento a comparación del año pasado.]]></title>
</image>
</images>
</page>
<page i="0" visible="true" color="">
<title>Reglas ortográficas del grafema c</title>
<description><![CDATA[<p><span style="font-family: verdana, geneva, sans-serif; font-size: 20px;">Se escriben con </span><em style="font-family: verdana, geneva, sans-serif; font-size: 20px;">c</em><span style="font-family: verdana, geneva, sans-serif; font-size: 20px;">&nbsp;las palabras esdr&uacute;julas terminadas en </span><em style="font-family: verdana, geneva, sans-serif; font-size: 20px;">-&aacute;ceo, -&aacute;cea</em><span style="font-family: verdana, geneva, sans-serif; font-size: 20px;">.&nbsp;Por ejemplo: ros</span><strong style="font-family: verdana, geneva, sans-serif; font-size: 20px;">&aacute;cea</strong><span style="font-family: verdana, geneva, sans-serif; font-size: 20px;">, crust</span><strong style="font-family: verdana, geneva, sans-serif; font-size: 20px;">&aacute;ceo</strong><span style="font-family: verdana, geneva, sans-serif; font-size: 20px;">.</span></p>

<ul>
	<li>
	<p><span style="font-size:20px;"><span style="font-family:verdana,geneva,sans-serif;">A Juan le gusta comer todo tipo de&nbsp;crust&aacute;<strong>c</strong>eos.</span></span></p>
	</li>
	<li>
	<p><span style="font-size:20px;"><span style="font-family:verdana,geneva,sans-serif;">Las ventanas de mi casa quedaron pintadas de un color ros&aacute;<strong>c</strong>eo. &nbsp;</span></span></p>
	</li>
</ul>

<p><span style="font-size:20px;"><span style="font-family:verdana,geneva,sans-serif;">Se escriben con <em>c</em>&nbsp;los verbos cuyo infinitivo termina en<br />
<em>-zar. </em>Estos verbos&nbsp;usan <em>c</em>&nbsp;delante de <em>e</em>&nbsp;en su conjugaci&oacute;n.&nbsp;Por ejemplo: deslizar,&nbsp;desli<strong>c&eacute;</strong>;&nbsp;comenzar, &nbsp;comen<strong>c&eacute;</strong>;&nbsp;rezar,&nbsp;re<strong>c&eacute;</strong>;&nbsp;alzar,&nbsp;al<strong>c&eacute;</strong>.</span></span></p>

<ul>
	<li>
	<p><span style="font-size:20px;"><span style="font-family:verdana,geneva,sans-serif;">Yo me desli<strong>c</strong>&eacute; por la nieve.</span></span></p>
	</li>
	<li>
	<p><span style="font-size:20px;"><span style="font-family:verdana,geneva,sans-serif;">Comen<strong>c</strong>&eacute; a estudiar mec&aacute;nica automotriz en la universidad.</span></span></p>
	</li>
</ul>

<p><span style="font-size:20px;"><span style="font-family:verdana,geneva,sans-serif;">Se escriben con <em>c</em>, los verbos cuyas&nbsp;terminaciones<br />
sean&nbsp;<em>-cer, -ceder, -cender, -cir, -cindir, -cebir</em>.&nbsp;Por ejemplo: con<strong>ceder</strong>, en<strong>cender</strong>, cono<strong>cer</strong>, pres<strong>cindir</strong>, de<strong>cir</strong>, con<strong>cebir</strong>.</span></span></p>

<ul>
	<li>
	<p><span style="font-size:20px;"><span style="font-family:verdana,geneva,sans-serif;">Ana le va a de<strong>c</strong>ir a su mam&aacute; que la quiere mucho.</span></span></p>
	</li>
	<li>
	<p><span style="font-size:20px;"><span style="font-family:verdana,geneva,sans-serif;">Voy a pres<strong>c</strong>indir de tus servicios.</span></span></p>
	</li>
</ul>

<p><span style="font-size: 20px;"><span style="font-family: verdana, geneva, sans-serif;">Se escriben con&nbsp;<em>c</em>&nbsp;las palabras terminadas en </span></span><br />
<span style="font-size: 20px;"><span style="font-family: verdana, geneva, sans-serif;">-<em>&iacute;cito.&nbsp;</em>Por ejemplo: l<strong>&iacute;cito</strong>, impl<strong>&iacute;cito.</strong></span></span></p>

<ul>
	<li>
	<p><span style="font-size: 20px;"><span style="font-family: verdana, geneva, sans-serif;">Este negocio es l&iacute;<strong>c</strong>ito.</span></span></p>
	</li>
	<li>
	<p><span style="font-size: 20px;"><span style="font-family: verdana, geneva, sans-serif;">En el contrato estaban expl&iacute;<strong>c</strong>itas todas las funciones.</span></span></p>
	</li>
</ul>
]]></description>
<images>
<image path="LE_06_03_REC190_IMG07n.jpg" border = "0" pathbig="LE_06_03_REC190_IMG07a.jpg">
<title><![CDATA[A Juan le gusta comer todo tipo de crustáceos.]]></title>
</image>
<image path="LE_06_03_REC190_IMG08n.jpg" border = "0" pathbig="LE_06_03_REC190_IMG08a.jpg">
<title><![CDATA[Yo me deslicé por la nieve.]]></title>
</image>
<image path="LE_06_03_REC190_IMG09n.jpg" border = "0" pathbig="LE_06_03_REC190_IMG09a.jpg">
<title><![CDATA[Ana le va a decir a su mamá que la quiere mucho.]]></title>
</image>
<image path="LE_06_03_REC190_IMG20n.jpg" border = "0" pathbig="LE_06_03_REC190_IMG20a.jpg">
<title><![CDATA[Este negocio es lícito.]]></title>
</image>
</images>
</page>
</pages>
</section><section i="0" star="false" hasSubsections="false">
<menuImage path="LE_06_03_REC190_IMG02.jpg" border="0">
<title><![CDATA[El grafema s]]></title>
</menuImage>
<pages>
<page i="0" visible="true" color="">
<title>Reglas ortográficas del grafema s </title>
<description><![CDATA[<p><span style="font-size: 20px;"><span style="font-family: verdana, geneva, sans-serif;">Se escriben con <em>s</em>&nbsp;las terminaciones de los gentilicios<br />
que finalicen en&nbsp;<em>-ense</em>.&nbsp;Por ejemplo: londin<strong>ense</strong>, nicarag&uuml;<strong>ense</strong>, canadi<strong>ense</strong>, estadounid<strong>ense</strong>.</span></span></p>

<ul>
	<li>
	<p><span style="font-size: 20px;"><span style="font-family: verdana, geneva, sans-serif;">Los estadouniden<strong>s</strong>es perdieron la guerra de Vietnam.</span></span></p>
	</li>
	<li>
	<p><span style="font-size: 20px;"><span style="font-family: verdana, geneva, sans-serif;">A todos los londinen<strong>s</strong>es les gusta tomar el t&eacute; a las seis de la tarde. &nbsp;</span></span></p>
	</li>
</ul>

<p><span style="font-size: 20px;"><span style="font-family: verdana, geneva, sans-serif;">Se escriben&nbsp;con <em>s</em>&nbsp;las terminaciones verbales &shy;<em>-ase</em>, </span></span><br />
<span style="font-size: 20px;"><span style="font-family: verdana, geneva, sans-serif;"><em>-ese</em>, <em>-aste</em>, <em>-iste</em>.&nbsp;Por ejemplo: am<strong>ase</strong>, fu<strong>ese</strong>, am<strong>aste</strong>, aprend<strong>iste</strong>, recog<strong>iste</strong>.</span></span></p>

<ul>
	<li>
	<p><span style="font-size: 20px;"><span style="font-family: verdana, geneva, sans-serif;">Aprendi<strong>s</strong>te la lecci&oacute;n, &iquest;no?</span></span></p>
	</li>
	<li>
	<p><span style="font-size: 20px;"><span style="font-family: verdana, geneva, sans-serif;">Ella lo busc&oacute;&nbsp;para que &eacute;l la ama<strong>s</strong>e como si fue<strong>s</strong>e la &uacute;ltima mujer sobre la Tierra.</span></span></p>
	</li>
</ul>

<p><span style="font-size: 20px;"><span style="font-family: verdana, geneva, sans-serif;">Se escriben con <em>s</em>&nbsp;las palabras terminadas en:&nbsp;<br />
<em>-&iacute;simo, -&iacute;sima, -&eacute;simo, -&eacute;sima.&nbsp;</em>Por ejemplo: important<strong>&iacute;simo</strong>, dificil<strong>&iacute;sima</strong>,&nbsp;vig<strong>&eacute;simo</strong>, sexag<strong>&eacute;sima.</strong></span></span></p>

<ul>
	<li>
	<p><span style="font-size: 20px;"><span style="font-family: verdana, geneva, sans-serif;">&iexcl;Es important&iacute;<strong>s</strong>imo que consigas trabajo pronto!</span></span></p>
	</li>
	<li>
	<p><span style="font-size: 20px;"><span style="font-family: verdana, geneva, sans-serif;">T&uacute;&nbsp;eres el vig&eacute;<strong>s</strong>imo rey de Austria.</span></span></p>
	</li>
</ul>

<p><span style="font-size: 20px;"><span style="font-family: verdana, geneva, sans-serif;">Se escriben con <em>s</em>&nbsp;los adjetivos terminados en -<em>oso</em>&nbsp;y </span></span><br />
<span style="font-size: 20px;"><span style="font-family: verdana, geneva, sans-serif;">-<em>osa</em>.&nbsp;Por ejemplo: caudal<strong>oso</strong>, milagr<strong>osa</strong>.</span></span></p>

<ul>
	<li>
	<p><span style="font-size: 20px;"><span style="font-family: verdana, geneva, sans-serif;">La virgen del Carmen es milagro<strong>s</strong>a.</span></span></p>
	</li>
	<li>
	<p><span style="font-size: 20px;"><span style="font-family: verdana, geneva, sans-serif;">Navegamos por unos r&iacute;os muy caudalo<strong>s</strong>os.</span></span></p>
	</li>
</ul>

<p><span style="font-size: 20px;"><span style="font-family: verdana, geneva, sans-serif;">Se escriben con&nbsp;<em>s</em>&nbsp;los nombres y adjetivos terminados en -<em>usco, -usca, -esco, -esca</em>.&nbsp;Por ejemplo: grot<strong>esco</strong>, dant<strong>esco</strong>, fr<strong>esca</strong>, mol<strong>usco</strong>, br<strong>usca</strong>, chin<strong>esco</strong>.</span></span></p>

<ul>
	<li>
	<p><span style="font-size: 20px;"><span style="font-family: verdana, geneva, sans-serif;">Esa ni&ntilde;a es muy bru<strong>s</strong>ca.</span></span></p>
	</li>
	<li>
	<p><span style="font-size: 20px;"><span style="font-family: verdana, geneva, sans-serif;">Ana se levanta muy fre<strong>s</strong>ca de su cama.</span></span></p>
	</li>
</ul>
]]></description>
<images>
<image path="LE_06_03_REC190_IMG11n.jpg" border = "0" pathbig="LE_06_03_REC190_IMG11a.jpg">
<title><![CDATA[A todos los londinenses les gusta tomar el té a las seis de la tarde.]]></title>
</image>
<image path="LE_06_03_REC190_IMG12n.jpg" border = "0" pathbig="LE_06_03_REC190_IMG12a.jpg">
<title><![CDATA[Ella lo buscó para que él la amase como si fuese la última mujer sobre la Tierra.]]></title>
</image>
<image path="LE_06_03_REC190_IMG13n.jpg" border = "0" pathbig="LE_06_03_REC190_IMG13a.jpg">
<title><![CDATA[Tú eres el vigésimo rey de Austria.]]></title>
</image>
<image path="LE_06_03_REC190_IMG14n.jpg" border = "0" pathbig="LE_06_03_REC190_IMG14a.jpg">
<title><![CDATA[Navegamos por unos ríos muy caudalosos.]]></title>
</image>
<image path="LE_06_03_REC190_IMG10n.jpg" border = "0" pathbig="LE_06_03_REC190_IMG10a.jpg">
<title><![CDATA[Ana se levanta muy fresca de su cama.]]></title>
</image>
</images>
</page>
<page i="0" visible="true" color="">
<title>Reglas ortográficas del grafema s</title>
<description><![CDATA[<p><span style="font-size:20px;"><span style="font-family:verdana,geneva,sans-serif;">Se escribe con <em>s</em> la terminaci&oacute;n -<em>si&oacute;n</em> cuando proviene de verbos terminados en -<em>cluir</em>, -<em>tir</em>, -<em>dir</em>, -<em>der</em>. Por ejemplo: compren<strong>der</strong>, compren<strong>si&oacute;n;</strong>&nbsp;divi<strong>dir</strong>, divi<strong>si&oacute;n;</strong>&nbsp;omi<strong>tir</strong>, omi<strong>si&oacute;n</strong>;&nbsp;con<strong>cluir</strong>, conclu<strong>si&oacute;n</strong>.</span></span></p>

<ul>
	<li>
	<p><span style="font-size: 20px;"><span style="font-family: verdana, geneva, sans-serif;">La confe<strong>s</strong>i&oacute;n es uno de los santos sacramentos de la Iglesia cat&oacute;lica.</span></span></p>
	</li>
	<li>
	<p><span style="font-size: 20px;"><span style="font-family: verdana, geneva, sans-serif;">A David le cost&oacute; aprender el proceso de la divi<strong>s</strong>i&oacute;n en su colegio.&nbsp;</span></span></p>
	</li>
</ul>

<p><span style="font-size: 20px;"><span style="font-family: verdana, geneva, sans-serif;">Se utiliza <em>s</em>&nbsp;en los nombres y adjetivos terminados en </span></span><br />
<span style="font-size: 20px;"><span style="font-family: verdana, geneva, sans-serif;"><em>-enso</em>, <em>-ensa</em>.&nbsp;Por ejemplo: pr<strong>ensa</strong>, d<strong>enso</strong>, ext<strong>ensa</strong>, inm<strong>enso</strong>, recomp<strong>ensa</strong>, c<strong>enso</strong>.</span></span></p>

<ul>
	<li>
	<p><span style="font-size: 20px;"><span style="font-family: verdana, geneva, sans-serif;">La pren<strong>s</strong>a colombiana&nbsp;est&aacute; realizando un buen trabajo period&iacute;stico.</span></span></p>
	</li>
	<li>
	<p><span style="font-size: 20px;"><span style="font-family: verdana, geneva, sans-serif;">Me entregaron la recompen<strong>s</strong>a por denunciar al ladr&oacute;n.&nbsp;</span></span></p>
	</li>
</ul>

<p><span style="font-size: 20px;"><span style="font-family: verdana, geneva, sans-serif;">Se usa <em>s</em>&nbsp;en palabras con terminaciones en&nbsp;<em>-sura.&nbsp;</em>Por ejemplo: trave<strong>sura</strong>, clau<strong>sura</strong>, me<strong>sura</strong>, cen<strong>sura</strong>, ba<strong>sura</strong>, hermo<strong>sura</strong>.</span></span></p>

<ul>
	<li>
	<p><span style="font-size: 20px;"><span style="font-family: verdana, geneva, sans-serif;">La trave<strong>s</strong>ura de Ana, puso en problemas a Juan.</span></span></p>
	</li>
	<li>
	<p><span style="font-size: 20px;"><span style="font-family: verdana, geneva, sans-serif;">La ba<strong>s</strong>ura de la calle genera malos olores e inseguridad, opinan los ciudadanos.&nbsp;</span></span></p>
	</li>
</ul>

<p><span style="font-size: 20px;"><span style="font-family: verdana, geneva, sans-serif;">Se usa <em>s</em>&nbsp;en el pronombre <em>se</em>&nbsp;cuando se a&ntilde;ade a final de palabra.&nbsp;Por ejemplo: amar<strong>se</strong>,&nbsp;medir<strong>se</strong>,&nbsp;decir<strong>se</strong>,&nbsp; cansar<strong>se</strong>,&nbsp;peinar<strong>se</strong>, contar<strong>se</strong>.</span></span></p>

<ul>
	<li>
	<p><span style="font-size: 20px;"><span style="font-family: verdana, geneva, sans-serif;">Es bueno decir<strong>s</strong>e la verdad.</span></span></p>
	</li>
	<li>
	<p><span style="font-size: 20px;"><span style="font-family: verdana, geneva, sans-serif;">Lucrecia aprendi&oacute; a peinar<strong>s</strong>e mir&aacute;ndose en el espejo.</span></span>&nbsp;</p>
	</li>
</ul>
]]></description>
<images>
<image path="LE_06_03_REC190_IMG15n.jpg" border = "0" pathbig="LE_06_03_REC190_IMG15a.jpg">
<title><![CDATA[La confesión es uno de los santos sacramentos de la Iglesia católica.]]></title>
</image>
<image path="LE_06_03_REC190_IMG16n.jpg" border = "0" pathbig="LE_06_03_REC190_IMG16a.jpg">
<title><![CDATA[La prensa colombiana está realizando un buen trabajo periodístico.]]></title>
</image>
<image path="LE_06_03_REC190_IMG17n.jpg" border = "0" pathbig="LE_06_03_REC190_IMG17a.jpg">
<title><![CDATA[La basura de la calle genera malos olores e inseguridad, opinan los ciudadanos.]]></title>
</image>
<image path="LE_06_03_REC190_IMG21n.jpg" border = "0" pathbig="LE_06_03_REC190_IMG21a.jpg">
<title><![CDATA[Lucrecia aprendió a peinarse mirándose en el espejo.]]></title>
</image>
</images>
</page>
</pages>
</section></sections>
</engine>