﻿<?xml version="1.0" encoding="utf-8"?>
<motor tipo="5" clase="a" aprid="m5a">
  <plataforma>
    <grado><![CDATA[2]]></grado>
    <titulo>Literatura: la literatura de la época precolombina</titulo>
    <area>0</area>
    <nivel>2</nivel>
    <referencia />
    <idreg><![CDATA[0]]></idreg>
    <motor><![CDATA[M5A]]></motor>
    <lang>es</lang>
  </plataforma>
  <enunciado><![CDATA[Responde las preguntas acerca de la literatura prehispánica.]]></enunciado>
  <masinfo inicio="0" />
  <sinaleatoriedad><![CDATA[0]]></sinaleatoriedad>
  <calc><![CDATA[0]]></calc>
  <respuestaunica><![CDATA[0]]></respuestaunica>
  <test cantidad="6">
    <cuestion>
      <enunciado><![CDATA[La literatura prehispánica se preservó hasta nuestros tiempos gracias ]]></enunciado>
      <explicacion />
      <imagen><![CDATA[LE_09_01_REC10_IMG01n.png]]></imagen>
      <ampliacion><![CDATA[LE_09_01_REC10_IMG01a.png]]></ampliacion>
      <respuestas>
        <respuesta contestacion="a los cronistas y a la imprenta traída por los españoles." correcta="0" />
        <respuesta contestacion="a los mitos recopilados por intérpretes castellanos." correcta="0" />
        <respuesta contestacion="a la tradición oral y a las crónicas de los españoles." correcta="1" />
        <respuesta contestacion="a los indígenas que fueron a Europa para narrar sus mitos." correcta="0" />
      </respuestas>
    </cuestion>
    <cuestion>
      <enunciado><![CDATA[El primer sistema de escritura de América fue desarrollado por]]></enunciado>
      <explicacion />
      <imagen><![CDATA[LE_09_01_REC10_IMG02n.png]]></imagen>
      <ampliacion><![CDATA[LE_09_01_REC10_IMG02a.png]]></ampliacion>
      <respuestas>
        <respuesta contestacion="los muiscas." correcta="0" />
        <respuesta contestacion="los mayas." correcta="1" />
        <respuesta contestacion="los aztecas" correcta="0" />
        <respuesta contestacion="los incas." correcta="0" />
      </respuestas>
    </cuestion>
    <cuestion>
      <enunciado><![CDATA[Los aztecas componían himnos de carácter]]></enunciado>
      <explicacion />
      <imagen><![CDATA[LE_09_01_REC10_IMG03n.png]]></imagen>
      <ampliacion><![CDATA[LE_09_01_REC10_IMG03a.png]]></ampliacion>
      <respuestas>
        <respuesta contestacion="religioso, en honor de sus dioses." correcta="1" />
        <respuesta contestacion="sentimental, para celebrar la vida y la fertilidad." correcta="0" />
        <respuesta contestacion="trágico, en honor de los caídos en las guerras." correcta="0" />
        <respuesta contestacion="social, para edificar y educar al pueblo." correcta="0" />
      </respuestas>
    </cuestion>
    <cuestion>
      <enunciado><![CDATA[Dado su carácter ejemplar y vital, uno de los asuntos centrales de la literatura prehispánica fue]]></enunciado>
      <explicacion />
      <imagen><![CDATA[LE_09_01_REC10_IMG04n.png]]></imagen>
      <ampliacion><![CDATA[LE_09_01_REC10_IMG04a.png]]></ampliacion>
      <respuestas>
        <respuesta contestacion="la vida sentimental de caciques y emperadores." correcta="0" />
        <respuesta contestacion="la evolución de los seres humanos." correcta="0" />
        <respuesta contestacion="las principales gestas de los guerreros." correcta="0" />
        <respuesta contestacion="la creación del mundo y de los seres humanos." correcta="1" />
      </respuestas>
    </cuestion>
    <cuestion>
      <enunciado><![CDATA[Los mitos y los rituales religiosos formaron parte de la colectividad y lo tradicional en las sociedades prehispánicas porque]]></enunciado>
      <explicacion />
      <imagen><![CDATA[LE_09_01_REC10_IMG05n.png]]></imagen>
      <ampliacion><![CDATA[LE_09_01_REC10_IMG05a.png]]></ampliacion>
      <respuestas>
        <respuesta contestacion="dieron cuenta del orden religioso y social." correcta="1" />
        <respuesta contestacion="relataron el proceso de sincretismo y aculturación." correcta="0" />
        <respuesta contestacion="enseñaron los temores de los dioses." correcta="0" />
        <respuesta contestacion="sirvieron como predicciones del futuro." correcta="0" />
      </respuestas>
    </cuestion>
    <cuestion>
      <enunciado><![CDATA[El símbolo de la sabiduría del México antiguo fue]]></enunciado>
      <explicacion />
      <imagen><![CDATA[LE_09_01_REC10_IMG06n.png]]></imagen>
      <ampliacion><![CDATA[LE_09_01_REC10_IMG06a.png]]></ampliacion>
      <respuestas>
        <respuesta contestacion="Hernán Cortés." correcta="0" />
        <respuesta contestacion="Quetzacóatl." correcta="1" />
        <respuesta contestacion="Nezahualcóyotl." correcta="0" />
        <respuesta contestacion="Tahuantinsuyo." correcta="0" />
      </respuestas>
    </cuestion>
  </test>
</motor>