﻿<?xml version="1.0" encoding="UTF-8"?>
<engine copy="Editorial Planeta" version="1" aprid="f11">
  <main mode="f11" title="La Celestina y Fernando de Rojas">
    <audio path="audioImage.jpg">medias/AU000051.mp3</audio>
    <audio2 />
  </main>
  <understanding title="" title2="" buttons="false" visible="true">
    <definition>
      <title>
      </title>
      <def><![CDATA[<p><span style="font-size: 36px; color: #ff6600; ;font-family: Verdana,Arial,sans-serif;">Comprensi&oacute;n</span></p>

<ul>
	<li><span style="font-size: 30px; ;font-family: Verdana,Arial,sans-serif;">&iquest;Por qu&eacute; Calisto ve en Melibea la grandeza de Dios? Expl&iacute;calo&nbsp;con tus&nbsp;propias palabras. </span></li>
</ul>

<ul>
	<li><span style="font-size: 30px; ;font-family: Verdana,Arial,sans-serif;">&iquest;De qu&eacute; se alegra Calisto al referirse a las palabras que tan indignamente ha o&iacute;do?</span></li>
</ul>

<ul>
	<li><span style="font-size: 30px; ;font-family: Verdana,Arial,sans-serif;">&iquest;Por qu&eacute; Melibea le pide a Calisto que se vaya?</span></li>
</ul>]]></def>
    </definition>
  </understanding>
  <definitions title="" title2="" visible="true">
    <definition>
      <title>Merced</title>
      <def><![CDATA[<p><span style="font-weight: bold; ;font-family: Verdana,Arial,sans-serif; font-size: 27px;">Merced:</span></p><p><span style="font-family: Verdana,Arial,sans-serif; font-size: 27px;">premio o galardón que se da por el trabajo.</span></p>]]></def>
    </definition>
    <definition>
      <title>Galardón</title>
      <def><![CDATA[<p><span style="font-weight: bold; ;font-family: Verdana,Arial,sans-serif; font-size: 27px;">Galardón:</span></p><p><span style="font-family: Verdana,Arial,sans-serif; font-size: 27px;">premio o recompensa de los méritos o servicios.</span></p>]]></def>
    </definition>
    <definition>
      <title>Obra pía</title>
      <def><![CDATA[<p><span style="font-weight: bold; ;font-family: Verdana,Arial,sans-serif; font-size: 27px;">Obra pía:</span></p><p><span style="font-family: Verdana,Arial,sans-serif; font-size: 27px;">establecimiento piadoso para el culto de Dios o el ejercicio de la caridad con el prójimo.</span></p>]]></def>
    </definition>
    <definition>
      <title>Deferimos</title>
      <def><![CDATA[<p><span style="font-weight: bold; ;font-family: Verdana,Arial,sans-serif; font-size: 27px;">Deferimos (diferir):</span></p><p><span style="font-family: Verdana,Arial,sans-serif; font-size: 27px;">dicho de una persona o de una cosa: Distinguirse de otra.</span></p>]]></def>
    </definition>
    <definition>
      <title>Bienaventuranza</title>
      <def><![CDATA[<p><span style="font-weight: bold; ;font-family: Verdana,Arial,sans-serif; font-size: 27px;">Bienaventuranza:</span></p>

<p><span style="font-family: Verdana,Arial,sans-serif; font-size: 27px;">prosperidad o felicidad humana. </span></p>
]]></def>
    </definition>
    <definition>
      <title>Perseveras</title>
      <def><![CDATA[<p><span style="font-weight: bold; ;font-family: Verdana,Arial,sans-serif; font-size: 27px;">Perseveras:</span></p><p><span style="font-family: Verdana,Arial,sans-serif; font-size: 27px;">mantenerse constante en la prosecución de lo comenzado, en una actitud o en una opinión.</span></p>]]></def>
    </definition>
    <definition>
      <title>Virtud</title>
      <def><![CDATA[<p><span style="font-weight: bold; ;font-family: Verdana,Arial,sans-serif; font-size: 27px;">Virtud:</span></p><p><span style="font-family: Verdana,Arial,sans-serif; font-size: 27px;">disposición constante del alma para las acciones conformes a la ley moral.</span></p>]]></def>
    </definition>
    <definition>
      <title>Ilícito</title>
      <def><![CDATA[<p><span style="font-weight: bold; ;font-family: Verdana,Arial,sans-serif; font-size: 27px;">Ilícito:</span></p><p><span style="font-family: Verdana,Arial,sans-serif; font-size: 27px;">no permitido legal o moralmente.</span></p>]]></def>
    </definition>
  </definitions>
  <reaserch title="" title2="Investiga" buttons="false" visible="true">
    <definition>
      <title>
      </title>
      <def><![CDATA[<p><span style="font-size: 36px; color: #ff6600; ;font-family: Verdana,Arial,sans-serif;">Investiga</span></p>

<ul>
	<li><span style="font-size: 24px; ;font-family: Verdana,Arial,sans-serif;">&iquest;Qui&eacute;nes son estos dos personajes:&nbsp;Calisto y Melibea?</span></li>
</ul>

<ul>
	<li><span style="font-size: 24px; ;font-family: Verdana,Arial,sans-serif;">&iquest;A qui&eacute;n acude Calisto para conseguir el amor de Melibea?</span></li>
</ul>

<ul>
	<li><span style="font-size: 24px; ;font-family: Verdana,Arial,sans-serif;">&iquest;Qui&eacute;nes son los personajes secundarios?</span></li>
</ul>]]></def>
    </definition>
    <definition>
      <title>
      </title>
      <def><![CDATA[<p><span style="font-size: 36px; color: #ff6600; ;font-family: Verdana,Arial,sans-serif;">Investiga</span></p>

<p><span style="font-size: 24px; ;font-family: Verdana,Arial,sans-serif;">La magia es uno de los elementos clave en </span><span style="font-size: 24px; font-style: italic; ;font-family: Verdana,Arial,sans-serif;">La Celestina</span><span style="font-size: 24px; ;font-family: Verdana,Arial,sans-serif;"> busca&nbsp;un fragmento que sea representativo.</span></p>

<ul>
	<li><span style="font-size: 24px; ;font-family: Verdana,Arial,sans-serif;">&iquest;Qui&eacute;n es el autor de </span><span style="font-size: 24px; font-style: italic; ;font-family: Verdana,Arial,sans-serif;">La Celestina</span><span style="font-size: 24px; ;font-family: Verdana,Arial,sans-serif;">? &iquest;Qu&eacute; sabes&nbsp;sobre &eacute;l?</span></li>
</ul>

<ul>
	<li><span style="font-size: 24px; ;font-family: Verdana,Arial,sans-serif;">&iquest;Qu&eacute; caracter&iacute;sticas presenta la obra de </span><span style="font-size: 24px; font-style: italic; ;font-family: Verdana,Arial,sans-serif;">La Celestina</span><span style="font-size: 24px; ;font-family: Verdana,Arial,sans-serif;">? </span></li>
</ul>]]></def>
    </definition>
  </reaserch>
  <activity title2="" visible="true" path="LC_09_04_07.zip">
  </activity>
</engine>