﻿<?xml version="1.0" encoding="utf-8"?><engine copy="Editorial Planeta" version="1" aprid="f1">
<css><![CDATA[.gris {background-color:grey;}
.rojo {background-color:red;} 
.big {font-size: 60px; }]]></css>
<pantallas>
<pantalla id="pantalla_5">
<event id='onPrepare' language='DO'><![CDATA[]]></event>
<event id='onShown' language='DO'><![CDATA[]]></event>
<components>
<component _type='_compImage' id='image_39' x='0' y='0' width='0' height='0' alpha='1' visible='1' enabled='1' cssClass='' adjustMode='1' alignMode='0' image='data/imagenes/image_25016.jpg' />
<component _type='_compSimpleText' id='texto_11' x='71' y='100' width='639' height='211' alpha='1' visible='1' enabled='1' cssClass='defaultSimpleText big' alignMode='0' >
<content><![CDATA[El género lírico:<br>el lenguaje poético
]]></content>
</component>
<component _type='_compIconButton' id='iconbutton_60' x='144' y='527' width='37' height='37' alpha='1' visible='1' enabled='1' cssClass='iconNextButton_white' group='-1'><event id='onClick' language='DO'><![CDATA[uiobject_set(rootSlider,"current",1)]]></event>
</component>
</components>
<animaciones>
</animaciones>
</pantalla>
<pantalla id="pantalla_13">
<event id='onPrepare' language='DO'><![CDATA[]]></event>
<event id='onShown' language='DO'><![CDATA[]]></event>
<components>
<component _type='_compImage' id='image_40' x='0' y='0' width='0' height='0' alpha='1' visible='1' enabled='1' cssClass='' adjustMode='1' alignMode='0' image='data/imagenes/image_25036.jpg' />
<component _type='_compCSSBox' id='fondo_19' x='372' y='64' width='205' height='36' alpha='1' visible='1' enabled='1' cssClass='gris' />
<component _type='_compRichText' id='texto_18' x='253' y='55' width='444' height='75' alpha='1' visible='1' enabled='1' scrollable='1' >
<content><![CDATA[<p style="text-align:center"><strong><span style="font-family:verdana,geneva,sans-serif"><span style="font-size:18px">Escucha el audio</span></span></strong></p>
]]></content>
</component>
<component _type='_compIconButton' id='iconbutton_60' x='144' y='527' width='37' height='37' alpha='1' visible='1' enabled='1' cssClass='iconNextButton_white' group='-1'><event id='onClick' language='DO'><![CDATA[uiobject_set(rootSlider,"current",2)]]></event>
</component>
<component _type='_compIconButton' id='iconbutton_61' x='87' y='527' width='37' height='37' alpha='1' visible='1' enabled='1' cssClass='iconPrevButton_white' group='-1'><event id='onClick' language='DO'><![CDATA[uiobject_set(rootSlider,"current",0)]]></event>
</component>
<component _type='_compIconButton' id='iconbutton_62' x='20' y='527' width='37' height='37' alpha='1' visible='1' enabled='1' cssClass='iconHomeButton_white' group='-1'><event id='onClick' language='DO'><![CDATA[uiobject_set(rootSlider,"current",0)]]></event>
</component>
<component _type='_compIconButton' id='iconbutton_63' x='211' y='527' width='37' height='37' alpha='1' visible='1' enabled='1' cssClass='iconPlayButton_white' group='-1'><event id='onClick' language='DO'><![CDATA[do (
uiobject_play("audioclip_64"),
uiobject_set("iconbutton_65","visible",true)
)
]]></event>
</component>
<component _type='_compAudioClip' id='audioclip_64' x='459' y='288' width='32' height='32' alpha='1' visible='1' enabled='1' audio='data/sonidos/0.mp3' autoplay='0' />
<component _type='_compIconButton' id='iconbutton_65' x='211' y='527' width='37' height='37' alpha='1' visible='0' enabled='1' cssClass='iconPauseButton_white' group='-1'><event id='onClick' language='DO'><![CDATA[do (
uiobject_pause("audioclip_64"),
uiobject_set("iconbutton_65","visible",false)
)
]]></event>
</component>
</components>
<animaciones>
</animaciones>
</pantalla>
<pantalla id="pantalla_20">
<event id='onPrepare' language='DO'><![CDATA[]]></event>
<event id='onShown' language='DO'><![CDATA[]]></event>
<components>
<component _type='_compImage' id='image_41' x='0' y='0' width='0' height='0' alpha='1' visible='1' enabled='1' cssClass='' adjustMode='1' alignMode='0' image='data/imagenes/image_25167.jpg' />
<component _type='_compRichText' id='texto_12' x='265' y='51' width='484' height='113' alpha='1' visible='1' enabled='1' scrollable='1' >
<content><![CDATA[<p><span style="font-size:25px"><span style="font-family:verdana,geneva,sans-serif">&iquest;Qu&eacute; estructura tiene el texto?</span></span></p>

<p>&nbsp;</p>
]]></content>
</component>
<component _type='_compIconButton' id='iconbutton_62' x='20' y='527' width='37' height='37' alpha='1' visible='1' enabled='1' cssClass='iconHomeButton_white' group='-1'><event id='onClick' language='DO'><![CDATA[uiobject_set(rootSlider,"current",0)]]></event>
</component>
<component _type='_compIconButton' id='iconbutton_61' x='87' y='527' width='37' height='37' alpha='1' visible='1' enabled='1' cssClass='iconPrevButton_white' group='-1'><event id='onClick' language='DO'><![CDATA[uiobject_set(rootSlider,"current",1)]]></event>
</component>
<component _type='_compIconButton' id='iconbutton_60' x='144' y='527' width='37' height='37' alpha='1' visible='1' enabled='1' cssClass='iconNextButton_white' group='-1'><event id='onClick' language='DO'><![CDATA[uiobject_set(rootSlider,"current",3)]]></event>
</component>
<component _type='_compImage' id='image_42' x='367' y='126' width='0' height='0' alpha='1' visible='1' enabled='1' cssClass='' adjustMode='1' alignMode='0' image='data/imagenes/00_imagen11.jpg' />
</components>
<animaciones>
</animaciones>
</pantalla>
<pantalla id="pantalla_25">
<event id='onPrepare' language='DO'><![CDATA[]]></event>
<event id='onShown' language='DO'><![CDATA[]]></event>
<components>
<component _type='_compImage' id='image_41' x='0' y='0' width='0' height='0' alpha='1' visible='1' enabled='1' cssClass='' adjustMode='1' alignMode='0' image='data/imagenes/image_25167.jpg' />
<component _type='_compIconButton' id='iconbutton_62' x='20' y='527' width='37' height='37' alpha='1' visible='1' enabled='1' cssClass='iconHomeButton_white' group='-1'><event id='onClick' language='DO'><![CDATA[uiobject_set(rootSlider,"current",0)]]></event>
</component>
<component _type='_compIconButton' id='iconbutton_61' x='87' y='527' width='37' height='37' alpha='1' visible='1' enabled='1' cssClass='iconPrevButton_white' group='-1'><event id='onClick' language='DO'><![CDATA[uiobject_set(rootSlider,"current",2)]]></event>
</component>
<component _type='_compIconButton' id='iconbutton_60' x='144' y='527' width='37' height='37' alpha='1' visible='1' enabled='1' cssClass='iconNextButton_white' group='-1'><event id='onClick' language='DO'><![CDATA[uiobject_set(rootSlider,"current",4)]]></event>
</component>
<component _type='_compImage' id='image_43' x='280' y='120' width='0' height='0' alpha='1' visible='1' enabled='1' cssClass='' adjustMode='1' alignMode='0' image='data/imagenes/00_imagen12.jpg' />
<component _type='_compRichText' id='texto_12' x='265' y='51' width='484' height='113' alpha='1' visible='1' enabled='1' scrollable='1' >
<content><![CDATA[<p><span style="font-size:25px"><span style="font-family:verdana,geneva,sans-serif">&iquest;Qu&eacute; estructura tiene el texto?</span></span></p>

<p>&nbsp;</p>
]]></content>
</component>
</components>
<animaciones>
</animaciones>
</pantalla>
<pantalla id="pantalla_29">
<event id='onPrepare' language='DO'><![CDATA[]]></event>
<event id='onShown' language='DO'><![CDATA[]]></event>
<components>
<component _type='_compIconButton' id='iconbutton_62' x='20' y='527' width='37' height='37' alpha='1' visible='1' enabled='1' cssClass='iconHomeButton' group='-1'><event id='onClick' language='DO'><![CDATA[uiobject_set(rootSlider,"current",0)]]></event>
</component>
<component _type='_compIconButton' id='iconbutton_61' x='87' y='527' width='37' height='37' alpha='1' visible='1' enabled='1' cssClass='iconPrevButton' group='-1'><event id='onClick' language='DO'><![CDATA[uiobject_set(rootSlider,"current",3)]]></event>
</component>
<component _type='_compIconButton' id='iconbutton_60' x='144' y='527' width='37' height='37' alpha='1' visible='1' enabled='1' cssClass='iconNextButton' group='-1'><event id='onClick' language='DO'><![CDATA[uiobject_set(rootSlider,"current",5)]]></event>
</component>
<component _type='_compRichText' id='texto_44' x='155' y='148' width='640' height='300' alpha='1' visible='1' enabled='1' scrollable='1' >
<content><![CDATA[<p style="text-align:center"><span style="font-size:40px"><span style="color:#FF8C00"><span style="font-family:verdana,geneva,sans-serif">&iexcl;Recuerda!</span></span></span><br />
<br />
&nbsp;</p>

<ul>
	<li><span style="font-size:20px"><span style="font-family:verdana,geneva,sans-serif">Un <span style="color:#008080">verso</span> es cada una de las l&iacute;neas que forman un poema.</span></span></li>
	<li><span style="font-family:verdana,geneva,sans-serif"><span style="font-size:25px"><span style="font-size:20px">Una <span style="color:#008000">estrofa</span> es un conjunto de versos.</span></span></span></li>
</ul>
]]></content>
</component>
</components>
<animaciones>
</animaciones>
</pantalla>
<pantalla id="pantalla_33">
<event id='onPrepare' language='DO'><![CDATA[]]></event>
<event id='onShown' language='DO'><![CDATA[]]></event>
<components>
<component _type='_compImage' id='image_41' x='0' y='0' width='0' height='0' alpha='1' visible='1' enabled='1' cssClass='' adjustMode='1' alignMode='0' image='data/imagenes/image_25167.jpg' />
<component _type='_compIconButton' id='iconbutton_62' x='20' y='527' width='37' height='37' alpha='1' visible='1' enabled='1' cssClass='iconHomeButton' group='-1'><event id='onClick' language='DO'><![CDATA[uiobject_set(rootSlider,"current",0)]]></event>
</component>
<component _type='_compIconButton' id='iconbutton_61' x='87' y='527' width='37' height='37' alpha='1' visible='1' enabled='1' cssClass='iconPrevButton' group='-1'><event id='onClick' language='DO'><![CDATA[uiobject_set(rootSlider,"current",4)]]></event>
</component>
<component _type='_compIconButton' id='iconbutton_60' x='145' y='527' width='37' height='37' alpha='1' visible='1' enabled='1' cssClass='iconNextButton' group='-1'><event id='onClick' language='DO'><![CDATA[uiobject_set(rootSlider,"current",6)]]></event>
</component>
<component _type='_compRichText' id='texto_12' x='265' y='51' width='484' height='113' alpha='1' visible='1' enabled='1' scrollable='1' >
<content><![CDATA[<p><span style="font-size:25px"><span style="font-family:verdana,geneva,sans-serif">&iquest;Qu&eacute; le da ritmo al poema?</span></span></p>

<p>&nbsp;</p>
]]></content>
</component>
<component _type='_compImage' id='image_45' x='306' y='147' width='0' height='0' alpha='1' visible='1' enabled='1' cssClass='' adjustMode='1' alignMode='0' image='data/imagenes/00_imagen13.jpg' />
</components>
<animaciones>
</animaciones>
</pantalla>
<pantalla id="pantalla_37">
<event id='onPrepare' language='DO'><![CDATA[]]></event>
<event id='onShown' language='DO'><![CDATA[]]></event>
<components>
<component _type='_compImage' id='image_41' x='0' y='0' width='0' height='0' alpha='1' visible='1' enabled='1' cssClass='' adjustMode='1' alignMode='0' image='data/imagenes/image_25167.jpg' />
<component _type='_compIconButton' id='iconbutton_62' x='21' y='527' width='37' height='37' alpha='1' visible='1' enabled='1' cssClass='iconHomeButton_white' group='-1'><event id='onClick' language='DO'><![CDATA[uiobject_set(rootSlider,"current",0)]]></event>
</component>
<component _type='_compIconButton' id='iconbutton_61' x='88' y='527' width='37' height='37' alpha='1' visible='1' enabled='1' cssClass='iconPrevButton_white' group='-1'><event id='onClick' language='DO'><![CDATA[uiobject_set(rootSlider,"current",5)]]></event>
</component>
<component _type='_compIconButton' id='iconbutton_60' x='145' y='527' width='37' height='37' alpha='1' visible='1' enabled='1' cssClass='iconNextButton_white' group='-1'><event id='onClick' language='DO'><![CDATA[uiobject_set(rootSlider,"current",7)]]></event>
</component>
<component _type='_compAudioClip' id='audioclip_46' x='25' y='463' width='32' height='32' alpha='1' visible='1' enabled='1' audio='data/sonidos/1.mp3' autoplay='1' />
<component _type='_compImage' id='image_45' x='306' y='147' width='0' height='0' alpha='1' visible='1' enabled='1' cssClass='' adjustMode='1' alignMode='0' image='data/imagenes/00_imagen13.jpg' />
<component _type='_compImage' id='image_47' x='343' y='150' width='0' height='0' alpha='1' visible='1' enabled='1' cssClass='' adjustMode='1' alignMode='0' image='data/imagenes/00_imagen15.jpg' />
<component _type='_compImage' id='image_48' x='394' y='170' width='0' height='0' alpha='1' visible='1' enabled='1' cssClass='' adjustMode='1' alignMode='0' image='data/imagenes/00_imagen16.jpg' />
<component _type='_compImage' id='image_49' x='374' y='197' width='0' height='0' alpha='1' visible='1' enabled='1' cssClass='' adjustMode='1' alignMode='0' image='data/imagenes/00_imagen17.jpg' />
<component _type='_compImage' id='image_50' x='381' y='220' width='0' height='0' alpha='1' visible='1' enabled='1' cssClass='' adjustMode='1' alignMode='0' image='data/imagenes/00_imagen18.jpg' />
<component _type='_compImage' id='image_51' x='354' y='269' width='0' height='0' alpha='1' visible='1' enabled='1' cssClass='' adjustMode='1' alignMode='0' image='data/imagenes/00_imagen19.jpg' />
<component _type='_compImage' id='image_52' x='395' y='293' width='0' height='0' alpha='1' visible='1' enabled='1' cssClass='' adjustMode='1' alignMode='0' image='data/imagenes/00_imagen20.jpg' />
<component _type='_compImage' id='image_53' x='363' y='320' width='0' height='0' alpha='1' visible='1' enabled='1' cssClass='' adjustMode='1' alignMode='0' image='data/imagenes/00_imagen21.jpg' />
<component _type='_compImage' id='image_54' x='428' y='340' width='0' height='0' alpha='1' visible='1' enabled='1' cssClass='' adjustMode='1' alignMode='0' image='data/imagenes/00_imagen22.jpg' />
<component _type='_compImage' id='image_55' x='389' y='389' width='0' height='0' alpha='1' visible='1' enabled='1' cssClass='' adjustMode='1' alignMode='0' image='data/imagenes/00_imagen23.jpg' />
<component _type='_compImage' id='image_56' x='414' y='415' width='0' height='0' alpha='1' visible='1' enabled='1' cssClass='' adjustMode='1' alignMode='0' image='data/imagenes/00_imagen24.jpg' />
<component _type='_compImage' id='image_57' x='380' y='439' width='0' height='0' alpha='1' visible='1' enabled='1' cssClass='' adjustMode='1' alignMode='0' image='data/imagenes/00_imagen25.jpg' />
<component _type='_compImage' id='image_58' x='338' y='464' width='0' height='0' alpha='1' visible='1' enabled='1' cssClass='' adjustMode='1' alignMode='0' image='data/imagenes/00_imagen26.jpg' />
<component _type='_compRichText' id='texto_12' x='265' y='51' width='484' height='113' alpha='1' visible='1' enabled='1' scrollable='1' >
<content><![CDATA[<p><span style="font-size:25px"><span style="font-family:verdana,geneva,sans-serif">&iquest;Qu&eacute; le da ritmo al poema?</span></span></p>

<p>&nbsp;</p>
]]></content>
</component>
<component _type='_compImage' id='image_60' x='501' y='151' width='0' height='0' alpha='1' visible='1' enabled='1' cssClass='' adjustMode='1' alignMode='0' image='data/imagenes/00_imagen27.jpg' />
</components>
<animaciones>
<anim id='Entrada'><![CDATA[{"iconbutton_60":[],"iconbutton_60.x":[{"time":0,"value":145,"easing":"Linear.EaseNone"}],"iconbutton_60.y":[{"time":0,"value":527,"easing":"Linear.EaseNone"}],"iconbutton_60.width":[{"time":0,"value":37,"easing":"Linear.EaseNone"}],"iconbutton_60.height":[{"time":0,"value":37,"easing":"Linear.EaseNone"}],"iconbutton_60.alpha":[{"time":0,"value":1,"easing":"Linear.EaseNone"}],"image_47":[],"image_47.x":[{"time":0,"value":343,"easing":"Linear.EaseNone"}],"image_47.y":[{"time":0,"value":150,"easing":"Linear.EaseNone"}],"image_47.width":[{"time":0,"value":114,"easing":"Linear.EaseNone"}],"image_47.height":[{"time":0,"value":26,"easing":"Linear.EaseNone"}],"image_47.alpha":[{"time":0,"value":0,"easing":"Linear.EaseNone"},{"time":1.035,"value":1,"easing":"Linear.EaseNone"}],"image_48":[],"image_48.x":[{"time":0,"value":394,"easing":"Linear.EaseNone"}],"image_48.y":[{"time":0,"value":170,"easing":"Linear.EaseNone"}],"image_48.width":[{"time":0,"value":68,"easing":"Linear.EaseNone"}],"image_48.height":[{"time":0,"value":29,"easing":"Linear.EaseNone"}],"image_48.alpha":[{"time":0,"value":0,"easing":"Linear.EaseNone"},{"time":1,"value":0,"easing":"Linear.EaseNone"},{"time":2.005,"value":1,"easing":"Linear.EaseNone"}],"image_49":[],"image_49.x":[{"time":0,"value":374,"easing":"Linear.EaseNone"}],"image_49.y":[{"time":0,"value":197,"easing":"Linear.EaseNone"}],"image_49.width":[{"time":0,"value":81,"easing":"Linear.EaseNone"}],"image_49.height":[{"time":0,"value":25,"easing":"Linear.EaseNone"}],"image_49.alpha":[{"time":0,"value":0,"easing":"Linear.EaseNone"},{"time":2.015,"value":0,"easing":"Linear.EaseNone"},{"time":3.02,"value":1,"easing":"Linear.EaseNone"}],"image_50":[],"image_50.x":[{"time":0,"value":381,"easing":"Linear.EaseNone"}],"image_50.y":[{"time":0,"value":220,"easing":"Linear.EaseNone"}],"image_50.width":[{"time":0,"value":82,"easing":"Linear.EaseNone"}],"image_50.height":[{"time":0,"value":30,"easing":"Linear.EaseNone"}],"image_50.alpha":[{"time":0,"value":0,"easing":"Linear.EaseNone"},{"time":3.035,"value":0,"easing":"Linear.EaseNone"},{"time":4.035,"value":1,"easing":"Linear.EaseNone"}],"image_51":[],"image_51.x":[{"time":0,"value":354,"easing":"Linear.EaseNone"}],"image_51.y":[{"time":0,"value":269,"easing":"Linear.EaseNone"}],"image_51.width":[{"time":0,"value":102,"easing":"Linear.EaseNone"}],"image_51.height":[{"time":0,"value":28,"easing":"Linear.EaseNone"}],"image_51.alpha":[{"time":0,"value":0,"easing":"Linear.EaseNone"},{"time":6.381818181818182,"value":0,"easing":"Linear.EaseNone"},{"time":8.05090909090909,"value":1,"easing":"Linear.EaseNone"}],"image_52":[],"image_52.x":[{"time":0,"value":395,"easing":"Linear.EaseNone"}],"image_52.y":[{"time":0,"value":293,"easing":"Linear.EaseNone"}],"image_52.width":[{"time":0,"value":104,"easing":"Linear.EaseNone"}],"image_52.height":[{"time":0,"value":28,"easing":"Linear.EaseNone"}],"image_52.alpha":[{"time":0,"value":0,"easing":"Linear.EaseNone"},{"time":8.149090909090908,"value":0,"easing":"Linear.EaseNone"},{"time":9.523636363636363,"value":1,"easing":"Linear.EaseNone"}],"image_53":[],"image_53.x":[{"time":0,"value":363,"easing":"Linear.EaseNone"}],"image_53.y":[{"time":0,"value":320,"easing":"Linear.EaseNone"}],"image_53.width":[{"time":0,"value":116,"easing":"Linear.EaseNone"}],"image_53.height":[{"time":0,"value":23,"easing":"Linear.EaseNone"}],"image_53.alpha":[{"time":0,"value":0,"easing":"Linear.EaseNone"},{"time":9.376363636363637,"value":0,"easing":"Linear.EaseNone"},{"time":11.143636363636364,"value":1,"easing":"Linear.EaseNone"}],"image_54":[],"image_54.x":[{"time":0,"value":428,"easing":"Linear.EaseNone"}],"image_54.y":[{"time":0,"value":340,"easing":"Linear.EaseNone"}],"image_54.width":[{"time":0,"value":56,"easing":"Linear.EaseNone"}],"image_54.height":[{"time":0,"value":29,"easing":"Linear.EaseNone"}],"image_54.alpha":[{"time":0,"value":0,"easing":"Linear.EaseNone"},{"time":11.438181818181818,"value":0,"easing":"Linear.EaseNone"},{"time":14.040000000000001,"value":1,"easing":"Linear.EaseNone"}],"image_55":[],"image_55.x":[{"time":0,"value":389,"easing":"Linear.EaseNone"}],"image_55.y":[{"time":0,"value":389,"easing":"Linear.EaseNone"}],"image_55.width":[{"time":0,"value":68,"easing":"Linear.EaseNone"}],"image_55.height":[{"time":0,"value":25,"easing":"Linear.EaseNone"}],"image_55.alpha":[{"time":0,"value":0,"easing":"Linear.EaseNone"},{"time":14.285454545454545,"value":0,"easing":"Linear.EaseNone"},{"time":15.954545454545455,"value":1,"easing":"Linear.EaseNone"}],"image_56":[],"image_56.x":[{"time":0,"value":414,"easing":"Linear.EaseNone"}],"image_56.y":[{"time":0,"value":414,"easing":"Linear.EaseNone"}],"image_56.width":[{"time":0,"value":45,"easing":"Linear.EaseNone"}],"image_56.height":[{"time":0,"value":27,"easing":"Linear.EaseNone"}],"image_56.alpha":[{"time":0,"value":0,"easing":"Linear.EaseNone"},{"time":16.445454545454545,"value":0,"easing":"Linear.EaseNone"},{"time":18.114545454545453,"value":1,"easing":"Linear.EaseNone"}],"image_57":[],"image_57.x":[{"time":0,"value":380,"easing":"Linear.EaseNone"}],"image_57.y":[{"time":0,"value":439,"easing":"Linear.EaseNone"}],"image_57.width":[{"time":0,"value":75,"easing":"Linear.EaseNone"}],"image_57.height":[{"time":0,"value":27,"easing":"Linear.EaseNone"}],"image_57.alpha":[{"time":0,"value":0,"easing":"Linear.EaseNone"},{"time":18.114545454545453,"value":0,"easing":"Linear.EaseNone"},{"time":19.685454545454547,"value":1,"easing":"Linear.EaseNone"}],"image_58":[],"image_58.x":[{"time":0,"value":338,"easing":"Linear.EaseNone"}],"image_58.y":[{"time":0,"value":463,"easing":"Linear.EaseNone"}],"image_58.width":[{"time":0,"value":96,"easing":"Linear.EaseNone"}],"image_58.height":[{"time":0,"value":30,"easing":"Linear.EaseNone"}],"image_58.alpha":[{"time":0,"value":0,"easing":"Linear.EaseNone"},{"time":19.783636363636365,"value":0,"easing":"Linear.EaseNone"},{"time":21.6,"value":1,"easing":"Linear.EaseNone"}],"image_60":[],"image_60.x":[{"time":0,"value":501,"easing":"Linear.EaseNone"}],"image_60.y":[{"time":0,"value":151,"easing":"Linear.EaseNone"}],"image_60.width":[{"time":0,"value":274,"easing":"Linear.EaseNone"}],"image_60.height":[{"time":0,"value":350,"easing":"Linear.EaseNone"}],"image_60.alpha":[{"time":0,"value":0,"easing":"Linear.EaseNone"},{"time":22.440000000000005,"value":0,"easing":"Linear.EaseNone"},{"time":24.510000000000005,"value":1,"easing":"Linear.EaseNone"}]}]]></anim>
</animaciones>
</pantalla>
<pantalla id="pantalla_41">
<event id='onPrepare' language='DO'><![CDATA[]]></event>
<event id='onShown' language='DO'><![CDATA[]]></event>
<components>
<component _type='_compRichText' id='texto_44' x='91' y='113' width='763' height='396' alpha='1' visible='1' enabled='1' scrollable='0' >
<content><![CDATA[<p style="text-align:center"><span style="color:#FF8C00"><span style="font-family:verdana,geneva,sans-serif"><span style="font-size:25px"><span style="font-size:40px">&iexcl;Recuerda!</span></span></span></span><br />
<br />
<br />
&nbsp;</p>

<ul>
	<li><span style="font-size:20px"><span style="font-family:verdana,geneva,sans-serif">La<span style="color:#FF0000"> rima</span> existe cuando dos o m&aacute;s versos terminan con un sonido id&eacute;ntico o parecido.</span></span><br />
	&nbsp;</li>
	<li><span style="font-family:verdana,geneva,sans-serif"><span style="font-size:20px">Rima<span style="color:#FF0000"> consonante</span>:</span> <span style="font-size:20px">el sonido final de los versos.</span></span><br />
	&nbsp;</li>
	<li><span style="font-family:verdana,geneva,sans-serif"><span style="font-size:20px">Rima <span style="color:#FF0000"> asonante</span>: el sonido final de los versos es parecido, porque tienen las mismas vocales, pero distintas consonantes.</span></span></li>
</ul>
]]></content>
</component>
<component _type='_compIconButton' id='iconbutton_62' x='20' y='527' width='37' height='37' alpha='1' visible='1' enabled='1' cssClass='iconHomeButton' group='-1'><event id='onClick' language='DO'><![CDATA[uiobject_set(rootSlider,"current",0)]]></event>
</component>
<component _type='_compIconButton' id='iconbutton_61' x='87' y='527' width='37' height='37' alpha='1' visible='1' enabled='1' cssClass='iconPrevButton' group='-1'><event id='onClick' language='DO'><![CDATA[uiobject_set(rootSlider,"current",6)]]></event>
</component>
<component _type='_compIconButton' id='iconbutton_60' x='144' y='527' width='37' height='37' alpha='1' visible='1' enabled='1' cssClass='iconNextButton' group='-1'><event id='onClick' language='DO'><![CDATA[uiobject_set(rootSlider,"current",8)]]></event>
</component>
</components>
<animaciones>
</animaciones>
</pantalla>
<pantalla id="pantalla_45">
<event id='onPrepare' language='DO'><![CDATA[]]></event>
<event id='onShown' language='DO'><![CDATA[]]></event>
<components>
<component _type='_compIconButton' id='iconbutton_61' x='87' y='527' width='37' height='37' alpha='1' visible='1' enabled='1' cssClass='iconPrevButton' group='-1'><event id='onClick' language='DO'><![CDATA[uiobject_set(rootSlider,"current",7)]]></event>
</component>
<component _type='_compImage' id='image_41' x='0' y='0' width='0' height='0' alpha='1' visible='1' enabled='1' cssClass='' adjustMode='1' alignMode='0' image='data/imagenes/image_25167.jpg' />
<component _type='_compRichText' id='texto_12' x='265' y='51' width='522' height='135' alpha='1' visible='1' enabled='1' scrollable='1' >
<content><![CDATA[<p><span style="font-size:25px"><span style="font-family:verdana,geneva,sans-serif">&iquest;Qu&eacute; elementos le dan una belleza especial al poema?</span></span></p>

<p>&nbsp;</p>
]]></content>
</component>
<component _type='_compImage' id='image_45' x='306' y='147' width='0' height='0' alpha='1' visible='1' enabled='1' cssClass='' adjustMode='1' alignMode='0' image='data/imagenes/00_imagen13.jpg' />
<component _type='_compIconButton' id='iconbutton_62' x='21' y='527' width='37' height='37' alpha='1' visible='1' enabled='1' cssClass='iconHomeButton_white' group='-1'><event id='onClick' language='DO'><![CDATA[uiobject_set(rootSlider,"current",0)]]></event>
</component>
<component _type='_compIconButton' id='iconbutton_65' x='88' y='527' width='37' height='37' alpha='1' visible='1' enabled='1' cssClass='iconPrevButton_white' group='-1'><event id='onClick' language='DO'><![CDATA[uiobject_set(rootSlider,"current",7)]]></event>
</component>
<component _type='_compIconButton' id='iconbutton_60' x='145' y='527' width='37' height='37' alpha='1' visible='1' enabled='1' cssClass='iconNextButton_white' group='-1'><event id='onClick' language='DO'><![CDATA[uiobject_set(rootSlider,"current",9)]]></event>
</component>
</components>
<animaciones>
</animaciones>
</pantalla>
<pantalla id="pantalla_50">
<event id='onPrepare' language='DO'><![CDATA[]]></event>
<event id='onShown' language='DO'><![CDATA[]]></event>
<components>
<component _type='_compImage' id='image_41' x='0' y='0' width='0' height='0' alpha='1' visible='1' enabled='1' cssClass='' adjustMode='1' alignMode='0' image='data/imagenes/image_25167.jpg' />
<component _type='_compRichText' id='texto_12' x='265' y='51' width='522' height='135' alpha='1' visible='1' enabled='1' scrollable='1' >
<content><![CDATA[<p><span style="font-size:25px"><span style="font-family:verdana,geneva,sans-serif">&iquest;Qu&eacute; elementos le dan una belleza especial al poema?</span></span></p>

<p>&nbsp;</p>
]]></content>
</component>
<component _type='_compImage' id='image_45' x='306' y='147' width='0' height='0' alpha='1' visible='1' enabled='1' cssClass='' adjustMode='1' alignMode='0' image='data/imagenes/00_imagen13.jpg' />
<component _type='_compImage' id='image_61' x='305' y='148' width='0' height='0' alpha='1' visible='1' enabled='1' cssClass='' adjustMode='1' alignMode='0' image='data/imagenes/00_imagen28.jpg' />
<component _type='_compImage' id='image_62' x='303' y='218' width='0' height='0' alpha='1' visible='1' enabled='1' cssClass='' adjustMode='1' alignMode='0' image='data/imagenes/00_imagen29.jpg' />
<component _type='_compImage' id='image_63' x='310' y='439' width='0' height='0' alpha='1' visible='1' enabled='1' cssClass='' adjustMode='1' alignMode='0' image='data/imagenes/00_imagen30.jpg' />
<component _type='_compIconButton' id='iconbutton_62' x='21' y='527' width='37' height='37' alpha='1' visible='1' enabled='1' cssClass='iconHomeButton_white' group='-1'><event id='onClick' language='DO'><![CDATA[uiobject_set(rootSlider,"current",0)]]></event>
</component>
<component _type='_compIconButton' id='iconbutton_61' x='88' y='527' width='37' height='37' alpha='1' visible='1' enabled='1' cssClass='iconPrevButton_white' group='-1'><event id='onClick' language='DO'><![CDATA[uiobject_set(rootSlider,"current",8)]]></event>
</component>
<component _type='_compIconButton' id='iconbutton_60' x='145' y='527' width='37' height='37' alpha='1' visible='1' enabled='1' cssClass='iconNextButton_white' group='-1'><event id='onClick' language='DO'><![CDATA[uiobject_set(rootSlider,"current",10)]]></event>
</component>
<component _type='_compImage' id='image_66' x='540' y='209' width='0' height='0' alpha='1' visible='1' enabled='1' cssClass='' adjustMode='1' alignMode='0' image='data/imagenes/00_imagen31.jpg' />
</components>
<animaciones>
<anim id='Entrada'><![CDATA[{"image_61":[],"image_61.x":[{"time":0,"value":305,"easing":"Linear.EaseNone"}],"image_61.y":[{"time":0,"value":148,"easing":"Linear.EaseNone"}],"image_61.width":[{"time":0,"value":164,"easing":"Linear.EaseNone"}],"image_61.height":[{"time":0,"value":48,"easing":"Linear.EaseNone"}],"image_61.alpha":[{"time":0,"value":0,"easing":"Linear.EaseNone"},{"time":0.97,"value":1,"easing":"Linear.EaseNone"}],"image_62":[],"image_62.x":[{"time":0,"value":303,"easing":"Linear.EaseNone"}],"image_62.y":[{"time":0,"value":218,"easing":"Linear.EaseNone"}],"image_62.width":[{"time":0,"value":169,"easing":"Linear.EaseNone"}],"image_62.height":[{"time":0,"value":25,"easing":"Linear.EaseNone"}],"image_62.alpha":[{"time":0,"value":0,"easing":"Linear.EaseNone"},{"time":0.98,"value":0,"easing":"Linear.EaseNone"},{"time":1.99,"value":1,"easing":"Linear.EaseNone"}],"image_63":[],"image_63.x":[{"time":0,"value":310,"easing":"Linear.EaseNone"}],"image_63.y":[{"time":0,"value":439,"easing":"Linear.EaseNone"}],"image_63.width":[{"time":0,"value":155,"easing":"Linear.EaseNone"}],"image_63.height":[{"time":0,"value":59,"easing":"Linear.EaseNone"}],"image_63.alpha":[{"time":0,"value":0,"easing":"Linear.EaseNone"},{"time":2,"value":0,"easing":"Linear.EaseNone"},{"time":3.015,"value":1,"easing":"Linear.EaseNone"}],"image_66":[],"image_66.x":[{"time":0,"value":540,"easing":"Linear.EaseNone"}],"image_66.y":[{"time":0,"value":209,"easing":"Linear.EaseNone"}],"image_66.width":[{"time":0,"value":307,"easing":"Linear.EaseNone"}],"image_66.height":[{"time":0,"value":174,"easing":"Linear.EaseNone"}],"image_66.alpha":[{"time":0,"value":0,"easing":"Linear.EaseNone"},{"time":3.979285714285714,"value":0,"easing":"Linear.EaseNone"},{"time":4.763571428571428,"value":1,"easing":"Linear.EaseNone"}]}]]></anim>
</animaciones>
</pantalla>
<pantalla id="pantalla_55">
<event id='onPrepare' language='DO'><![CDATA[]]></event>
<event id='onShown' language='DO'><![CDATA[]]></event>
<components>
<component _type='_compImage' id='image_41' x='0' y='0' width='0' height='0' alpha='1' visible='1' enabled='1' cssClass='' adjustMode='1' alignMode='0' image='data/imagenes/image_25167.jpg' />
<component _type='_compIconButton' id='iconbutton_61' x='87' y='527' width='37' height='37' alpha='1' visible='1' enabled='1' cssClass='iconPrevButton' group='-1'><event id='onClick' language='DO'><![CDATA[uiobject_set(rootSlider,"current",9)]]></event>
</component>
<component _type='_compIconButton' id='iconbutton_62' x='21' y='527' width='37' height='37' alpha='1' visible='1' enabled='1' cssClass='iconHomeButton_white' group='-1'><event id='onClick' language='DO'><![CDATA[uiobject_set(rootSlider,"current",0)]]></event>
</component>
<component _type='_compIconButton' id='iconbutton_69' x='88' y='527' width='37' height='37' alpha='1' visible='1' enabled='1' cssClass='iconPrevButton_white' group='-1'><event id='onClick' language='DO'><![CDATA[uiobject_set(rootSlider,"current",9)]]></event>
</component>
<component _type='_compIconButton' id='iconbutton_60' x='145' y='527' width='37' height='37' alpha='1' visible='1' enabled='1' cssClass='iconNextButton_white' group='-1'><event id='onClick' language='DO'><![CDATA[uiobject_set(rootSlider,"current",11)]]></event>
</component>
<component _type='_compImage' id='image_70' x='277' y='128' width='0' height='0' alpha='1' visible='1' enabled='1' cssClass='' adjustMode='1' alignMode='0' image='data/imagenes/00_imagen32.jpg' />
<component _type='_compImage' id='image_71' x='498' y='128' width='0' height='0' alpha='1' visible='1' enabled='1' cssClass='' adjustMode='1' alignMode='0' image='data/imagenes/00_imagen33.jpg' />
<component _type='_compImage' id='image_72' x='277' y='270' width='0' height='0' alpha='1' visible='1' enabled='1' cssClass='' adjustMode='1' alignMode='0' image='data/imagenes/00_imagen34.jpg' />
<component _type='_compImage' id='image_73' x='498' y='270' width='0' height='0' alpha='1' visible='1' enabled='1' cssClass='' adjustMode='1' alignMode='0' image='data/imagenes/00_imagen35.jpg' />
<component _type='_compImage' id='image_74' x='277' y='423' width='0' height='0' alpha='1' visible='1' enabled='1' cssClass='' adjustMode='1' alignMode='0' image='data/imagenes/00_imagen36.jpg' />
<component _type='_compImage' id='image_75' x='498' y='416' width='0' height='0' alpha='1' visible='1' enabled='1' cssClass='' adjustMode='1' alignMode='0' image='data/imagenes/00_imagen37.jpg' />
</components>
<animaciones>
<anim id='Entrada'><![CDATA[{"image_70":[],"image_70.x":[{"time":0,"value":277,"easing":"Linear.EaseNone"}],"image_70.y":[{"time":0,"value":128,"easing":"Linear.EaseNone"}],"image_70.width":[{"time":0,"value":0,"easing":"Linear.EaseNone"}],"image_70.height":[{"time":0,"value":0,"easing":"Linear.EaseNone"}],"image_70.alpha":[{"time":0,"value":1,"easing":"Linear.EaseNone"},{"time":0.995,"value":1,"easing":"Linear.EaseNone"}],"image_71":[],"image_71.x":[{"time":0,"value":498,"easing":"Linear.EaseNone"}],"image_71.y":[{"time":0,"value":128,"easing":"Linear.EaseNone"}],"image_71.width":[{"time":0,"value":0,"easing":"Linear.EaseNone"}],"image_71.height":[{"time":0,"value":0,"easing":"Linear.EaseNone"}],"image_71.alpha":[{"time":0,"value":0,"easing":"Linear.EaseNone"},{"time":0.995,"value":0,"easing":"Linear.EaseNone"},{"time":1.99,"value":1,"easing":"Linear.EaseNone"}],"image_72":[],"image_72.x":[{"time":0,"value":277,"easing":"Linear.EaseNone"}],"image_72.y":[{"time":0,"value":270,"easing":"Linear.EaseNone"}],"image_72.width":[{"time":0,"value":0,"easing":"Linear.EaseNone"}],"image_72.height":[{"time":0,"value":0,"easing":"Linear.EaseNone"}],"image_72.alpha":[{"time":0,"value":0,"easing":"Linear.EaseNone"},{"time":2.01,"value":0,"easing":"Linear.EaseNone"},{"time":3.07,"value":1,"easing":"Linear.EaseNone"}],"image_73":[],"image_73.x":[{"time":0,"value":498,"easing":"Linear.EaseNone"}],"image_73.y":[{"time":0,"value":270,"easing":"Linear.EaseNone"}],"image_73.width":[{"time":0,"value":0,"easing":"Linear.EaseNone"}],"image_73.height":[{"time":0,"value":0,"easing":"Linear.EaseNone"}],"image_73.alpha":[{"time":0,"value":0,"easing":"Linear.EaseNone"},{"time":3.0085714285714285,"value":0,"easing":"Linear.EaseNone"},{"time":3.818571428571428,"value":1,"easing":"Linear.EaseNone"}],"image_74":[],"image_74.x":[{"time":0,"value":277,"easing":"Linear.EaseNone"}],"image_74.y":[{"time":0,"value":423,"easing":"Linear.EaseNone"}],"image_74.width":[{"time":0,"value":0,"easing":"Linear.EaseNone"}],"image_74.height":[{"time":0,"value":0,"easing":"Linear.EaseNone"}],"image_74.alpha":[{"time":0,"value":0,"easing":"Linear.EaseNone"},{"time":3.818571428571428,"value":0,"easing":"Linear.EaseNone"},{"time":4.551428571428571,"value":1,"easing":"Linear.EaseNone"}],"image_75":[],"image_75.x":[{"time":0,"value":498,"easing":"Linear.EaseNone"}],"image_75.y":[{"time":0,"value":423,"easing":"Linear.EaseNone"}],"image_75.width":[{"time":0,"value":415,"easing":"Linear.EaseNone"}],"image_75.height":[{"time":0,"value":170,"easing":"Linear.EaseNone"}],"image_75.alpha":[{"time":0,"value":0,"easing":"Linear.EaseNone"},{"time":4.538571428571428,"value":0,"easing":"Linear.EaseNone"},{"time":5.168571428571428,"value":1,"easing":"Linear.EaseNone"}]}]]></anim>
</animaciones>
</pantalla>
<pantalla id="pantalla_77">
<event id='onPrepare' language='DO'><![CDATA[]]></event>
<event id='onShown' language='DO'><![CDATA[]]></event>
<components>
<component _type='_compImage' id='image_81' x='0' y='0' width='0' height='0' alpha='1' visible='1' enabled='1' cssClass='' adjustMode='1' alignMode='0' image='data/imagenes/image_25738.png' />
<component _type='_compIconButton' id='iconbutton_62' x='20' y='527' width='37' height='37' alpha='1' visible='1' enabled='1' cssClass='iconHomeButton' group='-1'><event id='onClick' language='DO'><![CDATA[uiobject_set(rootSlider,"current",0)]]></event>
</component>
<component _type='_compIconButton' id='iconbutton_61' x='87' y='527' width='37' height='37' alpha='1' visible='1' enabled='1' cssClass='iconPrevButton' group='-1'><event id='onClick' language='DO'><![CDATA[uiobject_set(rootSlider,"current",10)]]></event>
</component>
<component _type='_compRichText' id='texto_82' x='237' y='180' width='300' height='300' alpha='1' visible='1' enabled='1' scrollable='1' >
<content><![CDATA[<p><span style="font-family:verdana,geneva,sans-serif"><span style="font-size:20px"><span style="font-size:25px">&iexcl;Investiga!</span></span></span></p>

<p><span style="font-family:verdana,geneva,sans-serif"><span style="font-size:20px">El listado de figuras literarias es muy extenso...</span></span></p>

<p><span style="font-family:verdana,geneva,sans-serif"><span style="font-size:20px">Averigua qu&eacute; son la <span style="color:rgb(255, 0, 0)">met&aacute;fora </span>y la <span style="color:rgb(255, 0, 0)">comparaci&oacute;n</span></span>.</span></p>
]]></content>
</component>
</components>
<animaciones>
</animaciones>
</pantalla>
</pantallas>
<popups>
</popups>
</engine>