﻿<?xml version="1.0" encoding="UTF-8"?><motor tipo="6" clase="b" aprid="M6b"><enunciado>Escribe el siguiente dictado de textos expositivos breves.</enunciado><test cantidad="6"><cuestion estricto="0"><enunciado /><sonido><![CDATA[lc_3c_05_11_01.mp3]]></sonido><respuestas><respuesta contestacion="La mitología griega está llena de historias cuyos personajes principales son dioses. " /></respuestas></cuestion><cuestion estricto="0"><enunciado /><sonido><![CDATA[lc_3c_05_11_02.mp3]]></sonido><respuestas><respuesta contestacion="Al tratarse de una religión politeísta, es decir, una religión donde se venera a diversos dioses, muchas son las historias que se cuentan." /></respuestas></cuestion><cuestion estricto="0"><enunciado /><sonido><![CDATA[lc_3c_05_11_03.mp3]]></sonido><respuestas><respuesta contestacion="Las historias más conocidas son dos: el mito de Orfeo y Eurídice y el de Apolo y Dafne." /></respuestas></cuestion><cuestion estricto="0"><enunciado /><sonido><![CDATA[lc_3c_05_11_04.mp3]]></sonido><respuestas><respuesta contestacion="Ambas han sido fuente de inspiración para nuestra cultura. " /></respuestas></cuestion><cuestion estricto="0"><enunciado /><sonido><![CDATA[lc_3c_05_11_05.mp3]]></sonido><respuestas><respuesta contestacion="Y por eso con ellas se han escrito diversos poemas, se han compuesto piezas musicales e incluso se han rodado películas." /></respuestas></cuestion><cuestion estricto="0"><enunciado /><sonido><![CDATA[lc_3c_05_11_06.mp3]]></sonido><respuestas><respuesta contestacion="Claramente, su popularidad llega hasta nuestros días." /></respuestas></cuestion></test><anchoespecial>1</anchoespecial><plataforma><grado><![CDATA[2]]></grado><titulo>Escribe correctamente un texto expositivo</titulo><volumen><![CDATA[5]]></volumen><nivel><![CDATA[3]]></nivel><referencia><![CDATA[lc_3c_05_11]]></referencia><id_reg><![CDATA[43]]></id_reg><motor><![CDATA[M6b]]></motor><lang>es</lang></plataforma></motor>