﻿<?xml version="1.0" encoding="UTF-8"?><motor tipo="10" clase="a" aprid="M10a"><plataforma><grado><![CDATA[1]]></grado><titulo>Clasifica palabras atendiendo a su sílaba tónica</titulo><area>5</area><nivel>1</nivel><referencia><![CDATA[LC_3C_06_19]]></referencia><idreg><![CDATA[1523]]></idreg><motor><![CDATA[M10A]]></motor><lang>es</lang></plataforma><enunciado><![CDATA[Agrupa las siguientes palabras según sean agudas, llanas o esdrújulas.]]></enunciado><masinfo inicio="0" /><sinaleatoriedad><![CDATA[1]]></sinaleatoriedad><calc><![CDATA[0]]></calc><textoacategoria cantidad="3"><cuestion><categoria><![CDATA[Agudas]]></categoria><respuestas><respuesta id="1"><![CDATA[caimán]]></respuesta><respuesta id="2"><![CDATA[también]]></respuesta><respuesta id="3"><![CDATA[cambiar]]></respuesta><respuesta id="4"><![CDATA[recién]]></respuesta></respuestas><sonido /></cuestion><cuestion><categoria><![CDATA[Llanas]]></categoria><respuestas><respuesta id="1"><![CDATA[rueda]]></respuesta><respuesta id="2"><![CDATA[poeta]]></respuesta><respuesta id="3"><![CDATA[tiempo]]></respuesta><respuesta id="4"><![CDATA[huésped]]></respuesta></respuestas><sonido /></cuestion><cuestion><categoria><![CDATA[Esdrújulas]]></categoria><respuestas><respuesta id="1"><![CDATA[murciélago]]></respuesta><respuesta id="2"><![CDATA[lingüístico]]></respuesta><respuesta id="3"><![CDATA[muérdago]]></respuesta><respuesta id="4"><![CDATA[diócesis]]></respuesta></respuestas><sonido /></cuestion></textoacategoria></motor>