<?xml version="1.0" encoding="UTF-8"?>
<engine copy="Editorial Planeta" version="1" aprid="F10">
  <main mode="f10" title="Comprensión de texto: el renacimiento">
    <tf><![CDATA[<TextFlow><p><span fontSize="16" fontWeight="bold">CXXXIV</span></p><p><span></span></p><p><span fontSize="14" fontWeight="bold">Soneto a Laura</span></p><p><span></span></p><p><span fontSize="14">Paz no encuentro ni puedo hacer la guerra,</span></p><p><span fontSize="14">y ardo y soy hielo; y temo y todo aplazo;</span></p><p><span fontSize="14">y vuelo sobre el cielo y yazgo en tierra;</span></p><p><span fontSize="14">y nada aprieto y todo el mundo abrazo.</span></p><p><span fontSize="14"></span></p><p><span fontSize="14">Quien me tiene en prisión, ni abre ni cierra,</span></p><p><span fontSize="14">ni me retiene ni me suelta el lazo;</span></p><p><span fontSize="14">y no me mata Amor ni me deshierra,</span></p><p><span fontSize="14">ni me quiere ni quita mi embarazo.</span></p><p><span fontSize="14"></span></p><p><span fontSize="14">Veo sin ojos y sin lengua grito;</span></p><p><span fontSize="14">y pido ayuda y parecer anhelo;</span></p><p><span fontSize="14">a otros amo y por mí me siento odiado.</span></p><p><span fontSize="14"></span></p><p><span fontSize="14">Llorando grito y el dolor transito;</span></p><p><span fontSize="14">muerte y vida me dan igual desvelo;</span></p><p><span fontSize="14">por vos estoy, Señora, en este estado.</span></p><p><span fontSize="14"></span></p><p><span fontSize="14">Francesco Petrarca, </span><span fontSize="14" fontStyle="italic" fontWeight="bold">Soneto CXXXIV</span><span fontSize="14">, </span><span fontSize="14" fontStyle="italic">Rerum vulgarium fragmenta (Cancionero)</span><span fontSize="14">  (1470) (fragmento adaptado)</span></p></TextFlow>]]></tf>
    <audio/>
    <audio2 path=""/>
    <video/>
  </main>
  <understanding visible="true" title="" title2="Comprensión" buttons="false" investiga="false">
    <definition>
      <title/>
      <def><![CDATA[<TextFlow><p><span color="#ff6600" fontSize="18">Comprensión</span></p><p><span></span></p><p><span fontSize="16">Confecciona una lista de las palabras que desconoces. En primer lugar, intenta definirlas por el contexto. En segundo lugar, búscalas en el diccionario y, por último, contrasta tus definiciones con las que aporta el diccionario.</span></p><p><span fontSize="16"></span></p><p><span fontSize="16">A continuación, escribe una oración con cada una de ellas.</span></p></TextFlow>]]></def>
    </definition>
    <definition>
      <title/>
      <def><![CDATA[<TextFlow><p><span color="#ff6600" fontSize="18">Comprensión</span></p><p><span></span></p><p paragraphStartIndent="20" styleName="bullet"><span fontSize="16">Explica el significado de las siguientes palabras en el poema: </span><span fontSize="16" fontStyle="italic">yazgo</span><span fontSize="16">, </span><span fontSize="16" fontStyle="italic">lazo</span><span fontSize="16">, </span><span fontSize="16" fontStyle="italic">deshierra</span><span fontSize="16"> y </span><span fontSize="16" fontStyle="italic">embarazo</span><span fontSize="16">.</span></p><p><span fontSize="16"></span></p><p paragraphStartIndent="20" styleName="bullet"><span fontSize="16">Resume en un párrafo el tema del poema que has leído.</span></p><p><span fontSize="16"></span></p><p paragraphStartIndent="20" styleName="bullet"><span fontSize="16">Identifica qué tipo de texto has leído: un soneto, un romance, una lira o el fragmento de una novela.</span></p><p><span fontSize="16"></span></p><p paragraphStartIndent="20" styleName="bullet"><span fontSize="16">Busca información sobre Francesco Petrarca y valora la relación del autor con el renacimiento.</span></p></TextFlow>]]></def>
    </definition>
    <definition>
      <title/>
      <def><![CDATA[<TextFlow><p><span color="#ff6600" fontSize="18">Comprensión</span></p><p><span></span></p><p paragraphStartIndent="20" styleName="bullet"><span fontSize="16">Analiza la estructura de este poema e identifica las características de cada una de sus partes.</span></p><p><span fontSize="16"></span></p><p paragraphStartIndent="20" styleName="bullet"><span fontSize="16">Identifica los recursos retóricos más importantes de este poema y explica qué pretenden transmitir.</span></p><p><span fontSize="16"></span></p><p paragraphStartIndent="20" styleName="bullet"><span fontSize="16">Explica por qué motivo aparece el Amor bajo el tópico </span><span fontSize="16" fontStyle="italic">Militia Amoris</span><span fontSize="16">.</span></p><p><span fontSize="16"></span></p><p paragraphStartIndent="20" styleName="bullet"><span fontSize="16">Valora el papel de Laura en este poema con respecto al "yo" lírico.</span></p></TextFlow>]]></def>
    </definition>
    <definition>
      <title/>
      <def/>
    </definition>
    <definition>
      <title/>
      <def/>
    </definition>
  </understanding>
  <reaserch visible="true" title="" title2="Investiga" buttons="false" investiga="false">
    <definition>
      <title/>
      <def><![CDATA[<TextFlow><p><span color="#ff6600" fontSize="18">Investiga</span></p><p><span></span></p><p><span fontSize="16">Francesco Petrarca fue el precursor del humanismo. Busca información sobre esta corriente cultural en los siguientes enlaces y resuelve las actividades.</span></p><p><span fontSize="10"></span></p><p paragraphStartIndent="20" styleName="bullet"><a href="/BCRedir.aspx?URL=/default.asp?DATA=BkotTAJXs01T3TPqVl7npunCh8vpQL0VBd0F4CpdeqI%3d" target="_blank"><span color="#0000cc" fontSize="16" textDecoration="underline">Gran Enciclopedia Planeta</span></a></p><p><span color="#0000cc" fontSize="16" textDecoration="underline"></span></p><p paragraphStartIndent="20" styleName="bullet"><a href="http://www.juntadeandalucia.es/averroes/centros-tic/11007922/myscrapbook/bookcontents.php?page=18&amp;section=24&amp;viewis=&amp;username=" target="_blank"><span color="#0000cc" fontSize="16" textDecoration="underline">Proyecto Averroes </span></a></p><p><span color="#0000cc" fontSize="16" textDecoration="underline"></span></p><p paragraphStartIndent="20" styleName="bullet"><a href="http://www.artehistoria.jcyl.es/v2/obras/4614.htm" target="_blank"><span color="#0000cc" fontSize="16" textDecoration="underline">ArteHistoria</span></a></p></TextFlow>]]></def>
    </definition>
    <definition>
      <title/>
      <def><![CDATA[<TextFlow><p><span color="#ff6600" fontSize="18">Investiga</span></p><p><span fontSize="16"></span></p><p paragraphStartIndent="20" styleName="bullet"><span fontSize="16">Explica qué eran los </span><span fontSize="16" fontStyle="italic">studia humanitatis</span><span fontSize="16"> y describe qué asignaturas debían cursar sus alumnos.</span></p><p><span fontSize="16"></span></p><p paragraphStartIndent="20" styleName="bullet"><span fontSize="16">Valora la siguiente afirmación de carácter humanista con respecto a la recuperación de la literatura, los mitos y la cultura clásica: "Somos como enanos a lomos de gigantes".</span></p><p><span fontSize="16"></span></p><p paragraphStartIndent="20" styleName="bullet"><span fontSize="16">Busca información sobre las siguientes obras del humanismo italiano y resume las principales características de su obra: El </span><span fontSize="16" fontStyle="italic">Cancionero</span><span fontSize="16"> de Francesco Petrarca y </span><span fontSize="16" fontStyle="italic">El Decameron </span><span fontSize="16">de Giovanni Boccaccio.</span></p></TextFlow>]]></def>
    </definition>
    <definition>
      <title/>
      <def><![CDATA[<TextFlow><p><span color="#ff6600" fontSize="18">Investiga</span></p><p><span color="#ff6600" fontSize="16"></span></p><p paragraphStartIndent="20" styleName="bullet"><span fontSize="16">Busca información sobre </span><span fontSize="16" fontStyle="italic">El cortesano</span><span fontSize="16"> de Castiglione y enumera cinco características de cómo debe ser el perfecto cortesano.</span></p><p><span fontSize="16"></span></p><p paragraphStartIndent="20" styleName="bullet"><span fontSize="16">Explica las características del tópico literario de </span><span fontSize="16" fontStyle="italic">la donna angelicata </span><span fontSize="16">y compáralas con el cuadro </span><span fontSize="16" fontStyle="italic">El nacimiento de Venus</span><span fontSize="16"> de Sandro Botticelli.</span></p></TextFlow>]]></def>
    </definition>
    <definition>
      <title/>
      <def/>
    </definition>
    <definition>
      <title/>
      <def/>
    </definition>
  </reaserch>
  <definitions visible="true" title="" title2="Léxico">
    <definition>
      <title>Yacer</title>
      <def><![CDATA[<TextFlow><p><span fontSize="14" fontWeight="bold">Yacer</span><span fontSize="14">:</span></p><p><span fontSize="14">Busca tres sinónimos de esta palabra.</span></p></TextFlow>]]></def>
    </definition>
    <definition>
      <title>Retener</title>
      <def><![CDATA[<TextFlow><p><span fontSize="14" fontWeight="bold">Retener</span><span fontSize="14">:</span></p><p><span fontSize="14">Busca tres antónimos de esta palabra.</span></p></TextFlow>]]></def>
    </definition>
    <definition>
      <title>Deshierra</title>
      <def><![CDATA[<TextFlow><p><span fontSize="14" fontWeight="bold">Deshierra</span><span fontSize="14">:</span></p><p><span fontSize="14">Busca cinco palabras de la misma familia léxica.</span></p><p><span fontSize="14"></span></p></TextFlow>]]></def>
    </definition>
    <definition>
      <title>Yelmo</title>
      <def><![CDATA[<TextFlow><p><span fontSize="14" fontWeight="bold">Yelmo</span><span fontSize="14">:</span></p><p><span fontSize="14">Busca cinco palabras del mismo campo semántico.</span></p></TextFlow>]]></def>
    </definition>
    <definition>
      <title/>
      <def/>
    </definition>
    <definition>
      <title/>
      <def/>
    </definition>
    <definition>
      <title/>
      <def/>
    </definition>
    <definition>
      <title/>
      <def/>
    </definition>
    <definition>
      <title/>
      <def/>
    </definition>
    <definition>
      <title/>
      <def/>
    </definition>
    <definition>
      <title/>
      <def/>
    </definition>
    <definition>
      <title/>
      <def/>
    </definition>
  </definitions>
  <activity title2="" visible="false"/>
</engine>
