<?xml version='1.0' encoding='UTF-8'?><motor tipo="102" clase="ab" aprid="m102ab">
  <plataforma>
    <grado><![CDATA[1]]></grado>
    <titulo>La estructura de un análisis literario</titulo>
    <volumen><![CDATA[1]]></volumen>
    <nivel><![CDATA[1]]></nivel>
    <referencia><![CDATA[EX_PLANTILLA_M102AB]]></referencia>
    <motor><![CDATA[M102ab]]></motor>
    <lang>es</lang>
  </plataforma>
  <enunciado><![CDATA[En esta actividad leerás el análisis de un texto literario, así como las características generales de esta tipología, con el fin de que aprendas a identificarlas en un texto. Una vez concluido el trabajo envíalo a tu profesor para que sea evaluado.]]></enunciado>
  <masinfo inicio="0"/>
  <textoupload><![CDATA[Recuerda entregar el trabajo de acuerdo con las instrucciones de tu profesor.]]></textoupload>
  <adjunto><![CDATA[Principal.html]]></adjunto>
  <url/>
  <amano><![CDATA[0]]></amano>
</motor>