﻿<?xml version="1.0" encoding="UTF-8"?>
<motor tipo="1" clase="c" aprid="M1c">
  <plataforma>
    <grado><![CDATA[1]]></grado>
    <titulo>Une sujetos con predicados para formar oraciones</titulo>
    <area>5</area>
    <nivel>1</nivel>
    <referencia><![CDATA[LC_3C_03_21]]></referencia>
    <idreg><![CDATA[1904]]></idreg>
    <motor><![CDATA[M1C]]></motor>
    <lang>es</lang>
  </plataforma>
  <enunciado><![CDATA[Relaciona los sujetos de las siguientes oraciones con su correspondiente predicado, fíjate en la concordancia.]]></enunciado>
  <masinfo inicio="0" />
  <sinaleatoriedad><![CDATA[0]]></sinaleatoriedad>
  <calc><![CDATA[0]]></calc>
  <textoatexto cantidad="4">
    <cuestion>
      <pregunta><![CDATA[Aquellos insignes catedráticos]]></pregunta>
      <respuesta><![CDATA[escribieron un libro maravilloso.]]></respuesta>
    </cuestion>
    <cuestion>
      <pregunta><![CDATA[Tú]]></pregunta>
      <respuesta><![CDATA[no puedes venir.]]></respuesta>
    </cuestion>
    <cuestion>
      <pregunta><![CDATA[Ese edificio]]></pregunta>
      <respuesta><![CDATA[fue construido en 1923.]]></respuesta>
    </cuestion>
    <cuestion>
      <pregunta><![CDATA[La montaña rusa]]></pregunta>
      <respuesta><![CDATA[estará desmontada el próximo fin de semana.]]></respuesta>
    </cuestion>
  </textoatexto>
  <textofalso cantidad="0" />
</motor>