﻿<?xml version="1.0" encoding="utf-8"?><engine copy="Editorial Planeta" version="1" aprid="f11">
<main mode="f11" title="La radio en internet">
<audio path="_LE_11_02_REC190_IMG01.jpg">LE_11_02_CO_REC190.mp3</audio>
<audio2/></main>
<understanding title="" title2="Comprensión" buttons="false" visible="true" >
	<definition>
		<title></title>
		<def><![CDATA[<p><span style="font-family:verdana,geneva,sans-serif;"><span style="color:#FF8C00;"><span style="font-size:24px;">Comprensi&oacute;n</span></span></span></p>

<ul>
	<li><span style="font-size:18px;"><span style="font-family:verdana,geneva,sans-serif;">Responde: &iquest;cu&aacute;l podr&iacute;a ser el prop&oacute;sito de la reflexi&oacute;n introductoria en el fragmento del programa?, &iquest;cu&aacute;l ser&iacute;a otra forma de iniciar un programa sobre la realizaci&oacute;n audiovisual?</span></span></li>
	<li><span style="font-size:18px;"><span style="font-family:verdana,geneva,sans-serif;">Menciona tres indicios que permitan inferir que el programa de radio se transmite v&iacute;a internet.</span></span></li>
	<li><span style="font-size:18px;"><span style="font-family:verdana,geneva,sans-serif;">Con base en los indicios que mencionaste, reflexiona sobre las ventajas del <em>streaming</em> con respecto a la radio tradicional.</span></span></li>
	<li><span style="font-size:18px;"><span style="font-family:verdana,geneva,sans-serif;">Elabora una lista de las ventajas de la radio tradicional con respecto a la radio en internet.</span></span></li>
</ul>]]></def>
	</definition>
	<definition>
		<title></title>
		<def><![CDATA[<div></div>

<div>
<p><span style="font-family:verdana,geneva,sans-serif;"><span style="color:#FF8C00;"><span style="font-size:24px;">Comprensi&oacute;n</span></span></span></p>

<ul>
	<li><span style="font-size:18px;"><span style="font-family:verdana,geneva,sans-serif;">Explica si crees pertinente la comparaci&oacute;n que se hace en el programa entre la realizaci&oacute;n audiovisual y la radio. Justifica tu respuesta con algunos ejemplos diferentes a&nbsp;la direcci&oacute;n de fotograf&iacute;a.</span></span></li>
	<li><span style="font-size:18px;"><span style="font-family:verdana,geneva,sans-serif;">Jerarquiza a los integrantes del equipo del director de fotograf&iacute;a a partir de la labor que consideres m&aacute;s importante. Compara tu trabajo con el de dos compa&ntilde;eros y reflexionen en torno a la forma como realizaron la actividad.</span></span></li>
	<li><span style="font-size:18px;"><span style="font-family:verdana,geneva,sans-serif;">Responde: &iquest;de qu&eacute; corte es el <em>podcast</em> que escuchaste? Aparte de este tipo de programas, &iquest;cu&aacute;les crees que se pueden encontrar en internet?, &iquest;cu&aacute;les te ineteresan m&aacute;s? Justifica tus respuestas.</span></span></li>
</ul>

<p></p>

<p></p>
</div>]]></def>
	</definition>
	<definition>
		<title></title>
		<def><![CDATA[<p></p>

<p></p>]]></def>
	</definition>
	<definition>
		<title></title>
		<def><![CDATA[<div></div>

<div>
<p></p>

<p></p>

<p></p>
</div>]]></def>
	</definition>
</understanding>
<definitions title="" title2="Léxico" visible="true" >
	<definition>
		<title>Podcast</title>
		<def><![CDATA[<p><span style="font-size:18px;"><span style="font-family:verdana,geneva,sans-serif;"><strong><span style="line-height: 22px; background-color: rgb(253, 253, 253);">Podcast:</span></strong></span></span></p>

<p><span style="font-size:18px;"><span style="font-family:verdana,geneva,sans-serif;"><span style="line-height: 22px; background-color: rgb(253, 253, 253);">Archivo de audio distribuido v&iacute;a internet. Ofrece la posibilidad de que los usuarios los descarguen.</span></span></span></p>]]></def>
	</definition>
	<definition>
		<title>Montaje</title>
		<def><![CDATA[<p><span style="font-size:18px;"><span style="font-family:verdana,geneva,sans-serif;"><strong>Montaje:</strong></span></span></p>

<p><span style="font-size:18px;"><span style="font-family:verdana,geneva,sans-serif;">En el lenguaje cinematogr&aacute;fico, seleccionar y ajustar los elementos de una filmaci&oacute;n.</span></span></p>]]></def>
	</definition>
	<definition>
		<title>Encuadre</title>
		<def><![CDATA[<p><span style="font-size:18px;"><span style="font-family: verdana, geneva, sans-serif;"><b>Encuadre:</b></span></span></p>

<p><span style="font-family:verdana,geneva,sans-serif;"><span style="font-size:18px;">En el lenguaje cinematogr&aacute;fico, el espacio que se muestra en cada toma de la c&aacute;mara.</span></span></p>]]></def>
	</definition>
	<definition>
		<title>Foco</title>
		<def><![CDATA[<p><span style="font-size:18px;"><span style="font-family:verdana,geneva,sans-serif;"><b>Foco:</b></span></span></p>

<p><span style="font-size:18px;"><span style="font-family:verdana,geneva,sans-serif;"><font color="#252525"><span style="line-height: 22.4px;">En fotograf&iacute;a, el lugar donde los elemento captados con la c&aacute;mara aparecen con mayor detalle. &iquest;Cu&aacute;l es la importancia del foco en el cine?, &iquest;qui&eacute;n se encarga de las tareas&nbsp;de&nbsp;enfoque?</span></font></span></span></p>]]></def>
	</definition>
	<definition>
		<title>Rodaje</title>
		<def><![CDATA[<p><span style="font-size:18px;"><span style="font-family:verdana,geneva,sans-serif;"><strong>Rodaje:</strong></span></span></p>

<p><span style="font-size:18px;"><span style="font-family:verdana,geneva,sans-serif;">Proceso de grabaci&oacute;n de una pel&iacute;cula.</span></span></p>]]></def>
	</definition>
</definitions>
<reaserch title="" title2="Investiga" buttons="false" visible="true" >
	<definition>
		<title></title>
		<def><![CDATA[<p><span style="color:#FF8C00;"><span style="font-size:18px;"><span style="font-family:verdana,geneva,sans-serif;"><span style="font-size:24px;">Investiga</span>&nbsp;</span></span></span></p>

<ul>
	<li><span style="font-size:18px;"><span style="font-family:verdana,geneva,sans-serif;">Navega en la p&aacute;gina web del proyecto Radio Ambulante y caracteriza los programas que ponen a disposici&oacute;n del p&uacute;blico. Luego, caracteriza al equipo y explica por qu&eacute; crees que la realizaci&oacute;n de radio en internet requiere de un equipo interdisciplinar. Visita el enlace [<a href="http://radioambulante.org/" target="_blank">VER</a>].</span></span></li>
	<li><font face="verdana, geneva, sans-serif">Realiza un contraste entre el proyecto de Radio Ambulante, basado en el <em>podcast</em>, y una emisora tradicional que transmita en red.</font></li>
</ul>]]></def>
	</definition>
	<definition>
		<title></title>
		<def><![CDATA[<p><span style="font-size:18px;"><span style="font-family:verdana,geneva,sans-serif;"><span style="color:#FF8C00;"><span style="font-size:24px;">Investiga</span></span></span></span></p>

<ul>
	<li><span style="font-size:18px;"><span style="font-family:verdana,geneva,sans-serif;">Consulta acerca de las aplicaciones disponibles para acceder a contenidos de radio. Luego, explica en qu&eacute; se diferencia esta forma de acceso del llamado <em>podcasting</em>.</span></span></li>
	<li><span style="font-size:18px;"><span style="font-family:verdana,geneva,sans-serif;">Compara la radio en internet con la televisi&oacute;n en este mismo medio. Luego, prop&oacute;n una forma de llevar a la televisi&oacute;n los contenidos del <em>podcast</em> sobre la direcci&oacute;n de fotograf&iacute;a en la realizaci&oacute;n audiovisual.</span></span></li>
</ul>]]></def>
	</definition>
</reaserch>
<activity title2="" visible="false" path="">
</activity></engine>