﻿<?xml version="1.0" encoding="UTF-8"?>
<?xml-stylesheet href="cuadernoestudio/dtd/libro.xslt" type="text/xsl"?>
<!--Arbortext, Inc., 1988-2013, v.4002-->
<!DOCTYPE libro SYSTEM "cuadernoestudio/dtd/libro.dtd">
<libro id="LE_07_06_CO">
<libroTitulo>El género narrativo</libroTitulo>
<seccion1 id="S1_LE_07_06_CO_66C2765D36394904A37095421FC3ADF7">
<seccion1Titulo>Lectura: el género narrativo</seccion1Titulo>
<seccion1Texto>
<p>¿Qué diferencia al género narrativo de otras clases como la lírica
o el drama?, ¿qué tipo de obras pertenecen al género narrativo? </p>
<imagen src="LE_07_06_CO_IMG01_small.jpg">
<p>Recuerda tu narración favorita y comenta con un compañero: ¿en
qué tiempo y lugar se enmarca?, ¿quién es su protagonista?, ¿qué hechos
se relatan? </p>
</imagen>
<destacado><destacadoTitulo>El género narrativo </destacadoTitulo>
<destacadoTexto>
<p>Es la categoría que agrupa las obras literarias que <negrita>relatan
una historia</negrita> real o de ficción. Los hechos se presentan
por medio de un narrador, un personaje que puede o no participar en
los sucesos. Por otra parte, en las narraciones se suelen identificar
elementos como: lugar, tiempo, personajes y acción narrativa.</p>
</destacadoTexto></destacado>
<p><negrita>Bachué</negrita></p>
<p>Cuenta esta hermosa historia que los Chibchas creían que, antes
del nacimiento del primer hombre, de las aguas de alguna de las lagunas
sagradas nació una bella mujer que se hacía llamar Bachué. Junto a
ella, de su mano, caminaba también un angelical niño de unos tres
años de edad.</p>
<p>Bachué se dedicó a buscar un lugar seguro, donde pudiera vivir
tranquila. Entonces pensó que lo mejor era bajar de la montaña hacia
el valle, en donde se encontraba el pueblo de Iguaque, pues el clima
era menos frío. Al llegar al sitio escogido, Bachué construyó una
casa para vivir con el niño, tiempo después, el niño se hizo hombre
y entonces se casó con Bachué.</p>
<p>Este matrimonio les permitió que poco a poco la tierra se fuera
poblando de personas, pues cada vez iban de un lugar a otro, fundando
territorios y dejando hijos en cada uno de estos sitios. Dicen que
en cada parto, Bachué tenía entre cuatro y seis bebés.</p>
<p>Después de muchos años, cuando Bachué y su esposo ya eran ancianos,
vieron que había mucha gente en muchos lugares, entonces tomaron la
decisión de volver al sitio de donde salieron por primera vez. La
pareja, tomada de las manos emprendió el camino hacia Iguaque, y el
pueblo, entristecido por su partida, iba detrás.</p>
<p>Al llegar a la laguna, Bachué habló a sus hijos dándoles un mensaje
para que mantuvieran la paz y el equilibrio entre ellos y la naturaleza.
En medio de las lágrimas se despidió, tomó de nuevo la mano de su
esposo y caminó con él hacia la orilla de la laguna. Con solo pisar
el agua, Bachué y su marido, se convirtieron en dos inmensas serpientes,
se sumergieron en la laguna y desaparecieron.</p>
<p>Se decía que Bachué a veces se presentaba ante los indígenas que
la invocaban para pedirle auxilio y para agradecerle los favores que
habían recibido de ella.</p>
<p>Tomado de www.culturarecreacionydeporte.gov.co <enlace
destino="http://www.culturarecreacionydeporte.gov.co/es/bogotanitos/cuenta-la-leyenda/bachue-y-el-origen-del-hombre"
>[VER]</enlace>.</p>
<p><negrita>¿Qué sabes sobre el tema?</negrita></p>
<p>Desarrolla las siguientes actividades para introducirte en los
temas de esta unidad. </p>
<listaSinNumerar>
<listaElemento>Explica quién narra la historia: ¿se trata de una voz
que se involucra en los hechos o que no hace parte de ellos?</listaElemento>
<listaElemento>¿Qué clase de narración es Bachué: un mito o una leyenda?
Explica tu respuesta.</listaElemento>
<listaElemento>Selecciona la pregunta central que da lugar al texto: <listaSinNumerar>
<listaElemento>¿Cómo se pobló la Tierra?</listaElemento>
<listaElemento>¿Qué costumbres deben adoptar los chibchas para preservar
sus territorios?</listaElemento>
<listaElemento>¿Cómo nacieron los primeros seres humanos? </listaElemento>
</listaSinNumerar></listaElemento>
<listaElemento>Analiza los enunciados y cambia las palabras subrayadas
por algunas más precisas. <listaSinNumerar>
<listaElemento>Pásame esa <negrita>cosa</negrita> para limpiar la
mesa. </listaElemento>
</listaSinNumerar><listaSinNumerar>
<listaElemento>Esta noticia no explica las <negrita>cosas</negrita
> que están sucediendo.</listaElemento>
</listaSinNumerar></listaElemento>
<listaElemento>Recuerda una cuña radial. Luego, enumera tres de sus
características. </listaElemento>
</listaSinNumerar>
<listaSinNumerar>
<listaElemento>¿Qué géneros periodísticos se consideran de opinión?,
¿por qué?</listaElemento>
<listaElemento>Determina qué clase de lenguaje (formal o informal)
se emplea en el siguiente diálogo. Analiza la situación y señala las
palabras o expresiones que sustentan tu respuesta. <p><cursiva>Martina:
Aló, abuelita. No te escucho bien, ¿tú me puedes oír? Háblame más
fuerte. Tengo problemas con mi celu.</cursiva> </p><p><cursiva>Constanza:
Hola, mijita. Llamaba a desearte un feliz cumpleaños. </cursiva></p
><p><cursiva>Martina: Abue, ¡no grites! </cursiva></p></listaElemento>
</listaSinNumerar>
<practica>
<enlace
destino="/LoIdRedirect.aspx?LoId=LE_07_06_CO_Recurso010&amp;IdRecurso=RES-9CD457DA34254F6383B90CA8F6AC9E56"
>Literatura: estudia textos narrativos </enlace>
<enlace
destino="/LoIdRedirect.aspx?LoId=LE_07_06_CO_Recurso020&amp;IdRecurso=RES-A01CB4FFD06F46F3819C56877EAC5B35"
>Semántica: reemplaza las palabras baúl</enlace>
<enlace
destino="/LoIdRedirect.aspx?LoId=LE_07_06_CO_Recurso030&amp;IdRecurso=RES-D02A907E744A4C83A1DE5AAB133001D1"
>Semántica: sustituye la palabra "cosa"</enlace>
<enlace
destino="/LoIdRedirect.aspx?LoId=LE_07_06_CO_Recurso040&amp;IdRecurso=RES-3E36D1CB94784F1AA4BD5DA399E1E71F"
>Expresión oral: examina cuñas radiales </enlace>
<enlace
destino="/LoIdRedirect.aspx?LoId=LE_07_06_CO_Recurso050&amp;IdRecurso=RES-4A562C9DFC4D4645B5C33549DE5D706D"
>Comunicación: analiza las finalidades de los medios </enlace>
<enlace
destino="/LoIdRedirect.aspx?LoId=LE_07_06_CO_Recurso060&amp;IdRecurso=RES-43B051F6A19D4A92877CD92BA8D759EA"
>Ética y comunicación: clasifica los enunciados </enlace>
</practica></seccion1Texto></seccion1><seccion1
id="S1_LE_07_06_CO_DB4868D9B649413B9B2D567F533F3A94">
<seccion1Titulo>Literatura: el género narrativo</seccion1Titulo>
<seccion1Texto>
<p>¿Alguna vez has leído o te han contado una historia en la que tu
imaginación te transportó al lugar o espacio en el que ocurrieron
los hechos?, ¿cuál era el tema de esa narración?, ¿puedes describir
a sus protagonistas?, ¿qué sucedió entre ellos? </p>
<destacado><destacadoTitulo>El género narrativo</destacadoTitulo>
<destacadoTexto>
<p>Cuando el autor utiliza la prosa y busca dar a conocer historias
reales o ficticias se dice que emplea el <negrita>género narrativo</negrita
>. Este tipo de expresión literaria consigna los acontecimientos siguiendo
un orden cronológico, relacionándolos con lugares y características
de los personajes que hacen parte de la historia. </p>
</destacadoTexto></destacado>
<p>En el género narrativo, en la mayoría de los casos, tanto los personajes
como las historias que se relatan pertenecen al mundo de la ficción.
Si bien el autor puede basarse en acontecimientos reales, los elementos
que se utilizan hacen que la historia logre un equilibrio entre el
mundo real y el imaginario. </p>
<p>Así mismo, en el género narrativo se pueden identificar los siguientes
elementos:</p>
<listaSinNumerar>
<listaElemento><negrita>Los personajes.</negrita> Llevan a cabo las
acciones que se relatan. Aunque no siempre son seres humanos, por
ejemplo, pueden ser animales, que asumen comportamientos y características
propias de los hombres. Según su importancia en la historia pueden
ser principales o secundarios.</listaElemento>
<listaElemento><negrita>El espacio.</negrita> Es el marco físico en
el cual suceden las acciones y en el que se ubican los personajes.
Si el espacio que se describe en la historia existe, por ejemplo,
Villa de Leyva, se conoce como <negrita>espacio real</negrita>. Si
es un lugar creado por el autor, caso Macondo, se le llama <negrita
>espacio ficticio</negrita>.</listaElemento>
<listaElemento><negrita>El tiempo.</negrita> Sitúan al lector en el
momento en que ocurren los hechos. Puede ser: <listaSinNumerar>
<listaElemento><negrita>Externo.</negrita> Corresponde a la época
en la cual se ubica la narración. Algunas veces se menciona de manera
explícita, en otras ocasiones las descripciones del ambiente y elementos
como el vestuario, las costumbres de los personajes y los objetos
nos brindan pistas sobre este. Por ejemplo, la Edad Media, la Antigüedad
o el futuro lejano.</listaElemento>
<listaElemento><negrita>Interno.</negrita> Se refiere al tiempo que
duran los acontecimientos narrados en la historia: horas, meses o
años. Generalmente, se hace evidente en la narración cuando se alude
a fechas, días u horas.</listaElemento>
</listaSinNumerar></listaElemento>
<listaElemento><negrita>Los acontecimientos</negrita>. Son los hechos
y las acciones que configuran la historia. En conjunto conforman el <negrita
>argumento</negrita> de la narración.</listaElemento>
</listaSinNumerar>
<imagen src="LE_07_06_CO_IMG02_small.jpg">
<p>Algunas narraciones son protagonizadas por seres imaginarios: dioses,
seres fabulosos o héroes. Otras, por personajes que mantienen características
humanas. Cita ejemplos de ambas clases de narración.</p>
</imagen>
<profundiza>
<enlace
destino="/LoIdRedirect.aspx?LoId=LE_07_06_CO_Recurso070&amp;IdRecurso=RES-24473EEBCF79443CBD6876972B097253"
>La estructura de la narración</enlace>
</profundiza><seccion2
id="S2_LE_07_06_CO_9B547F09B76247BC83463449E3DAA203">
<seccion2Titulo>El narrador</seccion2Titulo>
<seccion2Texto>
<p>El <negrita>narrador</negrita> es la voz creada por el autor para
relatar los hechos. Adopta diferentes puntos de vista para darnos
a conocer lo que sucede. Por ejemplo, sabe todo acerca de las acciones
y los personajes o los conoce de manera limitada o fragmentada.</p>
</seccion2Texto></seccion2><seccion2
id="S2_LE_07_06_CO_721F2E0FEF9049D896ED87E54F79D33A">
<seccion2Titulo>Las clases de narrador</seccion2Titulo>
<seccion2Texto>
<p>Según la participación que el narrador tenga en los eventos que
cuenta puede ser <negrita>interno</negrita> o <negrita>externo</negrita
>.</p>
<p>• El <negrita>narrador interno</negrita> es aquel que hace parte
de la historia que relata. No necesariamente es un personaje principal,
puede tener diferentes grados de participación en los acontecimientos.
Por ejemplo, revisemos este fragmento de <cursiva>El corazón delator</cursiva
>.</p>
<p><negrita>El corazón delator</negrita></p>
<p>¡Es cierto! Siempre he sido nervioso, muy nervioso, terriblemente
nervioso. ¿Pero por qué afirman ustedes que estoy loco? La enfermedad
había agudizado mis sentidos, en vez de destruirlos o embotarlos.
Y mi oído era el más agudo de todos. Oía todo lo que puede oírse en
la tierra y en el cielo. Muchas cosas oí en el infierno. ¿Cómo puedo
estar loco, entonces? Escuchen... y observen con cuánta cordura, con
cuánta tranquilidad les cuento mi historia.</p>
<p>Me es imposible decir cómo aquella idea me entró en la cabeza por
primera vez; pero, una vez concebida, me acosó noche y día. Yo no
perseguía ningún propósito. Ni tampoco estaba colérico. Quería mucho
al viejo. Jamás me había hecho nada malo. Jamás me insultó. Su dinero
no me interesaba. Me parece que fue su ojo. ¡Sí, eso fue! Tenía un
ojo semejante al de un buitre... Un ojo celeste, y velado por una
tela. Cada vez que lo clavaba en mí se me helaba la sangre. Y así,
poco a poco, muy gradualmente, me fui decidiendo a matar al viejo
y librarme de aquel ojo para siempre. […]</p>
<p>Edgar Allan Poe, <cursiva>El corazón delator.</cursiva> </p>
<p>• El <negrita>narrador externo</negrita> es aquel que aunque conoce
la historia no hace parte de ella, sino que se limita a contar los
detalles de la acción desde un punto de vista externo. En este fragmento
de <cursiva>La tortuga gigante</cursiva>, observemos.</p>
<p><negrita>La tortuga gigante</negrita></p>
<p>Había una vez un hombre que vivía en Buenos Aires, y estaba muy
contento porque era un hombre sano y trabajador. Pero un día se enfermó,
y los médicos le dijeron que solamente yéndose al campo podría curarse.
Él no quería ir, porque tenía hermanos chicos a quienes daba de comer;
y se enfermaba cada día más. Hasta que un amigo suyo, que era director
del Zoológico, le dijo un día:</p>
<p>─Usted es amigo mío, y es un hombre bueno y trabajador. Por eso
quiero que se vaya a vivir al monte, a hacer mucho ejercicio al aire
libre para curarse. Y como usted tiene mucha puntería con la escopeta,
cace bichos del monte para traerme los cueros, y yo le daré plata
adelantada para que sus hermanitos puedan comer bien.</p>
<p>El hombre enfermo aceptó, y se fue a vivir al monte, lejos, más
lejos que Misiones todavía. Hacía allá mucho calor, y eso le hacía
bien. Vivía solo en el bosque, y él mismo se cocinaba. Comía pájaros
y bichos del monte, que cazaba con la escopeta, y después comía frutas.
Dormía bajo los árboles, y cuando hacía mal tiempo construía en cinco
minutos una ramada con hojas de palmera, y allí pasaba sentado, muy
contento en medio del bosque que bramaba con el viento y la lluvia.
[…]</p>
<p>Horacio Quiroga, <cursiva>La tortuga gigante.</cursiva> </p>
<imagen src="LE_07_06_CO_IMG03_small.jpg">
<p>Consulta el libro <cursiva>La isla del tesoro</cursiva>, de Robert
Louis Stevenson, y lee el primer capítulo. Determina qué tipo de narrador
es el que relata los hechos. </p>
</imagen>
<p>Además, si los narradores son internos o externos, se clasifican
así:</p>
<table border="1"><caption>Clases de narradores </caption>
<tbody valign="top">
<tr>
<td rowspan="2"><negrita>Interno</negrita></td>
<td><negrita>Narrador protagonista</negrita></td>
<td>Es aquel al que le suceden los acontecimientos descritos en la
historia, los cuales conocemos por medio de su propia voz y están
narrados en primera persona. </td>
</tr>
<tr>
<td><negrita>Narrador personaje secundario</negrita></td>
<td>Cuenta la historia en primera persona, como un testigo de los
hechos, no como su protagonista. </td>
</tr>
<tr>
<td rowspan="2"><negrita>Externo</negrita></td>
<td><negrita>Narrador omnisciente </negrita></td>
<td>Relata los hechos en tercera persona. Se caracteriza por saber
todo acerca de la historia, incluyendo los pensamientos y sentimientos
de los personajes.</td>
</tr>
<tr>
<td><negrita>Narrador observador</negrita></td>
<td>Al igual que el narrador omnisciente, describe en tercera persona,
pero se diferencia de este porque se limita a contar solo aquello
que ve.</td>
</tr>
</tbody>
</table>
<practica>
<enlace
destino="/LoIdRedirect.aspx?LoId=LE_07_06_CO_Recurso080&amp;IdRecurso=RES-64186B3007F445F29DA1929E9749C279"
>Identifica el tipo de narrador</enlace>
</practica></seccion2Texto></seccion2><seccion2
id="S2_LE_07_06_CO_721F2E0FEF9049D896ED87E54F79D43B">
<seccion2Titulo>Los subgéneros narrativos</seccion2Titulo>
<seccion2Texto>
<p>El género narrativo comprende diferentes tipos de relatos que se
diferencian por su intención, extensión y personajes, entre otros
aspectos. Veamos algunos:</p>
<p><negrita>• El cuento</negrita>. Es una narración breve en la cual
el número de personajes es reducido. La acción suele girar en torno
a un mismo acontecimiento. Existen diversos tipos de cuentos: maravillosos,
de aventuras, de ciencia ficción, policiacos y de terror. </p>
<p><negrita>• La novela.</negrita> Es una narración extensa con personajes
y argumentos complejos y exhaustivos. Se distinguen las de aventuras,
de ciencia ficción, histórica, caballeresca, social, romántica y cortesana. </p>
<p><negrita>• La leyenda.</negrita> Relata hechos sobrenaturales que
se presentan como si realmente hubieran ocurrido. Entre sus propósitos
podemos resaltar: reflejar la idiosincrasia y los valores de un pueblo. </p>
<p><negrita>• El mito.</negrita> Refiere acontecimientos fantásticos
protagonizados, en su mayoría, por dioses y héroes. Busca explicar
o dar respuesta a un hecho o fenómeno de carácter natural. </p>
<p><negrita>• La saga.</negrita> Es una narración que involucra aquello
que le ocurre a varias generaciones de una familia. Se presenta en
diferentes volúmenes</p>
<p><negrita>• La fábula.</negrita> Es una narración breve protagonizada
por animales que adquieren características humanas, siempre deja una
enseñanza o moraleja.</p>
<p><negrita>• El poema épico.</negrita> Es un relato en verso que
destaca las hazañas y el heroísmo de un personaje. Ese personaje puede
poseer características sobrehumanas.</p>
<imagen src="LE_07_06_CO_IMG04_small.jpg">
<p>¿Qué tipo de relato puede protagonizar este personaje?, ¿por qué? </p>
</imagen>
<destacado><destacadoTitulo>La importancia del género narrativo</destacadoTitulo>
<destacadoTexto>
<p>Las obras del género narrativo buscan que el lector imagine el
mundo en el que se llevan a cabo las acciones. Además, intentan despertar
diversos sentimientos hacia los personajes y reflexiones sobre las
situaciones que estos afrontan. En este sentido, cumplen una función
estética. </p>
</destacadoTexto></destacado><practica>
<enlace
destino="/LoIdRedirect.aspx?LoId=LE_07_06_CO_Recurso090&amp;IdRecurso=RES-A825F4E4C2864010A84FAB52697210E0"
>Responde preguntas sobre elementos de la narración</enlace>
<enlace
destino="/LoIdRedirect.aspx?LoId=LE_07_06_CO_Recurso100&amp;IdRecurso=RES-A63B0D29F031492EA766E8E87A03EE74"
>Comprende un texto narrativo</enlace>
</practica></seccion2Texto></seccion2><seccion2
id="S2_LE_07_06_CO_C38AD12AF65F465BAA41084B5D840FFD">
<seccion2Titulo>El mito</seccion2Titulo>
<seccion2Texto>
<p>El <negrita>mito</negrita> es una narración que busca explicar
un acontecimiento o el origen de un fenómeno natural, que se sitúa
fuera del tiempo histórico, es decir, los hechos relatados pertenecen
a un pasado remoto pero no diferenciable en el tiempo. Analiza el
ejemplo: </p>
<p><negrita>El carro del sol</negrita></p>
<p>Faetón ordenó que preparasen los caballos. Salieron los corceles
arrojando fuego por sus bocas y con tanta furia que apenas podía contenerlos
con las riendas. Los pusieron en el espléndido carro del dios Sol,
su padre, que lo aconsejó así:</p>
<p>─Frena a los potros en vez de darles rienda suelta. No subas ni
bajes más de lo conveniente. Cuando salgas encontrarás cinco arcos,
el más derecho es el tuyo. Sigue las huellas de las ruedas de los
días anteriores. No te salgas, hijo mío, de la pista, porque si subes
demasiado tocarás el cielo y si desciendes te estrellarás contra la
tierra.</p>
<p>Faetón, sin escuchar demasiado a su padre, partió. Los cuatro caballos,
notando que la mano que los guiaba no era la de su dueño Apolo, pronto
se desbocaron y se encaminaron por rutas desconocidas. Faetón no lograba
enderezar el rumbo. Las frías constelaciones notaron por primera vez
el calor del fuego y el muchacho pronto se dio cuenta de su terrible
error al pedir semejante capricho. El carro iba a la deriva como una
nave sin timón. De pronto Faetón cruzó cerca del temible monstruo
Escorpio, se espantaron los corceles y se aproximaron a la tierra
y calcinaron a su paso árboles, campos, ciudades y personas. Por esto
quedaron Libia y Etiopía convertidas en desiertos. Júpiter, padre
de los dioses, al ver la gran catástrofe que se estaba produciendo,
le lanzó un rayo a Faetón que le hizo caer fulminado.</p>
<p>Ovidio, <cursiva>Las metamorfosis, Libro II</cursiva> (siglo I
d.C.).</p>
<imagen src="LE_07_06_CO_IMG05_small.jpg">
<p>Entre todas las mitologías, las más destacadas fueron la griega
y la romana, pues ejercieron gran influencia en la cultura occidental.</p>
</imagen>
<seccion3 id="S3_LE_07_06_CO_5BC0946E1F474BAB88F7917620367465">
<seccion3Titulo>Las clases de mitos</seccion3Titulo>
<seccion3Texto>
<p>Existen varios tipos de mitos que buscan explicar el origen de
diferentes fenómenos, personajes y creencias.</p>
<table border="1"><caption>Clases de mitos </caption>
<tbody>
<tr>
<td><negrita>Cosmogónico</negrita></td>
<td>Explica el origen del universo.</td>
</tr>
<tr>
<td><negrita>Teogónico</negrita></td>
<td>Narra el origen de los dioses, así como su historia. </td>
</tr>
<tr>
<td><negrita>Antropogénico</negrita></td>
<td>Explica el origen del ser humano.</td>
</tr>
<tr>
<td><negrita>Moral</negrita></td>
<td>Dan razón de la existencia del bien y el mal.</td>
</tr>
<tr>
<td><negrita>Fundacional</negrita></td>
<td>Narra cómo se originaron las ciudades.</td>
</tr>
<tr>
<td><negrita>Escatológico</negrita></td>
<td>Anuncia el fin del mundo. </td>
</tr>
</tbody>
</table>
</seccion3Texto></seccion3><seccion3
id="S3_LE_07_06_CO_5BC0946E1F474BAB88F7917620367566">
<seccion3Titulo>Los personajes de los mitos</seccion3Titulo>
<seccion3Texto>
<p>Existen muchos <negrita>personajes mitológicos</negrita>. Sin embargo,
los más destacados en nuestra cultura son aquellos de la mitología
griega: dioses, semidioses, seres fabulosos y héroes. </p>
<destacado><destacadoTitulo>Mitología griega </destacadoTitulo>
<destacadoTexto>
<p>Los antiguos griegos consideraban que sus dioses habían escogido
el Monte Olimpo como su lugar de residencia. Allí los dioses vivían
en una sociedad jerarquizada por el poder. Además, formaban tres grupos
que controlaban distintos lugares: el cielo, el mar y la tierra. Algunos
de los dioses más importantes son:</p>
<p><negrita>• Zeus:</negrita> dios supremo y padre espiritual de los
dioses y de los hombres.</p>
<p><negrita>• Hera:</negrita> esposa de Zeus y diosa del matrimonio.
Era también la reina de los dioses y protectora de las mujeres casadas.</p>
<p><negrita>• Apolo:</negrita> hijo de Zeus y de una hija del titán
Leto. Se consideraba el dios de la profecía. </p>
<p><negrita>• Ares:</negrita> hijo de Zeus y Hera, dios de la guerra.</p>
<p><negrita>• Afrodita:</negrita> hija de Zeus y Dione, diosa del
amor y la belleza</p>
<p><negrita>• Hermes:</negrita> hijo de Zeus y Maya. Era el mensajero
de los dioses, guiaba el alma de los muertos al submundo y poseía
poderes sobre el sueño.</p>
</destacadoTexto></destacado>
<p>Los <negrita>héroes de los mitos</negrita>, muchos de ellos hijos
de un dios y una mortal, en su nacimiento, eran favorecidos por los
dioses con poderes sobrehumanos. Además, se destacan por sus valores,
arrojo y fuerza física. Entre los más reconocidos están: Perseo, Teseo,
Aquiles, Héctor, Clitemnestra y Odiseo. Analiza el siguiente fragmento
de <cursiva>Odisea</cursiva>, epopeya que relata las aventuras del
héroe griego Odiseo.</p>
<p><negrita>Odisea</negrita></p>
<p>Háblame, Musa, de aquel varón de multiforme ingenio que, después
de destruir la sacra ciudad de Troya, anduvo peregrinando larguísimo
tiempo, vio las poblaciones y conoció las costumbres de muchos hombres
y padeció en su ánimo gran número de trabajos en su navegación por
el ponto, procurando salvar su vida y la vuelta de sus compañeros
a la patria. Sin embargo, no pudo librarlos, como deseaba, y todos
perecieron por sus propias locuras. ¡Insensatos!</p>
<p>Comiéronse las vacas del Sol, hijo de Hiperión; el cual no permitió
que les llegara el día del regreso. ¡Oh diosa, hija de Zeus!, cuéntanos
aunque no sea más que una parte de tales cosas.</p>
<p>Ya en aquel tiempo los que habían podido escapar de una muerte
horrorosa estaban en sus hogares, salvos de los peligros de la guerra
y del mar; y solamente Ulises, que tan gran necesidad sentía de restituirse
a su patria y ver a su consorte, hallábase detenido por Calipso, la
ninfa veneranda, la divina entre las deidades, que anhelaba tomarlo
por esposo. Con el transcurso de los años, llegó por fin la época
en que los dioses habían decretado que volviese a su patria, a Itaca,
aunque no por eso debía poner fin a sus trabajos, ni siquiera después
de juntarse con los suyos. Y todos los dioses le compadecían, a excepción
de Poseidón, que permaneció constantemente irritado contra el divino
Ulises, hasta que el héroe no arribó a su tierra. […]</p>
<p>Homero, <cursiva>Odisea.</cursiva> </p>
<imagen src="LE_07_06_CO_IMG06_small.jpg">
<p>Odiseo, también conocido como Ulises, era el rey de Ítaca. Permaneció
20 años fuera de su ciudad: diez por la duración la guerra de Troya
y otros diez que transcurrieron desde el fin de esta hasta su regreso.
En la obra <cursiva>Odisea</cursiva>, Homero relata las aventuras
y contratiempos que superó este héroe para retornar al lado de su
esposa Penélope y su hijo Telémaco.</p>
</imagen>
<practica>
<enlace
destino="/LoIdRedirect.aspx?LoId=LE_07_06_CO_Recurso110&amp;IdRecurso=RES-73C4F476162B428EB570EA8261903B5F"
>Estudia el mito</enlace>
</practica></seccion3Texto></seccion3></seccion2Texto></seccion2>
<seccion2 id="S2_LE_07_06_CO_D7328B2AD3E8423AB0D71A1633ED7CF8">
<seccion2Titulo>Consolidación</seccion2Titulo>
<seccion2Texto>
<p>Actividades para reforzar lo que has aprendido en esta sección.</p>
<profundiza>
<enlace
destino="/LoIdRedirect.aspx?LoId=LE_07_06_CO_Recurso120&amp;IdRecurso=RES-822CB9496D404625BB45C608BF1170C3"
>Antología de textos: el género narrativo</enlace>
</profundiza><practica>
<enlace
destino="/LoIdRedirect.aspx?LoId=LE_07_06_CO_Recurso130&amp;IdRecurso=RES-9D204424FB644E00B4C52A1516E00DA7"
>Refuerza tu aprendizaje: El género narrativo</enlace>
</practica></seccion2Texto></seccion2></seccion1Texto></seccion1>
<seccion1 id="S1_LE_07_06_CO_D8A065ABB4164E409389A1579FC0CE2E">
<seccion1Titulo>Semántica: las palabras baúl</seccion1Titulo>
<seccion1Texto>
<p>¿Alguna vez has reflexionado acerca del uso repetitivo que se hace
de algunas palabras? </p>
<recuerda><recuerdaTexto>
<p>Las palabras baúl son aquellas que se utilizan con excesiva frecuencia
porque tienen un significado amplio y genérico. Sin embargo, es necesario
reemplazarlas por términos más precisos o concretos. Por ejemplo,
la palabra <cursiva>cosa</cursiva> que se emplea para designar cualquier
objeto o contexto: </p>
<p><cursiva>No sé cómo afrontar esta cosa. </cursiva></p>
<p><cursiva>No sé cómo afrontar esta situación (problema). </cursiva
></p>
</recuerdaTexto></recuerda>
<p>Algunas palabras baúl son verbos: <cursiva>hacer, dejar, poner,
decir, tener</cursiva>. Analiza los siguientes casos:</p>
<p>• Voy a <negrita>hacer</negrita> el papel de Julieta en la obra
de teatro. Voy a <negrita>representar</negrita> el papel de Julieta
en la obra de teatro.</p>
<p>• Hace tres meses que <negrita>dejó</negrita> su casa. Hace tres
meses que se <negrita>fue</negrita> de su casa.</p>
<p>• Ayer <negrita>puse</negrita> los libros en el estante. Ayer <negrita
>organicé</negrita> los libros en el estante.</p>
<p>• <negrita>Dijo</negrita> muy bien las líneas de su personaje. <negrita
>Pronunció</negrita> (<cursiva>interpretó, recitó</cursiva>) muy bien
las líneas de su personaje. </p>
<p>• <negrita>Tiene</negrita> buena salud. <negrita>Goza</negrita
> de buena salud. </p>
<profundiza>
<enlace
destino="/LoIdRedirect.aspx?LoId=LE_07_06_CO_Recurso150&amp;IdRecurso=RES-F616668E266041B3B1E5854341E2C387"
>Las palabras baúl</enlace>
</profundiza>
<imagen src="LE_07_06_CO_IMG07_small.jpg">
<p>A las palabras baúl también se les denomina <negrita>palabras comodín</negrita
>. ¿Por qué crees que se les da ese nombre? </p>
</imagen>
<p>El uso de las palabras comodín denota pobreza de vocabulario. Con
el fin de ampliar nuestro léxico y así conocer más vocablos que podamos
emplear de manera mucho más precisa, es recomendable:</p>
<p>•<negrita>Leer</negrita>, pues este hábito permite conocer palabras
nuevas y además entretiene. </p>
<p><negrita>• Emplear diccionarios</negrita> (de sinónimos y antónimos,
léxicos, de dudas), con el fin de elegir la palabra precisa para cada
idea que se quiera expresar. </p>
<practica>
<enlace
destino="/LoIdRedirect.aspx?LoId=LE_07_06_CO_Recurso160&amp;IdRecurso=RES-C65B91044A9545D0A54E716F53E30E83"
>Corrige las palabras comodín</enlace>
<enlace
destino="/LoIdRedirect.aspx?LoId=LE_07_06_CO_Recurso170&amp;IdRecurso=RES-BF5EE429706F4DB596AE1D72BA1D481D"
>Encuentra sustitutos para las palabras baúl</enlace>
</practica><seccion2
id="S2_LE_07_06_CO_D7328B2AD3E8423AB0D71A1633ED8CF9">
<seccion2Titulo>Consolidación</seccion2Titulo>
<seccion2Texto>
<p>Actividades para reforzar lo que has aprendido en esta sección.</p>
<practica>
<enlace
destino="/LoIdRedirect.aspx?LoId=LE_07_06_CO_Recurso180&amp;IdRecurso=RES-5B49E5B4E0AD45A2A724CAB4C5BFD6BC"
>Refuerza tu aprendizaje: Las palabras baúl</enlace>
</practica></seccion2Texto></seccion2></seccion1Texto></seccion1>
<seccion1 id="S1_LE_07_06_CO_D3C30B06F9E74EC89E0952B2F50C70EF">
<seccion1Titulo>Expresión oral: la cuña radial </seccion1Titulo>
<seccion1Texto>
<p>¿Qué cuña radial recuerdas?, ¿qué producto o servicio publicita?,
¿de qué elementos se vale para generar recordación en los oyentes?</p>
<recuerda><recuerdaTexto>
<p>Una <negrita>cuña radial</negrita> es un anuncio publicitario que
se emite durante las franjas radiales. Debe ser breve (de 30 segundos
a 1 minuto) pero transmitir con claridad el mensaje. </p>
</recuerdaTexto></recuerda>
<imagen src="LE_07_06_CO_IMG08_small.jpg">
<p>Las voces de los anuncios radiales se caracterizan por su emotividad
y elocuencia. Existen locutores profesionales que interpretan de forma
acertada el propósito del anuncio y adecúan sus voces a este. </p>
</imagen>
<p>Existen diferentes clases de cuñas. Observa el cuadro. </p>
<table border="1"><caption>Tipos de cuñas radiales </caption>
<tbody valign="top">
<tr>
<td><negrita>Publicitarias </negrita></td>
<td>Tienen como propósito convencer a los radioescuchas de adquirir
un producto o servicio. </td>
</tr>
<tr>
<td><negrita>Institucionales </negrita></td>
<td>Anuncian mensajes de las entidades públicas o privadas. Buscan
generar en la audiencia actitudes y reflexiones sobre hechos relevantes.</td>
</tr>
<tr>
<td><negrita>Promocionales de la emisora</negrita></td>
<td>Informan sobre la programación con el fin de que los oyentes estén
atentos a las emisiones de aquellos que más llamen su atención.</td>
</tr>
</tbody>
</table>
<seccion2 id="S2_LE_07_06_CO_D7328B2AD3E8423AB0D71A1633ED6CF9">
<seccion2Titulo>La persuasión en las cuñas radiales</seccion2Titulo>
<seccion2Texto>
<p>Al igual que todo anuncio publicitario, la cuña radial busca persuadir
o convencer al oyente de adquirir un producto o servicio. Para conseguir
su propósito, se vale de los siguientes elementos: </p>
<p><negrita>• La locución.</negrita> Comprende la voz o las voces
que anuncian el producto. Estas deben ser claras y rítmicas. Algunas
veces se utiliza el registro formal y otras, el informal. También
se suelen incluir voces que representan a la sociedad: mujeres, hombres,
jóvenes, niños, profesionales, estudiantes… Por otra parte, la voz
que se emplee debe generar credibilidad en el oyente.</p>
<p><negrita>• El eslogan.</negrita> Es la fórmula breve y original
que caracteriza el producto, la cual suele ser memorizada por el radioescucha.
En las cuñas radiales, por lo general es cantada. </p>
<p><negrita>• El mensaje.</negrita> Debe ser claro, breve y directo.
Incluye las características y beneficios del producto o el servicio
que se anuncia. </p>
<p><negrita>• La música.</negrita> Generalmente, las cuñas radiales
se acompañan de una melodía alegre y pegadiza. Esta puede ser original
(creada exclusivamente para la cuña) o una ya conocida por los oyentes
y que se adapta a las necesidades del anunciante. </p>
<p><negrita>• Los efectos de sonido.</negrita> En las cuñas radiales
se incluyen sonidos para crear ambientes reales o contextualizar el
producto que se anuncia. Por ejemplo, el sonido que se produce cuando
se teclea, el del agua de una ducha, el de los pasos de una persona
que entra a una oficina, el del galope de un caballo, entre otros.</p>
<destacado><destacadoTitulo>El <cursiva>jingle</cursiva></destacadoTitulo>
<destacadoTexto>
<p>Algunas cuñas radiales están formadas por canciones breves, es
decir, <cursiva>jingles</cursiva>. Con ellos, se busca que la audiencia
recuerde más fácilmente el producto o servicio que se ofrece. Cuando
se emplean en cuñas promocionales de la emisora, se pretende identificar
la emisora o el programa radial y determinar su estilo.</p>
</destacadoTexto></destacado><practica>
<enlace
destino="/LoIdRedirect.aspx?LoId=LE_07_06_CO_Recurso190&amp;IdRecurso=RES-B56C0016C4E249F49098B00C7DD3DD33"
>Analiza cuñas radiales</enlace>
</practica></seccion2Texto></seccion2><seccion2
id="S2_LE_07_06_CO_5BC0946E1F474BAB88F7917620367364">
<seccion2Titulo>Realiza una cuña radial</seccion2Titulo>
<seccion2Texto>
<p>A continuación, te invitamos a crear tu propia cuña radial. Reúnete
con dos compañeros para realizar este trabajo. </p>
<p>Para empezar, es necesario determinar cuál es el producto o servicio
que se quiere publicitar. Así mismo, se debe identificar el público
o sector de la sociedad al que se enfoca (edad, estatus, actividad
que realiza, etc.), es decir, el mercado. </p>
<p>Después de precisar qué producto o servicio se quiere comercializar,
deben trabajar en torno a la <negrita>idea publicitaria</negrita>.
Esta comprende tareas como: </p>
<p>• Fijar los objetivos del anuncio. </p>
<p>• Establecer su tiempo de duración (entre 30 y 60 segundos). </p>
<p>• Elaborar el guion del locutor o los locutores. Aquí se deben
describir los registros que son adecuados y los tipos de voces que
se requieren y sus matices. </p>
<p>• Idear el eslogan. </p>
<p>• Determinar qué clase de música es la más apropiada. </p>
<p>• Decidir qué sonidos especiales incluirá la cuña y cómo producirlos. </p>
<p>Luego de trabajar en torno a la idea publicitaria, procedan a asignar
a cada integrante del grupo un rol. Por ejemplo, el de locutor o el
de sonidista. </p>
<p>Antes de grabar la cuña, ensáyenla varias veces. Asegúrense de
que los locutores sean expresivos, así mismo que manejen correctamente
las pausas. También, revisen que la inclusión de sonidos especiales
se haga en los momentos precisos y que la música de fondo no opaque
las voces de los locutores.</p>
<p>Finalmente, hagan varias grabaciones de la cuña y determinen cuál
es la mejor para presentar en clase.</p>
<imagen src="LE_07_06_CO_IMG09_small.jpg">
<p>La locución, la música y los efectos de sonido constituyen un conjunto;
su equilibrio asegura el éxito de la cuña radial. </p>
</imagen>
<profundiza>
<enlace
destino="/LoIdRedirect.aspx?LoId=LE_07_06_CO_Recurso200&amp;IdRecurso=RES-CCBA0E54E9D84E71A1800BD6B94BAE6B"
>La cuña radial</enlace>
</profundiza></seccion2Texto></seccion2><seccion2
id="S2_LE_07_06_CO_5BC0946E1F474BAB88F7917620367465">
<seccion2Titulo>Consolidación </seccion2Titulo>
<seccion2Texto>
<p>Refuerza tus conocimientos sobre el tema con estas actividades. </p>
<practica>
<enlace
destino="/LoIdRedirect.aspx?LoId=LE_07_06_CO_Recurso210&amp;IdRecurso=RES-838ECC92BC0C4EB3885D499AB147CA80"
>Refuerza tu aprendizaje: La cuña radial</enlace>
</practica></seccion2Texto></seccion2></seccion1Texto></seccion1>
<seccion1 id="S1_LE_07_06_CO_E7488D10C84F492A8A026F41204131E8">
<seccion1Titulo>Comunicación: las finalidades de los medios de comunicación</seccion1Titulo>
<seccion1Texto>
<p>¿Qué clase de programas televisivos o radiales prefieres?, ¿qué
caracteriza a esos programas?, ¿los calificarías como educativos,
de entretenimiento o informativos? </p>
<p>El surgimiento de los medios de comunicación ha estado ligado al
desarrollo de diversos inventos y necesidades de la sociedad de acuerdo
con sus cambios históricos, sociales y culturales. Su <negrita>finalidad</negrita
>, es decir el objetivo que persigue cada uno, también tiene <negrita
>connotaciones históricas, políticas</negrita> y <negrita>sociales</negrita
>. ¿Sabías que en Estados Unidos, la prensa fue la responsable de
la renuncia del presidente Richard Nixon?, ¿en Europa, durante la
Primera y la Segunda Guerra Mundial, la radio fue prohibida, pero
también se utilizó para confundir al enemigo?, ¿en Colombia, la televisión
fue introducida por el General Rojas Pinilla para transmitir su discurso
de posesión y, adicionalmente, se usó para educar y entretener a la
población?</p>
<p>Los medios nacieron y crecieron conscientes de su enorme poderío,
no en vano algunos han sido considerados, en sus épocas de grandeza,
el poder detrás del poder y han estado ligados a familias o emporios
económicos de gran trayectoria.</p>
<p>A continuación se reproducen diferentes fragmentos de discursos
que responden a distintas finalidades de los medios. Revísalos con
atención para que puedas percibir su intencionalidad.</p>
<table border="1"><caption>Las intenciones de los medios de comunicación </caption>
<tbody valign="top">
<tr>
<td><negrita>Informar</negrita></td>
<td>La semana pasada se presentó en la Feria de Tecnología e Innovación
de París la nueva tableta 362. Tras algunas horas de presentación
los usuarios pudieron probar algunos dispositivos, antes de ser comercializados.</td>
</tr>
<tr>
<td><negrita>Persuadir</negrita></td>
<td>¿Necesitas estar al día en todo momento y estar conectado con
todos tus amigos? ¡No lo dudes! ¡Compra la nueva tableta 362!</td>
</tr>
<tr>
<td><negrita>Crear opinión</negrita></td>
<td>Después de comprobar el uso de diversas tabletas, los resultados
indican que la tableta 362 es una de las que presenta más funcionalidades.
Además, cuenta con una batería con autonomía para 15 horas. Sin embargo,
este nuevo modelo tiene una iluminación deficiente respecto a los
modelos anteriores.</td>
</tr>
<tr>
<td><negrita>Entretener</negrita></td>
<td>Pulsa el botón azul para empezar el juego, pero antes no olvides
crear tu propio perfil, que te acompañará en cada una de las plataformas.</td>
</tr>
</tbody>
</table>
<recuerda><recuerdaTexto>
<p>Todo medio de comunicación está ligado a una <negrita>ideología</negrita
> y utiliza diversas formas para llegar a su público objetivo. Algunas
buscan <negrita>informar</negrita>, otras intentan <negrita>persuadir</negrita
>, unas más se dedican a <negrita>crear opinión</negrita> y finalmente,
existen aquellas cuya finalidad es <negrita>entretener</negrita>.
Cada una emplea un lenguaje específico y unos formatos especializados
que se conocen como los géneros periodísticos.</p>
</recuerdaTexto></recuerda><profundiza>
<enlace
destino="/LoIdRedirect.aspx?LoId=LE_07_06_CO_Recurso220&amp;IdRecurso=RES-B1F21E30DD6E4A8CA606D32C06AF4F28"
>Las finalidades de los medios</enlace>
</profundiza><seccion2
id="S2_LE_07_06_CO_B540D45CC66548BD89E6C4F23BBCFC6F">
<seccion2Titulo>La transmisión de información</seccion2Titulo>
<seccion2Texto>
<p>Para entender las implicaciones de la transmisión de la información
es importante comprender el significado de estos términos. La <negrita
>transmisión</negrita> es el hecho de difundir, propagar o divulgar
conocimientos, noticias, actitudes, costumbres, modas, entre otros.
Mientras que la <negrita>información</negrita> está ligada a lo que
se comunica, es decir, aquello que se sabe sobre algún tema y que
permite ampliar o precisar el conocimiento que otro tiene en relación
con este asunto.</p>
<p>La transmisión de la información periodística es un <negrita>acto
consciente</negrita> que obliga a una persona o empresa a documentarse
previamente con el objetivo de explicar a otros <negrita>qué ha ocurrido</negrita
> y <negrita>por qué</negrita>, sin brindar opiniones personales al
respecto y en la que debe predominar la veracidad. </p>
<destacado><destacadoTitulo>La noticia</destacadoTitulo><destacadoTexto>
<p>La <negrita>noticia</negrita> es considerada el género periodístico
base de todos los demás. Siempre debe responder estos cuestionamientos
fundamentales: <cursiva>¿qué?, ¿cuándo?, ¿cómo?, ¿quién?, ¿dónde?</cursiva
> y <cursiva>¿por qué? </cursiva>Además, se caracteriza por ser objetiva,
veraz, de interés general y de actualidad. </p>
</destacadoTexto></destacado>
<imagen ampliable="no" src="LE_07_06_CO_IMG10_2_small.jpg">
<p>La noticia maneja una estructura interna en forma de pirámide invertida,
lo más importante se ubica en el párrafo inicial y lo demás se desarrolla
en los siguientes. Selecciona una noticia y determina si aplica esta
estructura. </p><?Pub Caret -2?>
</imagen>
<practica>
<enlace
destino="/LoIdRedirect.aspx?LoId=LE_07_06_CO_Recurso230&amp;IdRecurso=RES-7C01B4E71D1B4F3CB9C5F76E9F757629"
>Los canales de la información</enlace>
</practica></seccion2Texto></seccion2><seccion2
id="S2_LE_07_06_CO_53D095A8952C4CFB8BC7E58FD42F5D48">
<seccion2Titulo>La persuasión</seccion2Titulo>
<seccion2Texto>
<p>La <negrita>persuasión</negrita> es la finalidad propia de la publicidad
y de la propaganda, términos que suelen utilizarse indistintamente,
pero que son muy diferentes. Para comenzar, <negrita>persuadir</negrita
> consiste en convencer con argumentos a alguien para que crea o haga
algo. La <negrita>publicidad</negrita> divulga anuncios de carácter
comercial para atraer a posibles compradores, espectadores o usuarios.
La <negrita>propaganda</negrita> persigue objetivos sociales, es decir,
vende ideas políticas o sociales.</p>
<recuerda><recuerdaTexto>
<p>La <negrita>publicidad</negrita> promueve el <negrita>consumo</negrita
> para incrementar las ventas de bienes y servicios, su finalidad
es netamente comercial y económica basada en la consecución de nuevos
consumidores. La <negrita>propaganda</negrita> busca <negrita>influir
en la actitud</negrita> de las personas para posicionar en ellas ideas
políticas o sociales.</p>
</recuerdaTexto></recuerda><profundiza>
<enlace
destino="/LoIdRedirect.aspx?LoId=LE_07_06_CO_Recurso240&amp;IdRecurso=RES-151CFB6DF5904B65B4DA3D4D756F558D"
>La persuasión en la publicidad</enlace>
</profundiza></seccion2Texto></seccion2><seccion2
id="S2_LE_07_06_CO_3D4C6CF8B2C24216948BB64B6910A3E9">
<seccion2Titulo>La creación de opinión</seccion2Titulo>
<seccion2Texto>
<p>Crear opinión es una enorme responsabilidad social de los medios.
Un generador de <negrita>opinión pública</negrita> debe ser líder,
conocedor a profundidad del tema, y consciente de la importancia y
el peso que tiene su propia valoración en la sociedad. Un líder de
opinión necesita contar con argumentos sólidos puestos al servicio
de sus receptores con el propósito de brindarles herramientas para
valorar, interpretar y juzgar las acciones o los sucesos que son de
actualidad y de alto impacto en su comunidad.</p>
<p>Un <negrita>líder de opinión</negrita> no debe condicionar, manipular
o utilizar información proveniente de fuentes dudosas, todo esto iría
en contra del principio fundamental de la comunicación que defiende
la <negrita>libre expresión</negrita> basada en la <negrita>veracidad</negrita
>, en el contraste de las fuentes y en la visión personal que cada
quien se forma respecto de lo que sucede en su entorno o en el mundo.</p>
<p>En la generación de opinión, el rol del líder o del medio, es tan
activo y tan valioso como el del receptor. Quien recibe una valoración
o juicio de la información, siempre debe sopesarlos, analizar los
argumentos, verificar si estos están de acuerdo con lo que realmente
sucede, distinguir si se identifica con ese juicio de valor o no,
y por qué, y finalmente asumir una postura consciente basada en su
propio pensar y sentir.</p>
<imagen src="LE_07_06_CO_IMG11_small.jpg">
<p>Entre los textos periodísticos que buscan generar opinión están:
el editorial, la columna de opinión y el artículo de opinión. En medios
de comunicación como la radio y la televisión, encontramos programas
de debate o espacios informativos, como la mesa redonda, que cumplen
con esta función.</p>
</imagen>
<practica>
<enlace
destino="/LoIdRedirect.aspx?LoId=LE_07_06_CO_Recurso250&amp;IdRecurso=RES-6EDE9D093D5246A0A84BFBB714B2A1E4"
>Interpreta fragmentos de artículos de opinión</enlace>
</practica></seccion2Texto></seccion2><seccion2
id="S2_LE_07_06_CO_750C4F6647784E488E01DDF57BF973C9">
<seccion2Titulo>El entretenimiento</seccion2Titulo>
<seccion2Texto>
<p>En un mundo agobiado por problemas sociales, ambientales, políticos
y religiosos, en el cual los medios registran minuto a minuto los
conflictos de una sociedad presionada por la intolerancia, las guerras,
la falta de oportunidades, el poderío militar de algunos, las nuevas
y mortales enfermedades que aquejan a las poblaciones, el desarrollo
imparable de las tecnologías, el cambio climático, entre otros aspectos,
los medios de comunicación han redescubierto su <negrita>función</negrita
> de <negrita>entretenimiento.</negrita></p>
<p>Millones de espectadores, sobre todo los más jóvenes, se han volcado
a consumir: música, series, películas de todos los géneros, videos,
aprendizajes autónomos en plataformas virtuales, literatura, poesía,
novelas y mucho más. Contenidos que se orientan hacia las artes y
la cultura y que mantienen a los usuarios lejos de las grandes problemáticas. </p>
<recuerda><recuerdaTexto>
<p>El mundo del entretenimiento ha encontrado en los medios de comunicación
un entorno creativo y lleno de efectos audiovisuales que le permite
al usuario soñar con dimensiones fantásticas. Entretener no tiene
nada de malo, pero cuidado, no se puede caer en el error de creer
que una producción con este objetivo, se entienda como una fuente
legítima de información de lo que acontece en la realidad. </p>
</recuerdaTexto></recuerda></seccion2Texto></seccion2><seccion2
id="S2_LE_07_06_CO_750C4F6647784E488E01DDF57BF974C8">
<seccion2Titulo>Los medios de comunicación en Colombia</seccion2Titulo>
<seccion2Texto>
<p>En Colombia los medios de comunicación en general <negrita>nacieron</negrita
> de la mano de un grupo <negrita>político</negrita>, <negrita>económico</negrita
> o <negrita>intelectual</negrita>, que vieron en ellos un gran potencial
para <negrita>divulgar</negrita> su <negrita>pensamiento.</negrita
></p>
<seccion3 id="S3_LE_07_06_CO_58012B56C5A84C88A205958DF6755B32">
<seccion3Titulo>La prensa en Colombia</seccion3Titulo>
<seccion3Texto>
<p>Para el siglo XVIII, la prensa nacional ya hacía sus primeras apariciones
en la <cursiva>Gaceta de Santafé en 1785</cursiva>, pero se considera
que el primer diario fue el <cursiva>Papel periódico de la ciudad
de Santafé</cursiva> fundado en 1791 por Manuel del Socorro Rodríguez.
Después, muchos le siguieron, pero fue <cursiva>La Bagatela</cursiva
> de Antonio Nariño en 1810 el que logró un mayor impacto en la sociedad
al derrocar a la Junta de Gobierno de esa época. El siglo XIX vio
el surgimiento de los principales periódicos del país que aún se conservan
y desarrollan el oficio, entre ellos <cursiva>El Espectador</cursiva
> y <cursiva>El Tiempo</cursiva>.</p>
<imagen src="LE_07_06_CO_IMG12_small.jpg">
<p>Consulta qué periódicos circulan en tu departamento o región. Elige
uno de ellos y determina qué secciones lo componen. </p>
</imagen>
<p>Posteriormente, las <negrita>revistas</negrita> aparecieron como
un intento de los intelectuales por compartir temas culturales, pero
se enfrentaron a profundas crisis económicas. La primera de gran impacto, <cursiva
>Voces</cursiva>, se publicó en 1917 en Barranquilla y a ella le siguieron
muchas más que nacieron, crecieron y murieron rápidamente contando
historias culturales, políticas y sociales de Colombia y sus personalidades. </p>
<p>En la actualidad la variedad de revistas y casas editoriales que
las publican son innumerables, pero tal vez una de las más representativas
es <cursiva>Semana</cursiva> con el cubrimiento de temas políticos
de gran impacto en la sociedad. </p>
</seccion3Texto></seccion3><seccion3
id="S3_LE_07_06_CO_58012B56C5A84C88A205958DF6755C31">
<seccion3Titulo>Colombia y la radio</seccion3Titulo>
<seccion3Texto>
<p>La <negrita>radio</negrita> llega a nuestro país de la mano del
presidente Miguel Abadía Méndez quien inauguró en 1929 la primera
radiodifusora llamada <cursiva>HJN</cursiva>. En 1931 surge el concepto
de emisora comercial bajo el nombre de <cursiva>HKF</cursiva>. El
presidente Alfonso López Pumarejo impulsa la radio educativa en sus
periodos de gobierno (1934-1938 y 1942-1945). En 1942 nace la Radiodifusora
Nacional de Colombia, ente oficial encargado de divulgar los temas
culturales del Estado y para 1945 aparecen las primeras emisoras culturales
como la <cursiva>HJCK</cursiva>, al tiempo que se establecen RCN radio,
Caracol radio y Todelar, entre otras. </p>
<p>Curiosamente, la radio y la prensa tuvieron fuertes enfrentamientos
y se vieron como competencia, tanto que en 1939 la prensa logró la
emisión de un decreto que le prohibía a la radio la lectura de sus
noticias. Debían pasar por lo menos doce horas para que el medio auditivo
pudiera utilizar los recursos noticiosos de la prensa. Y a pesar del
origen de nuevos medios, la radio sigue siendo el medio que “llega
a donde los demás no pueden hacerlo”.</p>
<p>El nacimiento de la <negrita>radio comunitaria</negrita> en Colombia,
formalmente hablando, se ubica entre la décadas del sesenta y el setenta,
pero su antecedente de impacto y conocimiento a nivel nacional se
llevó a cabo en 1950 con Radio Sutatenza, emisora privada y regional
dedicada a instruir a los campesinos y a tratar temas cercanos a sus
intereses y necesidades. </p>
<destacado><destacadoTitulo>La radio escolar </destacadoTitulo>
<destacadoTexto>
<p>La radio escolar aparece en Colombia a principios de los noventa
en los colegios de mayor poder económico y es programada, dirigida
y orientada por jóvenes con inclinaciones por el medio. Es usada para
entretener a sus compañeros, también con fines académicos y como medio
para expresar sus opiniones frente a las directivas de los planteles.
Aunque en sus inicios fue un privilegio de los colegios privados,
en la actualidad funciona en instituciones públicas y privadas.</p>
</destacadoTexto></destacado>
<imagen src="LE_07_06_CO_IMG13_small.jpg">
<p>Comenta con un compañero: ¿cuál es tu emisora o programa de radio
favorito?, ¿lo escuchas para informarte o para entretenerte?</p>
</imagen>
<practica>
<enlace
destino="/LoIdRedirect.aspx?LoId=LE_07_06_CO_Recurso260&amp;IdRecurso=RES-504912967C9148098C41EDA2569747DD"
>Relaciona las funciones</enlace>
</practica></seccion3Texto></seccion3><seccion3
id="S3_LE_07_06_CO_58012B56C5A84C88A205958DF6755F32">
<seccion3Titulo>Una mirada a la televisión colombiana </seccion3Titulo>
<seccion3Texto>
<p>La <negrita>televisión</negrita> llega a Colombia el 13 de junio
de 1954, año en que el General Rojas Pinilla está al mando. Posteriormente
nacen las cadenas privadas de televisión como RCN y Caracol, Producciones
JES y Colombiana de Televisión que transmitían televisión pública
controlada por el Estado. En 1979 se introduce la <negrita>televisión
en color</negrita>, lo que dispara su consumo y los programas y programadoras
de entretenimiento. </p>
<p>Para 1997 se abre la única licitación pública en nuestro país para
crear canales privados, modelo que en la actualidad se sostiene con
dos canales privados y tres públicos a nivel nacional y con un sinnúmero
de pequeños canales regionales tanto públicos como privados.</p>
</seccion3Texto></seccion3></seccion2Texto></seccion2><seccion2
id="S2_LE_07_06_CO_58012B56C5A84C88A205958DF6754F33">
<seccion2Titulo>Consolidación </seccion2Titulo>
<seccion2Texto>
<p>Desarrolla la actividad y refuerza los conocimientos que adquiriste. </p>
<practica>
<enlace
destino="/LoIdRedirect.aspx?LoId=LE_07_06_CO_Recurso280&amp;IdRecurso=RES-99D6097AEC784FCEBF6D7C0B5B204AE8"
>Refuerza tu aprendizaje: Las finalidades de los medios de comunicación</enlace>
</practica></seccion2Texto></seccion2></seccion1Texto></seccion1>
<seccion1 id="S1_LE_07_06_CO_CC9372E0AEF84B10A3084FBAADD48AAE">
<seccion1Titulo>Ética y comunicación: el contexto y la adecuación
del mensaje</seccion1Titulo>
<seccion1Texto>
<p>Cuando se habla de situación o contexto comunicativo, ¿a qué se
hace referencia?, ¿consideras que los mensajes que emitimos dependen
de este?, ¿por qué? </p>
<imagen src="LE_07_06_CO_IMG14_small.jpg">
<p>Si tuvieses la oportunidad, ¿cómo saludarías al artista colombiano
Fernando Botero?  <cursiva>Hola, ¿qué hay de nuevo?, reciba mi más
cordial saludo.  Buenos días, ¡qué gusto conocerlo!,  ¡Qué hay!, increíble
verte por aquí. </cursiva></p>
</imagen>
<p>Los <negrita>registros lingüísticos</negrita> son las diferentes
variedades de la lengua que el hablante emplea para adaptarse a una
situación comunicativa específica, como saludar a una persona, escribir
una carta u ofrecer un discurso.</p>
<p>Para determinar qué registro debe utilizar en una situación comunicativa,
el hablante sopesa aspectos como la intención del mensaje, su contenido,
el grado o tipo de relación (de formalidad) que sostiene con el interlocutor
y las características de la situación comunicativa y del interlocutor
mismo. En otras palabras, un hablante tiene que <negrita>adecuar</negrita
> siempre el mensaje al <negrita>contexto</negrita> o situación comunicativa. </p>
<destacado><destacadoTitulo>Adecuación</destacadoTitulo><destacadoTexto>
<p>Es aquella propiedad del texto que determina la <negrita>variedad</negrita
> y el <negrita>registro lingüístico</negrita> de los que debe valerse
para comunicar efectivamente su mensaje. Tanto la variedad como el
registro están determinados por la <negrita>situación comunicativa</negrita
> y el <negrita>destinatario</negrita> (receptor), que son los que
le exigen al productor del texto (emisor o hablante) utilizar un determinado
tipo de expresiones y construcciones lingüísticas.</p>
</destacadoTexto></destacado><profundiza>
<enlace
destino="/LoIdRedirect.aspx?LoId=LE_07_06_CO_Recurso290&amp;IdRecurso=RES-1CB4BBA27B7C44418413D077D6E403CE"
>Los niveles de la lengua</enlace>
</profundiza><seccion2
id="S2_LE_07_06_CO_58012B56C5A84C88A205958DF6754B31">
<seccion2Titulo>Los niveles de la lengua</seccion2Titulo>
<seccion2Texto>
<p>Las formas de expresión de los hablantes revelan su nivel de uso
de la lengua. Es posible hablar, en este sentido, de cuatro niveles
de uso:</p>
<listaSinNumerar>
<listaElemento>El <negrita>nivel culto</negrita>. Es utilizado por
personas muy instruidas en situaciones formales. Hace gala de precisión
lingüística, fonética y gramatical, así como de un vocabulario amplio.</listaElemento>
<listaElemento>El <negrita>nivel estándar</negrita>. Adopta las exigencias
normativas de la lengua, aunque de forma menos rígida que en el nivel
culto. Lo utilizan las personas que tienen buenas competencias lingüísticas.</listaElemento>
<listaElemento>El <negrita>nivel familiar o coloquial</negrita>. Es
menos correcto gramatical y fonéticamente y más espontáneo, expresivo
y natural. Se vale de modismos, frases hechas, eufemismos y refranes,
y se evidencia en situaciones comunicativas en las que hay cierta
familiaridad entre los interlocutores.</listaElemento>
<listaElemento>El <negrita>nivel vulgar</negrita>. Es empleado por
hablantes poco instruidos. Resulta pobre en vocabulario y no cumple
con las reglas sintácticas. </listaElemento>
</listaSinNumerar>
<recuerda><recuerdaTexto>
<p>Los niveles de uso de la lengua dependen de la formación sociocultural
del hablante, de sus hábitos, así como de la situación en la que se
produce la comunicación.</p>
</recuerdaTexto></recuerda></seccion2Texto></seccion2><seccion2
id="S2_LE_07_06_CO_58012B56C5A84C88A205958DF6755B32">
<seccion2Titulo>El lenguaje formal</seccion2Titulo>
<seccion2Texto>
<p>El <negrita>registro lingüístico</negrita> es el conjunto de variables
contextuales, sociolingüísticas y de otro tipo que condicionan el
modo en que una lengua es usada en un contexto concreto. Según el <negrita
>grado de formalidad</negrita> de la situación comunicativa, se puede
hablar de <negrita>registro formal</negrita> y <negrita>registro informal.</negrita
> </p>
<imagen src="LE_07_06_CO_IMG15_small.jpg">
<p>En el registro formal, ¿qué nivel de la lengua se emplea: culto,
estándar, coloquial, vulgar? Comenta tu respuesta con un compañero. </p>
</imagen>
<p>El <negrita>lenguaje formal</negrita> se usa en situaciones en
las que hay mayor distancia entre los interlocutores o en aquellas
en las que se exige adecuar el lenguaje a contextos académicos, técnicos
y científicos, diplomáticos, literarios, políticos, institucionales
o de este orden. </p>
<p>Se suele emplear en discursos, conferencias, informes de investigación,
artículos científicos o de revistas especializadas, manuales técnicos,
textos literarios, ensayos, cartas de solicitud, tarjetas de invitación,
entrevistas y reuniones de trabajo, ceremonias, entre otros, por lo
que está lejos de la improvisación y la espontaneidad, y muy cerca
de fórmulas y guiones preestablecidos, tales como: <cursiva>“Reciba
un cordial saludo…”, “Señoras y señores, es para mí un honor…”, “Se
complace en invitarlo a…”, “Reciba mi más sentido pésame”.</cursiva
></p>
<destacado><destacadoTitulo>Generalidades del lenguaje formal</destacadoTitulo>
<destacadoTexto>
<p>El lenguaje formal exige un cierto dominio de los hablantes sobre
el contenido tratado, así como un amplio vocabulario y una buena estructuración
del discurso (que suele incluir tecnicismos, palabras cultas, figuras
retóricas y sintaxis elaboradas). En el contexto oral, se destaca
por la corrección de su prosodia (correcta pronunciación y entonación). </p>
</destacadoTexto></destacado>
<p>Ahora bien, en aquellas situaciones comunicativas en las que se
requiere un menor grado de formalidad, se usa el <negrita>registro
estándar</negrita> que, aunque guarda cierta estructuración y riqueza
lingüística, permite mayor espontaneidad sin llegar a la informalidad.
Algunos casos son: saludar a una persona que recién se conoce, dirigirse
a un superior, comunicar una noticia en un noticiero o hacer una exposición
en clase. El registro estándar permite que los hablantes de una misma
lengua se puedan comprender por encima de variantes dialectales, sociales
y generacionales, haciendo un uso correcto de la lengua, por lo que
se trata de un tipo de <negrita>lenguaje formal</negrita>.</p>
<recuerda><recuerdaTexto>
<p>El término <negrita>culto</negrita> significa <cursiva>“que está
dotado de las calidades que provienen de la cultura o instrucción”</cursiva
> y el término <negrita>estándar</negrita> hace referencia a aquello
que <cursiva>“sirve como tipo, modelo, norma, patrón o referencia”.</cursiva
></p>
</recuerdaTexto></recuerda><practica>
<enlace
destino="/LoIdRedirect.aspx?LoId=LE_07_06_CO_Recurso310&amp;IdRecurso=RES-3C9E2DCF0D214857A18F735A02F4597A"
>Sustituye las palabras por sinónimos de nivel culto</enlace>
</practica></seccion2Texto></seccion2><seccion2
id="S2_LE_07_06_CO_58012B56C5A84C88A205958DF6757B71">
<seccion2Titulo>El lenguaje informal</seccion2Titulo>
<seccion2Texto>
<p>El <negrita>lenguaje informal</negrita> se usa en situaciones en
las que hay menor distancia entre los interlocutores o en aquellos
en los que prima la familiaridad y la cercanía de lo cotidiano. Es
el tipo de lenguaje que los hablantes emplean en su comunicación diaria
y espontánea, por lo que la sintaxis suele ser simple, el vocabulario
limitado y el grado de corrección, laxo. Por lo general, los hablantes
usan la lengua en los niveles <negrita>coloquial y vulgar</negrita
>.</p>
<p>En ocasiones, el lenguaje informal se sale de lo coloquial y se
vale de un registro vulgar que es la variedad social propia de hablantes
que no han recibido instrucción y de quienes, a pesar de haber sido
educados en la norma lingüística, realizan ciertas transgresiones,
cometen errores fonéticos (dicen <cursiva>plobema</cursiva> por <cursiva
>problema</cursiva> o <cursiva>ataúl</cursiva> por <cursiva>ataúd</cursiva
>), morfológicos (utilizan <cursiva>ponido</cursiva> en lugar de <cursiva
>puesto</cursiva> o <cursiva>haiga</cursiva> por <cursiva>haya</cursiva
>) o sintácticos (emplean <cursiva>más poco cuando</cursiva> lo correcto
es <cursiva>menos</cursiva> o <cursiva>me gusta bastante</cursiva
> por <cursiva>me gusta mucho</cursiva>), y quienes usan groserías
o palabras tabú, consideradas de mal gusto.</p>
<recuerda><recuerdaTexto>
<p>El término <negrita>vulgar</negrita> hace referencia a algo que
es común o popular, impropio de personas cultas o educadas. Proviene
del sustantivo <negrita>vulgo</negrita>, que se refiere al conjunto
de las personas que en cada materia no conocen más que la parte superficial.</p>
</recuerdaTexto></recuerda><practica>
<enlace
destino="/LoIdRedirect.aspx?LoId=LE_07_06_CO_Recurso320&amp;IdRecurso=RES-ECF110CB1EE64615A1CF10E8FA9B9BDE"
>Determina a qué nivel de la lengua pertenece la oración</enlace>
</practica></seccion2Texto></seccion2><seccion2
id="S2_LE_07_06_CO_58012B56C5A84C88A205958DF6757D78">
<seccion2Titulo>Consolidación</seccion2Titulo>
<seccion2Texto>
<p>Refuerza tu aprendizaje sobre el tema de la adecuación del mensaje
a la situación comunicativa. </p>
<practica>
<enlace
destino="/LoIdRedirect.aspx?LoId=LE_07_06_CO_Recurso330&amp;IdRecurso=RES-C0B2F25FC10E4E6D803A99838C667DB0"
>Refuerza tu aprendizaje: El contexto y la adecuación del mensaje</enlace>
</practica></seccion2Texto></seccion2></seccion1Texto></seccion1>
<seccion1 id="S1_LE_07_06_CO_51CCF120E2554C43A914FA5101C42674">
<seccion1Titulo>Competencias</seccion1Titulo>
<seccion1Texto>
<p>Lleva a la práctica los conocimientos adquiridos. Para ello, resuelve
las siguientes actividades. </p>
<profundiza>
<enlace
destino="/LoIdRedirect.aspx?LoId=LE_07_06_CO_Recurso340&amp;IdRecurso=RES-ECE99FEEAC304938B18FE1F9CC796D14"
>Relata un mito precolombino</enlace>
</profundiza><practica>
<enlace
destino="/LoIdRedirect.aspx?LoId=LE_07_06_CO_Recurso350&amp;IdRecurso=RES-531635676AF247CB83F555C5E4860CCA"
>Las características de la cuña radial</enlace>
<enlace
destino="/LoIdRedirect.aspx?LoId=LE_07_06_CO_Recurso360&amp;IdRecurso=RES-1614C704F9FF40529E421CDF9DCBF5EE"
>Resuelve el crucigrama sobre los medios</enlace>
<enlace
destino="/LoIdRedirect.aspx?LoId=LE_07_06_CO_Recurso370&amp;IdRecurso=RES-7A5EBCF1EF264723A7F9C80BF42F025C"
>Utiliza el nivel de la lengua adecuado</enlace>
</practica></seccion1Texto></seccion1><masinformacion
id="MI_LE_07_06_CO_9CD11EB5A9E44EAAB49EEB03640EFE49"><mapaconceptual>
<enlace
destino="/LoIdRedirect.aspx?LoId=LE_07_06_CO_Recurso390&amp;IdRecurso=RES-C75C6108511B4272901250D7CBF19A96"
>Mapa Conceptual</enlace></mapaconceptual><autoevaluate><enlace
destino="/LoIdRedirect.aspx?LoId=LE_07_06_CO_Recurso400&amp;IdRecurso=RES-80561D2463BD4068B313A3744491BB37"
>Evalúa tus conocimientos sobre el tema El género </enlace>
</autoevaluate><enlacesreferencia>
<enlace
destino="http://www.colombiaaprende.edu.co/html/home/1592/article-110943.html"
>Lee leyendas y mitos de espanto en el siguiente enlace de <cursiva
>Colombia aprende.</cursiva></enlace>
<enlace
destino="http://www.wikilengua.org/index.php/Categor%C3%ADa:Palabras_comod%C3%ADn"
>Identifica más palabras baúl o comodín. </enlace>
<enlace
destino="http://www.hazelblogynolaguerra.es/5-claves-escribir-buena-cuna-radio/"
>Ten en cuenta las claves para producir una cuña radial que se exponen
en este enlace. </enlace>
<enlace
destino="http://www.banrepcultural.org/blaavirtual/historia-de-la-television-en-colombia/linea-de-tiempo"
>Aprende sobre la historia de la televisión en Colombia. </enlace>
<enlace
destino="http://www.banrepcultural.org/blaavirtual/ayudadetareas/comunicacion/la_prensa"
>Reflexiona sobre la libertad de prensa. </enlace>
</enlacesreferencia></masinformacion></libro>
