﻿<?xml version="1.0" encoding="utf-8"?>
<motor tipo="102" clase="ab" aprid="m102ab">
	<plataforma>
		<grado>
			<![CDATA[2]]>
		</grado>
		<titulo>Proyecto Organiza un cine foro</titulo>
		<volumen>
			<![CDATA[1]]>
		</volumen>
		<nivel>3</nivel>
		<referencia>
			<![CDATA[EX_PLANTILLA_M102AB]]>
		</referencia>
		<motor>
			<![CDATA[M102ab]]>
		</motor>
		<lang>es</lang>
	</plataforma>
	<enunciado>
		<![CDATA[Sigue los pasos para organizar y participar en un cine foro.]]>
	</enunciado>
	<masinfo inicio="0" />
	<textoupload />
	<adjunto><![CDATA[Principal.html]]></adjunto>
	<url />
	<amano>
		<![CDATA[0]]>
	</amano>
	<temps>180</temps>
</motor>