﻿<?xml version="1.0" encoding="utf-8"?><motor tipo="12" clase="b" aprid="m12b">
  <plataforma>
    <grado><![CDATA[1]]></grado>
    <titulo>Expresión oral: organiza las ideas de una exposición</titulo>
    <area>0</area>
    <nivel>2</nivel>
    <referencia/>
    <idreg><![CDATA[0]]></idreg>
    <motor><![CDATA[M12B]]></motor>
    <lang>es</lang>
  </plataforma>
  <enunciado><![CDATA[Escucha la siguiente exposición y organiza las ideas en su secuencia correcta.]]></enunciado>
  <masinfo inicio="0"/>
  <calc><![CDATA[0]]></calc>
  <orden ini="Inicio" fi="Final"/>
  <sonido><![CDATA[LE_07_02_CO_REC040_SND01.mp3]]></sonido>
  <elementos>
    <elemento contestacion="La interacción con Internet de las generaciones jóvenes. " orden="1"/>
    <elemento contestacion="Los aspectos positivos de Internet." orden="2"/>
    <elemento contestacion="La dependencia de las formas digitales de interacción social propias del Internet." orden="3"/>
    <elemento contestacion="Falta de regulación en gran parte del contenido de Internet." orden="4"/>
    <elemento contestacion="La pérdida de la intimidad de las personas a causa del uso de Internet." orden="5"/>
  </elementos>
</motor>