﻿<?xml version="1.0" encoding="utf-8"?><engine copy="Editorial Planeta" version="1" aprid="f1"><css><![CDATA[.secundaria {
font-family: verdana;
font-size: 25px;
}
.texto {
font-family: verdana;
font-size: 20px;}

.boton_sombra {
font-family: verdana;
font-size: 16px;
font-weight: bold;
}
.caja_gris {
background-color:grey;}

.caja_arena {
background-color:#E9E2D0;}

.destacar {
font-family: verdana;
font-size: 20px;
font-weight: bold;
}

.big { font-size: 45px; }]]></css><pantallas><pantalla id="pantalla_5"><event id="onPrepare" language="DO"><![CDATA[]]></event><event id="onShown" language="DO"><![CDATA[]]></event><components><component _type="_compIconButton" id="iconbutton_66" x="140" y="542" width="37" height="37" alpha="1" visible="1" enabled="1" cssClass="iconNextButton" group="-1"><event id="onClick" language="DO"><![CDATA[uiobject_set(rootSlider,"current",1)]]></event></component><component _type="_compSimpleText" id="texto_61" x="218" y="183" width="514" height="212" alpha="1" visible="1" enabled="1" cssClass="defaultSimpleText big" alignMode="17"><content><![CDATA[Analiza la métrica de un soneto de tipo narrativo]]></content></component></components><animaciones></animaciones></pantalla><pantalla id="pantalla_13"><event id="onPrepare" language="DO"><![CDATA[]]></event><event id="onShown" language="DO"><![CDATA[]]></event><components><component _type="_compImage" id="image_60" x="0" y="0" width="950" height="608" alpha="1" visible="1" enabled="1" cssClass="" adjustMode="1" alignMode="0" image="data/imagenes/image_25036.jpg" /><component _type="_compIconButton" id="iconbutton_105" x="94" y="542" width="37" height="37" alpha="1" visible="1" enabled="1" cssClass="" group="-1"><event id="onClick" language="DO"><![CDATA[]]></event></component><component _type="_compIconButton" id="iconbutton_106" x="46" y="542" width="37" height="37" alpha="1" visible="1" enabled="1" cssClass="" group="-1"><event id="onClick" language="DO"><![CDATA[]]></event></component><component _type="_compIconButton" id="iconbutton_68" x="40" y="542" width="37" height="37" alpha="1" visible="1" enabled="1" cssClass="iconHomeButton" group="-1"><event id="onClick" language="DO"><![CDATA[uiobject_set(rootSlider,"current",0)]]></event></component><component _type="_compIconButton" id="iconbutton_66" x="140" y="542" width="37" height="37" alpha="1" visible="1" enabled="1" cssClass="iconNextButton" group="-1"><event id="onClick" language="DO"><![CDATA[uiobject_set(rootSlider,"current",2)]]></event></component><component _type="_compImage" id="image_62" x="368" y="517" width="221" height="50" alpha="1" visible="1" enabled="1" cssClass="" adjustMode="1" alignMode="0" image="data/imagenes/screenshot_1.png" /><component _type="_compIconButton" id="pause_btn" x="190" y="542" width="37" height="37" alpha="1" visible="1" enabled="1" cssClass="iconPauseButton" group="-1"><event id="onClick" language="DO"><![CDATA[do (
uiobject_set("play_btn","visible", true),
uiobject_pause("intro")
)]]></event></component><component _type="_compIconButton" id="play_btn" x="190" y="542" width="37" height="37" alpha="1" visible="1" enabled="1" cssClass="iconPlayButton" group="-1"><event id="onClick" language="DO"><![CDATA[do (
uiobject_set("play_btn","visible", false),
uiobject_play("intro")
)]]></event></component><component _type="_compAudioClip" id="intro" x="191" y="503" width="32" height="32" alpha="1" visible="1" enabled="1" audio="data/sonidos/streamsound_0.mp3" autoplay="0" /></components><animaciones></animaciones></pantalla><pantalla id="pantalla_23"><event id="onPrepare" language="DO"><![CDATA[]]></event><event id="onShown" language="DO"><![CDATA[]]></event><components><component _type="_compImage" id="image_66" x="10" y="0" width="950" height="608" alpha="1" visible="1" enabled="1" cssClass="" adjustMode="1" alignMode="0" image="data/imagenes/image_25110.jpg" /><component _type="_compRichText" id="texto_101" x="94" y="18" width="847" height="543" alpha="1" visible="1" enabled="1" scrollable="0"><content><![CDATA[<p><span style="font-size:25px"><span style="font-family:verdana,geneva,sans-serif">&iquest;Qu&eacute; estructura tiene el poema?</span></span></p>

<p><span style="font-size:19px"><span style="font-family:verdana,geneva,sans-serif">Tiraba rosas el Amor un d&iacute;a<br />
desde una pe&ntilde;a a un l&iacute;quido arroyuelo,<br />
que de un espino traslad&oacute; a su velo<br />
en la saz&oacute;n que Abril las produc&iacute;a.</span></span></p>

<p><span style="font-size:19px"><span style="font-family:verdana,geneva,sans-serif">Las rosas mansamente conduc&iacute;a<br />
de risco en risco el agua al verde suelo<br />
cuando Juana lleg&oacute; y al puro hielo<br />
puso los labios de la fuente fr&iacute;a.</span></span></p>

<p><span style="font-size:19px"><span style="font-family:verdana,geneva,sans-serif">Las rosas, entre perlas y cristales,<br />
peg&aacute;ronse a los labios, tan hermosas,<br />
que afrentaban claveles y corales.</span></span></p>

<p><span style="font-size:20px"><span style="font-family:verdana,geneva,sans-serif"><span style="font-size:19px">&iexcl;Oh pinturas del cielo milagrosas!<br />
&iquest;Qui&eacute;n vio jam&aacute;s transformaciones tales:<br />
beber cristales y volverse rosas?</span></span></span></p>

<p><span style="font-size:20px"><span style="font-family:verdana,geneva,sans-serif"><span style="font-size:16px">Lope de Vega, <em>Por qu&eacute; la boca de Juana es rosa</em></span></span></span></p>
]]></content></component><component _type="_compIconButton" id="iconbutton_68" x="40" y="542" width="37" height="37" alpha="1" visible="1" enabled="1" cssClass="iconHomeButton" group="-1"><event id="onClick" language="DO"><![CDATA[uiobject_set(rootSlider,"current",0)]]></event></component><component _type="_compIconButton" id="iconbutton_66" x="140" y="542" width="37" height="37" alpha="1" visible="1" enabled="1" cssClass="iconNextButton" group="-1"><event id="onClick" language="DO"><![CDATA[uiobject_set(rootSlider,"current",3)]]></event></component><component _type="_compIconButton" id="iconbutton_67" x="90" y="542" width="37" height="37" alpha="1" visible="1" enabled="1" cssClass="iconPrevButton" group="-1"><event id="onClick" language="DO"><![CDATA[uiobject_set(rootSlider,"current",1)]]></event></component></components><animaciones></animaciones></pantalla><pantalla id="pantalla_29"><event id="onPrepare" language="DO"><![CDATA[]]></event><event id="onShown" language="DO"><![CDATA[]]></event><components><component _type="_compImage" id="image_66" x="10" y="0" width="950" height="608" alpha="1" visible="1" enabled="1" cssClass="" adjustMode="1" alignMode="0" image="data/imagenes/image_25110.jpg" /><component _type="_compIconButton" id="iconbutton_68" x="40" y="542" width="37" height="37" alpha="1" visible="1" enabled="1" cssClass="iconHomeButton" group="-1"><event id="onClick" language="DO"><![CDATA[uiobject_set(rootSlider,"current",0)]]></event></component><component _type="_compRichText" id="texto_101" x="94" y="18" width="847" height="543" alpha="1" visible="1" enabled="1" scrollable="0"><content><![CDATA[<p><span style="font-size:25px"><span style="font-family:verdana,geneva,sans-serif">&iquest;Qu&eacute; estructura tiene el poema?</span></span></p>

<p><span style="font-size:19px"><span style="font-family:verdana,geneva,sans-serif">Tiraba rosas el Amor un d&iacute;a<br />
desde una pe&ntilde;a a un l&iacute;quido arroyuelo,<br />
que de un espino traslad&oacute; a su velo<br />
en la saz&oacute;n que Abril las produc&iacute;a.</span></span></p>

<p><span style="font-size:19px"><span style="color:#A9A9A9"><span style="font-family:verdana,geneva,sans-serif">Las rosas mansamente conduc&iacute;a<br />
de risco en risco el agua al verde suelo<br />
cuando Juana lleg&oacute; y al puro hielo<br />
puso los labios de la fuente fr&iacute;a.</span></span></span></p>

<p><span style="font-size:19px"><span style="color:#A9A9A9"><span style="font-family:verdana,geneva,sans-serif">Las rosas, entre perlas y cristales,<br />
peg&aacute;ronse a los labios, tan hermosas,<br />
que afrentaban claveles y corales.</span></span></span></p>

<p><span style="color:#A9A9A9"><span style="font-size:20px"><span style="font-family:verdana,geneva,sans-serif"><span style="font-size:19px">&iexcl;Oh pinturas del cielo milagrosas!<br />
&iquest;Qui&eacute;n vio jam&aacute;s transformaciones tales:<br />
beber cristales y volverse rosas?</span></span></span></span></p>

<p><span style="color:#A9A9A9"><span style="font-size:20px"><span style="font-family:verdana,geneva,sans-serif"><span style="font-size:16px">Lope de Vega, <em>Por qu&eacute; la boca de Juana es rosa</em></span></span></span></span></p>
]]></content></component><component _type="_compImage" id="image_67" x="494" y="108" width="170" height="91" alpha="1" visible="1" enabled="1" cssClass="" adjustMode="1" alignMode="0" image="data/imagenes/screenshot_2.png" /><component _type="_compIconButton" id="iconbutton_66" x="140" y="542" width="37" height="37" alpha="1" visible="1" enabled="1" cssClass="iconNextButton" group="-1"><event id="onClick" language="DO"><![CDATA[uiobject_set(rootSlider,"current",4)]]></event></component><component _type="_compIconButton" id="iconbutton_67" x="90" y="542" width="37" height="37" alpha="1" visible="1" enabled="1" cssClass="iconPrevButton" group="-1"><event id="onClick" language="DO"><![CDATA[uiobject_set(rootSlider,"current",2)]]></event></component></components><animaciones></animaciones></pantalla><pantalla id="pantalla_38"><event id="onPrepare" language="DO"><![CDATA[]]></event><event id="onShown" language="DO"><![CDATA[]]></event><components><component _type="_compImage" id="image_66" x="10" y="0" width="950" height="608" alpha="1" visible="1" enabled="1" cssClass="" adjustMode="1" alignMode="0" image="data/imagenes/image_25110.jpg" /><component _type="_compRichText" id="texto_101" x="94" y="18" width="847" height="543" alpha="1" visible="1" enabled="1" scrollable="0"><content><![CDATA[<p><span style="font-size:25px"><span style="font-family:verdana,geneva,sans-serif">&iquest;Qu&eacute; estructura tiene el poema?</span></span></p>

<p><span style="font-size:19px"><span style="font-family:verdana,geneva,sans-serif">Tiraba rosas el Amor un d&iacute;a<br />
desde una pe&ntilde;a a un l&iacute;quido arroyuelo,<br />
que de un espino traslad&oacute; a su velo<br />
en la saz&oacute;n que Abril las produc&iacute;a.</span></span></p>

<p><span style="font-size:19px"><span style="font-family:verdana,geneva,sans-serif">Las rosas mansamente conduc&iacute;a<br />
de risco en risco el agua al verde suelo<br />
cuando Juana lleg&oacute; y al puro hielo<br />
puso los labios de la fuente fr&iacute;a.</span></span></p>

<p><span style="font-size:19px"><span style="color:#A9A9A9"><span style="font-family:verdana,geneva,sans-serif">Las rosas, entre perlas y cristales,<br />
peg&aacute;ronse a los labios, tan hermosas,<br />
que afrentaban claveles y corales.</span></span></span></p>

<p><span style="color:#A9A9A9"><span style="font-size:20px"><span style="font-family:verdana,geneva,sans-serif"><span style="font-size:19px">&iexcl;Oh pinturas del cielo milagrosas!<br />
&iquest;Qui&eacute;n vio jam&aacute;s transformaciones tales:<br />
beber cristales y volverse rosas?</span></span></span></span></p>

<p><span style="color:#A9A9A9"><span style="font-size:20px"><span style="font-family:verdana,geneva,sans-serif"><span style="font-size:16px">Lope de Vega, <em>Por qu&eacute; la boca de Juana es rosa</em></span></span></span></span></p>
]]></content></component><component _type="_compImage" id="image_67" x="494" y="98" width="170" height="91" alpha="1" visible="1" enabled="1" cssClass="" adjustMode="1" alignMode="0" image="data/imagenes/screenshot_2.png" /><component _type="_compImage" id="image_68" x="494" y="208" width="170" height="91" alpha="1" visible="1" enabled="1" cssClass="" adjustMode="1" alignMode="0" image="data/imagenes/screenshot_2.png" /><component _type="_compIconButton" id="iconbutton_66" x="140" y="542" width="37" height="37" alpha="1" visible="1" enabled="1" cssClass="iconNextButton" group="-1"><event id="onClick" language="DO"><![CDATA[uiobject_set(rootSlider,"current",5)]]></event></component><component _type="_compIconButton" id="iconbutton_67" x="90" y="542" width="37" height="37" alpha="1" visible="1" enabled="1" cssClass="iconPrevButton" group="-1"><event id="onClick" language="DO"><![CDATA[uiobject_set(rootSlider,"current",3)]]></event></component><component _type="_compIconButton" id="iconbutton_68" x="40" y="542" width="37" height="37" alpha="1" visible="1" enabled="1" cssClass="iconHomeButton" group="-1"><event id="onClick" language="DO"><![CDATA[uiobject_set(rootSlider,"current",0)]]></event></component></components><animaciones></animaciones></pantalla><pantalla id="pantalla_43"><event id="onPrepare" language="DO"><![CDATA[]]></event><event id="onShown" language="DO"><![CDATA[]]></event><components><component _type="_compImage" id="image_66" x="10" y="0" width="950" height="608" alpha="1" visible="1" enabled="1" cssClass="" adjustMode="1" alignMode="0" image="data/imagenes/image_25110.jpg" /><component _type="_compRichText" id="texto_101" x="94" y="18" width="847" height="543" alpha="1" visible="1" enabled="1" scrollable="0"><content><![CDATA[<p><span style="font-size:25px"><span style="font-family:verdana,geneva,sans-serif">&iquest;Qu&eacute; estructura tiene el poema?</span></span></p>

<p><span style="font-size:19px"><span style="font-family:verdana,geneva,sans-serif">Tiraba rosas el Amor un d&iacute;a<br />
desde una pe&ntilde;a a un l&iacute;quido arroyuelo,<br />
que de un espino traslad&oacute; a su velo<br />
en la saz&oacute;n que Abril las produc&iacute;a.</span></span></p>

<p><span style="font-size:19px"><span style="font-family:verdana,geneva,sans-serif">Las rosas mansamente conduc&iacute;a<br />
de risco en risco el agua al verde suelo<br />
cuando Juana lleg&oacute; y al puro hielo<br />
puso los labios de la fuente fr&iacute;a.</span></span></p>

<p><span style="font-size:19px"><span style="color:#000000"><span style="font-family:verdana,geneva,sans-serif">Las rosas, entre perlas y cristales,<br />
peg&aacute;ronse a los labios, tan hermosas,<br />
que afrentaban claveles y corales.</span></span></span></p>

<p><span style="color:#A9A9A9"><span style="font-size:20px"><span style="font-family:verdana,geneva,sans-serif"><span style="font-size:19px">&iexcl;Oh pinturas del cielo milagrosas!<br />
&iquest;Qui&eacute;n vio jam&aacute;s transformaciones tales:<br />
beber cristales y volverse rosas?</span></span></span></span></p>

<p><span style="color:#A9A9A9"><span style="font-size:20px"><span style="font-family:verdana,geneva,sans-serif"><span style="font-size:16px">Lope de Vega, <em>Por qu&eacute; la boca de Juana es rosa</em></span></span></span></span></p>
]]></content></component><component _type="_compImage" id="image_68" x="494" y="208" width="170" height="91" alpha="1" visible="1" enabled="1" cssClass="" adjustMode="1" alignMode="0" image="data/imagenes/screenshot_2.png" /><component _type="_compImage" id="image_67" x="494" y="98" width="170" height="91" alpha="1" visible="1" enabled="1" cssClass="" adjustMode="1" alignMode="0" image="data/imagenes/screenshot_2.png" /><component _type="_compImage" id="image_69" x="492" y="308" width="145" height="92" alpha="1" visible="1" enabled="1" cssClass="" adjustMode="1" alignMode="0" image="data/imagenes/screenshot_4v.png" /><component _type="_compIconButton" id="iconbutton_66" x="140" y="542" width="37" height="37" alpha="1" visible="1" enabled="1" cssClass="iconNextButton" group="-1"><event id="onClick" language="DO"><![CDATA[uiobject_set(rootSlider,"current",6)]]></event></component><component _type="_compIconButton" id="iconbutton_67" x="90" y="542" width="37" height="37" alpha="1" visible="1" enabled="1" cssClass="iconPrevButton" group="-1"><event id="onClick" language="DO"><![CDATA[uiobject_set(rootSlider,"current",4)]]></event></component><component _type="_compIconButton" id="iconbutton_68" x="40" y="542" width="37" height="37" alpha="1" visible="1" enabled="1" cssClass="iconHomeButton" group="-1"><event id="onClick" language="DO"><![CDATA[uiobject_set(rootSlider,"current",0)]]></event></component></components><animaciones></animaciones></pantalla><pantalla id="pantalla_49"><event id="onPrepare" language="DO"><![CDATA[]]></event><event id="onShown" language="DO"><![CDATA[]]></event><components><component _type="_compImage" id="image_66" x="10" y="0" width="950" height="608" alpha="1" visible="1" enabled="1" cssClass="" adjustMode="1" alignMode="0" image="data/imagenes/image_25110.jpg" /><component _type="_compRichText" id="texto_101" x="94" y="18" width="847" height="543" alpha="1" visible="1" enabled="1" scrollable="0"><content><![CDATA[<p><span style="font-size:25px"><span style="font-family:verdana,geneva,sans-serif">&iquest;Qu&eacute; estructura tiene el poema?</span></span></p>

<p><span style="font-size:19px"><span style="font-family:verdana,geneva,sans-serif">Tiraba rosas el Amor un d&iacute;a<br />
desde una pe&ntilde;a a un l&iacute;quido arroyuelo,<br />
que de un espino traslad&oacute; a su velo<br />
en la saz&oacute;n que Abril las produc&iacute;a.</span></span></p>

<p><span style="font-size:19px"><span style="font-family:verdana,geneva,sans-serif">Las rosas mansamente conduc&iacute;a<br />
de risco en risco el agua al verde suelo<br />
cuando Juana lleg&oacute; y al puro hielo<br />
puso los labios de la fuente fr&iacute;a.</span></span></p>

<p><span style="font-size:19px"><span style="color:#000000"><span style="font-family:verdana,geneva,sans-serif">Las rosas, entre perlas y cristales,<br />
peg&aacute;ronse a los labios, tan hermosas,<br />
que afrentaban claveles y corales.</span></span></span></p>

<p><span style="color:#000000"><span style="font-size:20px"><span style="font-family:verdana,geneva,sans-serif"><span style="font-size:19px">&iexcl;Oh pinturas del cielo milagrosas!<br />
&iquest;Qui&eacute;n vio jam&aacute;s transformaciones tales:<br />
beber cristales y volverse rosas?</span></span></span></span></p>

<p><span style="color:#000000"><span style="font-size:20px"><span style="font-family:verdana,geneva,sans-serif"><span style="font-size:16px">Lope de Vega, <em>Por qu&eacute; la boca de Juana es rosa</em></span></span></span></span></p>
]]></content></component><component _type="_compImage" id="image_67" x="494" y="108" width="170" height="91" alpha="1" visible="1" enabled="1" cssClass="" adjustMode="1" alignMode="0" image="data/imagenes/screenshot_2.png" /><component _type="_compImage" id="image_68" x="494" y="208" width="170" height="91" alpha="1" visible="1" enabled="1" cssClass="" adjustMode="1" alignMode="0" image="data/imagenes/screenshot_2.png" /><component _type="_compImage" id="image_69" x="492" y="308" width="145" height="92" alpha="1" visible="1" enabled="1" cssClass="" adjustMode="1" alignMode="0" image="data/imagenes/screenshot_4v.png" /><component _type="_compImage" id="image_70" x="492" y="398" width="145" height="92" alpha="1" visible="1" enabled="1" cssClass="" adjustMode="1" alignMode="0" image="data/imagenes/screenshot_4v.png" /><component _type="_compIconButton" id="iconbutton_66" x="140" y="542" width="37" height="37" alpha="1" visible="1" enabled="1" cssClass="iconNextButton" group="-1"><event id="onClick" language="DO"><![CDATA[uiobject_set(rootSlider,"current",7)]]></event></component><component _type="_compIconButton" id="iconbutton_67" x="90" y="542" width="37" height="37" alpha="1" visible="1" enabled="1" cssClass="iconPrevButton" group="-1"><event id="onClick" language="DO"><![CDATA[uiobject_set(rootSlider,"current",5)]]></event></component><component _type="_compIconButton" id="iconbutton_68" x="40" y="542" width="37" height="37" alpha="1" visible="1" enabled="1" cssClass="iconHomeButton" group="-1"><event id="onClick" language="DO"><![CDATA[uiobject_set(rootSlider,"current",0)]]></event></component></components><animaciones></animaciones></pantalla><pantalla id="pantalla_54"><event id="onPrepare" language="DO"><![CDATA[]]></event><event id="onShown" language="DO"><![CDATA[]]></event><components><component _type="_compIconButton" id="iconbutton_66" x="140" y="542" width="37" height="37" alpha="1" visible="1" enabled="1" cssClass="iconNextButton" group="-1"><event id="onClick" language="DO"><![CDATA[uiobject_set(rootSlider,"current",8)]]></event></component><component _type="_compIconButton" id="iconbutton_67" x="90" y="542" width="37" height="37" alpha="1" visible="1" enabled="1" cssClass="iconPrevButton" group="-1"><event id="onClick" language="DO"><![CDATA[uiobject_set(rootSlider,"current",6)]]></event></component><component _type="_compIconButton" id="iconbutton_68" x="40" y="542" width="37" height="37" alpha="1" visible="1" enabled="1" cssClass="iconHomeButton" group="-1"><event id="onClick" language="DO"><![CDATA[uiobject_set(rootSlider,"current",0)]]></event></component><component _type="_compRichText" id="texto_101" x="160" y="62" width="630" height="422" alpha="1" visible="1" enabled="1" scrollable="0"><content><![CDATA[<p style="text-align:center"><span style="color:#FF8C00"><span style="font-size:35px"><span style="font-family:verdana,geneva,sans-serif">&iexcl;Recuerda!</span></span></span></p>

<p style="text-align:center">&nbsp;</p>

<ul>
	<li><span style="font-size:22px"><span style="font-family:verdana,geneva,sans-serif">Un <strong>soneto </strong>es un tipo de composici&oacute;n po&eacute;tica.</span></span><br />
	&nbsp;</li>
	<li><span style="font-family:verdana,geneva,sans-serif"><span style="font-size:22px">Est&aacute; compuesto por catorce versos organizados en <strong>dos cuartetos</strong> y <strong>dos tercetos</strong>.</span></span></li>
</ul>
]]></content></component></components><animaciones></animaciones></pantalla><pantalla id="pantalla_61"><event id="onPrepare" language="DO"><![CDATA[]]></event><event id="onShown" language="DO"><![CDATA[]]></event><components><component _type="_compIconButton" id="iconbutton_66" x="140" y="542" width="37" height="37" alpha="1" visible="1" enabled="1" cssClass="iconNextButton" group="-1"><event id="onClick" language="DO"><![CDATA[uiobject_set(rootSlider,"current",9)]]></event></component><component _type="_compIconButton" id="iconbutton_67" x="90" y="542" width="37" height="37" alpha="1" visible="1" enabled="1" cssClass="iconPrevButton" group="-1"><event id="onClick" language="DO"><![CDATA[uiobject_set(rootSlider,"current",7)]]></event></component><component _type="_compIconButton" id="iconbutton_68" x="40" y="542" width="37" height="37" alpha="1" visible="1" enabled="1" cssClass="iconHomeButton" group="-1"><event id="onClick" language="DO"><![CDATA[uiobject_set(rootSlider,"current",0)]]></event></component><component _type="_compRichText" id="texto_101" x="98" y="18" width="847" height="89" alpha="1" visible="1" enabled="1" scrollable="0"><content><![CDATA[<p><span style="font-size:25px"><span style="font-family:verdana,geneva,sans-serif">&iquest;Cu&aacute;ntas s&iacute;labas tienen los versos del poema?</span></span></p>
]]></content></component><component _type="_compImage" id="image_71" x="102" y="104" width="773" height="68" alpha="1" visible="1" enabled="1" cssClass="" adjustMode="1" alignMode="0" image="data/imagenes/screenshot_4.jpg" /></components><animaciones><anim id="Entrada"><![CDATA[{"image_71":[],"image_71.x":[{"time":0,"value":102,"easing":"Linear.EaseNone"}],"image_71.y":[{"time":0,"value":104,"easing":"Linear.EaseNone"}],"image_71.width":[{"time":0,"value":773,"easing":"Linear.EaseNone"}],"image_71.height":[{"time":0,"value":68,"easing":"Linear.EaseNone"}],"image_71.alpha":[{"time":0,"value":0,"easing":"Linear.EaseNone"},{"time":1.055,"value":0,"easing":"Linear.EaseNone"},{"time":1.505,"value":1,"easing":"Linear.EaseNone"}]}]]></anim></animaciones></pantalla><pantalla id="pantalla_65"><event id="onPrepare" language="DO"><![CDATA[]]></event><event id="onShown" language="DO"><![CDATA[]]></event><components><component _type="_compIconButton" id="iconbutton_66" x="140" y="542" width="37" height="37" alpha="1" visible="1" enabled="1" cssClass="iconNextButton" group="-1"><event id="onClick" language="DO"><![CDATA[uiobject_set(rootSlider,"current",10)]]></event></component><component _type="_compIconButton" id="iconbutton_67" x="90" y="542" width="37" height="37" alpha="1" visible="1" enabled="1" cssClass="iconPrevButton" group="-1"><event id="onClick" language="DO"><![CDATA[uiobject_set(rootSlider,"current",8)]]></event></component><component _type="_compIconButton" id="iconbutton_68" x="40" y="542" width="37" height="37" alpha="1" visible="1" enabled="1" cssClass="iconHomeButton" group="-1"><event id="onClick" language="DO"><![CDATA[uiobject_set(rootSlider,"current",0)]]></event></component><component _type="_compRichText" id="texto_101" x="98" y="18" width="847" height="89" alpha="1" visible="1" enabled="1" scrollable="0"><content><![CDATA[<p><span style="font-size:25px"><span style="font-family:verdana,geneva,sans-serif">&iquest;Cu&aacute;ntas s&iacute;labas tienen los versos del poema?</span></span></p>
]]></content></component><component _type="_compImage" id="image_71" x="102" y="104" width="569" height="153" alpha="1" visible="1" enabled="1" cssClass="" adjustMode="1" alignMode="0" image="data/imagenes/screenshot_6.png" /></components><animaciones></animaciones></pantalla><pantalla id="pantalla_69"><event id="onPrepare" language="DO"><![CDATA[]]></event><event id="onShown" language="DO"><![CDATA[]]></event><components><component _type="_compIconButton" id="iconbutton_66" x="140" y="542" width="37" height="37" alpha="1" visible="1" enabled="1" cssClass="iconNextButton" group="-1"><event id="onClick" language="DO"><![CDATA[uiobject_set(rootSlider,"current",11)]]></event></component><component _type="_compIconButton" id="iconbutton_67" x="90" y="542" width="37" height="37" alpha="1" visible="1" enabled="1" cssClass="iconPrevButton" group="-1"><event id="onClick" language="DO"><![CDATA[uiobject_set(rootSlider,"current",9)]]></event></component><component _type="_compIconButton" id="iconbutton_68" x="40" y="542" width="37" height="37" alpha="1" visible="1" enabled="1" cssClass="iconHomeButton" group="-1"><event id="onClick" language="DO"><![CDATA[uiobject_set(rootSlider,"current",0)]]></event></component><component _type="_compImage" id="image_71" x="102" y="104" width="569" height="153" alpha="1" visible="1" enabled="1" cssClass="" adjustMode="1" alignMode="0" image="data/imagenes/screenshot_6.png" /><component _type="_compRichText" id="texto_101" x="98" y="18" width="847" height="89" alpha="1" visible="1" enabled="1" scrollable="0"><content><![CDATA[<p><span style="font-size:25px"><span style="font-family:verdana,geneva,sans-serif">&iquest;Cu&aacute;ntas s&iacute;labas tienen los versos del poema?</span></span></p>
]]></content></component><component _type="_compImage" id="image_72" x="105" y="304" width="556" height="158" alpha="1" visible="1" enabled="1" cssClass="" adjustMode="1" alignMode="0" image="data/imagenes/screenshot_7.png" /></components><animaciones></animaciones></pantalla><pantalla id="pantalla_74"><event id="onPrepare" language="DO"><![CDATA[]]></event><event id="onShown" language="DO"><![CDATA[]]></event><components><component _type="_compIconButton" id="iconbutton_66" x="140" y="542" width="37" height="37" alpha="1" visible="1" enabled="1" cssClass="iconNextButton" group="-1"><event id="onClick" language="DO"><![CDATA[uiobject_set(rootSlider,"current",12)]]></event></component><component _type="_compIconButton" id="iconbutton_67" x="90" y="542" width="37" height="37" alpha="1" visible="1" enabled="1" cssClass="iconPrevButton" group="-1"><event id="onClick" language="DO"><![CDATA[uiobject_set(rootSlider,"current",10)]]></event></component><component _type="_compIconButton" id="iconbutton_68" x="40" y="542" width="37" height="37" alpha="1" visible="1" enabled="1" cssClass="iconHomeButton" group="-1"><event id="onClick" language="DO"><![CDATA[uiobject_set(rootSlider,"current",0)]]></event></component><component _type="_compRichText" id="texto_101" x="98" y="18" width="847" height="89" alpha="1" visible="1" enabled="1" scrollable="0"><content><![CDATA[<p><span style="font-size:25px"><span style="font-family:verdana,geneva,sans-serif">&iquest;Cu&aacute;ntas s&iacute;labas tienen los versos del poema?</span></span></p>
]]></content></component><component _type="_compImage" id="image_71" x="102" y="104" width="758" height="65" alpha="1" visible="1" enabled="1" cssClass="" adjustMode="1" alignMode="0" image="data/imagenes/screenshot_8.png" /></components><animaciones></animaciones></pantalla><pantalla id="pantalla_78"><event id="onPrepare" language="DO"><![CDATA[]]></event><event id="onShown" language="DO"><![CDATA[]]></event><components><component _type="_compIconButton" id="iconbutton_66" x="140" y="542" width="37" height="37" alpha="1" visible="1" enabled="1" cssClass="iconNextButton" group="-1"><event id="onClick" language="DO"><![CDATA[uiobject_set(rootSlider,"current",13)]]></event></component><component _type="_compIconButton" id="iconbutton_67" x="90" y="542" width="37" height="37" alpha="1" visible="1" enabled="1" cssClass="iconPrevButton" group="-1"><event id="onClick" language="DO"><![CDATA[uiobject_set(rootSlider,"current",11)]]></event></component><component _type="_compIconButton" id="iconbutton_68" x="40" y="542" width="37" height="37" alpha="1" visible="1" enabled="1" cssClass="iconHomeButton" group="-1"><event id="onClick" language="DO"><![CDATA[uiobject_set(rootSlider,"current",0)]]></event></component><component _type="_compImage" id="image_71" x="102" y="104" width="535" height="112" alpha="1" visible="1" enabled="1" cssClass="" adjustMode="1" alignMode="0" image="data/imagenes/screenshot_9.png" /><component _type="_compRichText" id="texto_101" x="98" y="18" width="847" height="89" alpha="1" visible="1" enabled="1" scrollable="0"><content><![CDATA[<p><span style="font-size:25px"><span style="font-family:verdana,geneva,sans-serif">&iquest;Cu&aacute;ntas s&iacute;labas tienen los versos del poema?</span></span></p>
]]></content></component></components><animaciones></animaciones></pantalla><pantalla id="pantalla_83"><event id="onPrepare" language="DO"><![CDATA[]]></event><event id="onShown" language="DO"><![CDATA[]]></event><components><component _type="_compIconButton" id="iconbutton_66" x="140" y="542" width="37" height="37" alpha="1" visible="1" enabled="1" cssClass="iconNextButton" group="-1"><event id="onClick" language="DO"><![CDATA[uiobject_set(rootSlider,"current",14)]]></event></component><component _type="_compIconButton" id="iconbutton_67" x="90" y="542" width="37" height="37" alpha="1" visible="1" enabled="1" cssClass="iconPrevButton" group="-1"><event id="onClick" language="DO"><![CDATA[uiobject_set(rootSlider,"current",12)]]></event></component><component _type="_compIconButton" id="iconbutton_68" x="40" y="542" width="37" height="37" alpha="1" visible="1" enabled="1" cssClass="iconHomeButton" group="-1"><event id="onClick" language="DO"><![CDATA[uiobject_set(rootSlider,"current",0)]]></event></component><component _type="_compImage" id="image_71" x="102" y="104" width="535" height="112" alpha="1" visible="1" enabled="1" cssClass="" adjustMode="1" alignMode="0" image="data/imagenes/screenshot_9.png" /><component _type="_compRichText" id="texto_101" x="98" y="18" width="847" height="89" alpha="1" visible="1" enabled="1" scrollable="0"><content><![CDATA[<p><span style="font-size:25px"><span style="font-family:verdana,geneva,sans-serif">&iquest;Cu&aacute;ntas s&iacute;labas tienen los versos del poema?</span></span></p>
]]></content></component><component _type="_compImage" id="image_73" x="102" y="274" width="564" height="114" alpha="1" visible="1" enabled="1" cssClass="" adjustMode="1" alignMode="0" image="data/imagenes/screenshot_10.png" /></components><animaciones></animaciones></pantalla><pantalla id="pantalla_87"><event id="onPrepare" language="DO"><![CDATA[]]></event><event id="onShown" language="DO"><![CDATA[]]></event><components><component _type="_compIconButton" id="iconbutton_66" x="140" y="542" width="37" height="37" alpha="1" visible="1" enabled="1" cssClass="iconNextButton" group="-1"><event id="onClick" language="DO"><![CDATA[uiobject_set(rootSlider,"current",15)]]></event></component><component _type="_compIconButton" id="iconbutton_67" x="90" y="542" width="37" height="37" alpha="1" visible="1" enabled="1" cssClass="iconPrevButton" group="-1"><event id="onClick" language="DO"><![CDATA[uiobject_set(rootSlider,"current",13)]]></event></component><component _type="_compIconButton" id="iconbutton_68" x="40" y="542" width="37" height="37" alpha="1" visible="1" enabled="1" cssClass="iconHomeButton" group="-1"><event id="onClick" language="DO"><![CDATA[uiobject_set(rootSlider,"current",0)]]></event></component><component _type="_compRichText" id="texto_101" x="115" y="62" width="719" height="422" alpha="1" visible="1" enabled="1" scrollable="0"><content><![CDATA[<p style="text-align:center"><span style="font-family:verdana,geneva,sans-serif"><span style="color:#FF8C00"><span style="font-size:35px">&iexcl;Recuerda!</span></span></span></p>

<p style="text-align:center">&nbsp;</p>

<ul>
	<li><span style="font-family:verdana,geneva,sans-serif"><span style="font-size:22px">Los catorce versos del soneto cl&aacute;sico son endecas&iacute;labos.<br />
	Por lo tanto, es de arte mayor.</span></span></li>
</ul>
]]></content></component></components><animaciones></animaciones></pantalla><pantalla id="pantalla_91"><event id="onPrepare" language="DO"><![CDATA[]]></event><event id="onShown" language="DO"><![CDATA[]]></event><components><component _type="_compImage" id="image_66" x="0" y="0" width="950" height="608" alpha="1" visible="1" enabled="1" cssClass="" adjustMode="1" alignMode="0" image="data/imagenes/image_25110.jpg" /><component _type="_compRichText" id="texto_101" x="94" y="18" width="847" height="543" alpha="1" visible="1" enabled="1" scrollable="0"><content><![CDATA[<p><span style="font-size:25px"><span style="font-family:verdana,geneva,sans-serif">&iquest;Qu&eacute; rima tiene este&nbsp;poema?</span></span></p>

<p><span style="font-size:19px"><span style="font-family:verdana,geneva,sans-serif">Tiraba rosas el Amor un d&iacute;a<br />
desde una pe&ntilde;a a un l&iacute;quido arroyuelo,<br />
que de un espino traslad&oacute; a su velo<br />
en la saz&oacute;n que Abril las produc&iacute;a.</span></span></p>

<p><span style="font-size:19px"><span style="font-family:verdana,geneva,sans-serif">Las rosas mansamente conduc&iacute;a<br />
de risco en risco el agua al verde suelo<br />
cuando Juana lleg&oacute; y al puro hielo<br />
puso los labios de la fuente fr&iacute;a.</span></span></p>

<p><span style="font-size:19px"><span style="font-family:verdana,geneva,sans-serif">Las rosas, entre perlas y cristales,<br />
peg&aacute;ronse a los labios, tan hermosas,<br />
que afrentaban claveles y corales.</span></span></p>

<p><span style="font-size:20px"><span style="font-family:verdana,geneva,sans-serif"><span style="font-size:19px">&iexcl;Oh pinturas del cielo milagrosas!<br />
&iquest;Qui&eacute;n vio jam&aacute;s transformaciones tales:<br />
beber cristales y volverse rosas?</span></span></span></p>

<p><span style="font-size:20px"><span style="font-family:verdana,geneva,sans-serif"><span style="font-size:16px">Lope de Vega, <em>Por qu&eacute; la boca de Juana es rosa</em></span></span></span></p>
]]></content></component><component _type="_compIconButton" id="iconbutton_68" x="40" y="542" width="37" height="37" alpha="1" visible="1" enabled="1" cssClass="iconHomeButton" group="-1"><event id="onClick" language="DO"><![CDATA[uiobject_set(rootSlider,"current",0)]]></event></component><component _type="_compIconButton" id="iconbutton_67" x="90" y="542" width="37" height="37" alpha="1" visible="1" enabled="1" cssClass="iconPrevButton" group="-1"><event id="onClick" language="DO"><![CDATA[uiobject_set(rootSlider,"current",14)]]></event></component><component _type="_compIconButton" id="iconbutton_66" x="140" y="542" width="37" height="37" alpha="1" visible="1" enabled="1" cssClass="iconNextButton" group="-1"><event id="onClick" language="DO"><![CDATA[uiobject_set(rootSlider,"current",16)]]></event></component></components><animaciones></animaciones></pantalla><pantalla id="pantalla_112"><event id="onPrepare" language="DO"><![CDATA[]]></event><event id="onShown" language="DO"><![CDATA[]]></event><components><component _type="_compImage" id="image_66" x="0" y="0" width="950" height="608" alpha="1" visible="1" enabled="1" cssClass="" adjustMode="1" alignMode="0" image="data/imagenes/image_25110.jpg" /><component _type="_compRichText" id="texto_101" x="94" y="-2" width="847" height="610" alpha="1" visible="1" enabled="1" scrollable="0"><content><![CDATA[<p><span style="font-size:25px"><span style="font-family:verdana,geneva,sans-serif">&iquest;Qu&eacute; rima tiene este&nbsp;poema?</span></span><br />
&nbsp;</p>

<p><span style="font-size:19px"><span style="font-family:verdana,geneva,sans-serif">Tiraba rosas el Amor un d<span style="color:#FF8C00">&iacute;a</span><br />
desde una pe&ntilde;a a un l&iacute;quido arroyu<span style="color:#008000">elo</span>,<br />
que de un espino traslad&oacute; a su v<span style="color:#008000">elo</span><br />
en la saz&oacute;n que Abril las produc<span style="color:#FF8C00">&iacute;a</span>.</span></span></p>

<p><span style="font-size:19px"><span style="font-family:verdana,geneva,sans-serif">Las rosas mansamente conduc<span style="color:#FF8C00">&iacute;a</span><br />
de risco en risco el agua al verde su<span style="color:#008000">elo</span><br />
cuando Juana lleg&oacute; y al puro hi<span style="color:#008000">elo</span><br />
puso los labios de la fuente fr<span style="color:#FF8C00">&iacute;a</span>.</span></span></p>

<p><span style="font-size:19px"><span style="font-family:verdana,geneva,sans-serif">Las rosas, entre perlas y crist<span style="color:#800080">ales</span>,<br />
peg&aacute;ronse a los labios, tan herm<span style="color:#0000FF">osas</span>,<br />
que afrentaban claveles y cor<span style="color:#800080">ales</span>.</span></span></p>

<p><span style="font-size:20px"><span style="font-family:verdana,geneva,sans-serif"><span style="font-size:19px">&iexcl;Oh pinturas del cielo milagr<span style="color:#0000FF">osas</span>!<br />
&iquest;Qui&eacute;n vio jam&aacute;s transformaciones t<span style="color:#800080">ales</span>:<br />
beber cristales y volverse r<span style="color:#0000FF">osas</span>?</span></span></span></p>

<p><span style="font-size:20px"><span style="font-family:verdana,geneva,sans-serif"><span style="font-size:16px">Lope de Vega, <em>Por qu&eacute; la boca de Juana es rosa</em></span></span></span></p>
]]></content></component><component _type="_compIconButton" id="iconbutton_68" x="40" y="542" width="37" height="37" alpha="1" visible="1" enabled="1" cssClass="iconHomeButton" group="-1"><event id="onClick" language="DO"><![CDATA[uiobject_set(rootSlider,"current",0)]]></event></component><component _type="_compIconButton" id="iconbutton_67" x="90" y="542" width="37" height="37" alpha="1" visible="1" enabled="1" cssClass="iconPrevButton" group="-1"><event id="onClick" language="DO"><![CDATA[uiobject_set(rootSlider,"current",15)]]></event></component><component _type="_compIconButton" id="iconbutton_66" x="140" y="542" width="37" height="37" alpha="1" visible="1" enabled="1" cssClass="iconNextButton" group="-1"><event id="onClick" language="DO"><![CDATA[uiobject_set(rootSlider,"current",17)]]></event></component><component _type="_compRichText" id="texto_74" x="508" y="67" width="89" height="453" alpha="1" visible="1" enabled="1" scrollable="0"><content><![CDATA[<p><span style="font-size:18px"><span style="font-family:verdana,geneva,sans-serif"><strong><span style="color:#FF8C00">A</span><br />
<span style="color:#008000">B<br />
B</span><br />
<span style="color:#FF8C00">A</span></strong><br />
<br />
<strong><span style="color:rgb(255, 140, 0)">A</span><br />
<span style="color:rgb(0, 128, 0)">B<br />
B</span><br />
<span style="color:rgb(255, 140, 0)">A</span><br />
<br />
<span style="color:#800080">C</span><br />
<span style="color:#0000FF">D</span><br />
<span style="color:#800080">C<br />
<br />
C</span><br />
<span style="color:rgb(0, 0, 255)">D</span><br />
<span style="color:#800080">C</span></strong></span></span></p>
]]></content></component></components><animaciones></animaciones></pantalla><pantalla id="pantalla_84"><event id="onPrepare" language="DO"><![CDATA[]]></event><event id="onShown" language="DO"><![CDATA[]]></event><components><component _type="_compRichText" id="texto_101" x="114" y="3" width="728" height="503" alpha="1" visible="1" enabled="1" scrollable="0"><content><![CDATA[<p style="text-align:center"><span style="color:#FF8C00"><span style="font-size:35px"><span style="font-family:verdana,geneva,sans-serif">&iexcl;Recuerda!</span></span></span></p>

<p style="text-align:center">&nbsp;</p>

<ul>
	<li><span style="font-size:20px"><span style="font-family:verdana,geneva,sans-serif">El <strong>soneto cl&aacute;sico</strong> tiene rima consonante, es decir, el sonido final de los versos es exactamente igual.</span></span><br />
	&nbsp;</li>
	<li><span style="font-size:20px"><span style="font-family:verdana,geneva,sans-serif">En los cuartetos deben rimar el primer verso con el cuarto; y el segundo con el tercero.</span></span><br />
	<br />
	<br />
	<br />
	<br />
	<br />
	<br />
	<br />
	&nbsp;</li>
	<li><span style="font-size:20px"><span style="font-family:verdana,geneva,sans-serif">En los tercetos deben rimar el primero, el tercer y el quinto entre s&iacute;. Tambi&eacute;n deben rimar el segundo, el cuarto y el sexto.</span></span></li>
</ul>
]]></content></component><component _type="_compIconButton" id="iconbutton_66" x="140" y="542" width="37" height="37" alpha="1" visible="1" enabled="1" cssClass="iconNextButton" group="-1"><event id="onClick" language="DO"><![CDATA[uiobject_set(rootSlider,"current",20)]]></event></component><component _type="_compIconButton" id="iconbutton_67" x="90" y="542" width="37" height="37" alpha="1" visible="1" enabled="1" cssClass="iconPrevButton" group="-1"><event id="onClick" language="DO"><![CDATA[uiobject_set(rootSlider,"current",16)]]></event></component><component _type="_compIconButton" id="iconbutton_68" x="40" y="542" width="37" height="37" alpha="1" visible="1" enabled="1" cssClass="iconHomeButton" group="-1"><event id="onClick" language="DO"><![CDATA[uiobject_set(rootSlider,"current",0)]]></event></component><component _type="_compImage" id="image_75" x="249" y="250" width="283" height="103" alpha="1" visible="1" enabled="1" cssClass="" adjustMode="1" alignMode="0" image="data/imagenes/screenshot_11.png" /><component _type="_compImage" id="image_76" x="243" y="473" width="276" height="85" alpha="1" visible="1" enabled="1" cssClass="" adjustMode="1" alignMode="0" image="data/imagenes/screenshot_12.png" /></components><animaciones></animaciones></pantalla><pantalla id="pantalla_77"><event id="onPrepare" language="DO"><![CDATA[]]></event><event id="onShown" language="DO"><![CDATA[]]></event><components><component _type="_compImage" id="image_93" x="0" y="0" width="950" height="608" alpha="1" visible="1" enabled="1" cssClass="" adjustMode="1" alignMode="0" image="data/imagenes/image_26028.jpg" /><component _type="_compIconButton" id="iconbutton_66" x="140" y="542" width="37" height="37" alpha="1" visible="1" enabled="1" cssClass="iconNextButton" group="-1"><event id="onClick" language="DO"><![CDATA[uiobject_set(rootSlider,"current",19)]]></event></component><component _type="_compIconButton" id="iconbutton_67" x="90" y="542" width="37" height="37" alpha="1" visible="1" enabled="1" cssClass="iconPrevButton" group="-1"><event id="onClick" language="DO"><![CDATA[uiobject_set(rootSlider,"current",20)]]></event></component><component _type="_compIconButton" id="iconbutton_68" x="40" y="542" width="37" height="37" alpha="1" visible="1" enabled="1" cssClass="iconHomeButton" group="-1"><event id="onClick" language="DO"><![CDATA[uiobject_set(rootSlider,"current",0)]]></event></component><component _type="_compRichText" id="texto_101" x="86" y="11" width="847" height="549" alpha="1" visible="1" enabled="1" scrollable="0"><content><![CDATA[<p><span style="font-size:18px"><span style="font-size:25px"><span style="font-family:verdana,geneva,sans-serif">Analiza este poema,&nbsp;di si es un soneto y&nbsp;si es un poema de tipo narrativo.</span></span><br />
<br />
<span style="font-family:verdana,geneva,sans-serif"><span style="color:rgb(0, 0, 0)">Un soneto me manda hacer Violante</span><br />
<span style="color:rgb(0, 0, 0)">que en mi vida me he visto en tanto aprieto;</span><br />
<span style="color:rgb(0, 0, 0)">catorce versos dicen que es soneto;</span><br />
<span style="color:rgb(0, 0, 0)">burla burlando van los tres delante.</span><br />
<br />
<span style="color:rgb(0, 0, 0)">Yo pens&eacute; que no hallara consonante,</span><br />
<span style="color:rgb(0, 0, 0)">y estoy a la mitad de otro cuarteto;</span><br />
<span style="color:rgb(0, 0, 0)">mas si me veo en el primer terceto,</span><br />
<span style="color:rgb(0, 0, 0)">no hay cosa en los cuartetos que me espante.</span><br />
<br />
<span style="color:rgb(0, 0, 0)">Por el primer terceto voy entrando,</span><br />
<span style="color:rgb(0, 0, 0)">y parece que entr&eacute; con pie derecho,</span><br />
<span style="color:rgb(0, 0, 0)">pues fin con este verso le voy dando.</span><br />
<br />
<span style="color:rgb(0, 0, 0)">Ya estoy en el segundo, y aun sospecho</span><br />
<span style="color:rgb(0, 0, 0)">que voy los trece versos acabando;</span><br />
<span style="color:rgb(0, 0, 0)">contad si son catorce, y est&aacute; hecho.</span></span></span></p>

<p><span style="font-size:18px"><span style="font-family:verdana,geneva,sans-serif"><span style="color:rgb(0, 0, 0)">&nbsp; &nbsp; &nbsp; &nbsp; &nbsp; &nbsp; &nbsp; &nbsp; &nbsp; &nbsp; &nbsp; &nbsp; &nbsp; &nbsp; &nbsp; &nbsp; &nbsp; &nbsp; &nbsp; &nbsp; &nbsp; &nbsp; Lope de Vega</span></span></span></p>
]]></content></component></components><animaciones></animaciones></pantalla><pantalla id="pantalla_81"><event id="onPrepare" language="DO"><![CDATA[]]></event><event id="onShown" language="DO"><![CDATA[]]></event><components><component _type="_compIconButton" id="iconbutton_67" x="90" y="542" width="37" height="37" alpha="1" visible="1" enabled="1" cssClass="iconPrevButton" group="-1"><event id="onClick" language="DO"><![CDATA[uiobject_set(rootSlider,"current",18)]]></event></component><component _type="_compIconButton" id="iconbutton_68" x="40" y="542" width="37" height="37" alpha="1" visible="1" enabled="1" cssClass="iconHomeButton" group="-1"><event id="onClick" language="DO"><![CDATA[uiobject_set(rootSlider,"current",0)]]></event></component><component _type="_compRichText" id="texto_101" x="99" y="18" width="847" height="107" alpha="1" visible="1" enabled="1" scrollable="0"><content><![CDATA[<p><span style="font-size:25px"><span style="font-family:verdana,geneva,sans-serif">Analiza este poema y di si es un soneto.</span></span></p>
]]></content></component><component _type="_compImage" id="image_94" x="74" y="92" width="801" height="429" alpha="1" visible="1" enabled="1" cssClass="" adjustMode="1" alignMode="0" image="data/imagenes/screenshot_13.png" /></components><animaciones></animaciones></pantalla><pantalla id="pantalla_164"><event id="onPrepare" language="DO"><![CDATA[]]></event><event id="onShown" language="DO"><![CDATA[]]></event><components><component _type="_compRichText" id="texto_101" x="50" y="243" width="847" height="107" alpha="1" visible="1" enabled="1" scrollable="0"><content><![CDATA[<p style="text-align:center"><span style="font-size:40px"><span style="font-family:verdana,geneva,sans-serif">&iexcl;Ahora t&uacute;!</span></span></p>
]]></content></component><component _type="_compIconButton" id="iconbutton_68" x="40" y="542" width="37" height="37" alpha="1" visible="1" enabled="1" cssClass="iconHomeButton" group="-1"><event id="onClick" language="DO"><![CDATA[uiobject_set(rootSlider,"current",0)]]></event></component><component _type="_compIconButton" id="iconbutton_67" x="90" y="543" width="37" height="37" alpha="1" visible="1" enabled="1" cssClass="iconPrevButton" group="-1"><event id="onClick" language="DO"><![CDATA[uiobject_set(rootSlider,"current",17)]]></event></component><component _type="_compIconButton" id="iconbutton_66" x="140" y="542" width="37" height="37" alpha="1" visible="1" enabled="1" cssClass="iconNextButton" group="-1"><event id="onClick" language="DO"><![CDATA[uiobject_set(rootSlider,"current",18)]]></event></component></components><animaciones></animaciones></pantalla></pantallas><popups></popups></engine>