﻿<?xml version="1.0" encoding="UTF-8"?><motor tipo="1" clase="b" aprid="M1b"><plataforma><grado><![CDATA[2]]></grado><titulo>Ortografía: asocia palabras con su significado</titulo><area>5</area><nivel>1</nivel><referencia><![CDATA[LC_10_14_29]]></referencia><idreg><![CDATA[2691]]></idreg><motor><![CDATA[M1B]]></motor><lang>es</lang></plataforma><enunciado><![CDATA[Relaciona las siguientes palabras con sus definiciones.]]></enunciado><masinfo inicio="0" /><sinaleatoriedad><![CDATA[0]]></sinaleatoriedad><calc><![CDATA[0]]></calc><textoatexto cantidad="5"><cuestion><pregunta><![CDATA[valla]]></pregunta><respuesta><![CDATA[Línea o término formado de estacas hincadas en el suelo o de tablas unidas, para cerrar algún sitio o señalarlo.
]]></respuesta></cuestion><cuestion><pregunta><![CDATA[vaya]]></pregunta><respuesta><![CDATA[Verbo {{cur}}ir{{normal}}. Presente de subjuntivo, 1.ª persona del singular.]]></respuesta></cuestion><cuestion><pregunta><![CDATA[baya]]></pregunta><respuesta><![CDATA[Tipo de fruto carnoso con semillas rodeadas de pulpa.]]></respuesta></cuestion><cuestion><pregunta><![CDATA[bello]]></pregunta><respuesta><![CDATA[Que es bueno, que tiene excelencia.]]></respuesta></cuestion><cuestion><pregunta><![CDATA[vello]]></pregunta><respuesta><![CDATA[Pelo que sale más corto y suave que el de la cabeza y de la barba, en algunas partes del cuerpo humano.
]]></respuesta></cuestion></textoatexto><textofalso cantidad="0" /></motor>