<?xml version="1.0" encoding="UTF-8"?>
<motor tipo="2" clase="b" aprid="M2b">
  <plataforma>
    <grado><![CDATA[2]]></grado>
    <titulo>Comprensión de texto: la ortografía</titulo>
    <area>5</area>
    <nivel>2</nivel>
    <referencia><![CDATA[LC_10_14_08_A]]></referencia>
    <idreg><![CDATA[1307]]></idreg>
    <motor><![CDATA[M2B]]></motor>
    <lang>es</lang>
  </plataforma>
  <enunciado><![CDATA[Escribe en cada hueco el signo de puntuación al que se hace referencia: punto, coma, dos puntos, puntos suspensivos, punto y coma, y paréntesis.]]></enunciado>
  <masinfo inicio="0"/>
  <calc><![CDATA[0]]></calc>
  <sonido/>
  <textoacategoria>
    <cuestion>
      <pregunta><![CDATA[Signo de puntuación que sirve para...

... indicar el final de una oración o párrafo. También aparece en algunas cifras [*]
... señalar que la oración o enumeración no ha terminado o crear suspense [*]
... marcar la relación semántica entre dos oraciones o introducir un diálogo o enumeración [*]
... mostrar datos o información que complementan el mensaje del texto [*]
... enmarcar incisos, separar conectores respecto al resto de la oración, dividir oraciones complejas, etc. [*]
... jerarquizar la información cuando aparece agrupada por comas [*]]]></pregunta>
      <respuestas>
        <respuesta orden="1" correccionSinMayusculas="1" correccionSinPuntuacion="0" correccionSinPuntuacionFinal="1"><![CDATA[punto]]></respuesta>
        <respuesta orden="2" correccionSinMayusculas="1" correccionSinPuntuacion="0" correccionSinPuntuacionFinal="1"><![CDATA[puntos suspensivos]]></respuesta>
        <respuesta orden="3" correccionSinMayusculas="1" correccionSinPuntuacion="0" correccionSinPuntuacionFinal="1"><![CDATA[dos puntos]]></respuesta>
        <respuesta orden="4" correccionSinMayusculas="1" correccionSinPuntuacion="0" correccionSinPuntuacionFinal="1"><![CDATA[paréntesis]]></respuesta>
        <respuesta orden="5" correccionSinMayusculas="1" correccionSinPuntuacion="0" correccionSinPuntuacionFinal="1"><![CDATA[coma]]></respuesta>
        <respuesta orden="6" correccionSinMayusculas="1" correccionSinPuntuacion="0" correccionSinPuntuacionFinal="1"><![CDATA[punto y coma]]></respuesta>
      </respuestas>
    </cuestion>
  </textoacategoria>
  <textofalso cantidad="0"/>
</motor>
