﻿<?xml version="1.0" encoding="utf-8"?><engine copy="Editorial Planeta" version="1" aprid="f1">
<css><![CDATA[.defaultCSSBox2 {
	background: #000000;
}
.defaultCSSBox3 {
	background: #ffffff;
}]]></css>
<pantallas>
<pantalla id="pantalla_5">
<event id='onPrepare' language='DO'><![CDATA[]]></event>
<event id='onShown' language='DO'><![CDATA[]]></event>
<components>
<component _type='_compSlider' id='diaporama_12' x='0' y='0' width='950' height='608' alpha='1' visible='1' enabled='1' transMode='1' />
<component _type='_compSliderNav' id='slidernav_11' x='45' y='526' width='162' height='37' alpha='1' visible='1' enabled='1' sliderId='diaporama_12' showHome='1' whiteButtons='0' mode='1' />
</components>
<animaciones>
</animaciones>
<slider id="diaporama_12">
<pantalla id="pantalla_14">
<event id='onPrepare' language='DO'><![CDATA[]]></event>
<event id='onShown' language='DO'><![CDATA[]]></event>
<components>
<component _type='_compRichText' id='texto_26' x='6' y='40' width='938' height='137' alpha='1' visible='1' enabled='1' scrollable='1' >
<content><![CDATA[<p style="text-align:center"><span style="font-size:31px"><span style="font-family:georgia,serif">Cela y su producción literaria</span></span></p>
]]></content>
</component>
<component _type='_compImage' id='image_20' x='82' y='145' width='785' height='333' alpha='1' visible='1' enabled='1' cssClass='' adjustMode='4' alignMode='1' image='data/imagenes/image_17_copy.jpg' />
</components>
<animaciones>
</animaciones>
</pantalla>
<pantalla id="pantalla_30">
<event id='onPrepare' language='DO'><![CDATA[]]></event>
<event id='onShown' language='DO'><![CDATA[]]></event>
<components>
<component _type='_compRichText' id='texto_26' x='111' y='18' width='767' height='68' alpha='1' visible='1' enabled='1' scrollable='1' >
<content><![CDATA[<p><span style="font-size:25px"><span style="font-family:verdana,geneva,sans-serif"><em>La familia de Pascual Duarte </em>(1942)</span></span></p>
]]></content>
</component>
<component _type='_compRichText' id='texto_19' x='111' y='91' width='397' height='364' alpha='1' visible='1' enabled='1' scrollable='1' >
<content><![CDATA[<ul>
	<li><span style="font-size:20px"><span style="font-family:verdana,geneva,sans-serif">Obra no muy extensa.</span></span><br />
	&nbsp;</li>
	<li><span style="font-size:20px"><span style="font-family:verdana,geneva,sans-serif">Inicia la carrera literaria de Camilo Jos&eacute; Cela.</span></span><br />
	&nbsp;</li>
	<li><span style="font-size:20px"><span style="font-family:verdana,geneva,sans-serif">Tema: confesi&oacute;n de un hombre encarcelado que solo pudo resolver sus problemas con violencia.</span></span></li>
</ul>
]]></content>
</component>
<component _type='_compImage' id='image_20' x='500' y='116' width='339' height='362' alpha='1' visible='1' enabled='1' cssClass='' adjustMode='4' alignMode='2' image='data/imagenes/image_42_copy.jpg' />
<component _type='_compAudioClip' id='audioclip_125' x='18' y='18' width='32' height='32' alpha='1' visible='1' enabled='1' audio='data/sonidos/sound_37.mp3' autoplay='0' />
<component _type='_compIconButton' id='iconbutton_152' x='230' y='526' width='37' height='37' alpha='1' visible='1' enabled='1' cssClass='iconPauseButton' group='-1'><event id='onClick' language='DO'><![CDATA[do(
uiobject_pause("audioclip_125"),
uiobject_set("iconbutton_152","visible", false),
uiobject_set("iconbutton_159","visible", true)
)]]></event>
</component>
<component _type='_compIconButton' id='iconbutton_159' x='230' y='526' width='37' height='37' alpha='1' visible='1' enabled='1' cssClass='iconPlayButton' group='-1'><event id='onClick' language='DO'><![CDATA[do(
uiobject_play("audioclip_125"),
uiobject_set("iconbutton_152","visible", true),
uiobject_set("iconbutton_159","visible", false)
)]]></event>
</component>
</components>
<animaciones>
</animaciones>
</pantalla>
<pantalla id="pantalla_126">
<event id='onPrepare' language='DO'><![CDATA[]]></event>
<event id='onShown' language='DO'><![CDATA[]]></event>
<components>
<component _type='_compImage' id='image_20' x='252' y='116' width='587' height='362' alpha='1' visible='1' enabled='1' cssClass='' adjustMode='4' alignMode='2' image='data/imagenes/image_57_copy.jpg' />
<component _type='_compAudioClip' id='audioclip_125' x='18' y='18' width='32' height='32' alpha='1' visible='1' enabled='1' audio='data/sonidos/sound_51.mp3' autoplay='0' />
<component _type='_compCSSBox' id='fondo_130' x='276' y='86' width='361' height='435' alpha='1' visible='1' enabled='1' cssClass='defaultCSSBox3' />
<component _type='_compRichText' id='texto_19' x='111' y='91' width='372' height='422' alpha='1' visible='1' enabled='1' scrollable='1' >
<content><![CDATA[<ul>
	<li><span style="font-size:20px"><span style="font-family:verdana,geneva,sans-serif">G&eacute;nero: narrativa de viajes.</span></span><br />
	&nbsp;</li>
	<li><span style="font-size:20px"><span style="font-family:verdana,geneva,sans-serif">Traza un itinerario por los pueblos y campos de la Alcarria.</span></span><br />
	&nbsp;</li>
	<li><span style="font-size:20px"><span style="font-family:verdana,geneva,sans-serif">Prosa singular.</span></span><br />
	&nbsp;</li>
	<li><span style="font-size:20px"><span style="font-family:verdana,geneva,sans-serif">T&eacute;cnica de los libros de viajes.</span></span><br />
	&nbsp;</li>
	<li><span style="font-size:20px"><span style="font-family:verdana,geneva,sans-serif">Escrito en 3.&ordf; persona.</span></span></li>
</ul>
]]></content>
</component>
<component _type='_compRichText' id='texto_26' x='111' y='18' width='767' height='68' alpha='1' visible='1' enabled='1' scrollable='1' >
<content><![CDATA[<p><span style="font-size:25px"><span style="font-family:verdana,geneva,sans-serif"><em>Viaje a la Alcarria </em>(1948)</span></span></p>
]]></content>
</component>
<component _type='_compCSSBox' id='fondo_131' x='839' y='86' width='361' height='435' alpha='1' visible='1' enabled='1' cssClass='defaultCSSBox3' />
<component _type='_compIconButton' id='iconbutton_152' x='230' y='526' width='37' height='37' alpha='1' visible='1' enabled='1' cssClass='iconPauseButton' group='-1'><event id='onClick' language='DO'><![CDATA[do(
uiobject_pause("audioclip_125"),
uiobject_set("iconbutton_152","visible", false),
uiobject_set("iconbutton_159","visible", true)
)]]></event>
</component>
<component _type='_compIconButton' id='iconbutton_159' x='230' y='526' width='37' height='37' alpha='1' visible='1' enabled='1' cssClass='iconPlayButton' group='-1'><event id='onClick' language='DO'><![CDATA[do(
uiobject_play("audioclip_125"),
uiobject_set("iconbutton_152","visible", true),
uiobject_set("iconbutton_159","visible", false)
)]]></event>
</component>
</components>
<animaciones>
<anim id='Entrada'><![CDATA[{"image_20":[],"image_20.x":[{"time":0,"value":552,"easing":"Linear.EaseNone"},{"time":2.43,"value":252,"easing":"Linear.EaseNone"}],"image_20.y":[{"time":0,"value":116,"easing":"Linear.EaseNone"}],"image_20.width":[{"time":0,"value":587,"easing":"Linear.EaseNone"}],"image_20.height":[{"time":0,"value":362,"easing":"Linear.EaseNone"}],"image_20.alpha":[{"time":0,"value":1,"easing":"Linear.EaseNone"}]}]]></anim>
</animaciones>
</pantalla>
<pantalla id="pantalla_132">
<event id='onPrepare' language='DO'><![CDATA[]]></event>
<event id='onShown' language='DO'><![CDATA[]]></event>
<components>
<component _type='_compRichText' id='texto_26' x='111' y='18' width='767' height='68' alpha='1' visible='1' enabled='1' scrollable='1' >
<content><![CDATA[<p><span style="font-size:25px"><span style="font-family:verdana,geneva,sans-serif"><em>La colmena </em>(1951)</span></span></p>
]]></content>
</component>
<component _type='_compImage' id='image_20' x='500' y='116' width='339' height='362' alpha='1' visible='1' enabled='1' cssClass='' adjustMode='4' alignMode='2' image='data/imagenes/image_68_copy.jpg' />
<component _type='_compAudioClip' id='audioclip_125' x='18' y='18' width='32' height='32' alpha='1' visible='1' enabled='1' audio='data/sonidos/lc_10_07_04_03.mp3' autoplay='0' />
<component _type='_compRichText' id='texto_19' x='111' y='91' width='411' height='422' alpha='1' visible='1' enabled='1' scrollable='1' >
<content><![CDATA[<ul>
	<li><span style="font-size:20px"><span style="font-family:verdana,geneva,sans-serif">Obra de mayor valor.</span></span><br />
	&nbsp;</li>
	<li><span style="font-size:20px"><span style="font-family:verdana,geneva,sans-serif">M&aacute;xima representaci&oacute;n de la novela social.</span></span><br />
	&nbsp;</li>
	<li><span style="font-size:20px"><span style="font-family:verdana,geneva,sans-serif">Caracter&iacute;sticas:</span></span>
	<ul>
		<li><span style="font-size:20px"><span style="font-family:verdana,geneva,sans-serif">Objetivismo.</span></span></li>
		<li><span style="font-size:20px"><span style="font-family:verdana,geneva,sans-serif">Multitud de personajes.</span></span></li>
		<li><span style="font-size:20px"><span style="font-family:verdana,geneva,sans-serif">Un todo formado de peque&ntilde;os fragmentos como los millares de celdas de las colmenas.</span></span></li>
	</ul>
	</li>
</ul>
]]></content>
</component>
<component _type='_compIconButton' id='iconbutton_152' x='230' y='526' width='37' height='37' alpha='1' visible='1' enabled='1' cssClass='iconPauseButton' group='-1'><event id='onClick' language='DO'><![CDATA[do(
uiobject_pause("audioclip_125"),
uiobject_set("iconbutton_152","visible", false),
uiobject_set("iconbutton_159","visible", true)
)]]></event>
</component>
<component _type='_compIconButton' id='iconbutton_159' x='230' y='526' width='37' height='37' alpha='1' visible='1' enabled='1' cssClass='iconPlayButton' group='-1'><event id='onClick' language='DO'><![CDATA[do(
uiobject_play("audioclip_125"),
uiobject_set("iconbutton_152","visible", true),
uiobject_set("iconbutton_159","visible", false)
)]]></event>
</component>
</components>
<animaciones>
</animaciones>
</pantalla>
<pantalla id="pantalla_136">
<event id='onPrepare' language='DO'><![CDATA[]]></event>
<event id='onShown' language='DO'><![CDATA[]]></event>
<components>
<component _type='_compAudioClip' id='audioclip_125' x='18' y='18' width='32' height='32' alpha='1' visible='1' enabled='1' audio='data/sonidos/sound_73.mp3' autoplay='0' />
<component _type='_compImage' id='image_20' x='252' y='116' width='587' height='362' alpha='1' visible='1' enabled='1' cssClass='' adjustMode='4' alignMode='2' image='data/imagenes/image_76_copy.jpg' />
<component _type='_compCSSBox' id='fondo_130' x='216' y='86' width='361' height='435' alpha='1' visible='1' enabled='1' cssClass='defaultCSSBox3' />
<component _type='_compCSSBox' id='fondo_131' x='839' y='86' width='361' height='435' alpha='1' visible='1' enabled='1' cssClass='defaultCSSBox3' />
<component _type='_compRichText' id='texto_19' x='111' y='91' width='372' height='422' alpha='1' visible='1' enabled='1' scrollable='1' >
<content><![CDATA[<ul>
	<li><span style="font-size:20px"><span style="font-family:verdana,geneva,sans-serif">Uno de los momentos m&aacute;s importantes de su vida: ingres&oacute; en la Real Academia Espa&ntilde;ola (RAE).</span></span><br />
	&nbsp;</li>
	<li><span style="font-size:20px"><span style="font-family:verdana,geneva,sans-serif">Colabor&oacute; en la modernizaci&oacute;n de la instituci&oacute;n.</span></span></li>
</ul>
]]></content>
</component>
<component _type='_compRichText' id='texto_26' x='111' y='18' width='767' height='68' alpha='1' visible='1' enabled='1' scrollable='1' >
<content><![CDATA[<p><span style="font-size:25px"><span style="font-family:verdana,geneva,sans-serif">&iquest;Qu&eacute; pas&oacute; en 1957?</span></span></p>
]]></content>
</component>
<component _type='_compIconButton' id='iconbutton_152' x='230' y='526' width='37' height='37' alpha='1' visible='1' enabled='1' cssClass='iconPauseButton' group='-1'><event id='onClick' language='DO'><![CDATA[do(
uiobject_pause("audioclip_125"),
uiobject_set("iconbutton_152","visible", false),
uiobject_set("iconbutton_159","visible", true)
)]]></event>
</component>
<component _type='_compIconButton' id='iconbutton_159' x='230' y='526' width='37' height='37' alpha='1' visible='1' enabled='1' cssClass='iconPlayButton' group='-1'><event id='onClick' language='DO'><![CDATA[do(
uiobject_play("audioclip_125"),
uiobject_set("iconbutton_152","visible", true),
uiobject_set("iconbutton_159","visible", false)
)]]></event>
</component>
</components>
<animaciones>
<anim id='Entrada'><![CDATA[{"image_20":[],"image_20.x":[{"time":0,"value":430,"easing":"Linear.EaseNone"},{"time":2.945,"value":252,"easing":"Linear.EaseNone"}],"image_20.y":[{"time":0,"value":116,"easing":"Linear.EaseNone"}],"image_20.width":[{"time":0,"value":587,"easing":"Linear.EaseNone"}],"image_20.height":[{"time":0,"value":362,"easing":"Linear.EaseNone"}],"image_20.alpha":[{"time":0,"value":1,"easing":"Linear.EaseNone"}]}]]></anim>
</animaciones>
</pantalla>
<pantalla id="pantalla_140">
<event id='onPrepare' language='DO'><![CDATA[]]></event>
<event id='onShown' language='DO'><![CDATA[]]></event>
<components>
<component _type='_compAudioClip' id='audioclip_125' x='18' y='18' width='32' height='32' alpha='1' visible='1' enabled='1' audio='data/sonidos/sound_81.mp3' autoplay='0' />
<component _type='_compImage' id='image_20' x='252' y='116' width='587' height='362' alpha='1' visible='1' enabled='1' cssClass='' adjustMode='4' alignMode='2' image='data/imagenes/image_85_copy.jpg' />
<component _type='_compCSSBox' id='fondo_130' x='216' y='86' width='361' height='435' alpha='1' visible='1' enabled='1' cssClass='defaultCSSBox3' />
<component _type='_compCSSBox' id='fondo_131' x='839' y='86' width='361' height='435' alpha='1' visible='1' enabled='1' cssClass='defaultCSSBox3' />
<component _type='_compRichText' id='texto_19' x='111' y='91' width='372' height='422' alpha='1' visible='1' enabled='1' scrollable='1' >
<content><![CDATA[<ul>
	<li><span style="font-size:20px"><span style="font-family:verdana,geneva,sans-serif">Narrativa hist&oacute;rica.</span></span><br />
	&nbsp;</li>
	<li><span style="font-size:20px"><span style="font-family:verdana,geneva,sans-serif">Centrada en la Guerra Civil.</span></span><br />
	&nbsp;</li>
	<li><span style="font-size:20px"><span style="font-family:verdana,geneva,sans-serif">Muestra la barbarie y violencia en los poblados gallegos.</span></span><br />
	&nbsp;</li>
	<li><span style="font-size:20px"><span style="font-family:verdana,geneva,sans-serif">Con ella obtuvo el premio Nacional de narrativa.</span></span></li>
</ul>
]]></content>
</component>
<component _type='_compRichText' id='texto_26' x='111' y='18' width='767' height='68' alpha='1' visible='1' enabled='1' scrollable='1' >
<content><![CDATA[<p><span style="font-size:25px"><span style="font-family:verdana,geneva,sans-serif"><em>Mazurca para dos muertos </em>(1983)</span></span></p>
]]></content>
</component>
<component _type='_compIconButton' id='iconbutton_152' x='230' y='526' width='37' height='37' alpha='1' visible='1' enabled='1' cssClass='iconPauseButton' group='-1'><event id='onClick' language='DO'><![CDATA[do(
uiobject_pause("audioclip_125"),
uiobject_set("iconbutton_152","visible", false),
uiobject_set("iconbutton_159","visible", true)
)]]></event>
</component>
<component _type='_compIconButton' id='iconbutton_159' x='230' y='526' width='37' height='37' alpha='1' visible='1' enabled='1' cssClass='iconPlayButton' group='-1'><event id='onClick' language='DO'><![CDATA[do(
uiobject_play("audioclip_125"),
uiobject_set("iconbutton_152","visible", true),
uiobject_set("iconbutton_159","visible", false)
)]]></event>
</component>
</components>
<animaciones>
<anim id='Entrada'><![CDATA[{"image_20":[],"image_20.x":[{"time":0,"value":480,"easing":"Linear.EaseNone"},{"time":3.045,"value":252,"easing":"Linear.EaseNone"}],"image_20.y":[{"time":0,"value":116,"easing":"Linear.EaseNone"}],"image_20.width":[{"time":0,"value":587,"easing":"Linear.EaseNone"}],"image_20.height":[{"time":0,"value":362,"easing":"Linear.EaseNone"}],"image_20.alpha":[{"time":0,"value":1,"easing":"Linear.EaseNone"}]}]]></anim>
</animaciones>
</pantalla>
<pantalla id="pantalla_144">
<event id='onPrepare' language='DO'><![CDATA[]]></event>
<event id='onShown' language='DO'><![CDATA[]]></event>
<components>
<component _type='_compRichText' id='texto_26' x='111' y='18' width='767' height='68' alpha='1' visible='1' enabled='1' scrollable='1' >
<content><![CDATA[<p><span style="font-size:25px"><span style="font-family:verdana,geneva,sans-serif">¿Qué sucede en 1989?</span></span></p>
]]></content>
</component>
<component _type='_compImage' id='image_20' x='500' y='116' width='339' height='362' alpha='1' visible='1' enabled='1' cssClass='' adjustMode='4' alignMode='2' image='data/imagenes/image_95_copy.jpg' />
<component _type='_compAudioClip' id='audioclip_125' x='18' y='18' width='32' height='32' alpha='1' visible='1' enabled='1' audio='data/sonidos/lc_10_07_04_06.mp3' autoplay='0' />
<component _type='_compRichText' id='texto_19' x='111' y='91' width='372' height='422' alpha='1' visible='1' enabled='1' scrollable='1' >
<content><![CDATA[<ul>
	<li><span style="font-size:20px"><span style="font-family:verdana,geneva,sans-serif">Amplia proyecci&oacute;n literaria.</span></span><br />
	&nbsp;</li>
	<li><span style="font-size:20px"><span style="font-family:verdana,geneva,sans-serif">Sus obras fueron traducidas a numerosos idiomas.</span></span></li>
</ul>

<p><span style="font-size:20px"><span style="font-family:verdana,geneva,sans-serif">Obtiene el premio Nobel en literatura.</span></span></p>

<p><span style="font-size:20px"><span style="font-family:verdana,geneva,sans-serif">&iquest;Qu&eacute; supuso?</span></span></p>

<ul>
	<li><span style="font-size:20px"><span style="font-family:verdana,geneva,sans-serif">Un aumento de su prestigio.</span></span><br />
	&nbsp;</li>
	<li><span style="font-size:20px"><span style="font-family:verdana,geneva,sans-serif">Un mayor alcance en el panorama literario.</span></span></li>
</ul>
]]></content>
</component>
<component _type='_compIconButton' id='iconbutton_152' x='230' y='526' width='37' height='37' alpha='1' visible='1' enabled='1' cssClass='iconPauseButton' group='-1'><event id='onClick' language='DO'><![CDATA[do(
uiobject_pause("audioclip_125"),
uiobject_set("iconbutton_152","visible", false),
uiobject_set("iconbutton_159","visible", true)
)]]></event>
</component>
<component _type='_compIconButton' id='iconbutton_159' x='230' y='526' width='37' height='37' alpha='1' visible='1' enabled='1' cssClass='iconPlayButton' group='-1'><event id='onClick' language='DO'><![CDATA[do(
uiobject_play("audioclip_125"),
uiobject_set("iconbutton_152","visible", true),
uiobject_set("iconbutton_159","visible", false)
)]]></event>
</component>
</components>
<animaciones>
</animaciones>
</pantalla>
<pantalla id="pantalla_148">
<event id='onPrepare' language='DO'><![CDATA[]]></event>
<event id='onShown' language='DO'><![CDATA[]]></event>
<components>
<component _type='_compRichText' id='texto_26' x='111' y='18' width='767' height='68' alpha='1' visible='1' enabled='1' scrollable='1' >
<content><![CDATA[<p><span style="font-size:25px"><span style="font-family:verdana,geneva,sans-serif">¿A qué dedicó toda su vida Cela?</span></span></p>
]]></content>
</component>
<component _type='_compImage' id='image_20' x='500' y='116' width='339' height='362' alpha='1' visible='1' enabled='1' cssClass='' adjustMode='4' alignMode='2' image='data/imagenes/image_105_copy.jpg' />
<component _type='_compAudioClip' id='audioclip_125' x='18' y='18' width='32' height='32' alpha='1' visible='1' enabled='1' audio='data/sonidos/sound_101.mp3' autoplay='0' />
<component _type='_compRichText' id='texto_19' x='111' y='91' width='358' height='422' alpha='1' visible='1' enabled='1' scrollable='1' >
<content><![CDATA[<p><span style="font-size:20px"><span style="font-family:verdana,geneva,sans-serif">A la literatura.</span></span></p>

<p><span style="font-size:20px"><span style="font-family:verdana,geneva,sans-serif">&iquest;Qu&eacute; consigui&oacute; en 1995?</span></span></p>

<ul>
	<li><span style="font-size:20px"><span style="font-family:verdana,geneva,sans-serif">El premio Cervantes, el galard&oacute;n m&aacute;s importante de las letras espa&ntilde;olas.</span></span></li>
</ul>
]]></content>
</component>
<component _type='_compIconButton' id='iconbutton_152' x='230' y='526' width='37' height='37' alpha='1' visible='1' enabled='1' cssClass='iconPauseButton' group='-1'><event id='onClick' language='DO'><![CDATA[do(
uiobject_pause("audioclip_125"),
uiobject_set("iconbutton_152","visible", false),
uiobject_set("iconbutton_159","visible", true)
)]]></event>
</component>
<component _type='_compIconButton' id='iconbutton_159' x='230' y='526' width='37' height='37' alpha='1' visible='1' enabled='1' cssClass='iconPlayButton' group='-1'><event id='onClick' language='DO'><![CDATA[do(
uiobject_play("audioclip_125"),
uiobject_set("iconbutton_152","visible", true),
uiobject_set("iconbutton_159","visible", false)
)]]></event>
</component>
</components>
<animaciones>
</animaciones>
</pantalla>
<pantalla id="pantalla_152">
<event id='onPrepare' language='DO'><![CDATA[]]></event>
<event id='onShown' language='DO'><![CDATA[]]></event>
<components>
<component _type='_compRichText' id='texto_19' x='111' y='91' width='727' height='422' alpha='1' visible='1' enabled='1' scrollable='1' >
<content><![CDATA[<p><span style="font-size:20px"><span style="font-family:verdana,geneva,sans-serif">Ahora lee&nbsp;este fragmento de <em>La colmena</em>.</span></span></p>

<p><em><span style="font-size:20px"><span style="font-family:verdana,geneva,sans-serif">&nbsp;&nbsp;&nbsp; Macario, por dentro, sonr&iacute;e; por fuera, casi, casi. Macario es un sentimental mal alimentado que acaba, por aquellos d&iacute;as, de cumplir los cuarenta y tres a&ntilde;os. Seoane mira vagamente para los clientes del Caf&eacute;, y no piensa en nada. Seoane es un hombre que prefiere no pensar; lo que quiere es que el d&iacute;a pase corriendo, lo m&aacute;s deprisa posible, y a otra cosa.</span></span></em></p>
]]></content>
</component>
<component _type='_compRoundButton' id='roundbutton_115' x='752' y='522' width='152' height='40' alpha='1' visible='1' enabled='1' cssClass='roundTextButton' group='-1'>
<content><![CDATA[ACTIVIDAD]]></content>
<event id='onClick' language='DO'><![CDATA[popup_open("pantalla_25")]]></event>
</component>
</components>
<animaciones>
</animaciones>
</pantalla>
</slider>
</pantalla>
</pantallas>
<popups>
<pantalla id="pantalla_25">
<event id='onPrepare' language='DO'><![CDATA[]]></event>
<event id='onShown' language='DO'><![CDATA[]]></event>
<components>
<component _type='_compCSSBox' id='fondo_161' x='-3' y='85' width='944' height='510' alpha='1' visible='1' enabled='1' cssClass='defaultCSSBox3' />
<component _type='_compIconButton' id='iconbutton_24' x='876' y='44' width='37' height='37' alpha='1' visible='1' enabled='1' cssClass='iconCloseButton' group='-1'><event id='onClick' language='DO'><![CDATA[popup_close()]]></event>
</component>
<component _type='_compActivity' id='activity_160' x='76' y='82' width='800' height='512' alpha='1' visible='1' enabled='1' src='lc_10_07_recurso040_m1a.zip' />
</components>
<animaciones>
</animaciones>
</pantalla>
</popups>
</engine>