<?xml version='1.0' encoding='UTF-8'?><engine copy="Editorial Planeta" version="1" aprid="f13" title="Proyecto: ejercicios de creación lírica" >
<section title="Planea" path="le_06_06_rec360_img01n.jpg" pathAmp="le_06_06_rec360_img01a.jpg" image1Text="" zoom1="true" zoom2a="false" zoom2b="false" layout="0" >
<![CDATA[


<p><span style="font-size:22px"><span style="font-family:verdana,geneva,sans-serif">Imagina que en tu colegio se est&aacute; realizando el primer concurso de poes&iacute;a, el cual publicar&aacute; en el peri&oacute;dico local al ganador. &iquest;Te atrever&iacute;as a escribir un <strong>poema </strong>y enviarlo al concurso? Recuerda que, en el <strong>g&eacute;nero l&iacute;rico</strong>, es el autor quien expresa sus sentimientos o emociones frente a lo que lo rodea usando un <strong>lenguaje po&eacute;tico</strong>.&nbsp;</span></span></p>
]]></section>
<section title="Organiza" path="le_06_06_rec360_img02n.jpg" pathAmp="le_06_06_rec360_img02a.jpg" image1Text="" zoom1="true" zoom2a="false" zoom2b="false" layout="1" >
<![CDATA[

<p><span style="font-family:verdana,geneva,sans-serif"><span style="font-size:22px">Te vas a preparar para escribir&nbsp;un poema, de <strong>tema libre</strong>, el cual deber&aacute; ser <strong>original e in&eacute;dito.</strong>&nbsp;No debe ser mayor a <strong>20 versos</strong>.</span></span></p>

<p><span style="font-family:verdana,geneva,sans-serif"><span style="font-size:22px">Empieza a hacer un listado de los temas sobre los que te gustar&iacute;a escribir y redacta algunas ideas. Luego, empieza a darle forma a tu texto siguiendo las instrucciones que encuentras en la ficha <em>Redacta</em>.&nbsp;&nbsp;</span></span></p>

<p>&nbsp;</p>
]]></section>
<section title="Redacta" path="" pathAmp="" image1Text="" zoom1="false" zoom2a="false" zoom2b="false" layout="2" >
<![CDATA[<p><span style="font-family:verdana,geneva,sans-serif"><span style="font-size:18px">Ahora que te has animado a entrar al concurso, deber&aacute;s planear y crear una estructura que te permita organizar un plan de escritura de tu poema para que sea m&aacute;s sencillo tu proceso de creaci&oacute;n l&iacute;rica. Para esto deber&aacute;s completar la informaci&oacute;n del siguiente recuadro.</span></span></p>

<table border="1" cellpadding="0" cellspacing="0">
	<tbody>
		<tr>
			<td style="width:141px">
			<p><span style="font-family:verdana,geneva,sans-serif"><span style="font-size:18px"><strong>Hablante l&iacute;rico</strong></span></span></p>
			</td>
			<td style="width:447px">
			<ul>
				<li><span style="font-family:verdana,geneva,sans-serif"><span style="font-size:18px">&nbsp;&iquest;Qui&eacute;n hablar&aacute; en tu poema?</span></span></li>
			</ul>
			</td>
		</tr>
		<tr>
			<td style="width:141px">
			<p><span style="font-family:verdana,geneva,sans-serif"><span style="font-size:18px"><strong>Objeto l&iacute;rico</strong></span></span></p>
			</td>
			<td style="width:447px">
			<ul>
				<li><span style="font-family:verdana,geneva,sans-serif"><span style="font-size:18px">&iquest;Qu&eacute; objeto, persona o situaci&oacute;n originaran los sentimientos que expresar&aacute;s en tu poema?</span></span></li>
			</ul>
			</td>
		</tr>
		<tr>
			<td style="width:141px">
			<p><span style="font-family:verdana,geneva,sans-serif"><span style="font-size:18px"><strong>Motivo l&iacute;rico</strong></span></span></p>
			</td>
			<td style="width:447px">
			<ul>
				<li><span style="font-family:verdana,geneva,sans-serif"><span style="font-size:18px">&iquest;Cu&aacute;l es la idea general de tu poema?</span></span></li>
			</ul>
			</td>
		</tr>
		<tr>
			<td style="width:141px">
			<p><span style="font-family:verdana,geneva,sans-serif"><span style="font-size:18px"><strong>Temple del &aacute;nimo</strong></span></span></p>
			</td>
			<td style="width:447px">
			<ul>
				<li><span style="font-family:verdana,geneva,sans-serif"><span style="font-size:18px">&iquest;Cu&aacute;l ser&aacute; el estado de &aacute;nimo que intentas expresar por medio de tu poema?</span></span></li>
			</ul>
			</td>
		</tr>
		<tr>
			<td style="width:141px">
			<p><span style="font-family:verdana,geneva,sans-serif"><span style="font-size:18px"><strong>Actitud del hablante</strong></span></span></p>
			</td>
			<td style="width:447px">
			<ul>
				<li><span style="font-family:verdana,geneva,sans-serif"><span style="font-size:18px">&iquest;Qu&eacute; tipo de actitud (enunciativa, apostr&oacute;fica o carm&iacute;nica) elegir&aacute;s para escribir en tu poema?</span></span></li>
			</ul>
			</td>
		</tr>
		<tr>
			<td style="width:141px">
			<p><span style="font-family:verdana,geneva,sans-serif"><span style="font-size:18px"><strong>Extensi&oacute;n del poema</strong></span></span></p>
			</td>
			<td style="width:447px">
			<ul>
				<li><span style="font-family:verdana,geneva,sans-serif"><span style="font-size:18px">Recuerda que m&aacute;ximo puedes escribir <strong>veinte versos</strong>.</span></span></li>
				<li><span style="font-family:verdana,geneva,sans-serif"><span style="font-size:18px">Puedes pensar en escribir un poema libre o estructurar por ejemplo un soneto que tiene 14 versos.</span></span></li>
			</ul>
			</td>
		</tr>
	</tbody>
</table>

<p>Teniendo en cuenta que ya tienes las caracter&iacute;sticas que deseas plasmar en tu poema, puedes comenzar a escribirlo. Recuerda que est&aacute; bien si haces cambios o corriges algunos aspectos.</p>
]]></section>
<section title="Edita" path="le_06_06_rec360_img03n.jpg" pathAmp="le_06_06_rec360_img03a.jpg" image1Text="" zoom1="true" zoom2a="false" zoom2b="false" layout="0" >
<![CDATA[

<p><span style="font-size:22px"><span style="font-family:verdana,geneva,sans-serif">Despu&eacute;s de escribir tu poema, revisa la coherencia que tenga con el plan que organizaste anteriormente, adem&aacute;s de la ortograf&iacute;a. Env&iacute;aselo a tu docente&nbsp;para que pueda revisarlo y realizarte las observaciones correspondientes.</span></span></p>
]]></section>
</engine>