﻿<?xml version="1.0" encoding="utf-8"?><motor tipo="101" clase="a" aprid="m101a">
  <plataforma>
    <grado>2</grado>
    <titulo>Refuerza tu aprendizaje: El teatro moderno</titulo>
    <volumen/>
    <nivel><![CDATA[1]]></nivel>
    <referencia/>
    <motor/>
    <lang>es</lang>
  </plataforma>
  <enunciado><![CDATA[La siguiente actividad te permitirá aproximarte al teatro moderno y contemporáneo, y a la escena teatral nacional. Cuando termines, haz clic en Enviar para que tus respuestas sean corregidas.]]></enunciado>
  <masinfo inicio="0"/>
  <calc><![CDATA[0]]></calc>
  <preguntas cantidad="5">
    <pregunta>
      <enunciado><![CDATA[Las películas del recordado actor y director de cine Charles Chaplin tuvieron una fuerte influencia en el teatro del absurdo. Averigua qué elementos tomó el teatro de dichas películas.]]></enunciado>
      <explicacion><![CDATA[El teatro moderno y el teatro contemporáneo han sido frecuentemente influenciados por otras expresiones estéticas como el cine, la danza, la música, etc.]]></explicacion>
      <nivel><![CDATA[1]]></nivel>
      <tipo><![CDATA[S]]></tipo>
      <imagen><![CDATA[LE_07_05_REC_120_IMG01n.png]]></imagen>
      <ampliacion><![CDATA[LE_07_05_REC_120_IMG01a.png]]></ampliacion>
      <texto/>
    </pregunta>
    <pregunta>
      <enunciado><![CDATA[Consulta qué agrupaciones y salas de teatro se destacan actualmente en Colombia. Investiga la historia de compañías teatrales como {{neg}}La Maldita Vanidad{{normal}} y {{neg}}Teatro de Garaje{{normal}}. ]]></enunciado>
      <explicacion><![CDATA[La escena teatral en Colombia no se detiene. Actualmente, además de las salas de teatro tradicionales, hay dramaturgos y grupos que buscan revitalizar el teatro en el país. Te aconsejamos averiguar qué grupos y salas teatrales alternativas hay en tu ciudad y tu localidad.]]></explicacion>
      <nivel><![CDATA[2]]></nivel>
      <tipo/>
      <imagen><![CDATA[LE_07_05_REC_120_IMG02n.png]]></imagen>
      <ampliacion><![CDATA[LE_07_05_REC_120_IMG02a.png]]></ampliacion>
      <texto/>
    </pregunta>
    <pregunta>
      <enunciado><![CDATA[Investiga quién es Konstantín Stanislavski. Averigua cuáles fueron sus aportes al teatro.]]></enunciado>
      <explicacion><![CDATA[Un método muy reconocido de enseñanza para actores de teatro es el {{cur}}Método de las acciones físicas{{normal}}. Esta técnica tiene su origen en las investigaciones en torno al trabajo del actor realizadas por el director, actor y pedagogo teatral Konstantín Stanislavsky.]]></explicacion>
      <nivel><![CDATA[2]]></nivel>
      <tipo><![CDATA[S]]></tipo>
      <imagen><![CDATA[LE_07_05_REC_120_IMG03n.png]]></imagen>
      <ampliacion><![CDATA[LE_07_05_REC_120_IMG03a.png]]></ampliacion>
      <texto/>
    </pregunta>
    <pregunta>
      <enunciado><![CDATA[Consulta quién es Enrique Buenaventura, cuáles fueron sus aportes a la escena teatral colombiana y cuáles son sus obras más representativas.]]></enunciado>
      <explicacion/>
      <nivel><![CDATA[2]]></nivel>
      <tipo/>
      <imagen><![CDATA[LE_07_05_REC_120_IMG04n.png]]></imagen>
      <ampliacion><![CDATA[LE_07_05_REC_120_IMG04a.png]]></ampliacion>
      <texto/>
    </pregunta>
    <pregunta>
      <enunciado><![CDATA[Averigua quién es Víctor Viviescas, cuáles son sus aportes a la escena teatral colombiana y cuáles son sus obras más representativas.]]></enunciado>
      <explicacion><![CDATA[Víctor Viviescas es un dramaturgo colombiano cuya obra se destaca por el uso interesante del lenguaje y la atmósfera extraña que logra crear alrededor de sus personajes a través de los diálogos.]]></explicacion>
      <nivel><![CDATA[2]]></nivel>
      <tipo><![CDATA[M]]></tipo>
      <imagen><![CDATA[LE_07_05_REC_120_IMG05n.png]]></imagen>
      <ampliacion><![CDATA[LE_07_05_REC_120_IMG05a.png]]></ampliacion>
      <texto/>
    </pregunta>
  </preguntas>
</motor>