﻿<?xml version="1.0" encoding="utf-8"?>
<motor tipo="5" clase="c" aprid="m5c">
  <plataforma>
    <grado><![CDATA[2]]></grado>
    <titulo>Gramática: las oraciones simples y las oraciones compuestas</titulo>
    <area>0</area>
    <nivel>3</nivel>
    <referencia />
    <idreg><![CDATA[0]]></idreg>
    <motor><![CDATA[M5C]]></motor>
    <lang>es</lang>
  </plataforma>
  <enunciado><![CDATA[Resuelve las actividades con base en las oraciones de los audios.]]></enunciado>
  <masinfo inicio="0" />
  <sinaleatoriedad><![CDATA[0]]></sinaleatoriedad>
  <calc><![CDATA[0]]></calc>
  <respuestaunica><![CDATA[0]]></respuestaunica>
  <test cantidad="5">
    <cuestion>
      <enunciado><![CDATA[El núcleo del sujeto de la oración es]]></enunciado>
      <explicacion />
      <sonido><![CDATA[audioDummy.mp3]]></sonido>
      <respuestas>
        <respuesta contestacion="{{cur}}el espíritu dinámico de la escena{{normal}}." correcta="0" />
        <respuesta contestacion="{{cur}}la escena{{normal}}." correcta="0" />
        <respuesta contestacion="{{cur}}dinámico{{normal}}." correcta="0" />
        <respuesta contestacion="{{cur}}espíritu{{normal}}." correcta="1" />
      </respuestas>
    </cuestion>
    <cuestion>
      <enunciado><![CDATA[El enunciado es una oración compuesta coordinada de clase]]></enunciado>
      <explicacion />
      <sonido><![CDATA[audioDummy.mp3]]></sonido>
      <respuestas>
        <respuesta contestacion="copulativa." correcta="1" />
        <respuesta contestacion="disyuntiva." correcta="0" />
        <respuesta contestacion="distributiva." correcta="0" />
        <respuesta contestacion="explicativa." correcta="0" />
      </respuestas>
    </cuestion>
    <cuestion>
      <enunciado><![CDATA[En la presente oración, el núcleo del predicado es un verbo]]></enunciado>
      <explicacion />
      <sonido><![CDATA[audioDummy.mp3]]></sonido>
      <respuestas>
        <respuesta contestacion="impersonal." correcta="0" />
        <respuesta contestacion="copulativo." correcta="1" />
        <respuesta contestacion="pasivo reflejo." correcta="0" />
        <respuesta contestacion="reflexivo." correcta="0" />
      </respuestas>
    </cuestion>
    <cuestion>
      <enunciado><![CDATA[En esta oración, el núcleo del predicado es]]></enunciado>
      <explicacion />
      <sonido><![CDATA[audioDummy.mp3]]></sonido>
      <respuestas>
        <respuesta contestacion="{{cur}}varios adjetivos{{normal}}." correcta="0" />
        <respuesta contestacion="{{cur}}serie de oraciones{{normal}}." correcta="0" />
        <respuesta contestacion="{{cur}}emplea{{normal}}." correcta="1" />
        <respuesta contestacion="{{cur}}verbal{{normal}}." correcta="0" />
      </respuestas>
    </cuestion>
    <cuestion>
      <enunciado><![CDATA[Esta oración cuenta con unos complementos cuyo orden es]]></enunciado>
      <explicacion />
      <sonido><![CDATA[audioDummy.mp3]]></sonido>
      <respuestas>
        <respuesta contestacion="un CC de tiempo y un CI." correcta="0" />
        <respuesta contestacion="un CC de lugar, un CD y un CI." correcta="0" />
        <respuesta contestacion="un CC de lugar, un CD y un CC de finalidad." correcta="1" />
        <respuesta contestacion="un CC de tiempo, un CD y un CI." correcta="0" />
      </respuestas>
    </cuestion>
  </test>
</motor>