﻿<?xml version="1.0" encoding="utf-8"?><engine copy="Editorial Planeta" version="1" aprid="f10">
<main mode="f10" title="El diccionario y las TIC">
<tf><![CDATA[<p><span style="font-size:16px;"><span style="font-family:verdana,geneva,sans-serif;"><strong>Nuevas aplicaciones para consultar el <em>Diccionario</em> en dispositivos m&oacute;viles</strong></span></span></p>

<p><span style="font-size:16px;"><span style="font-family:verdana,geneva,sans-serif;">Desde hoy, 21 de enero de 2016, los usuarios de dispositivos m&oacute;viles cuentan con una nueva aplicaci&oacute;n gratuita, con versiones para Apple y Android, desde la que podr&aacute;n consultar la &uacute;ltima edici&oacute;n del <em>Diccionario de la lengua espa&ntilde;ola (DLE)</em>, la vigesimotercera, publicada en octubre de 2014 por la Real Academia Espa&ntilde;ola (RAE) y la Asociaci&oacute;n de Academias de la Lengua Espa&ntilde;ola (ASALE) en la editorial Espasa.&nbsp;</span></span></p>

<p><span style="font-size:16px;"><span style="font-family:verdana,geneva,sans-serif;">El acceso [http://dle.rae.es] a esta versi&oacute;n electr&oacute;nica es posible, desde octubre de 2015, gracias al compromiso con la cultura de la Obra Social &ldquo;la Caixa&rdquo;.</span></span></p>

<p><span style="font-size:16px;"><span style="font-family:verdana,geneva,sans-serif;">Coincidiendo con este lanzamiento, tambi&eacute;n se ha modificado la URL de la edici&oacute;n anterior, la vigesimosegunda (2001), cuya consulta sigue disponible en el portal de la Real Academia Espa&ntilde;ola (RAE), pero con otra URL, tal como se advertir&aacute; a los usuarios a trav&eacute;s de un mensaje al realizar una b&uacute;squeda. Esta es la nueva direcci&oacute;n: http://drae2001.rae.es</span></span></p>

<p><span style="font-size:16px;"><span style="font-family:verdana,geneva,sans-serif;">En las aplicaciones para m&oacute;viles vinculadas a la antigua URL de esta 22.&ordf; edici&oacute;n, como la de la RAE y el Grupo Planeta, un aviso anunciar&aacute; el cambio registrado.</span></span></p>

<p><span style="font-size:16px;"><span style="font-family:verdana,geneva,sans-serif;">De esta forma, todos los diccionarios publicados por la RAE desde 1726 contin&uacute;an disponibles gratuitamente en las p&aacute;ginas electr&oacute;nicas de la corporaci&oacute;n, junto con otras obras y proyectos institucionales.</span></span></p>

<p><span style="font-size:16px;"><span style="font-family:verdana,geneva,sans-serif;">Finalmente, y en la medida de lo posible, se han hecho algunas modificaciones encaminadas a una mejor visualizaci&oacute;n del <em>DLE</em> (2014) en determinadas versiones del navegador Internet Explorer que hasta ahora ofrec&iacute;an dificultades de adaptaci&oacute;n.</span></span></p>

<p><span style="font-size:16px;"><span style="font-family:verdana,geneva,sans-serif;">APLICACI&Oacute;N PARA M&Oacute;VILES</span></span></p>

<p><span style="font-size:16px;"><span style="font-family:verdana,geneva,sans-serif;"><em>DLE</em> es el nombre de la nueva y &uacute;nica aplicaci&oacute;n oficial que la RAE y la ASALE ponen a disposici&oacute;n de los hispanohablantes para consultar la 23.&ordf; edici&oacute;n del <em>Diccionario de la lengua espa&ntilde;ola</em>, la &uacute;ltima aparecida hasta la fecha.</span></span></p>

<p><span style="font-size:16px;"><span style="font-family:verdana,geneva,sans-serif;">La aplicaci&oacute;n <em>DLE</em> permite resolver al instante y de forma f&aacute;cil cualquier duda sobre el significado de una palabra y sus caracter&iacute;sticas ortogr&aacute;ficas y gramaticales, accediendo directamente a la base de datos del <em>Diccionario</em>.</span></span></p>

<p><span style="font-size:16px;"><span style="font-family:verdana,geneva,sans-serif;">Se pueden explorar, con una interfaz &aacute;gil e intuitiva, las m&uacute;ltiples posibilidades de consulta al diccionario m&aacute;s importante de la lengua espa&ntilde;ola. Entre ellas destacan:</span></span></p>

<p><span style="font-size:16px;"><span style="font-family:verdana,geneva,sans-serif;">B&uacute;squeda aproximada de palabras, expresiones y locuciones, usando un potente algoritmo.</span></span></p>

<p><span style="font-size:16px;"><span style="font-family:verdana,geneva,sans-serif;">B&uacute;squeda exacta de entradas del <em>Diccionario</em>.</span></span></p>

<p><span style="font-size:16px;"><span style="font-family:verdana,geneva,sans-serif;">B&uacute;squeda de palabras con los criterios &laquo;Comienza por...&raquo;, &laquo;Contiene...&raquo; y &laquo;Termina en...&raquo;.</span></span></p>

<p><span style="font-size:16px;"><span style="font-family:verdana,geneva,sans-serif;">Obtenci&oacute;n de anagramas.</span></span></p>

<p><span style="font-size:16px;"><span style="font-family:verdana,geneva,sans-serif;">B&uacute;squeda aleatoria.</span></span></p>

<p><span style="font-size:16px;"><span style="font-family:verdana,geneva,sans-serif;">Posibilidad de compartir resultados.</span></span></p>

<p><span style="font-size:16px;"><span style="font-family:verdana,geneva,sans-serif;">Texto de la entrada navegable.</span></span></p>

<p><span style="font-size:16px;"><span style="font-family:verdana,geneva,sans-serif;">&Iacute;ndice de expresiones y locuciones de cada entrada.</span></span></p>

<p><span style="font-size:16px;"><span style="font-family:verdana,geneva,sans-serif;">Acceso directo a la conjugaci&oacute;n de los verbos.</span></span></p>

<p><span style="font-size:16px;"><span style="font-family:verdana,geneva,sans-serif;">Palabra del d&iacute;a.</span></span></p>

<p align="right"><span style="font-size:16px;"><span style="font-family:verdana,geneva,sans-serif;">Real Academia Espa&ntilde;ola. Disponible en <a href="http://www.rae.es/noticias/nuevas-aplicaciones-para-consultar-el-diccionario-en-dispositivos-moviles">[VER]</a>.</span></span></p>
]]></tf>
</main>
<understanding title="" title2="Comprensión" buttons="false" visible="true" >
	<definition>
		<title></title>
		<def><![CDATA[<p><span style="color:#FF8C00;"><span style="font-size: 20px;"><span style="font-family: verdana,geneva,sans-serif;"><span style="font-size: 24px;">Comprensi&oacute;n</span></span></span></span></p>

<ul>
	<li><span style="font-size:20px;"><span style="font-family:verdana,geneva,sans-serif;">&iquest;Qu&eacute; es lo que se anuncia en el texto?</span></span></li>
	<li><span style="font-size:20px;"><span style="font-family:verdana,geneva,sans-serif;">&iquest;Cu&aacute;les son las entidades responsables de sacar el <em>Diccionario</em>?</span></span></li>
	<li><span style="font-size:20px;"><span style="font-family:verdana,geneva,sans-serif;">&iquest;Qu&eacute; funci&oacute;n cumplen las distintas direcciones web que se mencionan en el texto?</span></span></li>
	<li><span style="font-size:20px;"><span style="font-family:verdana,geneva,sans-serif;">&iquest;Crees que las funciones enunciadas en la nota son interesantes? &iquest;Por qu&eacute;?</span></span></li>
</ul>
]]></def>
	</definition>
	<definition>
		<title></title>
		<def><![CDATA[<p><span style="color:#FF8C00;"><span style="font-size: 24px;"><span style="font-family: verdana,geneva,sans-serif;">Comprensi&oacute;n</span></span></span></p>

<ul>
	<li><span style="font-size:20px;"><span style="font-family:verdana,geneva,sans-serif;">&iquest;A qui&eacute;nes les podr&iacute;a interesar el dato expresado en &ldquo;todos los diccionarios publicados por la RAE desde 1726 contin&uacute;an disponibles gratuitamente en las p&aacute;ginas electr&oacute;nicas de la corporaci&oacute;n&rdquo;? &iquest;Por qu&eacute;?</span></span></li>
	<li><span style="font-size:20px;"><span style="font-family:verdana,geneva,sans-serif;">&iquest;Qu&eacute; se busca al expresar las caracter&iacute;sticas que tiene la aplicaci&oacute;n? &iquest;A qui&eacute;n va dirigida esta informaci&oacute;n?</span></span></li>
	<li><span style="font-size:20px;"><span style="font-family:verdana,geneva,sans-serif;">&iquest;Crees que t&uacute; eres una de las personas a las que podr&iacute;a estar destinado este texto? &iquest;Por qu&eacute;?</span></span></li>
	<li><span style="font-size:20px;"><span style="font-family:verdana,geneva,sans-serif;">&iquest;Esta ser&iacute;a una aplicaci&oacute;n que descargar&iacute;as en tu tel&eacute;fono inteligente o en tu tableta? &iquest;Cu&aacute;l crees que podr&iacute;a ser su utilidad?</span></span></li>
</ul>]]></def>
	</definition>
	<definition>
		<title></title>
		<def><![CDATA[<p><span style="font-size:20px;"><span style="font-family:verdana,geneva,sans-serif;"><span style="color:#FFA500;"><span style="font-size:24px;">Comprensi&oacute;n</span></span></span></span></p>

<p><span style="font-size:20px;"><span style="font-family:verdana,geneva,sans-serif;">Descarga la aplicaci&oacute;n <strong>Dle</strong> de la tienda de iTunes o de Google Play en tu tableta o en tu tel&eacute;fono inteligente. Luego, responde:</span></span></p>

<ul>
	<li><span style="font-size:20px;"><span style="font-family:verdana,geneva,sans-serif;">&iquest;Crees que su funcionamiento permite una mejor experiencia que con un diccionario real? &iquest;Por qu&eacute;?</span></span></li>
	<li><span style="font-size:20px;"><span style="font-family:verdana,geneva,sans-serif;">&iquest;Qu&eacute; ventajas y desventajas encuentras al comparar la aplicaci&oacute;n con un diccionario f&iacute;sico?</span></span></li>
	<li><span style="font-size:20px;"><span style="font-family:verdana,geneva,sans-serif;">&iquest;Qu&eacute; ventajas y desventajas crees que tiene esta aplicaci&oacute;n en comparaci&oacute;n con su versi&oacute;n de escritorio (p&aacute;gina web)?</span></span></li>
</ul>
]]></def>
	</definition>
</understanding>
<definitions title="" title2="Léxico" visible="true" >
	<definition>
		<title>URL</title>
		<def><![CDATA[<p><span style="font-size:18px;"><span style="font-family:verdana,geneva,sans-serif;"><strong>URL:</strong></span></span></p>

<p><span style="font-size:18px;"><span style="font-family:verdana,geneva,sans-serif;">sigla de&nbsp;<em>Uniform Resource Locator</em>, localizador de recursos uniforme.&nbsp;Direcci&oacute;n de un recurso en internet expresada de una manera est&aacute;ndar. Se utiliza en documentos HTML para indicar el destino de un enlace. La primera parte especifica el protocolo (<em>http</em>: para p&aacute;ginas web, ftp: para un servidor&nbsp;<em>ftp</em>, etc.), la segunda parte, el nombre del servidor donde reside el recurso y la ruta hacia el recurso.</span></span></p>]]></def>
	</definition>
	<definition>
		<title>Aplicación</title>
		<def><![CDATA[<p><span style="font-size:18px;"><span style="font-family: verdana, geneva, sans-serif;"><strong>Aplicaci&oacute;n:</strong></span></span></p>

<p><span style="font-size:18px;"><span style="font-family: verdana, geneva, sans-serif;">seg&uacute;n el DLE, programa preparado para una utilizaci&oacute;n espec&iacute;fica, como el pago de n&oacute;minas, el tratamiento de textos, etc.</span></span></p>]]></def>
	</definition>
	<definition>
		<title>Interfaz</title>
		<def><![CDATA[<p><span style="font-size:18px;"><span style="font-family: verdana, geneva, sans-serif;"><strong>Interfaz:</strong></span></span></p>

<p><span style="font-size:18px;"><span style="font-family: verdana, geneva, sans-serif;">sistema de comunicaci&oacute;n entre ordenador y usuario basado en el uso de elementos gr&aacute;ficos.</span></span></p>]]></def>
	</definition>
	<definition>
		<title>Algoritmo</title>
		<def><![CDATA[<p><span style="font-size:18px;"><span style="font-family: verdana, geneva, sans-serif;"><strong>Algoritmo:</strong></span></span></p>

<p><span style="font-size:18px;"><span style="font-family: verdana, geneva, sans-serif;">Matem&aacute;ticas. Conjunto de reglas y procedimientos de c&aacute;lculo bien definidos que conducen a la soluci&oacute;n de un problema mediante un n&uacute;mero finito de pasos; permite automatizar una operaci&oacute;n matem&aacute;tica (o, en general, de cualquier tipo) e implementarla en un programa inform&aacute;tico.</span></span></p>
]]></def>
	</definition>
	<definition>
		<title>Anagrama</title>
		<def><![CDATA[<p><span style="font-size:18px;"><span style="font-family: verdana, geneva, sans-serif;"><strong>Anagrama:</strong></span></span></p>

<p><span style="font-size:18px;"><span style="font-family: verdana, geneva, sans-serif;">transformaci&oacute;n de una palabra o sentencia en otra por la transposici&oacute;n de sus letras.</span></span></p>
]]></def>
	</definition>
</definitions>
<reaserch title="" title2="Investiga" buttons="false" visible="true" >
	<definition>
		<title></title>
		<def><![CDATA[<p><span style="color:#FF8C00;"><span style="font-size: 20px;"><span style="font-family: verdana,geneva,sans-serif;"><span style="font-size: 24px;">Investiga</span></span></span></span></p>

<ul>
	<li><span style="font-size:20px;"><span style="font-family:verdana,geneva,sans-serif;">&iquest;Qu&eacute; otros diccionarios hay en internet? &iquest;De qu&eacute; tem&aacute;ticas se encuentran (sin&oacute;nimos-ant&oacute;nimos, idiomas, otros)?</span></span></li>
	<li><span style="font-size:20px;"><span style="font-family:verdana,geneva,sans-serif;">&iquest;Cu&aacute;les aplicaciones ofrecen funciones similares en plataformas (iTunes, Google Play) que t&uacute; conozcas? &iquest;Cumplen funciones similares?</span></span></li>
	<li><span style="font-size:20px;"><span style="font-family:verdana,geneva,sans-serif;">&iquest;Hay otros formatos (RSS, extensiones para navegador) que desarrollen diccionarios?</span></span></li>
	<li><span style="font-size:20px;"><span style="font-family:verdana,geneva,sans-serif;">&iquest;Qu&eacute; enciclopedias &uacute;tiles o interesantes se encuentran en internet? Argumenta tu apreciaci&oacute;n.</span></span></li>
</ul>
]]></def>
	</definition>
</reaserch>
<activity title2="" visible="false" path="">
</activity></engine>