﻿<?xml version="1.0" encoding="utf-8"?><engine copy="Editorial Planeta" version="1" aprid="f6b"><main layout="3">
<title>Refuerza tu aprendizaje: Antología literaria</title>
</main>
<sections>
<section i="0" star="false" >
<menuImage>
<title><![CDATA[<p>Laura Restrepo, <em>Delirio</em></p>
]]></title>
</menuImage>
<pages>
<page i="0">
<title>Delirio</title>
<description><![CDATA[<p><span style="font-size:20px;"><span style="font-family:verdana,geneva,sans-serif;">Qu&eacute; no diera yo por saber qu&eacute; hacer, dice Aguilar, pero solo tengo una angustia monstruosa, catorce noches sin dormir, catorce d&iacute;as sin descansar y la decisi&oacute;n de sacar a Agustina al otro lado aunque ella misma se oponga. Est&aacute; furiosa. Est&aacute; furiosa y desarticulada y abatida; el cerebro le estall&oacute; en pedazos y para ayudarla a recomponerlo solo puedo guiarme por la br&uacute;jula de mi amor por ella, mi inmenso amor por ella, pero esa br&uacute;jula hoy por hoy es incierta porque me cuesta quererla, por momentos me cuesta mucho porque mi Agustina no est&aacute; amable ni parece quererme ya, y me ha declarado una guerra a dentelladas de la cual vamos saliendo los dos hechos pedazos. Guerra o indiferencia, y no se sabe cu&aacute;l de las dos es m&aacute;s dif&iacute;cil de lidiar, Aguilar se consuela pensando que no es ella quien lo odia sino esa persona extra&ntilde;a que ha tomado posesi&oacute;n de ella, esa lavandera energ&uacute;mena para quien &eacute;l no es m&aacute;s que alguien que ensucia todo lo que toca. Hay instantes en que Agustina parece aceptar una tregua y garrapatea dibujos para explicarle a Aguilar lo que le pasa. Pinta unos redondeles entre otros m&aacute;s grandes, unos redondeles que se desprenden de otros como racimos de ansiedad, y dice que son las c&eacute;lulas de su cuerpo redivivo que se reproducen y la rescatan. De qu&eacute; me hablas, Agustina, le pregunta Aguilar y ella trata de explicarle trazando nuevos c&iacute;rculos, ahora min&uacute;sculos y apretados, furiosamente rete&ntilde;idos con el l&aacute;piz sobre una hoja de cuaderno. Son part&iacute;culas de mi propio cuerpo, insiste Agustina moviendo el l&aacute;piz con tal brusquedad que rasga el papel, irritada porque no logra explicar, porque su marido no logra entenderla. Porque tengo en m&iacute; contra el peso de una culpa, reconoce Aguilar, y es que conozco poco a mi mujer a pesar de haber convivido con ella durante lo que ya van a ser tres a&ntilde;os. Sobre ese raro territorio que es el delirio, Aguilar ha logrado comprobar al menos dos cosas: una, que es de naturaleza devoradora y que puede engullirlo como hizo con ella, y dos, que el ritmo vertiginoso en que se multiplica hace que sea contra reloj que adem&aacute;s emprende tarde, por no haberse percatado a tiempo de los avances del desastre.</span></span></p>

<p align="right"><span style="font-size:20px;"><span style="font-family:verdana,geneva,sans-serif;">Laura Restrepo. <em>Delirio</em>. Madrid: Santillana, 2004.</span></span></p>
]]></description>
<images>
<image path="LE_08_08_REC120_IMG01n.jpg" border="false" pathbig="LE_08_08_REC120_IMG01a.jpg" zoomEnabled="true">
<title><![CDATA[“Está furiosa y desarticulada y abatida; el cerebro le estalló en pedazos…”.]]></title>
</image>
</images>
<questions>
<question visible="true">
<text><![CDATA[<p><span style="font-family:verdana,geneva,sans-serif;">Reconoce las voces que se escuchan en la lectura.</span></p>
]]></text><answers>
<answer correct="true">
<![CDATA[Agustina, narrador, Aguilar.]]></answer>
<answer correct="false">
<![CDATA[Narradora, Aguilar.]]></answer>
<answer correct="false">
<![CDATA[Aguilar, narrador.]]></answer>
<answer correct="false">
<![CDATA[Agustina, Aguilar]]></answer>
</answers>
</question>
<question visible="true">
<text><![CDATA[<p><span style="font-family:verdana,geneva,sans-serif;">Infiere qu&eacute; relaci&oacute;n tienen Agustina y Aguilar.</span></p>
]]></text><answers>
<answer correct="false">
<![CDATA[Son padre e hija. ]]></answer>
<answer correct="false">
<![CDATA[Son madre e hijo.]]></answer>
<answer correct="true">
<![CDATA[Son esposos.]]></answer>
<answer correct="false">
<![CDATA[Son amigos.]]></answer>
</answers>
</question>
<question visible="true">
<text><![CDATA[<p><span style="font-family:verdana,geneva,sans-serif;">Recuerda qu&eacute; signos de puntuaci&oacute;n se suelen usar en lugar de las comas en la frase subrayada &ldquo;tengo en m&iacute; contra el peso de una culpa<u>, reconoce Aguilar,</u> y es que&hellip;&rdquo;.</span></p>
]]></text><answers>
<answer correct="false">
<![CDATA[Signos de admiración.]]></answer>
<answer correct="false">
<![CDATA[Coma y punto y coma.]]></answer>
<answer correct="true">
<![CDATA[Rayas.]]></answer>
<answer correct="false">
<![CDATA[Guiones.]]></answer>
</answers>
</question>
<question visible="true">
<text><![CDATA[<p><span style="font-family:verdana,geneva,sans-serif;">Deduce la raz&oacute;n por la que el narrador solo use mayoritariamente comas como signos de puntuaci&oacute;n.</span></p>
]]></text><answers>
<answer correct="false">
<![CDATA[No sabe usar signos de puntuación.]]></answer>
<answer correct="false">
<![CDATA[Quiere darle una mayor vertiginosidad al relato.]]></answer>
<answer correct="false">
<![CDATA[Le parecen más bonitos estos signos de puntuación que los otros. ]]></answer>
<answer correct="true">
<![CDATA[Pretende reproducir el flujo de conciencia de los personajes.]]></answer>
</answers>
</question>
<question visible="true">
<text><![CDATA[<p><span style="font-family:verdana,geneva,sans-serif;">Completa la frase. Seg&uacute;n el fragmento, la mente de Agustina se encuentra&hellip;</span></p>
]]></text><answers>
<answer correct="true">
<![CDATA[destrozada.]]></answer>
<answer correct="false">
<![CDATA[calmada.]]></answer>
<answer correct="false">
<![CDATA[inquieta.]]></answer>
<answer correct="false">
<![CDATA[recuperada.]]></answer>
</answers>
</question>
</questions>
</page>
</pages>
</section><section i="1" star="false" >
<menuImage>
<title><![CDATA[<p>Fernando Vallejo, <em>La virgen de los sicarios</em></p>
]]></title>
</menuImage>
<pages>
<page i="0">
<title>La virgen de los sicarios</title>
<description><![CDATA[<p><span style="font-size:20px;"><span style="font-family:verdana,geneva,sans-serif;">Hab&iacute;a en las afueras de Medell&iacute;n un pueblo silencioso y apacible que se llamaba Sabaneta. Bien que lo conoc&iacute; porque all&iacute; cerca, a un lado de la carretera que ven&iacute;a de Envigado, otro pueblo, a mitad de camino en&shy;tre los dos pueblos, en la finca Santa Anita de mis abue&shy;los, a mano izquierda viniendo, transcurri&oacute; mi infancia. Claro que lo conoc&iacute;. Estaba al final de esa carretera, en el fin del mundo. M&aacute;s all&aacute; no hab&iacute;a nada, ah&iacute; el mundo empezaba a bajar, a redondearse, a dar la vuelta. Y eso lo constat&eacute; la tarde que elevamos el globo m&aacute;s grande que hubieran visto los cielos de Antioquia, un rombo de ciento veinte pliegos inmenso, rojo, rojo, rojo para que resaltara sobre el cielo azul. El tama&ntilde;o no me lo van a creer, &iexcl;pero qu&eacute; saben ustedes de globos! &iquest;Saben qu&eacute; son? Son rombos o cruces o esferas hechos de papel de china deleznable, y por dentro llevan una candileja encendida que los llena de humo para que suban. El humo es como quien dice su alma, y la candileja el co&shy;raz&oacute;n. Cuando se llenan de humo y empiezan a jalar, los que los est&aacute;n elevando sueltan, soltamos, y el globo se va yendo, yendo al cielo con el coraz&oacute;n encendido, palpitando, como el Coraz&oacute;n de Jes&uacute;s. &iquest;Saben qui&eacute;n es? Nosotros ten&iacute;amos uno en la sala; en la sala de la casa de la calle del Per&uacute; de la ciudad de Medell&iacute;n, capital de Antioquia; en la casa en donde yo nac&iacute;, en la sala entro&shy;nizado o sea (porque s&eacute; que no van a saber) bendecido un d&iacute;a por el cura. A &eacute;l est&aacute; consagrada Colombia, mi patria. &Eacute;l es Jes&uacute;s y se est&aacute; se&ntilde;alando el pecho con el dedo, y en el pecho abierto el coraz&oacute;n sangrando: goti&shy;cas de sangre rojo vivo, encendido, como la candileja del globo: es la sangre que derramar&aacute; Colombia, ahora y siempre por los siglos de los siglos am&eacute;n.</span></span></p>

<p><span style="font-size:20px;"><span style="font-family:verdana,geneva,sans-serif;">&iquest;Pero qu&eacute; les estaba diciendo del globo, de Sabaneta? Ah s&iacute;, que el globo subi&oacute; y subi&oacute; y empujado por el viento, dejando atr&aacute;s y abajo los gallinazos se fue yendo hacia Sabaneta. Y nosotros que corremos al carro y &iexcl;ran! que arrancamos, y nos vamos sigui&eacute;ndolo por la carretera en el Hudson de mi abuelito. Ah no, no fue en el Hudson de mi abuelito, fue en la carcacha de mi pap&aacute;. Ah s&iacute;, s&iacute; fue en el Hudson. Ya ni s&eacute;, hace tanto, ya no recuerdo... Recuerdo que &iacute;bamos de bache en bache &iexcl;pum! &iexcl;pum! &iexcl;pum! por esa carreterita destar&shy;talada y el carro a toda, desbarajust&aacute;ndose, como se nos desbarajust&oacute; despu&eacute;s Colombia, o mejor dicho, como se &quot;les&quot; desbarajust&oacute; a ellos porque a m&iacute; no, yo aqu&iacute; no estaba, yo volv&iacute; despu&eacute;s, a&ntilde;os y a&ntilde;os, d&eacute;cadas, vuelto un viejo, a morir.</span></span></p>

<p align="right"><span style="font-size:20px;"><span style="font-family:verdana,geneva,sans-serif;">Fernando Vallejo. <em>La virgen de los sicarios</em>. Bogot&aacute;: Alfaguara, 2002.</span></span></p>
]]></description>
<images>
<image path="LE_08_08_REC120_IMG02n.jpg" border="false" pathbig="LE_08_08_REC120_IMG02a.jpg" zoomEnabled="true">
<title><![CDATA[“… es la sangre que derramará Colombia, ahora y siempre por los siglos de los siglos amén”.]]></title>
</image>
</images>
<questions>
<question visible="true">
<text><![CDATA[<p><span style="font-family:verdana,geneva,sans-serif;">Deduce a qui&eacute;n se refiere el narrador cuando dice &ldquo;&iexcl;pero qu&eacute; saben ustedes de globos!&rdquo;.</span></p>
]]></text><answers>
<answer correct="true">
<![CDATA[Los lectores.]]></answer>
<answer correct="false">
<![CDATA[Los editores. ]]></answer>
<answer correct="false">
<![CDATA[Los autores. ]]></answer>
<answer correct="false">
<![CDATA[Sus familiares.]]></answer>
</answers>
</question>
<question visible="true">
<text><![CDATA[<p><span style="font-family:verdana,geneva,sans-serif;"><span style="font-size:20px;">Reconoce qu&eacute; caracter&iacute;stica supone el narrador que tienen sus posibles lectores.</span></span></p>
]]></text><answers>
<answer correct="false">
<![CDATA[Son medellinenses.]]></answer>
<answer correct="false">
<![CDATA[Son antioqueños.]]></answer>
<answer correct="false">
<![CDATA[Son colombianos.]]></answer>
<answer correct="true">
<![CDATA[Son extranjeros.]]></answer>
</answers>
</question>
<question visible="true">
<text><![CDATA[<p><span style="font-family:verdana,geneva,sans-serif;">Lee la siguiente frase: &ldquo;Ah s&iacute;, s&iacute; fue en el Hudson. Ya ni s&eacute;, hace tanto, ya no recuerdo...&rdquo;. Responde: &iquest;qu&eacute; critica aqu&iacute; el narrador?</span></p>
]]></text><answers>
<answer correct="false">
<![CDATA[El hecho de que las camionetas antiguas sean parecidas. ]]></answer>
<answer correct="true">
<![CDATA[La fragilidad de la memoria.]]></answer>
<answer correct="false">
<![CDATA[El despiste de los niños pequeños.]]></answer>
<answer correct="false">
<![CDATA[El olvido que sufren los ancianos.]]></answer>
</answers>
</question>
<question visible="true">
<text><![CDATA[<p><span style="font-family:verdana,geneva,sans-serif;">Se&ntilde;ala la frase en la que se recoja una cr&iacute;tica velada contra la situaci&oacute;n actual del pa&iacute;s.</span></p>
]]></text><answers>
<answer correct="false">
<![CDATA[Estaba al final de esa carretera, en el fin del mundo. ]]></answer>
<answer correct="false">
<![CDATA[El humo es como quien dice su alma, y la candileja el corazón.]]></answer>
<answer correct="false">
<![CDATA[… dejando atrás y abajo los gallinazos…]]></answer>
<answer correct="true">
<![CDATA[… como se nos desbarajustó después Colombia…]]></answer>
</answers>
</question>
<question visible="true">
<text><![CDATA[<p><span style="font-family:verdana,geneva,sans-serif;">Sintetiza las posiciones que demuestra el narrador frente a la ni&ntilde;ez y la vejez, respectivamente.</span></p>
]]></text><answers>
<answer correct="false">
<![CDATA[Desencanto, alegría. ]]></answer>
<answer correct="true">
<![CDATA[Nostalgia, odio.]]></answer>
<answer correct="false">
<![CDATA[Apatía, fastidio. ]]></answer>
<answer correct="false">
<![CDATA[Alegría, ilusión.]]></answer>
</answers>
</question>
<question visible="true">
<text><![CDATA[<p><span style="font-family:verdana,geneva,sans-serif;">Identifica cu&aacute;l de los siguientes temas no es criticado de forma negativa en el fragmento.</span></p>
]]></text><answers>
<answer correct="false">
<![CDATA[ La religión. ]]></answer>
<answer correct="false">
<![CDATA[La situación social del país. ]]></answer>
<answer correct="true">
<![CDATA[La niñez.]]></answer>
<answer correct="false">
<![CDATA[El estado de las vías.]]></answer>
</answers>
</question>
</questions>
</page>
</pages>
</section><section i="2" star="false" >
<menuImage>
<title><![CDATA[<p>Antonio Caballero, <em>Sin remedio</em></p>
]]></title>
</menuImage>
<pages>
<page i="0">
<title>Sin remedio</title>
<description><![CDATA[<p><span style="font-size:20px;"><span style="font-family:verdana,geneva,sans-serif;">Se sent&oacute; en el piso. &iquest;Para qu&eacute; iba a moverse? Estaba solo para siempre en esta vida. Nadie vendr&iacute;a a buscarlo.</span></span></p>

<p><span style="font-size:20px;"><span style="font-family:verdana,geneva,sans-serif;">Durmi&oacute; una siesta al sol. Pasado un rato se empez&oacute; a aburrir, lo empez&oacute; a atenazar la angustia ciega de otros d&iacute;as. Ten&iacute;a fr&iacute;o, el d&iacute;a se hab&iacute;a nublado, empezaba a llover. Dio vueltas por la casa vac&iacute;a. &iquest;Qu&eacute; hacer? &iquest;Y por qu&eacute; hacer? Al fin y al cabo, llevaba toda la vida sin hacer absolutamente nada. Por eso le dec&iacute;an que estaba muerto.</span></span></p>

<p><span style="font-size:20px;"><span style="font-family:verdana,geneva,sans-serif;">Tal vez ten&iacute;an raz&oacute;n.</span></span></p>

<p><span style="font-size:20px;"><span style="font-family:verdana,geneva,sans-serif;">Ah, volver a pensar lo que ya hab&iacute;a pensado, como un mulo en la noria &ndash;y salirse del c&iacute;rculo por la misma tangente, con la misma pirueta&ndash;. &iquest;No hab&iacute;a decidido acaso ser un hombre de acci&oacute;n? No, no hab&iacute;a decidido nada, como no hab&iacute;a decidido nada nunca. A veces, a lo sumo, se hab&iacute;a visto arrastrado por un ca&ntilde;o, acorralado, chupado por la inercia. Y siempre con la misma nostalgia de inacci&oacute;n, de corcho en el remolino; con la misma a&ntilde;oranza del vientre de su madre, penumbroso y caliente, r&iacute;tmicamente estremecido por un bombeo de sangre fresca, suspendido en la vida como un globo en el cielo. Pero su madre no estaba ya dispuesta a recibirlo de nuevo en su matriz. Tal vez iba siendo hora de que se incorporara a la vida real.&nbsp;</span></span></p>

<p><span style="font-size:20px;"><span style="font-family:verdana,geneva,sans-serif;">Fuera eso lo que fuera. O justamente por no saber con precisi&oacute;n qu&eacute; era. No lo hab&iacute;a sabido nunca, nunca hab&iacute;a querido saberlo. Por cobard&iacute;a, tal vez: lo dec&iacute;a todo el mundo.</span></span></p>

<p><span style="font-size:20px;"><span style="font-family:verdana,geneva,sans-serif;">Pero &iquest;por qu&eacute; va a ser condenable la cobard&iacute;a? &iquest;Con qu&eacute; criterios? Ah, s&iacute;: de nuevo los criterios. Cobarde, bueno: y qu&eacute;. (&iquest;Pero ante qui&eacute;n se estaba disculpando?)</span></span></p>

<p align="right"><span style="font-size:20px;"><span style="font-family:verdana,geneva,sans-serif;">Antonio Caballero. <em>Sin remedio</em>. Bogot&aacute;: Oveja Negra, 1984.</span></span></p>
]]></description>
<images>
<image path="LE_08_08_REC120_IMG03n.jpg" border="false" pathbig="LE_08_08_REC120_IMG03a.jpg" zoomEnabled="true">
<title><![CDATA[“Pasado un rato se empezó a aburrir, lo empezó a atenazar la angustia ciega de otros días. Tenía frío, el día se había nublado, empezaba a llover”.]]></title>
</image>
</images>
<questions>
<question visible="true">
<text><![CDATA[<p><span style="font-family:verdana,geneva,sans-serif;">Destaca la cualidad de la narraci&oacute;n que m&aacute;s llama la atenci&oacute;n.</span></p>
]]></text><answers>
<answer correct="true">
<![CDATA[Se centra en las reflexiones del personaje.]]></answer>
<answer correct="false">
<![CDATA[Presenta opiniones negativas en contra del personaje. ]]></answer>
<answer correct="false">
<![CDATA[Tiene mucha acción. ]]></answer>
<answer correct="false">
<![CDATA[Está narrada en primera persona.]]></answer>
</answers>
</question>
<question visible="true">
<text><![CDATA[<p><span style="font-family:verdana,geneva,sans-serif;">Deduce a qu&eacute; t&eacute;rmino corresponde esta definici&oacute;n: &ldquo;Propiedad de la materia que expresa la tendencia de los cuerpos a permanecer en estado de reposo o de movimiento rectil&iacute;neo uniforme si sobre ellos no act&uacute;a ninguna fuerza externa&rdquo;.</span></p>
]]></text><answers>
<answer correct="false">
<![CDATA[Angustia]]></answer>
<answer correct="false">
<![CDATA[Noria]]></answer>
<answer correct="true">
<![CDATA[Inercia]]></answer>
<answer correct="false">
<![CDATA[Inacción]]></answer>
</answers>
</question>
<question visible="true">
<text><![CDATA[<p><span style="font-family:verdana,geneva,sans-serif;">Reconoce c&oacute;mo ve el personaje el vientre de su madre.</span></p>
]]></text><answers>
<answer correct="false">
<![CDATA[Aburridamente. ]]></answer>
<answer correct="true">
<![CDATA[De manera idealizada.]]></answer>
<answer correct="false">
<![CDATA[De forma escéptica.]]></answer>
<answer correct="false">
<![CDATA[Desencantadamente.]]></answer>
</answers>
</question>
<question visible="true">
<text><![CDATA[<p><span style="font-family:verdana,geneva,sans-serif;">Al final del fragmento el narrador cuenta que el personaje se pregunta ante qui&eacute;n se estaba disculpando. Infiere un posible receptor de su disculpa.</span></p>
]]></text><answers>
<answer correct="false">
<![CDATA[El lector. ]]></answer>
<answer correct="true">
<![CDATA[El mismo personaje.]]></answer>
<answer correct="false">
<![CDATA[El narrador. ]]></answer>
<answer correct="false">
<![CDATA[El autor.]]></answer>
</answers>
</question>
<question visible="true">
<text><![CDATA[<p><span style="font-family:verdana,geneva,sans-serif;">Identifica el adjetivo que califica mejor el car&aacute;cter que demuestra el personaje en el fragmento.</span></p>
]]></text><answers>
<answer correct="false">
<![CDATA[Expectante ]]></answer>
<answer correct="false">
<![CDATA[Animoso]]></answer>
<answer correct="true">
<![CDATA[Abúlico]]></answer>
<answer correct="false">
<![CDATA[Triste]]></answer>
</answers>
</question>
</questions>
</page>
</pages>
</section><section i="3" star="false" >
<menuImage>
<title><![CDATA[<p>William Ospina, <em>Sangrenegra</em></p>
]]></title>
</menuImage>
<pages>
<page i="0">
<title>Sangrenegra</title>
<description><![CDATA[<p><span style="font-size:20px;"><span style="font-family:verdana,geneva,sans-serif;">Sangrenegra fue un despiadado bandolero de mediados del siglo XX, reconocido por sus crueles m&eacute;todos de asesinato en medio de la &eacute;poca de la Violencia. Lee el siguiente poema sobre &eacute;l.</span></span></p>

<p align="center"><strong><span style="font-size:20px;"><span style="font-family:verdana,geneva,sans-serif;">Sangrenegra</span></span></strong></p>

<p><span style="font-size:20px;"><span style="font-family:verdana,geneva,sans-serif;">Es dif&iacute;cil hallar un hombre en el paisaje,<br />
y all&iacute; est&aacute;, sin embargo.<br />
Atr&aacute;s las monta&ntilde;as se envuelven en una niebla triste<br />
anterior a la historia<br />
y en la pared de roca, como antes de Col&oacute;n, como<br />
&nbsp;&nbsp; &nbsp; &nbsp; &nbsp; &nbsp; &nbsp; &nbsp; &nbsp; &nbsp; &nbsp; &nbsp;&nbsp; &nbsp; &nbsp; &nbsp; &nbsp;&nbsp; / </span></span><span style="font-family: verdana, geneva, sans-serif; font-size: 20px;">antes&nbsp;</span><span style="font-size:20px;"><span style="font-family:verdana,geneva,sans-serif;">de las ranas de oro,<br />
el agua intemporal brota y se abisma,<br />
un chorro de blancura sobre la oscuridad<br />
y no llega hasta ti su sonido de azote y de espuma.</span></span></p>

<p><span style="font-size:20px;"><span style="font-family:verdana,geneva,sans-serif;">Hay aqu&iacute; un cuerpo humano, s&iacute;, pero &iquest;un hombre?<br />
Hay hambre en ese cuerpo, hay impulsos,<br />
r&aacute;fagas de memoria, iras, bruscas ternuras,<br />
que combate con odios.<br />
Pero tambi&eacute;n debemos llamar hombre a este<br />
&nbsp; &nbsp; &nbsp; &nbsp; &nbsp; &nbsp; &nbsp; &nbsp; &nbsp; &nbsp; &nbsp; &nbsp; &nbsp; &nbsp; &nbsp; &nbsp; &nbsp; &nbsp; &nbsp; &nbsp; &nbsp; &nbsp; &nbsp; &nbsp;/&nbsp;ser salvaje,<br />
tambi&eacute;n debemos pensar en &eacute;l con generosa paciencia.<br />
Porque no somos &eacute;l, porque el destino o el azar<br />
no fueron tan crueles con nosotros.<br />
Piensa en el tiempo como un artista<br />
que sucesivamente dispone sobre un espacio<br />
&nbsp; &nbsp; &nbsp; &nbsp; &nbsp; &nbsp; &nbsp; &nbsp; &nbsp; &nbsp; &nbsp;/ </span></span><span style="font-family: verdana, geneva, sans-serif; font-size: 20px;">todas las&nbsp;</span><span style="font-size:20px;"><span style="font-family:verdana,geneva,sans-serif;">l&iacute;neas posibles<br />
tan diestramente que jam&aacute;s teje el caos<br />
sino riscos y oc&eacute;anos, el planeta y la hormiga,<br />
&nbsp; &nbsp; &nbsp; &nbsp; &nbsp; &nbsp; &nbsp; &nbsp; &nbsp; &nbsp; &nbsp;/ </span></span><span style="font-family: verdana, geneva, sans-serif; font-size: 20px;">dioses,&nbsp;</span><span style="font-size:20px;"><span style="font-family:verdana,geneva,sans-serif;">lunas,<br />
y que ha labrado el mundo sin m&aacute;s grietas<br />
que la locura y el sue&ntilde;o.<br />
De su labor brotan las maravillas incomprensibles:<br />
en sus orillas delet&eacute;reas donde pululan lo sucio<br />
&nbsp; &nbsp; &nbsp; &nbsp; &nbsp; &nbsp; &nbsp; &nbsp; &nbsp; &nbsp; &nbsp; /&nbsp;y lo obsceno<br />
todo tendr&aacute; sustancia y peso y sombra<br />
y hasta la pestilencia se somete a las leyes<br />
y hasta la lenta putrefacci&oacute;n es rigurosa como un<br />
&nbsp; &nbsp; &nbsp; &nbsp; &nbsp; &nbsp; &nbsp; &nbsp; &nbsp; &nbsp; &nbsp;/&nbsp;axioma.</span></span></p>

<p><span style="font-size:20px;"><span style="font-family:verdana,geneva,sans-serif;">Odia si quieres a este pobre b&aacute;rbaro,<br />
es igual a un instante salvaje de Alejandro o </span></span><br />
<span style="font-family: verdana, geneva, sans-serif; font-size: 20px;">&nbsp; &nbsp; &nbsp; &nbsp; &nbsp; &nbsp; &nbsp; &nbsp; &nbsp; &nbsp; &nbsp;/&nbsp;</span><span style="font-size:20px;"><span style="font-family:verdana,geneva,sans-serif;">de C&eacute;sar,<br />
pero no lo alcanz&oacute; la redenci&oacute;n del esp&iacute;ritu,<br />
es como Tamerl&aacute;n sin un carro de hierro</span></span><br />
<span style="font-family: verdana, geneva, sans-serif; font-size: 20px;">&nbsp; &nbsp; &nbsp; &nbsp; &nbsp; &nbsp; &nbsp; &nbsp; &nbsp; &nbsp; &nbsp;/</span><span style="font-size:20px;"><span style="font-family:verdana,geneva,sans-serif;">&nbsp;para entrar en la historia,<br />
es un pobre bandido de Colombia.<br />
C&eacute;rcalo y m&aacute;talo si quieres, si puedes,<br />
pero no olvides que es el tiempo quien lo ha forjado,<br />
que lo educaron sacerdotes ilustres, diosas llamadas<br />
privaci&oacute;n y venganza,<br />
que otros como &eacute;l se gestan en los hornos del odio.<br />
Porque el hombre est&aacute; hecho de a&ntilde;os irrompibles,<br />
el pasado es un inconmovible bloque de viento<br />
donde flotan inm&oacute;viles las r&iacute;gidas arenas,<br />
y nadie rompe ni corrige un hecho<br />
aunque nadie martille sobre &eacute;l en el yunque &nbsp; &nbsp; &nbsp; &nbsp; &nbsp; &nbsp; &nbsp; &nbsp; &nbsp; &nbsp; &nbsp; &nbsp; &nbsp; &nbsp; &nbsp; &nbsp; &nbsp; &nbsp; &nbsp; &nbsp; / de los&nbsp;remordimientos<br />
la vida entera.</span></span></p>

<p><span style="font-size:20px;"><span style="font-family:verdana,geneva,sans-serif;">B&oacute;rralo, al fin, si quieres, y sin embargo nada </span></span><br />
<span style="font-family: verdana, geneva, sans-serif; font-size: 20px;">&nbsp; &nbsp; &nbsp; &nbsp; &nbsp; &nbsp; &nbsp; &nbsp; &nbsp; &nbsp; &nbsp;/&nbsp;</span><span style="font-size:20px;"><span style="font-family:verdana,geneva,sans-serif;">podr&aacute; deshacerlo,<br />
solo el olvido corrige el pasado.<br />
pero si bien el tiempo es implacable y de hierro,<br />
el hoy enorme se abalanza sobre nosotros<br />
y el porvenir depende de los actos<br />
y podr&iacute;a ser d&oacute;cil como cera en tus manos.</span></span></p>

<p align="right"><span style="font-size:20px;"><span style="font-family:verdana,geneva,sans-serif;">William Ospina. <em>Poes&iacute;a</em>. Bogot&aacute;: Norma, 2008.</span></span></p>
]]></description>
<images>
<image path="LE_08_08_REC120_IMG04n.jpg" border="false" pathbig="LE_08_08_REC120_IMG04a.jpg" zoomEnabled="true">
<title><![CDATA[“pero no olvides que es el tiempo quien lo ha forjado, / que lo educaron sacerdotes ilustres, diosas llamadas / privación y venganza, que otros como él se gestan en los hornos del odio”.]]></title>
</image>
</images>
<questions>
<question visible="true">
<text><![CDATA[<p><span style="font-family:verdana,geneva,sans-serif;">Recuerda qu&eacute;&nbsp;nombre recibe el recurso ret&oacute;rico por el que la voz po&eacute;tica se dirige directamente al lector.</span></p>
]]></text><answers>
<answer correct="false">
<![CDATA[Metáfora]]></answer>
<answer correct="true">
<![CDATA[Apóstrofe]]></answer>
<answer correct="false">
<![CDATA[Símil]]></answer>
<answer correct="false">
<![CDATA[Anáfora]]></answer>
</answers>
</question>
<question visible="true">
<text><![CDATA[<p><span style="font-family:verdana,geneva,sans-serif;">A partir de la intenci&oacute;n del poema, infiere qu&eacute; pasar&iacute;a si no reconoci&eacute;ramos en Sangrenegra a una persona.</span></p>
]]></text><answers>
<answer correct="false">
<![CDATA[No podríamos odiarlo. ]]></answer>
<answer correct="false">
<![CDATA[No sería posible un poema como este.]]></answer>
<answer correct="false">
<![CDATA[No pasaría nada. ]]></answer>
<answer correct="true">
<![CDATA[Seríamos tan inhumanos como él.]]></answer>
</answers>
</question>
<question visible="true">
<text><![CDATA[<p><span style="font-family:verdana,geneva,sans-serif;">Deduce a qu&eacute; o a qui&eacute;nes se refiere la voz po&eacute;tica cuando habla de los &ldquo;sacerdotes ilustres&rdquo;.</span></p>
]]></text><answers>
<answer correct="true">
<![CDATA[A otros que vienen de las diosas “privación y venganza”. ]]></answer>
<answer correct="false">
<![CDATA[A grandes cardenales y otros prelados de la Iglesia.]]></answer>
<answer correct="false">
<![CDATA[A los sacerdotes católicos de la época.]]></answer>
<answer correct="false">
<![CDATA[A los curas que se levantaron en armas.]]></answer>
</answers>
</question>
<question visible="true">
<text><![CDATA[<p><span style="font-family:verdana,geneva,sans-serif;">A partir de los versos &ldquo;y el porvenir depende de los actos / y podr&iacute;a ser d&oacute;cil como cera en tus manos&rdquo;, reconoce qu&eacute; posici&oacute;n tiene la voz l&iacute;rica acerca del futuro.</span></p>
]]></text><answers>
<answer correct="false">
<![CDATA[Escéptica, pues nuestros actos son inútiles. ]]></answer>
<answer correct="false">
<![CDATA[Pesimista, pues nada se podrá cambiar.]]></answer>
<answer correct="true">
<![CDATA[Optimista, ya que el futuro está en nuestras manos.]]></answer>
<answer correct="false">
<![CDATA[Ingenua, ya que basta con ser alegres y felices.]]></answer>
</answers>
</question>
<question visible="true">
<text><![CDATA[<p><span style="font-family:verdana,geneva,sans-serif;">Marca cu&aacute;l de estas cr&iacute;ticas no podr&iacute;a hac&eacute;rsele al poema.</span></p>
]]></text><answers>
<answer correct="true">
<![CDATA[Los asesinos se deben exaltar en la literatura. ]]></answer>
<answer correct="false">
<![CDATA[Se pueden borrar las historias, pero nunca los hechos.]]></answer>
<answer correct="false">
<![CDATA[En el poema se intenta humanizar a Sangrenegra.]]></answer>
<answer correct="false">
<![CDATA[Sangrenegra es una excusa para hablar sobre nuestra historia.]]></answer>
</answers>
</question>
<question visible="true">
<text><![CDATA[<p><span style="font-family:verdana,geneva,sans-serif;">Identifica qui&eacute;n es el receptor del &uacute;ltimo verso del poema.</span></p>
]]></text><answers>
<answer correct="false">
<![CDATA[El poeta. ]]></answer>
<answer correct="true">
<![CDATA[El lector.]]></answer>
<answer correct="false">
<![CDATA[Sangrenegra. ]]></answer>
<answer correct="false">
<![CDATA[La vida.]]></answer>
</answers>
</question>
<question visible="true">
<text><![CDATA[<p><span style="font-family:verdana,geneva,sans-serif;">Critica el poema y selecciona en qu&eacute; contexto se podr&iacute;a usar.</span></p>
]]></text><answers>
<answer correct="false">
<![CDATA[Mostrar cómo la poesía vuelve inocente algo terrible.  ]]></answer>
<answer correct="false">
<![CDATA[Explicar las desigualdades sociales en una exposición.]]></answer>
<answer correct="false">
<![CDATA[Identificar las debilidades del enemigo en la guerra.]]></answer>
<answer correct="true">
<![CDATA[Humanizar al enemigo en un proceso de paz.]]></answer>
</answers>
</question>
<question visible="true">
<text><![CDATA[<p><span style="font-family:verdana,geneva,sans-serif;">Menciona cu&aacute;l de estos personajes es m&aacute;s necesario reconocer en su contexto hist&oacute;rico para comprender el poema.</span></p>
]]></text><answers>
<answer correct="true">
<![CDATA[Sangrenegra]]></answer>
<answer correct="false">
<![CDATA[César]]></answer>
<answer correct="false">
<![CDATA[Alejandro]]></answer>
<answer correct="false">
<![CDATA[Tamerlán]]></answer>
</answers>
</question>
</questions>
</page>
</pages>
</section><section i="4" star="false" >
<menuImage>
<title><![CDATA[<p>Juan Gabriel V&aacute;squez, <em>Las reputaciones</em></p>
]]></title>
</menuImage>
<pages>
<page i="0">
<title>Las reputaciones</title>
<description><![CDATA[<p><span style="font-size:20px;"><span style="font-family:verdana,geneva,sans-serif;">Y Mallarino segu&iacute;a siendo irreconocible, un ser an&oacute;nimo en las calles populosas. Ese anonimato le causaba un placer pueril (un ni&ntilde;o escondi&eacute;ndose en las habitaciones prohibidas), y a Magdalena, su mujer en tiempos ya lejanos, la tranquilizaba. &ldquo;En este pa&iacute;s matan a la gente por menos&rdquo;, le dec&iacute;a ella cuando de sus im&aacute;genes sal&iacute;a mal parado un militar o un narcotraficante. &ldquo;Mejor que nadie sepa qui&eacute;n eres, c&oacute;mo eres. Mejor que puedas ir a comprar la leche y yo no me preocupe si te demoras&rdquo;.</span></span></p>

<p><span style="font-size:20px;"><span style="font-family:verdana,geneva,sans-serif;">Barri&oacute; con la mirada el universo atardecido del Parque Santander. Le bast&oacute; un instante para encontrar a tres personas leyendo el peri&oacute;dico, su peri&oacute;dico, y pens&oacute; que las tres pasar&iacute;an en breve o ya hab&iacute;an pasado los ojos por su nombre en letras de imprenta y luego por su firma, esa may&uacute;scula bien dibujada que se transformaba enseguida en un desorden de curvas y acababa desintegr&aacute;ndose en una esquina, triste estela de un avi&oacute;n que se cae. Todos conoc&iacute;an el espacio donde hab&iacute;a estado siempre su caricatura; en el centro justo de la primera p&aacute;gina de opini&oacute;n, ese lugar m&iacute;tico adonde van los colombianos para odiar a sus hombres p&uacute;blicos o para saber por qu&eacute; los aman, ese gran div&aacute;n colectivo de un pa&iacute;s largamente enfermo. Era lo primero que ve&iacute;an los ojos al llegar a esas p&aacute;ginas. El recuadro negro, los trazos delgados, la l&iacute;nea de texto o el breve di&aacute;logo debajo del marco: la escena que cada d&iacute;a sal&iacute;a de su mesa de trabajo y era elogiada, admirada, comentada, malinterpretada, repudiada, en una columna del mismo peri&oacute;dico o de otro, en la carta de un airado lector, en un debate cualquiera de cualquier emisora matutina. Era un poder terrible, s&iacute;. Hubo un tiempo en que Mallarino lo dese&oacute; m&aacute;s que nada en el mundo; trabaj&oacute; duro para obtenerlo; lo disfrut&oacute; y lo explot&oacute; a conciencia. Y ahora, a sus sesenta y cinco a&ntilde;os, la misma clase pol&iacute;tica que tanto hab&iacute;a atacado y acosado y despreciado desde su trinchera, de la cual se hab&iacute;a burlado sin miramientos ni respeto por lazos de amistad o de familia (y bastantes amigos hab&iacute;a perdido por hacerlo, e incluso unos cuantos familiares), esa misma clase pol&iacute;tica hab&iacute;a decidido poner la gigantesca maquinaria colombiana de la lamboner&iacute;a al servicio de un homenaje que por primera vez en la historia, y quiz&aacute; por &uacute;ltima, ten&iacute;a a un caricaturista como destinatario.</span></span></p>

<p align="right"><span style="font-size:20px;"><span style="font-family:verdana,geneva,sans-serif;">Juan Gabriel V&aacute;squez. <em>Las reputaciones</em>. Bogot&aacute;: Alfaguara, 2013.</span></span></p>
]]></description>
<images>
<image path="LE_08_08_REC120_IMG05n.jpg" border="false" pathbig="LE_08_08_REC120_IMG05a.jpg" zoomEnabled="true">
<title><![CDATA[“Le bastó un instante para encontrar a tres personas leyendo el periódico, su periódico, y pensó que las tres pasarían en breve o ya habían pasado los ojos por su nombre en letras de imprenta…”.]]></title>
</image>
</images>
<questions>
<question visible="true">
<text><![CDATA[<p><span style="font-family:verdana,geneva,sans-serif;">Reconoce cu&aacute;l es el principal problema que se presenta en el primer p&aacute;rrafo del fragmento.</span></p>
]]></text><answers>
<answer correct="false">
<![CDATA[La paranoia de las esposas. ]]></answer>
<answer correct="false">
<![CDATA[El descuido de los maridos.]]></answer>
<answer correct="true">
<![CDATA[La violencia del país.]]></answer>
<answer correct="false">
<![CDATA[El costo de la canasta familiar.]]></answer>
</answers>
</question>
<question visible="true">
<text><![CDATA[<p><span style="font-family:verdana,geneva,sans-serif;">Recuerda qu&eacute; nombre recibe la figura literaria que usa el narrador al decir &ldquo;triste estela de un avi&oacute;n que se cae&rdquo;.</span></p>
]]></text><answers>
<answer correct="false">
<![CDATA[Símil]]></answer>
<answer correct="true">
<![CDATA[Metáfora]]></answer>
<answer correct="false">
<![CDATA[Anáfora]]></answer>
<answer correct="false">
<![CDATA[Metonimia]]></answer>
</answers>
</question>
<question visible="true">
<text><![CDATA[<p><span style="font-family:verdana,geneva,sans-serif;">Identifica qu&eacute; es lo que se describe en la frase &ldquo;El recuadro negro, los trazos delgados, la l&iacute;nea de texto o el breve di&aacute;logo debajo del marco&rdquo;.</span></p>
]]></text><answers>
<answer correct="false">
<![CDATA[La página principal del periódico.]]></answer>
<answer correct="false">
<![CDATA[Una fotografía con su pie de imagen. ]]></answer>
<answer correct="false">
<![CDATA[Un crucigrama de variedades. ]]></answer>
<answer correct="true">
<![CDATA[Una caricatura.]]></answer>
</answers>
</question>
<question visible="true">
<text><![CDATA[<p><span style="font-family:verdana,geneva,sans-serif;">A partir del fragmento, caracteriza a Mallarino, el personaje que se describe.</span></p>
]]></text><answers>
<answer correct="false">
<![CDATA[Es un hombre con ínfulas de niño. ]]></answer>
<answer correct="true">
<![CDATA[Es reconocido por su gran humor.]]></answer>
<answer correct="false">
<![CDATA[Tiene problemas con la justicia. ]]></answer>
<answer correct="false">
<![CDATA[Sus caricaturas son tachadas de terroristas.]]></answer>
</answers>
</question>
<question visible="true">
<text><![CDATA[<p><span style="font-family:verdana,geneva,sans-serif;">Responde: &iquest;Qu&eacute; consecuencia tiene que todo el mundo hable de las caricaturas de Mallarino?</span></p>
]]></text><answers>
<answer correct="false">
<![CDATA[Lo hace un tipo famoso y acosado. ]]></answer>
<answer correct="false">
<![CDATA[Le da grandes beneficios económicos.]]></answer>
<answer correct="true">
<![CDATA[Le otorga un gran poder político.]]></answer>
<answer correct="false">
<![CDATA[Le da pequeños placeres, como jugar a ser niño.]]></answer>
</answers>
</question>
<question visible="true">
<text><![CDATA[<p><span style="font-family:verdana,geneva,sans-serif;">Menciona qu&eacute; critica el autor al mencionar que los mismos que &eacute;l criticaba estaban moviendo la &ldquo;maquinaria colombiana de la lamboner&iacute;a&rdquo;.</span></p>
]]></text><answers>
<answer correct="true">
<![CDATA[La hipocresía de la clase dirigente colombiana. ]]></answer>
<answer correct="false">
<![CDATA[El afán de adulación del colombiano promedio. ]]></answer>
<answer correct="false">
<![CDATA[La vanidad de nuestros connacionales. ]]></answer>
<answer correct="false">
<![CDATA[La necesidad de ser reconocido, así sea de forma negativa.]]></answer>
</answers>
</question>
</questions>
</page>
</pages>
</section></sections>
</engine>