﻿<?xml version="1.0" encoding="utf-8"?><motor tipo="12" clase="a" aprid="m12a"><plataforma><grado><![CDATA[2]]></grado><titulo>Ordena el texto</titulo><area>0</area><nivel>2</nivel><referencia /><idreg><![CDATA[0]]></idreg><motor><![CDATA[M12A]]></motor><lang>es</lang></plataforma><enunciado><![CDATA[Ordena la secuencia narrativa del cuento {{cur}}El retrato oval{{normal}} de Edgar Allan Poe. ]]></enunciado><masinfo inicio="0"><![CDATA[Puedes consultar este enlace para leer el cuento: http://www.ciudadseva.com/textos/cuentos/ing/poe/retrato.htm]]></masinfo><calc><![CDATA[0]]></calc><orden ini="El pintor observa un lienzo y se apodera ansiosamente del volumen que contenía la historia. " fi="El pintor palideció intensamente herido por el terror. Se volvió bruscamente para mirar a su bien amada: ¡Estaba muerta!" /><elementos><elemento contestacion="Abismado por las descripciones de los cuadros, permaneció una hora entera con los ojos fijos en el retrato." orden="1" /><elemento contestacion="Él tenía un carácter apasionado, estudioso y austero, y había puesto en el arte sus amores." orden="2" /><elemento contestacion="Su esposa, joven, de rarísima belleza, no odiando más que el arte, que era su rival, y los demás instrumentos que le arrebataban el amor de su adorado." orden="3" /><elemento contestacion="El pintor le propuso retratarla. Mas era humilde y sumisa, y sentóse pacientemente, durante largas semanas, en la sombria habitación de la torre." orden="4" /><elemento contestacion="El pintor había llegado a enloquecer, y levantaba los ojos rara vez del lienzo, ni aun para mirar el rostro de su esposa." orden="5" /><elemento contestacion="Y entonces el pintor dio los toques, y durante un instante quedó en éxtasis ante el trabajo que había ejecutado." orden="6" /></elementos></motor>