﻿<?xml version="1.0" encoding="utf-8"?><motor tipo="101" clase="a" aprid="m101a">
  <plataforma>
    <grado>2</grado>
    <titulo>Refuerza tu aprendizaje: El seminario</titulo>
    <volumen/>
    <nivel>3</nivel>
    <referencia/>
    <motor/>
    <lang>es</lang>
  </plataforma>
  <enunciado><![CDATA[Realiza las actividades. Cuando termines haz clic en {{cur}}Enviar{{normal}} para que tu docente pueda conocer tus respuestas. ]]></enunciado>
  <masinfo inicio="0"/>
  <calc><![CDATA[0]]></calc>
  <preguntas cantidad="5">
    <pregunta>
      <enunciado><![CDATA[Escribe el nombre de cada técnica de expresión oral que se define a continuación. ]]></enunciado>
      <explicacion/>
      <nivel><![CDATA[2]]></nivel>
      <tipo/>
      <imagen/>
      <ampliacion/>
      <texto><![CDATA[• Reunión en la que se discuten problemas que han sido objeto de investigación o estudio, con el propósito de analizar o interpretar hechos o fenómenos de interés para un grupo en formación académica.• Técnica mediante la cual un grupo de tres a seis expertos analiza delante de un auditorio un tema desde diferentes puntos de vista.• Actividad en la que el ponente hace una presentación de un tema concreto, el cual se somete al examen y resolución de una asamblea.• Conversación esquematizada y planeada de antemano donde dos o más personas expertas en un tema comparten, enfrentan y se complementan mutuamente. Un moderador se encarga de introducir el tema y controlar el tiempo de las intervenciones.• Reunión de personas versadas en determinado tema cuyo fin es el de confrontar las opiniones que posean sobre dicho tema. Los expertos exponen sus puntos de vista mientras el auditorio escucha y hace preguntas al final.]]></texto>
    </pregunta>
    <pregunta>
      <enunciado><![CDATA[¿Qué diferencia la modalidad pedagógica del seminario de la clase magistral?, ¿cuál es el papel de los estudiantes y del profesor en cada tipo de actividad? ]]></enunciado>
      <explicacion/>
      <nivel><![CDATA[3]]></nivel>
      <tipo/>
      <imagen><![CDATA[LE_11_04_REC150_IMG01n.png]]></imagen>
      <ampliacion><![CDATA[LE_11_04_REC150_IMG01a.png]]></ampliacion>
      <texto/>
    </pregunta>
    <pregunta>
      <enunciado><![CDATA[Lee el diálogo y determina con quién estás de acuerdo. Justifica tu respuesta. ]]></enunciado>
      <explicacion/>
      <nivel><![CDATA[3]]></nivel>
      <tipo/>
      <imagen/>
      <ampliacion/>
      <texto><![CDATA[{{neg}}Martín:{{normal}} Los seminarios potencian nuestra capacidad de pensar de forma autónoma. Además, las intervenciones de los compañeros nos ayudan a reflexionar, desde otras ópticas, sobre los problemas tratados. {{neg}}Julián:{{normal}} Yo creo que para nuestro aprendizaje es más conveniente recibir los conocimientos desde el punto de vista de los expertos. Nuestros compañeros no han tratado en profundidad los temas de los seminarios. Además, escucharlos no contribuye a la comprensión y construcción de saberes. ]]></texto>
    </pregunta>
    <pregunta>
      <enunciado><![CDATA[Describe cómo te prepararías para participar en un seminario. ]]></enunciado>
      <explicacion/>
      <nivel><![CDATA[3]]></nivel>
      <tipo/>
      <imagen><![CDATA[LE_11_04_REC150_IMG02n.png]]></imagen>
      <ampliacion><![CDATA[LE_11_04_REC150_IMG02a.png]]></ampliacion>
      <texto/>
    </pregunta>
    <pregunta>
      <enunciado><![CDATA[Organiza un seminario. Reúnete con tus compañeros para elegir el tema. Luego, seleccionen los textos que darán lugar a la discusión. Al finalizar la actividad, redacta las conclusiones a las que llegaron.  ]]></enunciado>
      <explicacion/>
      <nivel><![CDATA[3]]></nivel>
      <tipo/>
      <imagen/>
      <ampliacion/>
      <texto/>
    </pregunta>
  </preguntas>
</motor>