﻿<?xml version="1.0" encoding="utf-8"?><motor tipo="10" clase="a" aprid="m10a">
  <plataforma>
    <grado><![CDATA[1]]></grado>
    <titulo>Expresión oral: las técnicas de comunicación oral</titulo>
    <area>0</area>
    <nivel>2</nivel>
    <referencia/>
    <idreg><![CDATA[0]]></idreg>
    <motor><![CDATA[M10A]]></motor>
    <lang>es</lang>
  </plataforma>
  <enunciado><![CDATA[Relaciona cada una de las técnicas de expresión oral con sus respectivas características.]]></enunciado>
  <masinfo inicio="0"/>
  <sinaleatoriedad><![CDATA[0]]></sinaleatoriedad>
  <calc><![CDATA[0]]></calc>
  <textoacategoria cantidad="3">
    <cuestion>
      <categoria><![CDATA[El juego de roles ]]></categoria>
      <respuestas>
        <respuesta id="1"><![CDATA[Representación]]></respuesta>
        <respuesta id="2"><![CDATA[Situación imaginaria]]></respuesta>
        <respuesta id="3"><![CDATA[Hecho problemático]]></respuesta>
        <respuesta id="4"><![CDATA[Asumir un rol ajeno]]></respuesta>
      </respuestas>
      <sonido/>
    </cuestion>
    <cuestion>
      <categoria><![CDATA[El panel ]]></categoria>
      <respuestas>
        <respuesta id="1"><![CDATA[Grupo de expertos]]></respuesta>
        <respuesta id="2"><![CDATA[Discutir en público]]></respuesta>
        <respuesta id="3"><![CDATA[Exposición planeada]]></respuesta>
        <respuesta id="4"><![CDATA[3 a 5 miembros]]></respuesta>
      </respuestas>
      <sonido/>
    </cuestion>
    <cuestion>
      <categoria><![CDATA[El seminario ]]></categoria>
      <respuestas>
        <respuesta id="1"><![CDATA[Aula de clase]]></respuesta>
        <respuesta id="2"><![CDATA[Modalidad pedagógica]]></respuesta>
        <respuesta id="3"><![CDATA[Solo estudiantes]]></respuesta>
        <respuesta id="4"><![CDATA[Investigación previa]]></respuesta>
      </respuestas>
      <sonido/>
    </cuestion>
  </textoacategoria>
</motor>