﻿<?xml version="1.0" encoding="utf-8"?><motor tipo="1" clase="c" aprid="m1c">
  <plataforma>
    <grado><![CDATA[2]]></grado>
    <titulo>Literatura: caracteriza la literatura de la Antigüedad</titulo>
    <area>0</area>
    <nivel>2</nivel>
    <referencia/>
    <idreg><![CDATA[0]]></idreg>
    <motor><![CDATA[M1C]]></motor>
    <lang>es</lang>
  </plataforma>
  <enunciado><![CDATA[Relaciona los siguientes enunciados sobre la literatura de la Antigüedad.]]></enunciado>
  <masinfo inicio="0"/>
  <sinaleatoriedad><![CDATA[0]]></sinaleatoriedad>
  <calc><![CDATA[0]]></calc>
  <textoatexto cantidad="6">
    <cuestion>
      <pregunta><![CDATA[La literatura hebrea para la cultura occidental es la más grande e importante manifestación de monoteísmo;]]></pregunta>
      <respuesta><![CDATA[por ejemplo, la {{cur}}Biblia{{normal}} narra la relación de un pueblo con su Dios, a través del tiempo. ]]></respuesta>
    </cuestion>
    <cuestion>
      <pregunta><![CDATA[Los mitos contenían la esencia de las culturas antiguas y se difundían ]]></pregunta>
      <respuesta><![CDATA[bajo la forma de la epopeya, la cual narra  hechos grandiosos protagonizados por héroes.]]></respuesta>
    </cuestion>
    <cuestion>
      <pregunta><![CDATA[El {{cur}}Ramayana{{normal}} contiene enseñanzas de los Vedas, en esta obra se mezclan elementos filosóficos y religiosos;]]></pregunta>
      <respuesta><![CDATA[además, es considerada la epopeya más importante de la literatura india.]]></respuesta>
    </cuestion>
    <cuestion>
      <pregunta><![CDATA[El famoso {{cur}}Libro de los muertos {{normal}}de la cultura egipcia incluía]]></pregunta>
      <respuesta><![CDATA[una serie de sortilegios que ayudaban a los difuntos en su viaje al inframundo. ]]></respuesta>
    </cuestion>
    <cuestion>
      <pregunta><![CDATA[Elementos como la intervención divina, el discurso lógico y la presencia del mito]]></pregunta>
      <respuesta><![CDATA[se ven constantemente reflejados en las epopeyas homéricas: la {{cur}}Ilíada{{normal}} y la {{cur}}Odisea{{normal}}.]]></respuesta>
    </cuestion>
    <cuestion>
      <pregunta><![CDATA[El arte dramático fue la manifestación más representativa del espíritu democrático ateniense.]]></pregunta>
      <respuesta><![CDATA[Reflejado en la tragedia, esta tenía la facultad de conmocionar la existencia ordinaria.]]></respuesta>
    </cuestion>
  </textoatexto>
  <textofalso cantidad="0"/>
</motor>