﻿<?xml version="1.0" encoding="utf-8"?>
<engine copy="Editorial Planeta" version="1" aprid="f6b">
  <main layout="1">
    <title>Los textos literarios</title>
  </main>
  <sections>
    <section i="0" star="false">
      <menuImage>
        <title><![CDATA[<p><span style="font-size:25px;"><span style="font-family:verdana,geneva,sans-serif;"><strong>El Cuervo</strong></span></span></p>

<p><span style="font-size:25px;"><span style="font-family:verdana,geneva,sans-serif;"><strong>Edgar Allan Poe</strong></span></span></p>
]]></title>
      </menuImage>
      <pages>
        <page i="0">
          <title>El Cuervo</title>
          <description><![CDATA[<p><span style="font-size:20px;"><span style="font-family:verdana,geneva,sans-serif;">&quot;&iexcl;Sea esa palabra nuestra se&ntilde;al de partida</span></span></p>

<p><span style="font-size:20px;"><span style="font-family:verdana,geneva,sans-serif;">p&aacute;jaro o esp&iacute;ritu maligno! -le grit&eacute; presuntuoso.</span></span></p>

<p><span style="font-size:20px;"><span style="font-family:verdana,geneva,sans-serif;">&iexcl;Vuelve a la tempestad, a la ribera de la Noche Plut&oacute;nica.</span></span></p>

<p><span style="font-size:20px;"><span style="font-family:verdana,geneva,sans-serif;">No dejes pluma negra alguna, prenda de la mentira</span></span></p>

<p><span style="font-size:20px;"><span style="font-family:verdana,geneva,sans-serif;">que profiri&oacute; tu esp&iacute;ritu!</span></span></p>

<p><span style="font-size:20px;"><span style="font-family:verdana,geneva,sans-serif;">Deja mi soledad intacta.</span></span></p>

<p><span style="font-size:20px;"><span style="font-family:verdana,geneva,sans-serif;">Abandona el busto del dintel de mi puerta.</span></span></p>

<p><span style="font-size:20px;"><span style="font-family:verdana,geneva,sans-serif;">Aparta tu pico de mi coraz&oacute;n</span></span></p>

<p><span style="font-size:20px;"><span style="font-family:verdana,geneva,sans-serif;">y tu figura del dintel de mi puerta&quot;.</span></span></p>

<p><span style="font-size:20px;"><span style="font-family:verdana,geneva,sans-serif;">Y el Cuervo dijo: &quot;Nunca m&aacute;s.&quot;</span></span></p>

<p></p>

<p><span style="font-size:20px;"><span style="font-family:verdana,geneva,sans-serif;">Y el Cuervo nunca emprendi&oacute; el vuelo.</span></span></p>

<p><span style="font-size:20px;"><span style="font-family:verdana,geneva,sans-serif;">A&uacute;n sigue posado, a&uacute;n sigue posado</span></span></p>

<p><span style="font-size:20px;"><span style="font-family:verdana,geneva,sans-serif;">en el p&aacute;lido busto de Palas,</span></span></p>

<p><span style="font-size:20px;"><span style="font-family:verdana,geneva,sans-serif;">en el dintel de la puerta de mi cuarto.</span></span></p>

<p><span style="font-size:20px;"><span style="font-family:verdana,geneva,sans-serif;">Y sus ojos tienen la apariencia</span></span></p>

<p><span style="font-size:20px;"><span style="font-family:verdana,geneva,sans-serif;">de los de un demonio que est&aacute; so&ntilde;ando.</span></span></p>

<p><span style="font-size:20px;"><span style="font-family:verdana,geneva,sans-serif;">Y la luz de la l&aacute;mpara que sobre &eacute;l se derrama</span></span></p>

<p><span style="font-size:20px;"><span style="font-family:verdana,geneva,sans-serif;">tiende en el suelo su sombra. Y mi alma,</span></span></p>

<p><span style="font-size:20px;"><span style="font-family:verdana,geneva,sans-serif;">del fondo de esa sombra que flota sobre el suelo,</span></span></p>

<p><span style="font-size:20px;"><span style="font-family:verdana,geneva,sans-serif;">no podr&aacute; liberarse. &iexcl;Nunca m&aacute;s! </span></span></p>

<p><span style="font-size:20px;"><span style="font-family:verdana,geneva,sans-serif;">Edgar Allan Poe</span></span><cite><em style="font-family: verdana, geneva, sans-serif; font-size: 20px;">.&nbsp;</em><span style="font-size:20px;"><span style="font-family:verdana,geneva,sans-serif;"><em>El Cuervo.&nbsp;</em></span></span></cite></p>

<p></p>
]]></description>
          <images>
            <image path="LE_06_02_REC70_IMG01n.jpg" border="false" pathbig="LE_06_02_REC70_IMG01a.jpg" zoomEnabled="true">
              <title><![CDATA[]]></title>
            </image>
          </images>
          <questions>
            <question visible="true">
              <text><![CDATA[<p><span style="font-size:25px;"><span style="font-family:verdana,geneva,sans-serif;">&iquest;A qu&eacute; g&eacute;nero literario pertenece el fragmento?</span></span></p>
]]></text>
              <answers>
                <answer correct="false"><![CDATA[El género narrativo.]]></answer>
                <answer correct="true"><![CDATA[El género lírico.]]></answer>
                <answer correct="false"><![CDATA[El género dramático.]]></answer>
                <answer correct="false"><![CDATA[El género ensayístico.]]></answer>
              </answers>
            </question>
            <question visible="true">
              <text><![CDATA[<p><span style="font-size:25px;"><span style="font-family:verdana,geneva,sans-serif;">&iquest;Qui&eacute;n le da voz al poema?</span></span></p>
]]></text>
              <answers>
                <answer correct="true"><![CDATA[Un narrador sin nombre.]]></answer>
                <answer correct="false"><![CDATA[El cuervo.]]></answer>
                <answer correct="false"><![CDATA[El demonio.]]></answer>
                <answer correct="false"><![CDATA[El busto de Palas.]]></answer>
              </answers>
            </question>
            <question visible="true">
              <text><![CDATA[<p><span style="font-size:25px;"><span style="font-family:verdana,geneva,sans-serif;">&iquest;Qu&eacute; tipo de sensaciones&nbsp;se se pueden inferir&nbsp;en el texto?</span></span></p>
]]></text>
              <answers>
                <answer correct="false"><![CDATA[Satisfacción y gozo.]]></answer>
                <answer correct="false"><![CDATA[Paciencia y tristeza.]]></answer>
                <answer correct="true"><![CDATA[Nostalgia y locura.]]></answer>
                <answer correct="false"><![CDATA[Alegría y esperanza.]]></answer>
              </answers>
            </question>
          </questions>
        </page>
      </pages>
    </section>
    <section i="1" star="false">
      <menuImage>
        <title><![CDATA[<p><span style="font-family:verdana,geneva,sans-serif;"><span style="font-size:25px;"><strong>La Sirenita</strong></span></span></p>

<p><span style="font-family:verdana,geneva,sans-serif;"><span style="font-size:25px;"><strong>Hans Christian Andersen</strong></span></span></p>
]]></title>
      </menuImage>
      <pages>
        <page i="0">
          <title>La Sirenita</title>
          <description><![CDATA[<p style="text-align: justify;"><span style="font-size:20px;"><span style="font-family:verdana,geneva,sans-serif;">Pero el destino le reservaba otra sorpresa. Un d&iacute;a, desde lo alto del torre&oacute;n del castillo, fue avistada una gran nave que se acercaba al puerto, y el pr&iacute;ncipe decidi&oacute; ir a recibirla acompa&ntilde;ado de la Sirenita.</span></span></p>

<p style="text-align: justify;"></p>

<p style="text-align: justify;"><span style="font-size:20px;"><span style="font-family:verdana,geneva,sans-serif;">La desconocida que el pr&iacute;ncipe llevaba en el coraz&oacute;n baj&oacute; del barco y, al verla, el joven corri&oacute; feliz a su encuentro. La Sirenita, petrificada, sinti&oacute; un agudo dolor en el coraz&oacute;n. En aquel momento supo que perder&iacute;a a su pr&iacute;ncipe para siempre. La desconocida dama fue pedida en matrimonio por el pr&iacute;ncipe enamorado, y la dama lo acept&oacute; con agrado, puesto que ella tambi&eacute;n estaba enamorada. Al cabo de unos d&iacute;as de celebrarse la boda, los esposos fueron invitados a hacer un viaje por mar en la gran nave que estaba amarrada todav&iacute;a en el puerto. La Sirenita tambi&eacute;n subi&oacute; a bordo con ellos, y el viaje dio comienzo.</span></span></p>

<p style="text-align: justify;"></p>

<p style="text-align: justify;"><span style="font-size:20px;"><span style="font-family:verdana,geneva,sans-serif;">Al caer la noche, la Sirenita, angustiada por haber perdido para siempre a su amado, subi&oacute; a cubierta. Recordando la profec&iacute;a de la hechicera, estaba dispuesta a sacrificar su vida y a desaparecer en el mar. Procedente del mar, escuch&oacute; la llamada de sus hermanas:</span></span></p>

<p style="text-align: justify;"></p>

<p style="text-align: justify;"><span style="font-size:20px;"><span style="font-family:verdana,geneva,sans-serif;">-&iexcl;Sirenita! &iexcl;Sirenita! &iexcl;Somos nosotras, tus hermanas! &iexcl;Mira! &iquest;Ves este pu&ntilde;al? Es un pu&ntilde;al m&aacute;gico que hemos obtenido de la bruja a cambio de nuestros cabellos. &iexcl;T&oacute;malo y, antes de que amanezca, mata al pr&iacute;ncipe! Si lo haces, podr&aacute;s volver a ser una sirenita como antes y olvidar&aacute;s todas tus penas.</span></span></p>

<p style="text-align: justify;"></p>

<p style="text-align: justify;"><span style="font-size:20px;"><span style="font-family:verdana,geneva,sans-serif;">Como en un sue&ntilde;o, la Sirenita, sujetando el pu&ntilde;al, se dirigi&oacute; hacia el camarote de los esposos. M&aacute;s cuando vio el semblante del pr&iacute;ncipe durmiendo, le dio un beso furtivo y subi&oacute; de nuevo a cubierta. Cuando ya amanec&iacute;a, arroj&oacute; el arma al mar, dirigi&oacute; una &uacute;ltima mirada al mundo que dejaba y se lanz&oacute; entre las olas, dispuesta a desaparecer y volverse espuma... </span></span></p>

<p style="text-align: justify;"><span style="font-size:20px;"><span style="font-family:verdana,geneva,sans-serif;">Hans Christian Andersen.&nbsp;</span></span><cite><span style="font-size:20px;"><span style="font-family:verdana,geneva,sans-serif;"><em>La Sirenita<small><big>.</big></small></em></span></span></cite></p>

<p></p>
]]></description>
          <images>
            <image path="LE_06_02_REC70_IMG02n.jpg" border="false" pathbig="LE_06_02_REC70_IMG02a.jpg" zoomEnabled="true">
              <title><![CDATA[]]></title>
            </image>
          </images>
          <questions>
            <question visible="true">
              <text><![CDATA[<span style="font-size:25px;"><span style="font-family:verdana,geneva,sans-serif;">&iquest;A qu&eacute; g&eacute;nero literario pertenece el fragmento?</span></span>]]></text>
              <answers>
                <answer correct="true"><![CDATA[El género narrativo.]]></answer>
                <answer correct="false"><![CDATA[El género lírico.]]></answer>
                <answer correct="false"><![CDATA[El género dramático.]]></answer>
                <answer correct="false"><![CDATA[El género ensayístico.]]></answer>
              </answers>
            </question>
            <question visible="true">
              <text><![CDATA[<p><span style="font-size:25px;"><span style="font-family:verdana,geneva,sans-serif;">&iquest;Qu&eacute; tipo de narrador cuenta el relato?</span></span></p>
]]></text>
              <answers>
                <answer correct="false"><![CDATA[Protagonista.]]></answer>
                <answer correct="false"><![CDATA[Testigo.]]></answer>
                <answer correct="false"><![CDATA[Personaje.]]></answer>
                <answer correct="true"><![CDATA[Omnisciente.]]></answer>
              </answers>
            </question>
            <question visible="true">
              <text><![CDATA[<p><span style="font-size:25px;"><span style="font-family:verdana,geneva,sans-serif;">En el fragmento podemos conocer el tiempo en el que se desarrolla la historia por frases como</span></span></p>
]]></text>
              <answers>
                <answer correct="true"><![CDATA[un día; al caer la noche; cuando ya amanecía.]]></answer>
                <answer correct="false"><![CDATA[subió a cubierta; procedente del mar.]]></answer>
                <answer correct="false"><![CDATA[pero el destino le reservaba otra sorpresa.]]></answer>
                <answer correct="false"><![CDATA[como en un sueño.]]></answer>
              </answers>
            </question>
          </questions>
        </page>
      </pages>
    </section>
    <section i="2" star="false">
      <menuImage>
        <title><![CDATA[<p><span style="font-family:verdana,geneva,sans-serif;"><span style="font-size:25px;"><strong>La Celestina</strong></span></span></p>

<p><span style="font-family:verdana,geneva,sans-serif;"><span style="font-size:25px;"><strong>Fernando de Rojas</strong></span></span></p>
]]></title>
      </menuImage>
      <pages>
        <page i="0">
          <title>La Celestina</title>
          <description><![CDATA[<p><span style="font-size:20px;"><span style="font-family:verdana,geneva,sans-serif;">CALISTO&nbsp;-&iexcl;Ved qu&eacute; torpe y qu&eacute; comparaci&oacute;n!</span></span></p>

<p><span style="font-size:20px;"><span style="font-family:verdana,geneva,sans-serif;">SEMPRONIO&nbsp;-&iquest;T&uacute; cuerdo?</span></span></p>

<p><span style="font-size:20px;"><span style="font-family:verdana,geneva,sans-serif;">CALISTO&nbsp;-Los ojos verdes rasgados, las pesta&ntilde;as luengas, las cejas delgadas y alzadas, la nar&iacute;z mediana, la boca peque&ntilde;a, los dientes menudos y blancos, los labios colorados y gordezuelos, el torno del rostro poco m&aacute;s luengo que redondo, el pecho alto, la redondez y forma de las peque&ntilde;as tetas, &iquest;qui&eacute;n te la podr&iacute;a figurar? &iexcl;Que se despereza el hombre cuando las mira! La tez lisa, lustrosa, el cuero suyo oscurece la nieve, el color mezclado, cual ella la escogi&oacute; para s&iacute;.</span></span></p>

<p><span style="font-size:20px;"><span style="font-family:verdana,geneva,sans-serif;">SEMPRONIO&nbsp;-&iexcl;En sus trece est&aacute; este necio!</span></span></p>

<p><span style="font-size:20px;"><span style="font-family:verdana,geneva,sans-serif;">CALISTO&nbsp;-Las manos peque&ntilde;as en mediana manera, de dulce carne acompa&ntilde;adas; los dedos luengos; las u&ntilde;as en ellos largas y coloradas, que parecen rub&iacute;es entre perlas. Aquella proporci&oacute;n, que ver yo no pude, no sin duda, por el bulto de fuera juzgo&nbsp;incomparablemente ser mejor que la que Paris juzg&oacute; entre las tres de esas.</span></span></p>

<p><span style="font-size:20px;"><span style="font-family:verdana,geneva,sans-serif;">SEMPRONIO&nbsp;-&iquest;Has dicho?</span></span></p>

<p><span style="font-size:20px;"><span style="font-family:verdana,geneva,sans-serif;">CALISTO&nbsp;-Cuan brevemente pude.</span></span></p>

<p><span style="font-size:20px;"><span style="font-family:verdana,geneva,sans-serif;">SEMPRONIO&nbsp;-Puesto que sea todo eso verdad, por ser t&uacute; hombre eres m&aacute;s digno.</span></span></p>

<p><span style="font-size:20px;"><span style="font-family:verdana,geneva,sans-serif;">CALISTO&nbsp;-&iquest;En qu&eacute;?</span></span></p>

<p><span style="font-size:20px;"><span style="font-family:verdana,geneva,sans-serif;">SEMPRONIO&nbsp;-&iquest;En qu&eacute;? Ella es imperfecta, por el cual defecto desea y apetece a ti y a otro menor que t&uacute;. &iquest;No has le&iacute;do el fil&oacute;sofo do dice &laquo;as&iacute; como la materia apetece a la forma, as&iacute; la mujer al var&oacute;n&raquo;?</span></span></p>

<p><span style="font-size:20px;"><span style="font-family:verdana,geneva,sans-serif;">CALISTO&nbsp;-&iexcl;Oh triste!, y &iquest;cu&aacute;ndo ver&eacute; yo eso entre m&iacute; y Melibea?</span></span></p>

<p><span style="font-size:20px;"><span style="font-family:verdana,geneva,sans-serif;">SEMPRONIO&nbsp;-Posible es, y aunque la aborrezcas cuanto ahora la amas, podr&aacute; ser alcanz&aacute;ndola y vi&eacute;ndola con otros ojos libres del enga&ntilde;o en que ahora est&aacute;s. </span></span></p>

<p><span style="font-size:20px;"><span style="font-family:verdana,geneva,sans-serif;">Fernando de Rojas.&nbsp;</span></span><cite><span style="font-size:20px;"><span style="font-family:verdana,geneva,sans-serif;"><em>La Celestina.</em></span></span></cite></p>

<p></p>
]]></description>
          <images>
            <image path="LE_06_02_REC70_IMG03n.jpg" border="false" pathbig="LE_06_02_REC70_IMG03a.jpg" zoomEnabled="true">
              <title><![CDATA[]]></title>
            </image>
          </images>
          <questions>
            <question visible="true">
              <text><![CDATA[<p><span style="font-size:25px;"><span style="font-family:verdana,geneva,sans-serif;">&iquest;A qu&eacute; g&eacute;nero literario pertenece el fragmento?</span></span></p>
]]></text>
              <answers>
                <answer correct="false"><![CDATA[El género narrativo.]]></answer>
                <answer correct="false"><![CDATA[El género lírico.]]></answer>
                <answer correct="true"><![CDATA[El género dramático.]]></answer>
                <answer correct="false"><![CDATA[El género fantástico.]]></answer>
              </answers>
            </question>
            <question visible="true">
              <text><![CDATA[<span style="font-size:25px;"><span style="font-family:verdana,geneva,sans-serif;">&iquest;Qu&eacute; tipo de lenguaje utilizan los personajes?</span></span>]]></text>
              <answers>
                <answer correct="false"><![CDATA[Humorístico]]></answer>
                <answer correct="false"><![CDATA[Inculto]]></answer>
                <answer correct="false"><![CDATA[Sarcástico]]></answer>
                <answer correct="true"><![CDATA[Coloquial]]></answer>
              </answers>
            </question>
            <question visible="true">
              <text><![CDATA[<p><span style="font-size:25px;"><span style="font-family:verdana,geneva,sans-serif;">Se podr&iacute;a decir que el di&aacute;logo entre estos personajes tiene como fin</span></span></p>
]]></text>
              <answers>
                <answer correct="false"><![CDATA[discutir.]]></answer>
                <answer correct="true"><![CDATA[describir.]]></answer>
                <answer correct="false"><![CDATA[quejarse.]]></answer>
                <answer correct="false"><![CDATA[opinar.]]></answer>
              </answers>
            </question>
          </questions>
        </page>
      </pages>
    </section>
  </sections>
</engine>