﻿<?xml version="1.0" encoding="utf-8"?><engine copy="Editorial Planeta" version="1" aprid="f10">
<main mode="f10" title="El contexto histórico del Modernismo">
<tf><![CDATA[<p><span style="font-size:20px;"><span style="font-family: verdana,geneva,sans-serif;">Despu&eacute;s de 1880 ya hab&iacute;a pasado lo peor de la anarqu&iacute;a, [Hispanoam&eacute;rica] entraba en una era de prosperidad. Por lo menos en algunas ciudades. Hubo m&aacute;s divisi&oacute;n del trabajo y una de las especializaciones fue la literatura. Los escritores j&oacute;venes reaccionaron contra el f&aacute;rrago y se pusieron a forjar un nuevo lenguaje po&eacute;tico. Lo que hasta entonces se hab&iacute;a escrito en sus patrias ya no les inspiraba. Tampoco Espa&ntilde;a les dec&iacute;a nada. Las voces que invitaban a la libertad y a la belleza ven&iacute;an de otras partes: de Inglaterra, pero sobre todo de Francia. A diferencia de los prerrafaelitas ingleses, que disgustados por la fealdad de las urbes industriales se hab&iacute;an vuelto hacia el candor medieval, ciertos poetas franceses reconciliaron el Arte y la Ciencia. As&iacute; Francia, que nos hab&iacute;a dado las f&oacute;rmulas para entrar al Romanticismo, las dio tambi&eacute;n para salir de &eacute;l.</span></span></p>

<p><span style="font-size:20px;"><span style="font-family: verdana,geneva,sans-serif;">[&hellip;] Tanto en el verso como en la prosa ensayaron procedimientos nov&iacute;simos. Ante todo, una portentosa renovaci&oacute;n r&iacute;tmica. Ritmos de la lengua y, adem&aacute;s, de la sensibilidad y el pensamiento. Cultivaron refinamientos nerviosos, sinestesias y morbideces, crisis morales, filosof&iacute;as antiburguesas y paradojas pol&iacute;ticas.</span></span></p>

<p style="text-align: right;"><span style="font-size:20px;"><span style="font-family: verdana,geneva,sans-serif;">Enrique Anderson Imbert. <em>Historia de la literatura hispanoamericana.</em> Tomo I: La Colonia. Cien a&ntilde;os de rep&uacute;blica. Segunda edici&oacute;n. M&eacute;xico: Fondo de Cultura Econ&oacute;mica, 1974.</span></span></p>]]></tf>
</main>
<understanding title="Estabilidad económica y desarrollo del capitalismo" title2="" buttons="true" visible="true" >
	<definition>
		<title>Lo histórico</title>
		<def><![CDATA[<p><span style="font-size:20px;"><span style="font-family: verdana,geneva,sans-serif;">Para finales del siglo XIX Colombia viv&iacute;a una estabilidad pol&iacute;tica relativa, despu&eacute;s de la convulsa primera mitad del siglo XIX, en la que se dieron hechos como la disoluci&oacute;n de la Gran Colombia, en 1831, o las continuas guerras entre liberales y conservadores. De igual forma, se empieza&nbsp;el retraso industrial del pa&iacute;s, el cual solo hab&iacute;a enfocado sus fuerzas en la producci&oacute;n ganadera, agr&iacute;cola y, de forma m&aacute;s reciente, minera.</span></span></p>

<p><span style="font-size:20px;"><span style="font-family: verdana,geneva,sans-serif;">Por otra parte, el proyecto liberal hab&iacute;a llegado a su fin al iniciarse, en 1886, la &eacute;poca conocida como la Hegemon&iacute;a conservadora, la cual se extendi&oacute; hasta 1930. Esto dio pie a que, en los primeros a&ntilde;os, se adelantaran acciones en el sentido de impulsar la educaci&oacute;n y cualificar la mano de obra, pues esto resultaba necesario para incrementar la eficiencia de las empresas. De la mano de estos hechos, en Colombia se da inicio a un capitalismo incipiente.</span></span></p>
]]></def>
	</definition>
	<definition>
		<title>Lo social</title>
		<def><![CDATA[<p><span style="font-size:20px;"><span style="font-family: verdana,geneva,sans-serif;"><strong>El escritor y las artes</strong></span></span></p>

<p><span style="font-size:20px;"><span style="font-family: verdana,geneva,sans-serif;">Hasta mediados del siglo XIX el escritor no se dedicaba solamente a las letras, sino que esto hac&iacute;a parte de su papel como intelectual, pol&iacute;tico o, a veces, militar; nadie, hasta ese momento, viv&iacute;a de la exclusiva actividad de escribir y esto tampoco se buscaba. No obstante, en esta &eacute;poca se dio el fen&oacute;meno conocido como &ldquo;especializaci&oacute;n del trabajo&rdquo;, esto es, que las personas se dedicaban a una sola actividad econ&oacute;mica que, a la final, los llevaba a especializarse solo en ella. Este hecho, m&aacute;s el florecimiento de la burgues&iacute;a,&nbsp;es decir, los peque&ntilde;os y grandes comerciantes y propietarios de las urbes, quienes consum&iacute;an arte y literatura y pod&iacute;an pagar por ella, dio inicio a la profesionalizaci&oacute;n del escritor; ir&oacute;nicamente, la posici&oacute;n de los escritores de esta &eacute;poca fue la de un rechazo al gusto burgu&eacute;s y una mirada hacia lo ex&oacute;tico y lejano, elementos que se estudiar&aacute;n posteriormente.</span></span></p>

<p><span style="font-size:20px;"><span style="font-family: verdana,geneva,sans-serif;">En cuanto a las artes, la posici&oacute;n est&eacute;tica europea de finales de siglo poco se refleja en nuestro pa&iacute;s, por lo que las muestras de arte contempor&aacute;neo son m&aacute;s bien pocas. Quiz&aacute;s la &uacute;nica excepci&oacute;n sea Andr&eacute;s de Santa Mar&iacute;a (Bogot&aacute;, 1860-B&eacute;lgica, 1945), un brillante pintor impresionista cuya obra constituye un magn&iacute;fico legado y un intento por llevar la pintura colombiana a la modernidad. Consulta algunas de sus obras en [<a href="http://www.colarte.com/colarte/ConsPintores.asp?idartista=478&amp;pest=obras">VER</a>]</span></span></p>]]></def>
	</definition>
	<definition>
		<title>Rubén Darío</title>
		<def><![CDATA[<p><span style="font-size:20px;"><span style="font-family: verdana,geneva,sans-serif;">La figura central del Modernismo latinoamericano fue Rub&eacute;n Dar&iacute;o (1867-1816). Se le reconoce haber sido el gran renovador de la poes&iacute;a, no solo latinoamericana, sino de habla espa&ntilde;ola; adem&aacute;s, sus experimentos formales dieron espacio al surgimiento de las vanguardias y todos las escuelas y tendencias que aparecer&iacute;an despu&eacute;s.</span></span></p>

<p><span style="font-size:20px;"><span style="font-family: verdana,geneva,sans-serif;">Un perfeccionista del lenguaje, en su obra se dan las caracter&iacute;sticas que configuran el Modernismo, a saber:</span></span></p>

<ul>
	<li><span style="font-size:20px;"><span style="font-family: verdana,geneva,sans-serif;">Uso de distintos tipos de versos: all&iacute; donde solo se encontraban las formas cl&aacute;sicas, como el soneto, supo Rub&eacute;n Dar&iacute;o darle espacio a una gran variedad de versos y estrofas, de or&iacute;genes tan dis&iacute;miles como el franc&eacute;s y el ingl&eacute;s.</span></span></li>
	<li><span style="font-size:20px;"><span style="font-family: verdana,geneva,sans-serif;">Exotismo: lo oriental y lo lujoso se convierten en temas predilectos de toda una generaci&oacute;n gracias a Dar&iacute;o. Estos objetos y s&iacute;mbolos (el biombo japon&eacute;s, los cisnes, las perlas, etc.) sirvieron como escape de ese mundo burgu&eacute;s que ya se les antojaba vano a los escritores de aquella &eacute;poca, por lo que tambi&eacute;n decidieron refugiarse en una a&ntilde;oranza de lo aristocr&aacute;tico. En conclusi&oacute;n: esta suerte de evasi&oacute;n ante el presente en realidad significaba una cr&iacute;tica a su entorno social y econ&oacute;mico.</span></span></li>
	<li><span style="font-size:20px;"><span style="font-family: verdana,geneva,sans-serif;">Orgullo latinoamericano: la conciencia de que los pa&iacute;ses desde M&eacute;xico hasta Chile forman una unidad la obtuvo tras sus continuos viajes, lo que repercuti&oacute; en que, con Rub&eacute;n Dar&iacute;o, la Am&eacute;rica hisp&aacute;nica termina su emancipaci&oacute;n de Espa&ntilde;a, pues se da fin al fen&oacute;meno de que fuera de all&iacute; que se importaran las modas y los estilos literarios. Por primera vez en su historia, nuestro territorio exporta una visi&oacute;n del mundo por medio de la poes&iacute;a, y en esta visi&oacute;n del mundo est&aacute; impregnado el variado origen de nuestras ra&iacute;ces.</span></span></li>
</ul>]]></def>
	</definition>
	<definition>
		<title>Primer modernismo</title>
		<def><![CDATA[<p><span style="font-size:20px;"><span style="font-family: verdana,geneva,sans-serif;">El primer modernismo en Colombia se da con las figuras centrales de la poes&iacute;a colombiana que marcan la transici&oacute;n del siglo XIX al XX: Jos&eacute; Asunci&oacute;n Silva y Guillermo Valencia.</span></span></p>

<p><span style="font-size:20px;"><span style="font-family: verdana,geneva,sans-serif;">La poes&iacute;a de Jos&eacute; Asunci&oacute;n Silva (1865-1896) marca una tendencia que se mantendr&aacute; durante d&eacute;cadas en Colombia: desencanto (incluso amargura) ante la realidad, que se refleja a veces en una honda iron&iacute;a, otras en versos desgarradores, para los cuales la voz po&eacute;tica busca la forma&nbsp;(verso libre, soneto, etc.) que m&aacute;s le convenga. En algunos momentos, la voz po&eacute;tica denuncia la soledad del poeta, de forma directa o por medio de imprecaciones o de alegor&iacute;as. Quepa recordar que, debido a su corta vida, Silva public&oacute; solo una novela (<em>De sobremesa</em>) y cuatro poemarios, siendo el principal de ellos <em>El libro de versos</em>.</span></span></p>

<p><span style="font-size:20px;"><span style="font-family: verdana,geneva,sans-serif;">Por su parte, Guillermo Valencia (1873-1943) representa la otra faceta del Modernismo: el preciosismo en las descripciones, referencias constantes a la literatura griega y latina, las formas po&eacute;ticas que correspond&iacute;an al parnasianismo franc&eacute;s. No obstante, en Valencia se encuentran rastros todav&iacute;a de esa figura del escritor que estaba ligado a la pol&iacute;tica, hecho que, como vimos anteriormente, ya hab&iacute;a sido dejada atr&aacute;s por las nuevas generaciones, m&aacute;s preocupadas por alcanzar cimas est&eacute;ticas que por ejercer cargos p&uacute;blicos. La principal obra de Valencia es <em>Ritos</em>, un poemario que fue enriqueciendo durante toda su vida con otras creaciones de desigual calidad, seg&uacute;n establece la cr&iacute;tica literaria sobre su obra.</span></span></p>]]></def>
	</definition>
	<definition>
		<title>Segundo modernismo</title>
		<def><![CDATA[<p><span style="font-size:20px;"><span style="font-family: verdana,geneva,sans-serif;">El segundo modernismo se da como reacci&oacute;n ante el cansancio que produjo ver a los imitadores de Silva y, sobre todo, de Valencia: los poetas de este momento mostraban su hartazgo ante las figuras po&eacute;ticas artificiosas, los poemas que se reduc&iacute;an a juegos sonoros que en realidad no dec&iacute;an nada, las evasiones literarias que no conduc&iacute;an a ninguna parte, entre otros. Por ello, retornaron a una poes&iacute;a que hablara de los problemas m&aacute;s pr&oacute;ximos al hombre del com&uacute;n, que se burlara de las autoridades de toda &iacute;ndole y hasta del poeta mismo, por medio de un lenguaje sonoro y sencillo. T&iacute;tulos como <em>De mi villorrio</em> o <em>Por el atajo</em>, de Luis Carlos L&oacute;pez, son una indicaci&oacute;n de la nueva direcci&oacute;n que toma la poes&iacute;a modernista.</span></span></p>

<p><span style="font-size:20px;"><span style="font-family: verdana,geneva,sans-serif;">Aparte del Tuerto L&oacute;pez (1879-1950), pueden mencionarse en este grupo a Porfirio Barba Jacob (1883-1942) y a Le&oacute;n de Greiff (1895-1976).</span></span></p>]]></def>
	</definition>
</understanding>
<definitions title="Algunas definiciones" title2="Léxico" visible="true" >
	<definition>
		<title>Parnasianismo</title>
		<def><![CDATA[<p><span style="font-size:20px;"><span style="font-family: verdana,geneva,sans-serif;">Bajo el magisterio de Th. Gautier, te&oacute;rico del arte por el arte, el parnasianismo agrup&oacute; a poetas muy diversos que coincidieron en su reacci&oacute;n antirrom&aacute;ntica y en el car&aacute;cter culto e impersonal de su obra. Fueron llamados parnasianos tras la aparici&oacute;n de una recopilaci&oacute;n de los versos de estos poetas bajo el t&iacute;tulo de&nbsp;<em>El Parnaso contempor&aacute;neo&nbsp;</em>(1866). Su m&aacute;ximo te&oacute;rico fue Ch.-M. Leconte de Lisle, que expuso las tesis est&eacute;ticas del parnasianismo en el prefacio de&nbsp;<em>Poemas antiguos</em>&nbsp;(1852), en&nbsp;<em>Poemas y poes&iacute;as</em>&nbsp;(1855) y en algunos escritos cr&iacute;ticos. Entre sus disc&iacute;pulos, Th. de Banville represent&oacute; la intransigencia formalista, que expres&oacute; en el&nbsp;<em>Peque&ntilde;o tratado de poes&iacute;a francesa</em>&nbsp;(1872);&nbsp;Sully Prudhomme marc&oacute; una tendencia filos&oacute;fica y cient&iacute;fica vinculada con las concesiones al positivismo, F. Copp&eacute;e represent&oacute; la inspiraci&oacute;n familiar e intimista, mientras que J.M. de Heredia se identific&oacute; con el retorno a las antiguas civilizaciones y a lo ex&oacute;tico. (Tomado de aulaplaneta.planetasaber.com)</span></span></p>]]></def>
	</definition>
	<definition>
		<title>Simbolismo</title>
		<def><![CDATA[<p><span style="font-size:20px;"><span style="font-family: verdana,geneva,sans-serif;">Los simbolistas crearon una literatura basada en el poder evocador de la palabra y en la musicalidad, abierta a los sentidos. El pesimismo y la melancol&iacute;a se expresan con motivos decadentes y sentimentales de resonancias rom&aacute;nticas: parques desiertos, viejas fuentes, el claro de luna, etc., elementos que recogieron el decadentismo y el modernismo.</span></span></p>

<p><span style="font-size:20px;"><span style="font-family: verdana,geneva,sans-serif;">Los simbolistas pensaban que la poes&iacute;a era una forma de conocimiento que permit&iacute;a conectar con las zonas misteriosas de la realidad. Postulaban que el poeta, dotado de una sensibilidad especial, percib&iacute;a el sentido de las cosas m&aacute;s all&aacute; de las apariencias y se expresaba a trav&eacute;s de s&iacute;mbolos, con un lenguaje evocador y musical. (Tomado de aulaplaneta.planetasaber.com)</span></span></p>]]></def>
	</definition>
	<definition>
		<title>Capitalismo</title>
		<def><![CDATA[<p><span style="font-size:20px;"><span style="font-family: verdana,geneva,sans-serif;">Se entiende por&nbsp;capitalismo&nbsp;un sistema econ&oacute;mico y social basado en la propiedad privada de los medios de producci&oacute;n, la b&uacute;squeda del m&aacute;ximo beneficio y la acumulaci&oacute;n y producci&oacute;n de capital. El capitalismo es un sistema propio de la era contempor&aacute;nea; en este sentido se utiliza este t&eacute;rmino para referirse a la estructura econ&oacute;mica y social que predomina actualmente en el mundo.</span></span></p>

<p><span style="font-size:20px;"><span style="font-family: verdana,geneva,sans-serif;">El origen del capitalismo hay que buscarlo en el desarrollo del comercio internacional europeo tras los descubrimientos de los ss.&nbsp;XV y XVI, aunque ya durante la Edad Media la pujanza del comercio hab&iacute;a dado lugar al nacimiento en algunas ciudades europeas de una nueva clase social: la burgues&iacute;a. (Tomado de aulaplaneta.planetasaber.com)</span></span></p>]]></def>
	</definition>
	<definition>
		<title>Decadentismo</title>
		<def><![CDATA[<p><span style="font-size:20px;"><span style="font-family: verdana,geneva,sans-serif;">En 1884, Joris-Karl Huysmans (1848-1907) hab&iacute;a obtenido un notable &eacute;xito con la publicaci&oacute;n de su novela&nbsp;<em>Al rev&eacute;s</em>. En ella narraba la vida de un arist&oacute;crata que, para evitar todo contacto con lo desagradable, se refugia en su mansi&oacute;n rodeado de libros y obras de arte. Entre los libros se hallan los de Mallarm&eacute;, y entre los pintores cuyos cuadros colman su gusto exquisito est&aacute;n los de Moreau y Redon. Esta novela y&nbsp;<em>El retrato de Dorian Gray</em>, de Oscar Wilde (1854-1900), publicada en 1891, se convirtieron en los m&aacute;s claros exponentes del decadentismo.</span></span></p>

<p><span style="font-size:20px;"><span style="font-family: verdana,geneva,sans-serif;">Hacia mediados del siglo&nbsp;XIX, el realismo y el naturalismo, en pintura y en literatura, hab&iacute;an intentado reflejar el mundo tal como es, a menudo con una intenci&oacute;n de denuncia, incluso con la pretensi&oacute;n de contribuir a cambiar la sociedad. En los a&ntilde;os posteriores, entre la burgues&iacute;a se abri&oacute; paso un sentimiento de rechazo no a la injusticia, sino a la fealdad del mundo; la industria hab&iacute;a tra&iacute;do riqueza y comodidades, pero no hab&iacute;a hecho las ciudades m&aacute;s bellas, m&aacute;s habitables y m&aacute;s tranquilas. El decadentismo fue una actitud vital que manifestaba su desaz&oacute;n apelando al aislamiento. Por eso los protagonistas de Huysmans y Wilde se convirtieron en paradigmas del decadentismo: rechazaban cualquier inquietud moral, solo les importaba su bienestar, y la contemplaci&oacute;n de la belleza formaba parte inseparable de su vida. El olvido del mundo exterior y la b&uacute;squeda del placer se relacionaban tambi&eacute;n con la moda de los alucin&oacute;genos y estimulantes como el hach&iacute;s, el opio y las bebidas alcoh&oacute;licas fuertes. (Tomado de aulaplaneta.planetasaber.com)</span></span></p>]]></def>
	</definition>
</definitions>
<reaserch title="" title2="" buttons="false" visible="false" >
</reaserch>
<activity title2="" visible="false" path="">
</activity></engine>