﻿<?xml version="1.0" encoding="UTF-8"?>
<?xml-stylesheet href="cuadernoestudio/dtd/libro.xslt" type="text/xsl"?>
<!--Arbortext, Inc., 1988-2013, v.4002-->
<!DOCTYPE libro SYSTEM "cuadernoestudio/dtd/libro.dtd">
<?Pub Inc?>
<libro id="LE_07_07_CO">
<libroTitulo>El artículo editorial</libroTitulo>
<seccion1 id="S1_LE_07_07_CO_871CDA802A9940E39BF62D365CD02CE3">
<seccion1Titulo>Lectura: el artículo editorial</seccion1Titulo>
<seccion1Texto>
<p>¿Cuál es el propósito de un artículo editorial?, ¿quién lo escribe
y dónde aparece publicado?</p>
<destacado><destacadoTitulo>El artículo editorial </destacadoTitulo>
<destacadoTexto>
<p>Es un texto argumentativo que expone una <negrita>tesis</negrita
> que se desarrolla por medio de <negrita>argumentos</negrita>. Plasma
las ideas de un medio de comunicación o una institución sobre un <negrita
>tema noticioso</negrita> de actualidad, con lo cual contribuye a <negrita
>formar opinión</negrita> entre los lectores. </p>
</destacadoTexto></destacado>
<imagen ampliable="no" src="LE_07_07_CO_IMG01_small.jpg">
<p>Un editorial fija la posición de un medio de comunicación sobre
un determinado asunto, siempre aparece identificado como <cursiva
>Editorial</cursiva> y jamás va firmado por una persona en particular. </p>
</imagen>
<p><negrita>Artículo editorial</negrita> </p>
<p><negrita>Mensajeros de esperanza</negrita></p>
<p><negrita>300 universitarios harán sus prácticas en regiones que
han sido castigadas por la violencia.</negrita></p>
<p>En un país como el nuestro, que transcurre por estos días bajo
un ambiente tenso, pareciera que escasearan los hechos optimistas.
Pero los hay.</p>
<p>El Ministerio del Posconflicto y el Programa de las Naciones Unidas
para el Desarrollo (Pnud), dentro del proyecto Manos a la Paz, encaminado
a fortalecer las capacidades de construcción de reconciliación en
los territorios, a comienzos del mes pasado hicieron una primera convocatoria
dirigida a las comunidades universitarias para que estudiantes de
pregrado fueran a hacer sus prácticas a regiones que han sido especialmente
castigadas por la violencia.</p>
<p>En esta primera etapa, 300 jóvenes de diversos centros de educación
superior, con los que hubo un convenio, irán a distintas zonas apartadas.
Pues, como halagüeña sorpresa, se inscribieron más de 7.800 estudiantes.</p>
<p>Este es un hecho que tiene todos los significados esperanzadores
que se le quieran dar. Empezando por la fe en la paz y en el país
que expresa esta juventud. Además de una clara manifestación de confianza
en el campo. Actitud que en tiempos tan recientes era más bien rara,
tal vez por el natural miedo a los violentos. Así mismo de admiración
y afecto al campesino, en especial a las comunidades que han sufrido
el duro rigor de la guerra.</p>
<p>Indudablemente, esta es una iniciativa que se debe exaltar y que
merece todo el respaldo necesario. Porque, según el plan del Ministerio
y el Pnud, la meta es que 10.000 jóvenes al año lleguen a distintas
regiones con sus aportes, sus orientaciones y ayuda empresarial y
social. Además, hay una valiosa retroalimentación, pues ellos también
adquieren los conocimientos, sobre el terreno, de la vida agrícola,
nunca fácil.</p>
<p>Que la academia, representada en cerebros jóvenes, vaya a la Colombia
a veces olvidada, puede ser un principio de paz fundamental. Este
14 de marzo arrancan, con su morral lleno de expectativas e ilusiones,
los 300 pioneros del programa. Lo más seguro es que serán bien acogidos,
y es indispensable que sean respetados y cuidados. Ellos son mensajeros
de paz. Mucha suerte a los nuevos campesinos.</p>
<p>editorial@eltiempo.com</p>
<p>Tomado de El Tiempo, 11 de marzo de 2016<enlace
destino="http://www.eltiempo.com/opinion/editorial/mensajeros-de-esperanza-editorial-el-tiempo-11-de-marzo-de-2016/16533520"
> [VER]</enlace>.</p>
<p><negrita>¿Qué sabes sobre el tema?</negrita></p>
<p>Desarrolla las siguientes actividades que te introducirán en los
asuntos tratados en esta unidad. </p>
<listaSinNumerar>
<listaElemento>¿Cuál es el tema del artículo editorial?, ¿qué aspectos
lo hacen de interés?</listaElemento>
<listaElemento>Explica qué se busca destacar en el editorial y escribe
tres argumentos con los que se sustenta.</listaElemento>
<listaElemento>Anota ejemplos de novelas de aventuras y de ciencia
ficción. Luego, menciona tres diferencias entre estas clases de novelas.</listaElemento>
<listaElemento>Analiza las siguientes oraciones y determina cuál de
ellas es transitiva y cuál, intransitiva.<listaSinNumerar>
<listaElemento>Los 300 pioneros del programa saldrán este 14 de marzo.</listaElemento>
<listaElemento>Ellos obtendrán conocimientos sobre la vida en el campo. </listaElemento>
</listaSinNumerar></listaElemento>
<listaElemento>Explica qué indica el uso de las comillas y los puntos
suspensivos en los siguientes enunciados. <listaSinNumerar>
<listaElemento>Existen varios tipos de textos argumentativos: el artículo
de opinión, el ensayo, el editorial, la reseña, la crítica de cine…</listaElemento>
<listaElemento>El autor afirma: “La cultura griega, pilar de Occidente,
tiene sus orígenes en la civilización cretense”.</listaElemento>
<listaElemento>Pensándolo bien… me uniré al programa, quiero ser un
mensajero de paz</listaElemento>
</listaSinNumerar></listaElemento>
</listaSinNumerar>
<practica>
<enlace
destino="/LoIdRedirect.aspx?LoId=LE_07_07_CO_Recurso010&amp;IdRecurso=RES-449E5A4D60A24296BA7AB09736ED1FA1"
>Literatura: comprende fragmentos novelescos</enlace>
<enlace
destino="/LoIdRedirect.aspx?LoId=LE_07_07_CO_Recurso020&amp;IdRecurso=RES-BD6D9F73A06B43528C7D173BB1D9648F"
>Gramática: clasifica las oraciones </enlace>
<enlace
destino="/LoIdRedirect.aspx?LoId=LE_07_07_CO_Recurso030&amp;IdRecurso=RES-4CEBD9D97BBC4C6C906D8276FD1030D1"
>Ortografía: selecciona el signo correspondiente</enlace>
<enlace
destino="/LoIdRedirect.aspx?LoId=LE_07_07_CO_Recurso040&amp;IdRecurso=RES-71CDF3CA347F497B9CD118C14FCBFE52"
>Ortografía: incluye los signos faltantes en las oraciones</enlace>
<enlace
destino="/LoIdRedirect.aspx?LoId=LE_07_07_CO_Recurso050&amp;IdRecurso=RES-E9E07C3B33C147DC81D781B9F63E1E1E"
>Comprensión textual: las características del editorial</enlace>
<enlace
destino="/LoIdRedirect.aspx?LoId=LE_07_07_CO_Recurso060&amp;IdRecurso=RES-E7CD3BEC4F5F4BE9A57E21009CB56ECF"
>Producción escrita: reflexiona sobre el editorial</enlace>
</practica></seccion1Texto></seccion1><seccion1
id="S1_LE_07_07_CO_51E1845F6E344B46B17B3F58378D8DC1">
<seccion1Titulo>Literatura: la novela</seccion1Titulo>
<seccion1Texto>
<p>¿Alguna vez has leído un libro con una trama compleja, llena de
personajes que presentan diversos matices que te permiten experimentar
diferentes sensaciones? Este tipo de texto se llama novela. </p>
<destacado><destacadoTitulo>Las características de la novela</destacadoTitulo>
<destacadoTexto>
<p>La novela es una narración extensa que se caracteriza por plantear
personajes y argumentos desarrollados exhaustivamente. Se caracteriza
por:</p>
<listaSinNumerar>
<listaElemento>Establecer un mundo narrativo imaginado que parece
creíble ya que aparenta una existencia real.</listaElemento>
<listaElemento>Dar origen a las historias basándose en la imaginación
del autor. Aunque algunas de ellas nacen de la realidad, son matizadas
social, personal o culturalmente convirtiéndolas en ficción.</listaElemento>
<listaElemento>Brindar detalles de gran importancia, permitiéndole
al lector imaginar dónde y cómo ocurre la historia.</listaElemento>
<listaElemento>Construir mundos en los cuales las cosas transcurren
de forma paralela y se interrelacionan, sin aislamientos.</listaElemento>
</listaSinNumerar>
</destacadoTexto></destacado>
<imagen ampliable="no" src="LE_07_07_CO_IMG02_small.jpg">
<p>La novela tiene múltiples personajes que pueden ser <negrita>protagonistas</negrita
> o <negrita>antagonistas</negrita> y se describen exhaustivamente
tanto física como psicológicamente.</p>
</imagen>
<profundiza>
<enlace
destino="/LoIdRedirect.aspx?LoId=LE_07_07_CO_Recurso070&amp;IdRecurso=RES-A9DB8C7EFC8C499F93081AA3F65FCBE5"
>La novela</enlace>
</profundiza><seccion2
id="S2_LE_07_07_CO_FF30DE8D880E421798635CE3F94BFC25">
<seccion2Titulo>Las clases de novela</seccion2Titulo>
<seccion2Texto>
<p>¿Crees que el protagonista de una historia de amor tiene las mismas
características que el de una narración de terror?</p>
<p>A continuación encontrarás algunos de los tipos de novela más importantes,
así como los aspectos que las distinguen.</p>
<table border="1"><caption>Las clases e novelas </caption><colgroup>
<col align="left"/><col/></colgroup>
<tbody>
<tr>
<td valign="top"><negrita>Fantástica</negrita></td>
<td valign="top">Usa elementos de la fantasía.</td>
</tr>
<tr>
<td valign="top"><negrita>Realista</negrita></td>
<td valign="top">Describe la vida cotidiana tal y como es.</td>
</tr>
<tr>
<td valign="top"><negrita>Histórica</negrita></td>
<td valign="top">Se basa en hechos históricos verídicos.</td>
</tr>
<tr>
<td valign="top"><negrita>De aventuras</negrita></td>
<td valign="top">Narra detalladamente las aventuras y desventuras
del protagonista.</td>
</tr>
<tr>
<td valign="top"><negrita>De ciencia ficción</negrita></td>
<td valign="top">Toma como base escenarios pasados o futuros en los
cuales los avances tecnológicos son fundamentales.</td>
</tr>
<tr>
<td valign="top"><negrita>Negra</negrita></td>
<td valign="top">Utiliza elementos lúgubres para crear una atmósfera
de terror o miedo. </td>
</tr>
<tr>
<td valign="top"><negrita>Policíaca</negrita></td>
<td valign="top">Se centra en la presentación y resolución de un acto
delictivo. </td>
</tr>
<tr>
<td valign="top"><negrita>De caballería</negrita></td>
<td valign="top">Relata la hazañas de un caballero, casi siempre durante
la Edad Media.</td>
</tr>
<tr>
<td valign="top"><negrita>Picaresca</negrita></td>
<td valign="top">Retrata la vida y costumbres de vagos, truhanes,
bribones o pícaros.</td>
</tr>
<tr>
<td valign="top"><negrita>Costumbrista</negrita></td>
<td valign="top">Detalla las características y formas de actuar de
los personajes en determinado contexto social. </td>
</tr>
<tr>
<td valign="top"><negrita>Biográfica</negrita></td>
<td valign="top">Expone la vida de un personaje con base en datos
verídicos.</td>
</tr>
<tr>
<td valign="top"><negrita>Pastoril</negrita></td>
<td valign="top">Da cuenta de la vida de pastores, tanto sus historias
de amor como su vida cotidiana en un espacio bucólico. </td>
</tr>
</tbody>
</table>
<practica>
<enlace
destino="/LoIdRedirect.aspx?LoId=LE_07_07_CO_Recurso080&amp;IdRecurso=RES-EA871C8124CF40CE9399E8104C42BAC9"
>Los tipos de novelas</enlace>
</practica></seccion2Texto></seccion2><seccion2
id="S2_LE_07_07_CO_4FECB3BBEA784F5FB04D91D01A1D5D41">
<seccion2Titulo>La novela de ciencia ficción</seccion2Titulo>
<seccion2Texto>
<p>¿Conoces historias en las que el protagonista pareciera ser y vivir
en el futuro o en otro espacio y tiempo? Pues bien, ese tipo de novela
es conocida como <negrita>de ciencia ficción.</negrita> </p>
<imagen src="LE_07_07_CO_IMG03_small.jpg">
<p>En la novela de ciencia ficción el autor diseña contenidos imaginarios
como atmósferas futuristas, viajes en el espacio y en el tiempo, desplazamientos
más rápidos que la velocidad de la luz, universos paralelos o vida
en otros planetas. Por medio de estos contenidos el autor explora
las posibles consecuencias que tendrían en la vida del ser humano
las innovaciones tecnológicas y científicas. </p>
</imagen>
<p>Estos son algunos elementos de la novela de ciencia ficción. </p>
<listaSinNumerar>
<listaElemento>La historia se lleva a cabo en el futuro, en épocas
alternas o en un pasado que contradice los hechos históricos conocidos.</listaElemento>
<listaElemento>En muchas de las novelas, la historia transcurre en
el espacio sideral o en la tierra subterránea.</listaElemento>
<listaElemento>Los personajes pueden ser alienígenas, mutantes, robots
humanoides y de otro tipo con características que resultarían de la
futura evolución  tecnológica y humana o con cualidades que se desconocen
en el presente.</listaElemento>
<listaElemento>La tecnología que se usa es insuperable, como armas
de rayos, teletransportación, máquinas del tiempo o computadores con
rasgos humanos.</listaElemento>
<listaElemento>Describe nuevos principios científicos o contradice
leyes físicas como viajar en el tiempo o transportarse y comunicarse
más rápido que la velocidad de la luz.</listaElemento>
<listaElemento>Expone habilidades paranormales en los personajes como
el control mental, la telepatía, la telekinesia y la teletransportación. </listaElemento>
</listaSinNumerar>
<p>Lee el siguiente fragmento y comparte con un compañero tu impresión
respecto a lo narrado. </p>
<p><negrita>Ylla</negrita></p>
<p>Tenían en el planeta Marte, a orillas de un mar seco, una casa
de columnas de cristal, y todas las mañanas se podía ver a la señora
K mientras comía la fruta dorada que brotaba de las paredes de cristal,
o mientras limpiaba la casa con puñados de un polvo magnético que
recogía la suciedad y luego se dispersaba en el viento cálido. A la
tarde, cuando el mar fósil yacía inmóvil y tibio, y las viñas se erguían
tiesamente en los patios, y en el distante y recogido pueblo marciano
nadie salía a la calle, se podía ver al señor K en su cuarto, que
leía un libro de metal con jeroglíficos en relieve, sobre los que
pasaba suavemente la mano como quien toca el arpa. Y del libro, al
contacto de los dedos, surgía un canto, una voz antigua y suave que
hablaba del tiempo en que el mar bañaba las costas con vapores rojos
y los hombres lanzaban al combate nubes de insectos metálicos y arañas
eléctricas.</p>
<p>Ray Bradbury, <cursiva>Crónicas Marcianas</cursiva>. 1950: Ediciones
Minotauro.</p>
<practica>
<enlace
destino="/LoIdRedirect.aspx?LoId=LE_07_07_CO_Recurso090&amp;IdRecurso=RES-E3AF46EFD4634648913B43E245C283DB"
>Examina fragmentos de Fahrenheit 451</enlace>
</practica></seccion2Texto></seccion2><seccion2
id="S2_LE_07_07_CO_B26C580F09A74D0DBB8A75D07FD6768B">
<seccion2Titulo>La novela de aventuras</seccion2Titulo>
<seccion2Texto>
<p>¿Sabes de novelas en las que el personaje principal pasa por muchos
percances y siempre resulta victorioso? Esta clase de escritos son
conocidos como novelas de aventuras.</p>
<imagen src="LE_07_07_CO_IMG04_small.jpg">
<p>En la novela de aventuras se resalta el riesgo, la sorpresa y el
misterio. Los escenarios están repletos de acción, elemento básico
para desarrollar la trama.</p>
</imagen>
<p>Lee el siguiente fragmento y escribe en un párrafo qué opinas del
protagonista. Sustenta tu opinión únicamente en esta información.</p>
<p><negrita>La vuelta al mundo en 80 días</negrita></p>
<p>Esta cuestión de la vuelta al mundo se comentó, se discutió, se
examinó con la misma pasión y el mismo ardor que si se hubiese tratado
de otro negocio del "Alabama". Unos se hicieron partidarios de Phileas
Fogg; otros −que pronto formaron una considerable mayoría− se pronunciaron
en contra de él. Realizar esta vuelta al mundo de otra suerte que
en teoría o sobre el papel, en este minimum de tiempo, con los actuales
medios de comunicación, era no solamente imposible: era insensato. El
"Times", el "Standard", el "Evening-Star", el "Morning-Chronicle"
y veinte periódicos más de los de mayor circulación se declararon
contra el señor Fogg. Únicamente el "Daily-Telegraph" lo defendió
hasta cierto punto. Phileas Fogg fue tratado como maniático y loco,
y a sus colegas del Reform-Club se les criticó por haber aceptado
esta apuesta, que acusaba debilidad en las facultades mentales de
su autor.</p>
<p>Julio Verne, <cursiva>La vuelta al mundo en 80 días.</cursiva></p>
<destacado><destacadoTitulo>Las características de las novelas de
aventuras</destacadoTitulo><destacadoTexto>
<p>Con la novela de aventuras el autor resalta el riesgo, el misterio
y la sorpresa por medio de las experiencias que vive el protagonista.
Revisemos las cualidades de sus componentes. </p>
<listaSinNumerar>
<listaElemento><negrita>Los personajes:</negrita> se presenta al protagonista
como un héroe atrevido y valiente que encara su destino sin temor,
enfrentándose a varios peligros y peripecias a lo largo de la historia.</listaElemento>
<listaElemento><negrita>Temas principales:</negrita> aunque en la
novela de aventuras el tema principal es contar la historia del protagonista,
héroe, y su enfrentamiento con el destino o los antagonistas, algunos
autores emplean otros aspectos como: la búsqueda de un tesoro, enfrentamientos
contra el mar o la naturaleza, viajes exploratorios o batallas de
capa y espada.</listaElemento>
<listaElemento><negrita>Los espacios:</negrita> van de la mano con
la acción física de los personajes. En su mayoría, la naturaleza en
la que se desenvuelven es vasta, llena de cambios dramáticos y peligros.
Otras veces el terreno es hostil, hasta el punto de convertirse en
un enemigo más para el protagonista. </listaElemento>
</listaSinNumerar>
<p>Con estos recursos el autor victimiza aún más al protagonista poniendo,
no solo a otros personajes y situaciones en su contra, sino además
al espacio y en ocasiones al clima mismo. </p>
</destacadoTexto></destacado><profundiza>
<enlace
destino="/LoIdRedirect.aspx?LoId=LE_07_07_CO_Recurso100&amp;IdRecurso=RES-C6E280EEC2764CE18F3E6ABA562B2756"
>Don Quijote de la Mancha</enlace>
</profundiza></seccion2Texto></seccion2><seccion2
id="S2_LE_07_07_CO_6AAC59F0F5C2471585FB1311C59C8EF2">
<seccion2Titulo>Consolidación</seccion2Titulo>
<seccion2Texto>
<p>Actividades para reforzar lo que has aprendido en esta sección.</p>
<profundiza>
<enlace
destino="/LoIdRedirect.aspx?LoId=LE_07_07_CO_Recurso120&amp;IdRecurso=RES-3956FA168D8C4728A48C4729857EAFD8"
>Antología de textos: la novela</enlace>
</profundiza><practica>
<enlace
destino="/LoIdRedirect.aspx?LoId=LE_07_07_CO_Recurso130&amp;IdRecurso=RES-F3FE1617F24344728A6ABA9D99D6919F"
>Refuerza tu aprendizaje: La novela</enlace>
</practica></seccion2Texto></seccion2></seccion1Texto></seccion1>
<seccion1 id="S1_LE_07_07_CO_EDEAA8F998DC4DCAAC587149C4AB6EF1">
<seccion1Titulo>Gramática: las oraciones transitivas e intransitivas</seccion1Titulo>
<seccion1Texto>
<p>Al analizar una oración es necesario tener en cuenta las características
semánticas y también las sintácticas, pues dependiendo de ellas se
establece la transitividad o intransitividad del enunciado analizado. </p>
<destacado><destacadoTitulo>La diferencia entre verbos transitivos
e intransitivos</destacadoTitulo><destacadoTexto>
<p>•	Los <negrita>verbos transitivos</negrita> son aquellos que necesitan
un complemento directo. Por ejemplo: Juana <cursiva>compró</cursiva
> un auto.</p>
<p>•	Los <negrita>verbos intransitivos</negrita>, por su parte, no
requieren un complemento directo. Por ejemplo: Margarita <cursiva
>adelgazó</cursiva>.</p>
</destacadoTexto></destacado>
<imagen src="LE_07_07_CO_IMG05_small.jpg">
<p>Existen verbos como <cursiva>beber</cursiva> o <cursiva>comer</cursiva
> que son considerados transitivos porque su significado implica la
participación de un sujeto (aquel que bebe o come) y un objeto (aquello
que se come o bebe) para que la oración tenga sentido. Por ejemplo: <cursiva
>El bebé come compota</cursiva>.</p>
</imagen>
<profundiza>
<enlace
destino="/LoIdRedirect.aspx?LoId=LE_07_07_CO_Recurso150&amp;IdRecurso=RES-C312492E91D14546BA336977F6C96FB2"
>La oración transitiva e intransitiva</enlace>
</profundiza><seccion2
id="S2_LE_07_07_CO_7793E58514ED41EBA7C0DC948E9C95A2">
<seccion2Titulo>Las oraciones transitivas</seccion2Titulo>
<seccion2Texto>
<p>Las <negrita>oraciones transitivas</negrita> son aquellas que tienen
como núcleo un verbo predicativo (transitivo), razón por la cual,
necesitan un <negrita>complemento directo</negrita> para tener sentido
completo. </p>
<recuerda><recuerdaTexto>
<p>Un verbo transitivo tiene complemento directo, de lo contrario,
la oración perdería gran parte de su significado.  Analicemos el siguiente
ejemplo:</p>
<listaSinNumerar>
<listaElemento><cursiva>Baja la persiana:</cursiva> bajar es un verbo
transitivo porque tiene complemento directo. En este caso es <cursiva
>la persiana</cursiva>, por lo tanto esta oración es <negrita>transitiva</negrita
>. </listaElemento>
</listaSinNumerar>
</recuerdaTexto></recuerda>
<p>A continuación te mostramos otros ejemplos de oraciones transitivas
y su respectivo análisis.</p>
<p><cursiva>• Juliana lee un libro.</cursiva></p>
<p>Leer – <negrita>verbo transitivo.</negrita> </p>
<p>¿Qué lee Juliana? </p>
<p><cursiva>Un libro</cursiva> – <negrita>complemento directo.</negrita
></p>
<p><cursiva>• Óscar abrazó a su abuelita.</cursiva></p>
<p>Abrazar - <negrita>verbo transitivo.</negrita></p>
<p>¿A quién abrazó Óscar?</p>
<p><cursiva>A su abuelita</cursiva> – <negrita>complemento directo.</negrita
></p>
<p><cursiva>• No pude abrir la puerta</cursiva>.</p>
<p>Abrir - <negrita>verbo transitivo.</negrita></p>
<p>¿Qué no pude abrir? </p>
<p><cursiva>La puerta</cursiva> – <negrita>complemento directo.</negrita
></p>
<p><cursiva>• Marta limpió las ventanas de su apartamento.</cursiva
></p>
<p>Limpiar – <negrita>verbo transitivo.</negrita></p>
<p>¿Qué limpió Marta? </p>
<p><cursiva>Las ventanas</cursiva> – <negrita>complemento directo.</negrita
></p>
<p>Así mismo, existen oraciones transitivas en las que se omite el
complemento directo porque este se infiere del contexto o porque su
existencia no cambia la acción. Revisemos.</p>
<listaSinNumerar>
<listaElemento>Los verbos transitivos siempre conservan su estatus
aunque no tengan complemento directo. Este fenómeno se presenta cuando
el contexto permite identificar el referente. Por ejemplo: <listaSinNumerar>
<listaElemento><cursiva>¡Lanza la pelota!</cursiva> <p>Se puede expresar
el verbo <cursiva>¡Lanza!</cursiva>, y el contexto nos permite inferir
que el complemento directo es <cursiva>la pelota.</cursiva></p></listaElemento>
</listaSinNumerar></listaElemento>
<listaElemento>Existen verbos transitivos, que ocasionalmente, permiten
la omisión del objeto directo sin que haya un referente que se pueda
inferir por medio del contexto. Por ejemplo:<listaSinNumerar>
<listaElemento><cursiva>Andrés bebe café. </cursiva><p><cursiva>Andrés
bebe (agua, refresco, te).</cursiva></p></listaElemento>
</listaSinNumerar></listaElemento>
</listaSinNumerar>
<practica>
<enlace
destino="/LoIdRedirect.aspx?LoId=LE_07_07_CO_Recurso160&amp;IdRecurso=RES-CEDBE034109D41A79FCD18FFFBEBE417"
>Señala las oraciones transitivas</enlace>
</practica></seccion2Texto></seccion2><seccion2
id="S2_LE_07_07_CO_7F68E08B259C4D76882CD1E0F80BEB12">
<seccion2Titulo>Las oraciones intransitivas</seccion2Titulo>
<seccion2Texto>
<p>Lee las siguientes oraciones e identifica las características de
los enunciados intransitivos.</p>
<table border="1"><caption>Oraciones intransitivas</caption><colgroup>
<col/><col/></colgroup>
<tbody>
<tr>
<td>Camila <cursiva>lloró</cursiva> durante toda la película. </td>
<td>Llorar - verbo intransitivo.</td>
</tr>
<tr>
<td>Felipe <cursiva>nada</cursiva> todos los domingos en el club.</td>
<td>Nadar – verbo intransitivo.</td>
</tr>
<tr>
<td>Juana <cursiva>baila</cursiva> todos los viernes por la noche.</td>
<td>Bailar – verbo intransitivo.</td>
</tr>
<tr>
<td>José <cursiva>corre</cursiva> maratones en el verano.</td>
<td>Correr – verbo intransitivo.</td>
</tr>
</tbody>
</table>
<p>Las oraciones intransitivas son aquellas que tienen como núcleo
un <negrita>verbo intransitivo</negrita> que no necesita de un complemento
directo para tener sentido. En contraste, las oraciones intransitivas
pueden llevar otra clase de complementos como, por ejemplo, el complemento
circunstancial: </p>
<p><cursiva>Yo salgo temprano todos los días.</cursiva> </p>
<p>Complemento circunstancial: <cursiva>temprano todos los días.</cursiva
> </p>
<practica>
<enlace
destino="/LoIdRedirect.aspx?LoId=LE_07_07_CO_Recurso170&amp;IdRecurso=RES-54F55A25C49E415C89BB8FB49303C8E2"
>Identifica las oraciones intransitivas</enlace>
<enlace
destino="/LoIdRedirect.aspx?LoId=LE_07_07_CO_Recurso180&amp;IdRecurso=RES-1CCBA26261114724A0DDA9FB2799E976"
>Reconoce oraciones transitivas e intransitivas</enlace>
</practica></seccion2Texto></seccion2><seccion2
id="S2_LE_07_07_CO_357F4FF00C834FBBB722325D47EC5C78">
<seccion2Titulo>Consolidación</seccion2Titulo>
<seccion2Texto>
<p>Actividades para reforzar lo que has aprendido en esta sección.</p>
<practica>
<enlace
destino="/LoIdRedirect.aspx?LoId=LE_07_07_CO_Recurso190&amp;IdRecurso=RES-450424FD78D04BEBB99B7B6354BF087A"
>Refuerza tu aprendizaje: Las oraciones transitivas e intransitivas</enlace>
</practica></seccion2Texto></seccion2></seccion1Texto></seccion1>
<seccion1 id="S1_LE_07_07_CO_F522D39A411E4F3BB3BEEB9E09D3AFBA">
<seccion1Titulo>Los puntos suspensivos y las comillas </seccion1Titulo>
<seccion1Texto>
<p>Lee con atención el siguiente apartado.</p>
<listaSinNumerar>
<listaElemento>Dice Gabriel García Márquez, en su libro <cursiva>Cien
Años de Soledad</cursiva>: “[…] El mundo era tan reciente, que muchas
cosas carecían de nombre, y para mencionarlas había que señalarlas
con el dedo […]” </listaElemento>
</listaSinNumerar>
<imagen ampliable="no" src="LE_07_07_CO_IMG06_small.jpg">
<p>Gabriel García Márquez, único escritor colombiano que ha ganado
el premio Nobel de Literatura y autor de <cursiva>Cien Años de Soledad</cursiva
>.</p>
</imagen>
<p>¿Sabes por qué, en ocasiones, algunas palabras dentro de un texto
son colocadas entre comillas?, ¿notaste que el apartado termina con
tres puntos consecutivos?, ¿conoces su significado?</p>
<p>Las comillas son un signo ortográfico que generalmente se emplea
para diferenciar citas textuales, es decir, para señalar en un escrito
las palabras y pensamientos que han sido referidos por otra persona
e, incluso, por uno mismo. </p>
<destacado><destacadoTitulo>La paráfrasis</destacadoTitulo>
<destacadoTexto>
<p>Ten siempre presente que aquellas citas a las cuales se les modifica
alguna parte original de su enunciado se les denomina citas no textuales
o paráfrasis. En este caso no se deben emplear comillas. Por ejemplo:</p>
<listaSinNumerar>
<listaElemento>Leyendo a Gabriel García Márquez en <cursiva>Cien años
de soledad</cursiva>, se deduce que en la época primitiva la mayoría
de objetos no podían ser identificados, ya que, carecían de nombre.
Sin embargo, el hombre para referirse a ellos realizaba gestos o movimientos
para hacerse entender.</listaElemento>
</listaSinNumerar>
</destacadoTexto></destacado>
<p>Los puntos suspensivos, como su nombre lo indica, detienen el discurso
escrito, bien sea porque se interrumpe intencionalmente una cita textual,
como sucede en el pasaje anteriormente citado, o por otras causas. </p>
<profundiza>
<enlace
destino="/LoIdRedirect.aspx?LoId=LE_07_07_CO_Recurso200&amp;IdRecurso=RES-B80C34D8B21E4940943A0C230BB75C61"
>Los puntos suspensivos y las comillas</enlace>
</profundiza><seccion2
id="S2_LE_07_07_CO_357F4FF00C834FBBB722325D47EC4C79">
<seccion2Titulo>Los puntos suspensivos</seccion2Titulo>
<seccion2Texto>
<p>Los <negrita>puntos suspensivos</negrita> son un signo de puntuación
formado por tres y nada más que tres puntos consecutivos, entre los
que no debe dejarse espacio alguno. No obstante, según lo destaca
la Real Academia de la Lengua Española, en las antiguas ortografías
académicas no había un número definido de puntos. </p>
<p>Recuerda que los puntos suspensivos, interrumpen el desarrollo
de una idea o el enunciado de una oración con un propósito específico.
Por ejemplo:</p>
<listaSinNumerar>
<listaElemento>Este fin de semana iremos con mi familia a... Préstame
atención, que estoy hablando contigo.</listaElemento>
</listaSinNumerar>
<p>Revisemos algunas reglas ortográficas que precisan el uso de mayúsculas
y minúsculas después del uso de los puntos suspensivos.</p>
<p>Si los puntos suspensivos <cursiva>cierran el enunciado y la palabra
siguiente pertenece a una oración distinta</cursiva>, la primera letra
debe escribirse con <cursiva>mayúscula</cursiva>. En cambio, se escribirá
con <cursiva>minúscula</cursiva> si el <cursiva>sentido de la oración
o lo que se quiere decir es el mismo</cursiva>. Por ejemplo:</p>
<listaSinNumerar>
<listaElemento>El problema es que si nos llueve… <negrita>M</negrita
>ejor no pensemos en esa posibilidad.</listaElemento>
<listaElemento>Este fin de semana iremos con mi familia a… ¡<negrita
>c</negrita>asa de los abuelos!</listaElemento>
</listaSinNumerar>
<p>Cuando se finaliza un enunciado con enumeraciones, hay que tener
presente que los puntos suspensivos remplazan el significado de la
palabra <cursiva>etcétera</cursiva>. Por lo tanto, debe evitarse la
unión de estos dos elementos. Por ejemplo: </p>
<listaSinNumerar>
<listaElemento>Hoy me pasó de todo: me quedé dormido, llegué tarde
al colegio, olvidé el celular en casa, me llamaron la atención por
el retraso, dejé mi billetera en casa…</listaElemento>
</listaSinNumerar>
<p>En citas textuales, los puntos suspensivos entre paréntesis señalan
la eliminación de una palabra o una parte del texto para enfatizar
en lo que interesa. Siempre se escribe respetando la ortografía original
del texto citado. Por ejemplo:</p>
<listaSinNumerar>
<listaElemento>La sentencia del Juez indica: “Este tribunal declara
culpable al acusado […] <negritacursiva>y</negritacursiva> le condena
a 5 años en la cárcel”.</listaElemento>
</listaSinNumerar>
<p>Cuando sostienes una conversación con otra persona y crees que
posiblemente conoce el final del diálogo, los puntos suspensivos se
utilizan para indicar que no hay necesidad de señalar lo que sigue
en la oración. Por ejemplo: </p>
<listaSinNumerar>
<listaElemento>Gabriel García Márquez ganó el premio Nobel de Literatura
con su famoso libro… <negrita>b</negrita>ueno, ya sabes el nombre
(se usa minúscula porque se sigue hablando del mismo asunto). </listaElemento>
</listaSinNumerar>
<p>Para terminar, conviene recordar que los puntos suspensivos sirven
también para evitar expresiones o palabras vulgares o atrevidas en
una conversación, así que, puede escribirse en mayúscula o en minúscula
la palabra siguiente dependiendo de si se cambia de asunto o no. </p>
<practica>
<enlace
destino="/LoIdRedirect.aspx?LoId=LE_07_07_CO_Recurso210&amp;IdRecurso=RES-7A97733E3EFE444C834A7A2D71749A98"
>Asocia el ejemplo con el uso de los puntos suspensivos</enlace>
</practica></seccion2Texto></seccion2><seccion2
id="S2_LE_07_07_CO_FA07B48024804330AD8C7B8266C26959">
<seccion2Titulo>Las comillas</seccion2Titulo>
<seccion2Texto>
<p>Además de emplearse en citas textuales, las <negrita>comillas</negrita
> son utilizadas para llamar la atención del lector sobre alguna palabra
o expresión a la que se le atribuye un sentido especial, debido a
su singularidad o porque puede describir una acción concreta o particular
a la que se quiere referir el autor. Por ejemplo:</p>
<listaSinNumerar>
<listaElemento>Nunca habías oído hablar de “horribilización”, ¡exclamó
Alicia!..</listaElemento>
</listaSinNumerar>
<p>El uso de las comillas también se aplica para citar el título de
un libro, artículo, cuento, revista, periódico, cuadros, piezas musicales,
entre otros. Por ejemplo:</p>
<listaSinNumerar>
<listaElemento>Gabriel García Márquez en su libro “Cien Años de Soledad”,
publicado en 1967, describe la vida de una ciudad imaginaria llamada
“Macondo”.</listaElemento>
<listaElemento>En el cuadro “Las Meninas”, Velázquez fue capaz de
plasmar aspectos significativos que, como el vestuario, permiten comprender
cómo era la vida cortesana…</listaElemento>
</listaSinNumerar>
<p>Finalmente, ten siempre presente que los apodos y alias que se
utilizan entre el nombre y apellido, suelen escribirse entre comillas.
Por ejemplo: </p>
<listaSinNumerar>
<listaElemento>Carlos “El pibe” Valderrama marcó el gol que le dio
la victoria a Colombia contra Argentina. </listaElemento>
</listaSinNumerar>
<practica>
<enlace
destino="/LoIdRedirect.aspx?LoId=LE_07_07_CO_Recurso220&amp;IdRecurso=RES-38D44519F518400D8CE600392D8D0EB8"
>Reemplaza correctamente los signos</enlace>
</practica></seccion2Texto></seccion2><seccion2
id="S2_LE_07_07_CO_1922926070DC42F5913ECE5F96003DDF">
<seccion2Titulo>Consolidación</seccion2Titulo>
<seccion2Texto>
<p>Actividades para reforzar lo que has aprendido en esta sección.</p>
<practica>
<enlace
destino="/LoIdRedirect.aspx?LoId=LE_07_07_CO_Recurso230&amp;IdRecurso=RES-293DCDDF34BC41638B9728C81CB2BC56"
>Refuerza tu aprendizaje: Los puntos suspensivos y las comillas</enlace>
</practica></seccion2Texto></seccion2></seccion1Texto></seccion1>
<seccion1 id="S1_LE_07_07_CO_9EC917E30283452BADA7B92607903AEA">
<seccion1Titulo>Comprensión textual: el editorial</seccion1Titulo>
<seccion1Texto>
<p>Es deber del periodista dar a conocer noticias actuales y relevantes
para los receptores, presentando únicamente los hechos de manera objetiva.
Existen, sin embargo, otros géneros que se caracterizan por presentar
puntos de vista y opiniones, en otras palabras, análisis de los hechos
con base en la argumentación.</p>
<destacado><destacadoTitulo>El editorial</destacadoTitulo>
<destacadoTexto>
<p>El editorial es un género periodístico que se caracteriza por dejar
al descubierto la línea ideológica del medio que publica la información,
con el propósito de analizar los alcances y el impacto de un tema
noticioso y generar una postura por parte de los receptores. </p>
</destacadoTexto></destacado><seccion2
id="S2_LE_07_07_CO_1922926070DC42F5913ECE5F96003CCF">
<seccion2Titulo>La intención comunicativa del editorial</seccion2Titulo>
<seccion2Texto>
<p>La información expuesta en el editorial es subjetiva, pero basada
en argumentos sólidos, con profundas reflexiones de hechos noticiosos
de gran impacto sobre los cuales la gente debe tomar posturas y decisiones. </p>
<p>El editorial puede dar prioridad a las <negrita>explicaciones</negrita
>, las <negrita>opiniones</negrita>, o a las acciones que deben asumir
los receptores. Sin embargo, siempre busca generar una reflexión e
invitar a tomar una postura, es decir, crea opinión pública. </p>
<table border="1"><caption>Elementos del editorial</caption><colgroup>
<col align="left"/><col align="left"/></colgroup>
<tbody>
<tr>
<td valign="top"><negrita>Explicaciones</negrita></td>
<td valign="top">Exponen detalladamente un tema determinado y la opinión
del medio al respecto. </td>
</tr>
<tr>
<td valign="top"><negrita>Tesis u opinión</negrita></td>
<td valign="top">Muestra fácilmente una opinión a favor o en contra
de un problema específico e invita a la reflexión. </td>
</tr>
<tr>
<td valign="top"><negrita>Acciones</negrita></td>
<td valign="top">Busca persuadir al lector sobre determinada postura
frente a un tema, pero esto solo se completa en el interlocutor. </td>
</tr>
</tbody>
</table>
<imagen src="LE_07_07_CO_IMG07_small.jpg">
<p>La finalidad del editorial es explicar hechos y contextualizar
sobre el tema del que se informa y así invita a los lectores a crear
juicios de valor, a tomar decisiones y a consolidar o a cambiar su
postura frente al problema tratado. </p>
</imagen>
<profundiza>
<enlace
destino="/LoIdRedirect.aspx?LoId=LE_07_07_CO_Recurso250&amp;IdRecurso=RES-2247DE9017EE48408076CE6437D9FC8A"
>El artículo editorial</enlace>
</profundiza><recuerda><recuerdaTexto>
<p>Es función de los medios informar, entretener y generar opinión.
Para lograrlo utilizan diversos géneros periodísticos. Noticias y
crónicas para informar; entrevistas, columnas y editoriales para generar
opinión.  </p>
</recuerdaTexto></recuerda></seccion2Texto></seccion2><seccion2
id="S2_LE_07_07_CO_1922926070DC42F5913ECE5F96003BBF">
<seccion2Titulo>Las características del editorial</seccion2Titulo>
<seccion2Texto>
<imagen src="LE_07_07_CO_IMG08_small.jpg">
<p>La escritura del editorial requiere de personas especializadas
en los temas que se abordan y, comprometidas con el pensamiento que
orienta al medio de comunicación. El equipo de editorialistas siempre
refleja la postura del medio, jamás la suya como persona, razón por
la cual un editorial es responsabilidad del medio. </p>
</imagen>
<p>Con base en lo anterior se puede decir que las características
más importantes del editorial son:</p>
<table border="1"><caption>Características del editorial </caption>
<colgroup><col align="left"/><col align="left"/></colgroup>
<tbody>
<tr>
<td valign="top"><negrita>Autoría oficial del medio</negrita></td>
<td valign="top">La responsabilidad por los juicios de valor expuestos
en el editorial son del medio en el cual se publican y únicamente
de este.</td>
</tr>
<tr>
<td valign="top"><negrita>Escritura sistematizada</negrita></td>
<td valign="top">Los editoriales son parte esencial de los medios
impresos, cualquiera sea su formato (periódico, revista, boletín informativo,
informes empresariales…). </td>
</tr>
<tr>
<td valign="top"><negrita>Temas noticiosos y de actualidad</negrita
></td>
<td valign="top">Los temas de los que se opina en los editoriales
deben ser noticiosos de actualidad y de gran relevancia social. </td>
</tr>
<tr>
<td valign="top"><negrita>Lugar fijo</negrita></td>
<td valign="top">Los editoriales siempre aparecen en la misma sección
del diario identificada claramente con la palabra <cursiva>Editorial</cursiva
>. </td>
</tr>
</tbody>
</table>
<recuerda><recuerdaTexto>
<listaSinNumerar>
<listaElemento>El enfoque que se le da al editorial debe ser completo
y conciso.</listaElemento>
<listaElemento>El editorialista tiene un amplio conocimiento sobre
el tema.</listaElemento>
<listaElemento>La parte más relevante del editorial son los argumentos,
sin desconocer los hechos.</listaElemento>
<listaElemento>El editorialista debe desarrollar su crítica siguiendo
un esquema de lo más a lo menos importante para mantener la continuidad
del texto.</listaElemento>
<listaElemento>El propósito final siempre es influir en el receptor. </listaElemento>
</listaSinNumerar>
</recuerdaTexto></recuerda></seccion2Texto></seccion2><seccion2
id="S2_LE_07_07_CO_2D984083194A41ED9797C2B6705747D2">
<seccion2Titulo>Estrategia de lectura: inferir</seccion2Titulo>
<seccion2Texto>
<p>Inferir significa extraer información explícita de cualquier texto,
oral o escrito, con el fin de llegar a una conclusión lógica.</p>
<recuerda><recuerdaTexto>
<p>Se puede inferir el significado de las palabras conformadas por
sufijos o prefijos de la siguiente manera:</p>
<listaSinNumerar>
<listaElemento><negrita>Prefijos:</negrita> son términos que anteceden
a una palabra y modifican su sentido gramatical. Por ejemplo: <cursiva
>entre-, pro-, anti-, súper-, supra-, tele-, des-</cursiva>.  <p>Con
base en lo anterior, se puede inferir el significado de algunas palabras. <negritacursiva
>Des</negritacursiva>prevenido se refiere a una persona que no está
prevenida, ya que el prefijo <cursiva>des-</cursiva>, sugiere negación
o sentido contrario de la palabra que le sigue.</p></listaElemento>
<listaElemento><negrita>Sufijos:</negrita> se encuentran al final
de las palabras con el fin de modificar su sentido. Por ejemplo: <cursiva
>-ario, -azgo, -ble, -ción, -ismo,-ito, -triz.</cursiva>  <p>Revisemos
alguno de los casos. Se deduce que el significado de la palabra lider<negritacursiva
>azgo</negritacursiva> está relacionado con la acción de liderar,
puesto que el sufijo <cursiva>-azgo</cursiva> significa: condición,
cargo o acción.</p></listaElemento>
</listaSinNumerar>
</recuerdaTexto></recuerda>
<p>De la misma forma como se puede inferir el sentido gramatical de
una palabra con base en el sufijo o el prefijo que la conforma, igualmente
es posible inferir información de textos o discursos.</p><?Pub Caret 172?>
<p>La lectura inferencial se convierte en una estrategia en la cual
el lector, a partir de datos que extrae del texto, como el tono de
la publicación o la posición del autor, logra elaborar suposiciones.
Así, las preguntas que surgen con respecto a la información dada van
más allá de lo que está impreso o dicho. </p>
<listaSinNumerar>
<listaElemento>Por ejemplo:<p>Joaquín nació el mismo día que Colombia
ganó la copa América en nuestro país.</p>  </listaElemento>
</listaSinNumerar>
<p>Con base en esta información y, con el conocimiento previo sobre
la fecha en la que se llevó a cabo la copa América en Colombia y en
la cual la selección de fútbol obtuvo dicho título, se puede inferir
que Joaquín nació el 29 de julio del 2001. </p>
<practica>
<enlace
destino="/LoIdRedirect.aspx?LoId=LE_07_07_CO_Recurso260&amp;IdRecurso=RES-DB448D5669D947E1B98CDBB77C74C54E"
>Infiere información de un editorial</enlace>
</practica></seccion2Texto></seccion2><seccion2
id="S2_LE_07_07_CO_2D984083194A41ED9797C2B6705747D3">
<seccion2Titulo>Consolidación</seccion2Titulo>
<seccion2Texto>
<p>Actividades para fortalecer lo que has aprendido en esta sección.</p>
<practica>
<enlace
destino="/LoIdRedirect.aspx?LoId=LE_07_07_CO_Recurso270&amp;IdRecurso=RES-6114FCA89857483BB3BF09F175F7A257"
>Refuerza tu aprendizaje: El editorial</enlace>
</practica></seccion2Texto></seccion2></seccion1Texto></seccion1>
<seccion1 id="S1_LE_07_07_CO_9A368A314592475F8E2542FB3EB78A01">
<seccion1Titulo>Producción textual: el editorial</seccion1Titulo>
<seccion1Texto>
<p>El <negrita>editorial</negrita> es un género periodístico en el
cual se ofrecen puntos de vista sobre un tema noticioso y de actualidad
con relevancia social, se expresa una postura oficial del medio y
se establecen juicios de valor con el objetivo de generar opinión
pública.</p>
<p>En esta sección tendrás la oportunidad de conocer la estructura
del editorial, para así, comprender sus características a la hora
de escribir uno. </p>
<seccion2 id="S2_LE_07_07_CO_2D984083194A41ED9797C2B6705746D1">
<seccion2Titulo>La estructura del editorial</seccion2Titulo>
<seccion2Texto>
<p>Analiza la estructura de un editorial. </p>
<table border="1"><caption>Estructura del editorial </caption><colgroup>
<col/><col align="left"/></colgroup>
<tbody>
<tr>
<td align="left" valign="top"><negrita>Título </negrita></td>
<td valign="top">Puede incluir juicios de valor con el fin de llamar
la atención del lector. </td>
</tr>
<tr>
<td align="left" valign="top"><negrita>Desarrollo y análisis</negrita
></td>
<td valign="top">Primero expone la tesis, luego desarrolla los argumentos
junto con el análisis de los mismos (del más a menos relevante), y
finaliza retomando la tesis con la cual inició, resaltando la forma
en que quedó demostrada. </td>
</tr>
<tr>
<td align="left" rowspan="5" valign="top"><negrita>Conclusión</negrita
></td>
<td valign="top">Puede presentarse de las siguientes formas:</td>
</tr>
<tr>
<td valign="top">•	Analítica: la opinión es implícita, por lo tanto
el juicio que se percibe es más explicativo.</td>
</tr>
<tr>
<td valign="top">•	Sintética: son juicios que exponen una decisión
clara y explícita sobre el tema. </td>
</tr>
<tr>
<td valign="top">•	Hipotética: juicios en los cuales no se expone
una tesis concreta sino que se ofrecen posibles escenarios.</td>
</tr>
<tr>
<td valign="top">•	Disyuntiva: plantea una advertencia al lector,
le recomienda actuar o asumir una postura sobre la opinión expresada,
busca persuadirlo. </td>
</tr>
</tbody>
</table>
</seccion2Texto></seccion2><seccion2
id="S2_LE_07_07_CO_4E575EB03B0B448A820F0BB4A7F7FF03">
<seccion2Titulo>Escribe un editorial</seccion2Titulo>
<seccion2Texto>
<p>Teniendo en cuenta las características anteriores te proponemos
a continuación una guía sobre cómo escribir un editorial.</p>
<p>Para escribir un editorial, hay que tener en cuenta su estructura. </p>
<listaSinNumerar>
<listaElemento><negrita>Introducción:</negrita> comienza el editorial
planteando una tesis concreta en los primeros dos párrafos con el
fin de captar el interés del lector.</listaElemento>
<listaElemento><negrita>Explicación:</negrita> una vez se tenga la
tesis expuesta es necesario argumentar el tema de manera objetiva
dando a conocer el porqué es importante dicha situación para el público.
Esta parte del editorial correspondería entonces a la parte informativa,
por lo tanto se deben cubrir las preguntas: <cursiva>¿cómo?, ¿por
qué?, ¿para qué?, ¿dónde?, ¿cómo?,</cursiva> y <cursiva>¿quién?</cursiva
> Para ello puede ser útil citar datos o fuentes relevantes sobre
el tema.</listaElemento>
<listaElemento><negrita>Exponer el argumento del opositor:</negrita
> permite al lector comprender los puntos de vista contrarios a los
expuestos en el editorial, ofreciéndole transparencia y claridad sobre
las caras del debate. Recuerda usar datos concretos, citas, testimonios,
información estadística y demás recursos pertinentes.</listaElemento>
<listaElemento><negrita>Presentar evidencias que apoyen la opinión:</negrita
> el editorialista expone claramente los juicios de valor y opiniones
sobre el tema por medio de recursos que le apoyen: entrevistas, citas,
referencias…</listaElemento>
<listaElemento><negrita>Proponer una solución:</negrita> presenta
soluciones o posibles vías de acción sobre el tema expuesto.</listaElemento>
<listaElemento><negrita>Conclusión:</negrita> resumen contundente
que a la vez incita al lector a tomar una postura sobre el tema expuesto.</listaElemento>
</listaSinNumerar>
<imagen src="LE_07_07_CO_IMG09_small.jpg">
<p>El editorial es un escrito de opinión en el que se expone una noticia
y se analiza su impacto con base en diversos puntos de vista, siempre
persigue una acción o reacción de parte del receptor. </p>
</imagen>
<profundiza>
<enlace
destino="/LoIdRedirect.aspx?LoId=LE_07_07_CO_Recurso300&amp;IdRecurso=RES-3988E28099864DD4A22A05285A46C660"
>Escribe un editorial</enlace>
</profundiza>
<imagen ampliable="no" src="LE_07_07_CO_IMG10_small.jpg">
<p>El editorial busca influir en la opinión pública promoviendo una
postura crítica y activa de parte de los receptores.</p>
</imagen>
</seccion2Texto></seccion2><seccion2
id="S2_LE_07_07_CO_4E575EB03B0B448A820F0BB4A7F7EE04">
<seccion2Titulo>Consolidación</seccion2Titulo>
<seccion2Texto>
<p>Actividades para reforzar lo que has aprendido en esta sección.</p>
<practica>
<enlace
destino="/LoIdRedirect.aspx?LoId=LE_07_07_CO_Recurso310&amp;IdRecurso=RES-3817E193E95C4364992C2C5977D0BDF0"
>Refuerza tu aprendizaje: Escribe un editorial</enlace>
</practica></seccion2Texto></seccion2></seccion1Texto></seccion1>
<seccion1 id="S1_LE_07_07_CO_4E76D5CA42B44AFF8538323064881C59">
<seccion1Titulo>Competencias</seccion1Titulo>
<seccion1Texto>
<p>Lleva a la práctica los conocimientos adquiridos. Para lograrlo,
resuelve las siguientes actividades. </p>
<practica>
<enlace
destino="/LoIdRedirect.aspx?LoId=LE_07_07_CO_Recurso320&amp;IdRecurso=RES-860B1CFC01334A278D3C278DDAFCDBDC"
>Reflexiona sobre los límites del género novelesco</enlace>
<enlace
destino="/LoIdRedirect.aspx?LoId=LE_07_07_CO_Recurso330&amp;IdRecurso=RES-3A998D9129C54589BEC37CCA12AFDE5E"
>Completa el texto sobre las clases de oraciones</enlace>
<enlace
destino="/LoIdRedirect.aspx?LoId=LE_07_07_CO_Recurso350&amp;IdRecurso=RES-7C5452732B6C462C8FADB7E88D98F165"
>Ordena los pasos para realizar un editorial</enlace>
</practica></seccion1Texto></seccion1><masinformacion
id="MI_LE_07_07_CO_B4546A2FC41A41C78D499D6D48444B96"><mapaconceptual>
<enlace
destino="/LoIdRedirect.aspx?LoId=LE_07_07_CO_Recurso370&amp;IdRecurso=RES-25186D9B096743909EE834BFEB769D4D"
>Mapa Conceptual</enlace></mapaconceptual><autoevaluate><enlace
destino="/LoIdRedirect.aspx?LoId=LE_07_07_CO_Recurso380&amp;IdRecurso=RES-AC917E46812D40919CE200FE585C2ABC"
>Evalúa tus conocimientos sobre el tema El artículo editorial </enlace>
</autoevaluate><enlacesreferencia>
<enlace
destino="http://www.icarito.cl/2009/12/235-1111-9-verne-julio.shtml/"
>Investiga un poco más sobre la novela de aventuras.</enlace>
<enlace
destino="http://www.icarito.cl/2010/03/53-8922-9-predecir-e-inferir-en-la-lectura.shtml/"
>Revisa ejemplos de cómo hacer inferencias.</enlace>
<enlace
destino="http://www.ejemplos.co/40-ejemplos-de-oraciones-transitivas-e-intransitivas/"
>Ejercítate en distinguir oraciones transitivas e intransitivas.</enlace>
<enlace destino="http://www.elespectador.com/opinion/editorial-0"
>Lee diversos editoriales e identifica la forma en que se escriben.</enlace>
</enlacesreferencia></masinformacion></libro>
