﻿<?xml version="1.0" encoding="utf-8"?><engine copy="Editorial Planeta" version="1" aprid="f1">
<css></css>
<pantallas>
<pantalla id="pantalla_5">
<event id='onPrepare' language='DO'><![CDATA[]]></event>
<event id='onShown' language='DO'><![CDATA[]]></event>
<components>
<component _type='_compSimpleText' id='texto_87' x='156' y='40' width='637' height='60' alpha='1' visible='1' enabled='1' cssClass='defaultSimpleText' alignMode='17' >
<content><![CDATA[La oración transitiva e intransitiva]]></content>
</component>
<component _type='_compImage' id='image_96' x='84' y='155' width='0' height='0' alpha='1' visible='1' enabled='1' cssClass='' adjustMode='1' alignMode='0' image='data/imagenes/image_15.bmp' />
<component _type='_compImage' id='image_97' x='370' y='155' width='0' height='0' alpha='1' visible='1' enabled='1' cssClass='' adjustMode='1' alignMode='0' image='data/imagenes/image_14.bmp' />
<component _type='_compImage' id='image_98' x='656' y='155' width='0' height='0' alpha='1' visible='1' enabled='1' cssClass='' adjustMode='1' alignMode='0' image='data/imagenes/image_13.bmp' />
<component _type='_compRoundButton' id='roundbutton_99' x='84' y='464' width='228' height='40' alpha='1' visible='1' enabled='1' cssClass='roundTextButton' group='-1'>
<content><![CDATA[Oración intransitiva]]></content>
<event id='onClick' language='DO'><![CDATA[uiobject_set(rootSlider,"current",12)]]></event>
</component>
<component _type='_compRoundButton' id='roundbutton_100' x='84' y='366' width='228' height='40' alpha='1' visible='1' enabled='1' cssClass='roundTextButton' group='-1'>
<content><![CDATA[Oración transitiva]]></content>
<event id='onClick' language='DO'><![CDATA[uiobject_set(rootSlider,"current",3)]]></event>
</component>
<component _type='_compRoundButton' id='roundbutton_102' x='724' y='529' width='180' height='40' alpha='1' visible='1' enabled='1' cssClass='roundTextButton' group='-1'>
<content><![CDATA[PRACTICA]]></content>
<event id='onClick' language='DO'><![CDATA[uiobject_set(rootSlider,"current",1)]]></event>
</component>
</components>
<animaciones>
</animaciones>
</pantalla>
<pantalla id="pantalla_10">
<event id='onPrepare' language='DO'><![CDATA[]]></event>
<event id='onShown' language='DO'><![CDATA[]]></event>
<components>
<component _type='_compIconButton' id='iconbutton_168' x='20' y='527' width='37' height='37' alpha='1' visible='1' enabled='1' cssClass='iconHomeButton' group='-1'><event id='onClick' language='DO'><![CDATA[uiobject_set(rootSlider,"current",0)]]></event>
</component>
<component _type='_compIconButton' id='iconbutton_169' x='144' y='527' width='37' height='37' alpha='1' visible='1' enabled='1' cssClass='iconNextButton' group='-1'><event id='onClick' language='DO'><![CDATA[uiobject_set(rootSlider,"current",2)]]></event>
</component>
<component _type='_compRichText' id='texto_37' x='114' y='18' width='814' height='503' alpha='1' visible='1' enabled='1' scrollable='1' >
<content><![CDATA[<p><span style="font-size:20px"><span style="font-family:verdana,geneva,sans-serif"><span style="font-size:25px">Agrupa las oraciones en transitivas e intransitivas.</span></span></span></p>

<p>&nbsp;</p>

<p>&nbsp;</p>

<p style="text-align: center;"><span style="font-size:20px"><span style="font-family:verdana,geneva,sans-serif"><span style="background-color:rgb(173, 216, 230)">Mi hermana escribe un correo.</span></span></span></p>

<p style="text-align: center;"><span style="font-size:20px"><span style="font-family:verdana,geneva,sans-serif"><span style="background-color:rgb(0, 255, 0)">Gonzalo ha crecido mucho.</span></span></span></p>

<p style="text-align: center;"><span style="font-size:20px"><span style="font-family:verdana,geneva,sans-serif"><span style="background-color:rgb(218, 165, 32)">Alejandro mira la televisi&oacute;n.</span></span></span></p>

<p style="text-align: center;"><span style="font-size:20px"><span style="font-family:verdana,geneva,sans-serif"><span style="background-color:rgb(238, 130, 238)">La profesora ha cerrado la puerta.</span></span></span></p>

<p style="text-align: center;"><span style="font-size:20px"><span style="font-family:verdana,geneva,sans-serif"><span style="background-color:rgb(204, 153, 153)">En primavera florecen todas las rosas.</span></span></span></p>

<p style="text-align: center;"><span style="font-size:20px"><span style="font-family:verdana,geneva,sans-serif"><span style="background-color:rgb(153, 153, 255)">Pedro so&ntilde;&oacute; con elefantes.</span></span></span></p>
]]></content>
</component>
</components>
<animaciones>
</animaciones>
</pantalla>
<pantalla id="pantalla_15">
<event id='onPrepare' language='DO'><![CDATA[]]></event>
<event id='onShown' language='DO'><![CDATA[]]></event>
<components>
<component _type='_compRichText' id='texto_37' x='163' y='89' width='594' height='153' alpha='1' visible='1' enabled='1' scrollable='1' >
<content><![CDATA[<p style="text-align: center;"><span style="font-size:20px"><span style="font-family:verdana,geneva,sans-serif">Soluci&oacute;n</span></span></p>

<p style="text-align: center;">&nbsp;</p>

<p><span style="font-size:20px"><span style="font-family:verdana,geneva,sans-serif"><strong>Transitivas</strong></span></span></p>
]]></content>
</component>
<component _type='_compIconButton' id='iconbutton_168' x='20' y='527' width='37' height='37' alpha='1' visible='1' enabled='1' cssClass='iconHomeButton' group='-1'><event id='onClick' language='DO'><![CDATA[uiobject_set(rootSlider,"current",0)]]></event>
</component>
<component _type='_compIconButton' id='iconbutton_170' x='87' y='527' width='37' height='37' alpha='1' visible='1' enabled='1' cssClass='iconPrevButton' group='-1'><event id='onClick' language='DO'><![CDATA[uiobject_set(rootSlider,"current",1)]]></event>
</component>
<component _type='_compImage' id='image_52' x='17' y='236' width='0' height='0' alpha='1' visible='1' enabled='1' cssClass='' adjustMode='1' alignMode='0' image='data/imagenes/001.jpg' />
<component _type='_compRichText' id='texto_103' x='613' y='167' width='162' height='98' alpha='1' visible='1' enabled='1' scrollable='1' >
<content><![CDATA[<p><span style="font-size:20px"><span style="font-family:verdana,geneva,sans-serif"><strong>Intransitivas</strong></span></span></p>
]]></content>
</component>
</components>
<animaciones>
</animaciones>
</pantalla>
<pantalla id="pantalla_20">
<event id='onPrepare' language='DO'><![CDATA[]]></event>
<event id='onShown' language='DO'><![CDATA[]]></event>
<components>
<component _type='_compIconButton' id='iconbutton_168' x='20' y='527' width='37' height='37' alpha='1' visible='1' enabled='1' cssClass='iconHomeButton' group='-1'><event id='onClick' language='DO'><![CDATA[uiobject_set(rootSlider,"current",0)]]></event>
</component>
<component _type='_compIconButton' id='iconbutton_169' x='144' y='527' width='37' height='37' alpha='1' visible='1' enabled='1' cssClass='iconNextButton' group='-1'><event id='onClick' language='DO'><![CDATA[uiobject_set(rootSlider,"current",4)]]></event>
</component>
<component _type='_compImage' id='image_104' x='85' y='113' width='0' height='0' alpha='1' visible='1' enabled='1' cssClass='' adjustMode='1' alignMode='0' image='data/imagenes/image_36.bmp' />
<component _type='_compRichText' id='texto_37' x='114' y='18' width='254' height='94' alpha='1' visible='1' enabled='1' scrollable='1' >
<content><![CDATA[<p><span style="font-size:20px"><span style="font-family:verdana,geneva,sans-serif">F&iacute;jate en esta oraci&oacute;n.</span></span></p>
]]></content>
</component>
<component _type='_compRichText' id='texto_105' x='519' y='99' width='254' height='94' alpha='1' visible='1' enabled='1' scrollable='1' >
<content><![CDATA[<p><span style="font-size:20px"><span style="font-family:verdana,geneva,sans-serif">Mar&iacute;a tiene.</span></span></p>
]]></content>
</component>
</components>
<animaciones>
</animaciones>
</pantalla>
<pantalla id="pantalla_24">
<event id='onPrepare' language='DO'><![CDATA[]]></event>
<event id='onShown' language='DO'><![CDATA[]]></event>
<components>
<component _type='_compIconButton' id='iconbutton_168' x='20' y='527' width='37' height='37' alpha='1' visible='1' enabled='1' cssClass='iconHomeButton' group='-1'><event id='onClick' language='DO'><![CDATA[uiobject_set(rootSlider,"current",0)]]></event>
</component>
<component _type='_compIconButton' id='iconbutton_170' x='87' y='527' width='37' height='37' alpha='1' visible='1' enabled='1' cssClass='iconPrevButton' group='-1'><event id='onClick' language='DO'><![CDATA[uiobject_set(rootSlider,"current",3)]]></event>
</component>
<component _type='_compIconButton' id='iconbutton_169' x='144' y='527' width='37' height='37' alpha='1' visible='1' enabled='1' cssClass='iconNextButton' group='-1'><event id='onClick' language='DO'><![CDATA[uiobject_set(rootSlider,"current",5)]]></event>
</component>
<component _type='_compImage' id='image_104' x='85' y='113' width='0' height='0' alpha='1' visible='1' enabled='1' cssClass='' adjustMode='1' alignMode='0' image='data/imagenes/image_36.bmp' />
<component _type='_compRichText' id='texto_37' x='114' y='18' width='472' height='94' alpha='1' visible='1' enabled='1' scrollable='0' >
<content><![CDATA[<p><span style="font-size:20px"><span style="font-family:verdana,geneva,sans-serif">&iquest;Esta oraci&oacute;n tiene un sentido completo?</span></span></p>
]]></content>
</component>
<component _type='_compRichText' id='texto_105' x='519' y='99' width='254' height='94' alpha='1' visible='1' enabled='1' scrollable='1' >
<content><![CDATA[<p><span style="font-size:20px"><span style="font-family:verdana,geneva,sans-serif">Mar&iacute;a tiene.</span></span></p>
]]></content>
</component>
</components>
<animaciones>
</animaciones>
</pantalla>
<pantalla id="pantalla_28">
<event id='onPrepare' language='DO'><![CDATA[]]></event>
<event id='onShown' language='DO'><![CDATA[]]></event>
<components>
<component _type='_compIconButton' id='iconbutton_168' x='20' y='527' width='37' height='37' alpha='1' visible='1' enabled='1' cssClass='iconHomeButton' group='-1'><event id='onClick' language='DO'><![CDATA[uiobject_set(rootSlider,"current",0)]]></event>
</component>
<component _type='_compIconButton' id='iconbutton_170' x='87' y='527' width='37' height='37' alpha='1' visible='1' enabled='1' cssClass='iconPrevButton' group='-1'><event id='onClick' language='DO'><![CDATA[uiobject_set(rootSlider,"current",4)]]></event>
</component>
<component _type='_compIconButton' id='iconbutton_169' x='144' y='527' width='37' height='37' alpha='1' visible='1' enabled='1' cssClass='iconNextButton' group='-1'><event id='onClick' language='DO'><![CDATA[uiobject_set(rootSlider,"current",6)]]></event>
</component>
<component _type='_compRichText' id='texto_37' x='114' y='18' width='472' height='94' alpha='1' visible='1' enabled='1' scrollable='1' >
<content><![CDATA[<p><span style="font-size:20px"><span style="font-family:verdana,geneva,sans-serif">Compara estas dos oraciones.</span></span></p>
]]></content>
</component>
<component _type='_compRichText' id='texto_105' x='519' y='99' width='337' height='180' alpha='1' visible='1' enabled='1' scrollable='1' >
<content><![CDATA[<p><span style="font-size:20px"><span style="font-family:verdana,geneva,sans-serif">Mar&iacute;a tiene.</span></span></p>

<p><span style="font-size:20px"><span style="font-family:verdana,geneva,sans-serif">Mar&iacute;a tiene un perro.</span></span></p>
]]></content>
</component>
<component _type='_compImage' id='image_104' x='83' y='110' width='0' height='0' alpha='1' visible='1' enabled='1' cssClass='' adjustMode='1' alignMode='0' image='data/imagenes/1234.png' />
</components>
<animaciones>
</animaciones>
</pantalla>
<pantalla id="pantalla_32">
<event id='onPrepare' language='DO'><![CDATA[]]></event>
<event id='onShown' language='DO'><![CDATA[]]></event>
<components>
<component _type='_compIconButton' id='iconbutton_168' x='20' y='527' width='37' height='37' alpha='1' visible='1' enabled='1' cssClass='iconHomeButton' group='-1'><event id='onClick' language='DO'><![CDATA[uiobject_set(rootSlider,"current",0)]]></event>
</component>
<component _type='_compIconButton' id='iconbutton_170' x='87' y='527' width='37' height='37' alpha='1' visible='1' enabled='1' cssClass='iconPrevButton' group='-1'><event id='onClick' language='DO'><![CDATA[uiobject_set(rootSlider,"current",5)]]></event>
</component>
<component _type='_compIconButton' id='iconbutton_169' x='144' y='527' width='37' height='37' alpha='1' visible='1' enabled='1' cssClass='iconNextButton' group='-1'><event id='onClick' language='DO'><![CDATA[uiobject_set(rootSlider,"current",7)]]></event>
</component>
<component _type='_compRichText' id='texto_37' x='114' y='18' width='472' height='94' alpha='1' visible='1' enabled='1' scrollable='1' >
<content><![CDATA[<p><span style="font-size:20px"><span style="font-family:verdana,geneva,sans-serif">&iquest;Qu&eacute; tiene Mar&iacute;a?</span></span></p>
]]></content>
</component>
<component _type='_compRichText' id='texto_105' x='519' y='99' width='337' height='180' alpha='1' visible='1' enabled='1' scrollable='1' >
<content><![CDATA[<p><span style="font-size:20px"><span style="font-family:verdana,geneva,sans-serif">Mar&iacute;a tiene <span style="color:#0000FF">un perro</span>.</span></span></p>
]]></content>
</component>
<component _type='_compImage' id='image_104' x='83' y='110' width='0' height='0' alpha='1' visible='1' enabled='1' cssClass='' adjustMode='1' alignMode='0' image='data/imagenes/1234.png' />
</components>
<animaciones>
</animaciones>
</pantalla>
<pantalla id="pantalla_36">
<event id='onPrepare' language='DO'><![CDATA[]]></event>
<event id='onShown' language='DO'><![CDATA[]]></event>
<components>
<component _type='_compImage' id='image_72' x='583' y='53' width='0' height='0' alpha='1' visible='1' enabled='1' cssClass='' adjustMode='1' alignMode='0' image='data/imagenes/diossss.png' />
<component _type='_compIconButton' id='iconbutton_168' x='20' y='527' width='37' height='37' alpha='1' visible='1' enabled='1' cssClass='iconHomeButton' group='-1'><event id='onClick' language='DO'><![CDATA[uiobject_set(rootSlider,"current",0)]]></event>
</component>
<component _type='_compIconButton' id='iconbutton_170' x='87' y='527' width='37' height='37' alpha='1' visible='1' enabled='1' cssClass='iconPrevButton' group='-1'><event id='onClick' language='DO'><![CDATA[uiobject_set(rootSlider,"current",6)]]></event>
</component>
<component _type='_compIconButton' id='iconbutton_169' x='144' y='527' width='37' height='37' alpha='1' visible='1' enabled='1' cssClass='iconNextButton' group='-1'><event id='onClick' language='DO'><![CDATA[uiobject_set(rootSlider,"current",8)]]></event>
</component>
<component _type='_compRichText' id='texto_105' x='519' y='99' width='337' height='180' alpha='1' visible='1' enabled='1' scrollable='1' >
<content><![CDATA[<p><span style="font-size:20px"><span style="font-family:verdana,geneva,sans-serif">Mar&iacute;a <span style="color:#FF0000">tiene </span><span style="color:#0000FF">un perro</span>.</span></span></p>
]]></content>
</component>
<component _type='_compImage' id='image_107' x='669' y='142' width='0' height='0' alpha='1' visible='1' enabled='1' cssClass='' adjustMode='1' alignMode='0' image='data/imagenes/003.jpg' />
<component _type='_compRichText' id='texto_108' x='615' y='194' width='143' height='82' alpha='1' visible='1' enabled='1' scrollable='1' >
<content><![CDATA[<p style="text-align: center;"><span style="font-size:16px"><span style="font-family:verdana,geneva,sans-serif">complemento directo</span></span></p>
]]></content>
</component>
<component _type='_compImage' id='image_104' x='83' y='110' width='0' height='0' alpha='1' visible='1' enabled='1' cssClass='' adjustMode='1' alignMode='0' image='data/imagenes/1234.png' />
</components>
<animaciones>
</animaciones>
</pantalla>
<pantalla id="pantalla_40">
<event id='onPrepare' language='DO'><![CDATA[]]></event>
<event id='onShown' language='DO'><![CDATA[]]></event>
<components>
<component _type='_compIconButton' id='iconbutton_168' x='20' y='527' width='37' height='37' alpha='1' visible='1' enabled='1' cssClass='iconHomeButton' group='-1'><event id='onClick' language='DO'><![CDATA[uiobject_set(rootSlider,"current",0)]]></event>
</component>
<component _type='_compIconButton' id='iconbutton_170' x='87' y='527' width='37' height='37' alpha='1' visible='1' enabled='1' cssClass='iconPrevButton' group='-1'><event id='onClick' language='DO'><![CDATA[uiobject_set(rootSlider,"current",7)]]></event>
</component>
<component _type='_compIconButton' id='iconbutton_169' x='144' y='527' width='37' height='37' alpha='1' visible='1' enabled='1' cssClass='iconNextButton' group='-1'><event id='onClick' language='DO'><![CDATA[uiobject_set(rootSlider,"current",9)]]></event>
</component>
<component _type='_compRichText' id='texto_105' x='519' y='99' width='337' height='180' alpha='1' visible='1' enabled='1' scrollable='1' >
<content><![CDATA[<p><span style="font-size:20px"><span style="font-family:verdana,geneva,sans-serif">Mar&iacute;a <span style="color:#0000FF">lo </span>tiene.</span></span></p>
]]></content>
</component>
<component _type='_compRichText' id='texto_37' x='114' y='18' width='636' height='94' alpha='1' visible='1' enabled='1' scrollable='1' >
<content><![CDATA[<p><span style="font-size:20px"><span style="font-family:verdana,geneva,sans-serif">Puedes reconocer el complemento directo porque se puede sustituir por un pronombre personal &aacute;tono (<em>lo, la, los, las</em>).</span></span></p>
]]></content>
</component>
<component _type='_compImage' id='image_104' x='83' y='110' width='0' height='0' alpha='1' visible='1' enabled='1' cssClass='' adjustMode='1' alignMode='0' image='data/imagenes/1234.png' />
</components>
<animaciones>
</animaciones>
</pantalla>
<pantalla id="pantalla_44">
<event id='onPrepare' language='DO'><![CDATA[]]></event>
<event id='onShown' language='DO'><![CDATA[]]></event>
<components>
<component _type='_compImage' id='image_109' x='510' y='238' width='244' height='43' alpha='1' visible='1' enabled='1' cssClass='' adjustMode='3' alignMode='0' image='data/imagenes/002.jpg' />
<component _type='_compIconButton' id='iconbutton_168' x='20' y='527' width='37' height='37' alpha='1' visible='1' enabled='1' cssClass='iconHomeButton' group='-1'><event id='onClick' language='DO'><![CDATA[uiobject_set(rootSlider,"current",0)]]></event>
</component>
<component _type='_compIconButton' id='iconbutton_170' x='87' y='527' width='37' height='37' alpha='1' visible='1' enabled='1' cssClass='iconPrevButton' group='-1'><event id='onClick' language='DO'><![CDATA[uiobject_set(rootSlider,"current",8)]]></event>
</component>
<component _type='_compIconButton' id='iconbutton_169' x='144' y='527' width='37' height='37' alpha='1' visible='1' enabled='1' cssClass='iconNextButton' group='-1'><event id='onClick' language='DO'><![CDATA[uiobject_set(rootSlider,"current",10)]]></event>
</component>
<component _type='_compRichText' id='texto_105' x='519' y='99' width='337' height='180' alpha='1' visible='1' enabled='1' scrollable='1' >
<content><![CDATA[<p><span style="font-size:20px"><span style="font-family:verdana,geneva,sans-serif">Mar&iacute;a <span style="color:#FF0000">tiene </span><span style="color:#0000FF">un perro</span>.</span></span></p>
]]></content>
</component>
<component _type='_compImage' id='image_107' x='669' y='145' width='22' height='59' alpha='1' visible='1' enabled='1' cssClass='' adjustMode='3' alignMode='0' image='data/imagenes/flecha_abajo.gif' />
<component _type='_compRichText' id='texto_108' x='615' y='191' width='143' height='82' alpha='1' visible='1' enabled='1' scrollable='1' >
<content><![CDATA[<p style="text-align: center;"><span style="font-size:16px"><span style="font-family:verdana,geneva,sans-serif">complemento directo</span></span></p>
]]></content>
</component>
<component _type='_compRichText' id='texto_110' x='511' y='268' width='242' height='82' alpha='1' visible='1' enabled='1' scrollable='1' >
<content><![CDATA[<p style="text-align:center"><span style="color:#FF0000"><strong><span style="font-size:16px"><span style="font-family:verdana,geneva,sans-serif">oraci&oacute;n transitiva</span></span></strong></span></p>
]]></content>
</component>
<component _type='_compImage' id='image_104' x='83' y='110' width='0' height='0' alpha='1' visible='1' enabled='1' cssClass='' adjustMode='1' alignMode='0' image='data/imagenes/1234.png' />
<component _type='_compImage' id='image_72' x='583' y='53' width='0' height='0' alpha='1' visible='1' enabled='1' cssClass='' adjustMode='1' alignMode='0' image='data/imagenes/diossss.png' />
</components>
<animaciones>
</animaciones>
</pantalla>
<pantalla id="pantalla_48">
<event id='onPrepare' language='DO'><![CDATA[]]></event>
<event id='onShown' language='DO'><![CDATA[]]></event>
<components>
<component _type='_compIconButton' id='iconbutton_168' x='20' y='527' width='37' height='37' alpha='1' visible='1' enabled='1' cssClass='iconHomeButton' group='-1'><event id='onClick' language='DO'><![CDATA[uiobject_set(rootSlider,"current",0)]]></event>
</component>
<component _type='_compIconButton' id='iconbutton_170' x='87' y='527' width='37' height='37' alpha='1' visible='1' enabled='1' cssClass='iconPrevButton' group='-1'><event id='onClick' language='DO'><![CDATA[uiobject_set(rootSlider,"current",9)]]></event>
</component>
<component _type='_compIconButton' id='iconbutton_169' x='144' y='527' width='37' height='37' alpha='1' visible='1' enabled='1' cssClass='iconNextButton' group='-1'><event id='onClick' language='DO'><![CDATA[uiobject_set(rootSlider,"current",11)]]></event>
</component>
<component _type='_compRichText' id='texto_37' x='114' y='18' width='636' height='94' alpha='1' visible='1' enabled='1' scrollable='1' >
<content><![CDATA[<p><span style="color:#FF8C00"><span style="font-size:31px"><span style="font-family:verdana,geneva,sans-serif">&iexcl;Recuerda!</span></span></span></p>
]]></content>
</component>
<component _type='_compRichText' id='texto_105' x='519' y='99' width='337' height='180' alpha='1' visible='1' enabled='1' scrollable='1' >
<content><![CDATA[<p><span style="font-size:20px"><span style="font-family:verdana,geneva,sans-serif">Las<strong> oraciones transitivas </strong>necesitan un <strong>complemento directo </strong>para tener sentido completo.</span></span></p>
]]></content>
</component>
<component _type='_compImage' id='image_104' x='83' y='110' width='0' height='0' alpha='1' visible='1' enabled='1' cssClass='' adjustMode='1' alignMode='0' image='data/imagenes/1234.png' />
</components>
<animaciones>
</animaciones>
</pantalla>
<pantalla id="pantalla_52">
<event id='onPrepare' language='DO'><![CDATA[]]></event>
<event id='onShown' language='DO'><![CDATA[]]></event>
<components>
<component _type='_compIconButton' id='iconbutton_168' x='20' y='527' width='37' height='37' alpha='1' visible='1' enabled='1' cssClass='iconHomeButton' group='-1'><event id='onClick' language='DO'><![CDATA[uiobject_set(rootSlider,"current",0)]]></event>
</component>
<component _type='_compIconButton' id='iconbutton_170' x='87' y='527' width='37' height='37' alpha='1' visible='1' enabled='1' cssClass='iconPrevButton' group='-1'><event id='onClick' language='DO'><![CDATA[uiobject_set(rootSlider,"current",10)]]></event>
</component>
<component _type='_compRichText' id='texto_105' x='519' y='99' width='337' height='273' alpha='1' visible='1' enabled='1' scrollable='1' >
<content><![CDATA[<p><span style="font-size:20px"><span style="font-family:verdana,geneva,sans-serif">Adem&aacute;s de complemento directo, las oraciones transitivas pueden llevar <strong>otros complementos</strong>.</span></span></p>
]]></content>
</component>
<component _type='_compImage' id='image_111' x='522' y='240' width='310' height='104' alpha='1' visible='1' enabled='1' cssClass='' adjustMode='3' alignMode='0' image='data/imagenes/004.jpg' />
<component _type='_compImage' id='image_104' x='83' y='110' width='0' height='0' alpha='1' visible='1' enabled='1' cssClass='' adjustMode='1' alignMode='0' image='data/imagenes/1234.png' />
</components>
<animaciones>
</animaciones>
</pantalla>
<pantalla id="pantalla_56">
<event id='onPrepare' language='DO'><![CDATA[]]></event>
<event id='onShown' language='DO'><![CDATA[]]></event>
<components>
<component _type='_compIconButton' id='iconbutton_168' x='20' y='527' width='37' height='37' alpha='1' visible='1' enabled='1' cssClass='iconHomeButton' group='-1'><event id='onClick' language='DO'><![CDATA[uiobject_set(rootSlider,"current",0)]]></event>
</component>
<component _type='_compIconButton' id='iconbutton_169' x='144' y='527' width='37' height='37' alpha='1' visible='1' enabled='1' cssClass='iconNextButton' group='-1'><event id='onClick' language='DO'><![CDATA[uiobject_set(rootSlider,"current",13)]]></event>
</component>
<component _type='_compImage' id='image_104' x='85' y='113' width='0' height='0' alpha='1' visible='1' enabled='1' cssClass='' adjustMode='1' alignMode='0' image='data/imagenes/image_171.bmp' />
<component _type='_compRichText' id='texto_105' x='453' y='99' width='353' height='94' alpha='1' visible='1' enabled='1' scrollable='1' >
<content><![CDATA[<p><span style="font-size:20px"><span style="font-family:verdana,geneva,sans-serif">Los alpinistas llegaron a la cima.</span></span></p>
]]></content>
</component>
</components>
<animaciones>
</animaciones>
</pantalla>
<pantalla id="pantalla_60">
<event id='onPrepare' language='DO'><![CDATA[]]></event>
<event id='onShown' language='DO'><![CDATA[]]></event>
<components>
<component _type='_compIconButton' id='iconbutton_168' x='20' y='527' width='37' height='37' alpha='1' visible='1' enabled='1' cssClass='iconHomeButton' group='-1'><event id='onClick' language='DO'><![CDATA[uiobject_set(rootSlider,"current",0)]]></event>
</component>
<component _type='_compIconButton' id='iconbutton_170' x='87' y='527' width='37' height='37' alpha='1' visible='1' enabled='1' cssClass='iconPrevButton' group='-1'><event id='onClick' language='DO'><![CDATA[uiobject_set(rootSlider,"current",12)]]></event>
</component>
<component _type='_compIconButton' id='iconbutton_169' x='144' y='527' width='37' height='37' alpha='1' visible='1' enabled='1' cssClass='iconNextButton' group='-1'><event id='onClick' language='DO'><![CDATA[uiobject_set(rootSlider,"current",14)]]></event>
</component>
<component _type='_compImage' id='image_104' x='85' y='113' width='0' height='0' alpha='1' visible='1' enabled='1' cssClass='' adjustMode='1' alignMode='0' image='data/imagenes/image_171.bmp' />
<component _type='_compRichText' id='texto_105' x='453' y='99' width='353' height='94' alpha='1' visible='1' enabled='1' scrollable='1' >
<content><![CDATA[<p><span style="font-size:20px"><span style="font-family:verdana,geneva,sans-serif">Los alpinistas llegaron a la cima.</span></span></p>
]]></content>
</component>
<component _type='_compRichText' id='texto_37' x='114' y='18' width='636' height='94' alpha='1' visible='1' enabled='1' scrollable='1' >
<content><![CDATA[<p><span style="font-size:20px"><span style="font-family:verdana,geneva,sans-serif">&iquest;Lleva complemento directo?</span></span></p>
]]></content>
</component>
</components>
<animaciones>
</animaciones>
</pantalla>
<pantalla id="pantalla_64">
<event id='onPrepare' language='DO'><![CDATA[]]></event>
<event id='onShown' language='DO'><![CDATA[]]></event>
<components>
<component _type='_compIconButton' id='iconbutton_168' x='20' y='527' width='37' height='37' alpha='1' visible='1' enabled='1' cssClass='iconHomeButton' group='-1'><event id='onClick' language='DO'><![CDATA[uiobject_set(rootSlider,"current",0)]]></event>
</component>
<component _type='_compIconButton' id='iconbutton_170' x='87' y='527' width='37' height='37' alpha='1' visible='1' enabled='1' cssClass='iconPrevButton' group='-1'><event id='onClick' language='DO'><![CDATA[uiobject_set(rootSlider,"current",13)]]></event>
</component>
<component _type='_compIconButton' id='iconbutton_57' x='144' y='527' width='37' height='37' alpha='1' visible='1' enabled='1' cssClass='iconNextButton' group='-1'><event id='onClick' language='DO'><![CDATA[uiobject_set(rootSlider,"current",15)]]></event>
</component>
<component _type='_compRichText' id='texto_37' x='114' y='18' width='636' height='94' alpha='1' visible='1' enabled='1' scrollable='1' >
<content><![CDATA[<p><span style="font-size:20px"><span style="font-family:verdana,geneva,sans-serif">&iquest;Esta oraci&oacute;n tiene un sentido completo?</span></span></p>
]]></content>
</component>
<component _type='_compImage' id='image_104' x='85' y='113' width='0' height='0' alpha='1' visible='1' enabled='1' cssClass='' adjustMode='1' alignMode='0' image='data/imagenes/image_171.bmp' />
<component _type='_compRichText' id='texto_105' x='453' y='99' width='353' height='94' alpha='1' visible='1' enabled='1' scrollable='1' >
<content><![CDATA[<p><span style="font-size:20px"><span style="font-family:verdana,geneva,sans-serif">Los alpinistas llegaron a la cima.</span></span></p>
]]></content>
</component>
</components>
<animaciones>
</animaciones>
</pantalla>
<pantalla id="pantalla_58">
<event id='onPrepare' language='DO'><![CDATA[]]></event>
<event id='onShown' language='DO'><![CDATA[]]></event>
<components>
<component _type='_compIconButton' id='iconbutton_169' x='144' y='527' width='37' height='37' alpha='1' visible='1' enabled='1' cssClass='iconNextButton' group='-1'><event id='onClick' language='DO'><![CDATA[uiobject_set(rootSlider,"current",16)]]></event>
</component>
<component _type='_compIconButton' id='iconbutton_170' x='87' y='527' width='37' height='37' alpha='1' visible='1' enabled='1' cssClass='iconPrevButton' group='-1'><event id='onClick' language='DO'><![CDATA[uiobject_set(rootSlider,"current",14)]]></event>
</component>
<component _type='_compIconButton' id='iconbutton_168' x='20' y='527' width='37' height='37' alpha='1' visible='1' enabled='1' cssClass='iconHomeButton' group='-1'><event id='onClick' language='DO'><![CDATA[uiobject_set(rootSlider,"current",0)]]></event>
</component>
<component _type='_compRichText' id='texto_105' x='453' y='99' width='353' height='94' alpha='1' visible='1' enabled='1' scrollable='1' >
<content><![CDATA[<p><span style="font-size:20px"><span style="font-family:verdana,geneva,sans-serif">Los alpinistas <span style="color:#FF8C00">llegaron </span><span style="color:#0000FF">a la cima</span>.</span></span></p>
]]></content>
</component>
<component _type='_compImage' id='image_104' x='85' y='113' width='0' height='0' alpha='1' visible='1' enabled='1' cssClass='' adjustMode='1' alignMode='0' image='data/imagenes/image_171.bmp' />
<component _type='_compImage' id='image_107' x='704' y='145' width='18' height='62' alpha='1' visible='1' enabled='1' cssClass='' adjustMode='3' alignMode='0' image='data/imagenes/flecha_abajo.gif' />
<component _type='_compRichText' id='texto_108' x='649' y='193' width='139' height='100' alpha='1' visible='1' enabled='1' scrollable='1' >
<content><![CDATA[<p style="text-align:center"><span style="font-size:16px"><span style="font-family:verdana,geneva,sans-serif">complemento circunstancial de lugar</span></span></p>
]]></content>
</component>
<component _type='_compImage' id='image_109' x='441' y='276' width='342' height='43' alpha='1' visible='1' enabled='1' cssClass='' adjustMode='3' alignMode='0' image='data/imagenes/002.jpg' />
<component _type='_compRichText' id='texto_110' x='491' y='306' width='242' height='82' alpha='1' visible='1' enabled='1' scrollable='1' >
<content><![CDATA[<p style="text-align:center"><span style="color:#FF0000"><strong><span style="font-size:16px"><span style="font-family:verdana,geneva,sans-serif">oraci&oacute;n intransitiva</span></span></strong></span></p>
]]></content>
</component>
</components>
<animaciones>
</animaciones>
</pantalla>
<pantalla id="pantalla_62">
<event id='onPrepare' language='DO'><![CDATA[]]></event>
<event id='onShown' language='DO'><![CDATA[]]></event>
<components>
<component _type='_compIconButton' id='iconbutton_168' x='20' y='527' width='37' height='37' alpha='1' visible='1' enabled='1' cssClass='iconHomeButton' group='-1'><event id='onClick' language='DO'><![CDATA[uiobject_set(rootSlider,"current",0)]]></event>
</component>
<component _type='_compIconButton' id='iconbutton_170' x='87' y='527' width='37' height='37' alpha='1' visible='1' enabled='1' cssClass='iconPrevButton' group='-1'><event id='onClick' language='DO'><![CDATA[uiobject_set(rootSlider,"current",15)]]></event>
</component>
<component _type='_compIconButton' id='iconbutton_169' x='144' y='527' width='37' height='37' alpha='1' visible='1' enabled='1' cssClass='iconNextButton' group='-1'><event id='onClick' language='DO'><![CDATA[uiobject_set(rootSlider,"current",17)]]></event>
</component>
<component _type='_compImage' id='image_104' x='85' y='113' width='0' height='0' alpha='1' visible='1' enabled='1' cssClass='' adjustMode='1' alignMode='0' image='data/imagenes/image_171.bmp' />
<component _type='_compRichText' id='texto_37' x='114' y='18' width='636' height='94' alpha='1' visible='1' enabled='1' scrollable='1' >
<content><![CDATA[<p><span style="color:#FF8C00"><span style="font-size:31px"><span style="font-family:verdana,geneva,sans-serif">&iexcl;Recuerda!</span></span></span></p>
]]></content>
</component>
<component _type='_compRichText' id='texto_105' x='455' y='99' width='337' height='180' alpha='1' visible='1' enabled='1' scrollable='1' >
<content><![CDATA[<p><span style="font-size:20px"><span style="font-family:verdana,geneva,sans-serif">Las<strong> oraciones intransitivas </strong>son oraciones predicativas que <strong>NO </strong>llevan un complemento directo.</span></span></p>
]]></content>
</component>
</components>
<animaciones>
</animaciones>
</pantalla>
<pantalla id="pantalla_66">
<event id='onPrepare' language='DO'><![CDATA[]]></event>
<event id='onShown' language='DO'><![CDATA[]]></event>
<components>
<component _type='_compIconButton' id='iconbutton_169' x='144' y='527' width='37' height='37' alpha='1' visible='1' enabled='1' cssClass='iconNextButton' group='-1'><event id='onClick' language='DO'><![CDATA[uiobject_set(rootSlider,"current",18)]]></event>
</component>
<component _type='_compIconButton' id='iconbutton_170' x='87' y='527' width='37' height='37' alpha='1' visible='1' enabled='1' cssClass='iconPrevButton' group='-1'><event id='onClick' language='DO'><![CDATA[uiobject_set(rootSlider,"current",16)]]></event>
</component>
<component _type='_compIconButton' id='iconbutton_168' x='20' y='527' width='37' height='37' alpha='1' visible='1' enabled='1' cssClass='iconHomeButton' group='-1'><event id='onClick' language='DO'><![CDATA[uiobject_set(rootSlider,"current",0)]]></event>
</component>
<component _type='_compImage' id='image_104' x='85' y='113' width='0' height='0' alpha='1' visible='1' enabled='1' cssClass='' adjustMode='1' alignMode='0' image='data/imagenes/image_171.bmp' />
<component _type='_compRichText' id='texto_105' x='455' y='99' width='349' height='180' alpha='1' visible='1' enabled='1' scrollable='1' >
<content><![CDATA[<p><span style="font-size:20px"><span style="font-family:verdana,geneva,sans-serif">Las oraciones intransitivas pueden llevar un complemento indirecto, circunstancial,&nbsp;predicativo o un complemento preposicional.</span></span></p>
]]></content>
</component>
<component _type='_compRichText' id='texto_112' x='453' y='241' width='353' height='94' alpha='1' visible='1' enabled='1' scrollable='1' >
<content><![CDATA[<p><span style="font-size:20px"><span style="font-family:verdana,geneva,sans-serif">Los alpinistas <span style="color:#FF8C00">llegaron </span><span style="color:#0000FF">a la cima</span>.</span></span></p>
]]></content>
</component>
<component _type='_compRichText' id='texto_108' x='651' y='333' width='139' height='100' alpha='1' visible='1' enabled='1' scrollable='1' >
<content><![CDATA[<p style="text-align:center"><span style="font-size:16px"><span style="font-family:verdana,geneva,sans-serif">complemento circunstancial de lugar</span></span></p>
]]></content>
</component>
<component _type='_compImage' id='image_107' x='711' y='288' width='18' height='57' alpha='1' visible='1' enabled='1' cssClass='' adjustMode='3' alignMode='0' image='data/imagenes/flecha_abajo.gif' />
</components>
<animaciones>
</animaciones>
</pantalla>
<pantalla id="pantalla_70">
<event id='onPrepare' language='DO'><![CDATA[]]></event>
<event id='onShown' language='DO'><![CDATA[]]></event>
<components>
<component _type='_compIconButton' id='iconbutton_169' x='144' y='527' width='37' height='37' alpha='1' visible='1' enabled='1' cssClass='iconNextButton' group='-1'><event id='onClick' language='DO'><![CDATA[uiobject_set(rootSlider,"current",19)]]></event>
</component>
<component _type='_compIconButton' id='iconbutton_170' x='87' y='527' width='37' height='37' alpha='1' visible='1' enabled='1' cssClass='iconPrevButton' group='-1'><event id='onClick' language='DO'><![CDATA[uiobject_set(rootSlider,"current",17)]]></event>
</component>
<component _type='_compIconButton' id='iconbutton_168' x='20' y='527' width='37' height='37' alpha='1' visible='1' enabled='1' cssClass='iconHomeButton' group='-1'><event id='onClick' language='DO'><![CDATA[uiobject_set(rootSlider,"current",0)]]></event>
</component>
<component _type='_compRichText' id='texto_37' x='114' y='18' width='636' height='94' alpha='1' visible='1' enabled='1' scrollable='1' >
<content><![CDATA[<p><span style="font-size:20px"><span style="font-family:verdana,geneva,sans-serif">F&iacute;jate en esta oraci&oacute;n.</span></span></p>
]]></content>
</component>
<component _type='_compImage' id='image_104' x='85' y='113' width='0' height='0' alpha='1' visible='1' enabled='1' cssClass='' adjustMode='1' alignMode='0' image='data/imagenes/image_189.bmp' />
<component _type='_compRichText' id='texto_105' x='453' y='99' width='353' height='94' alpha='1' visible='1' enabled='1' scrollable='1' >
<content><![CDATA[<p><span style="font-size:20px"><span style="font-family:verdana,geneva,sans-serif">La chica duerme.</span></span></p>
]]></content>
</component>
</components>
<animaciones>
</animaciones>
</pantalla>
<pantalla id="pantalla_74">
<event id='onPrepare' language='DO'><![CDATA[]]></event>
<event id='onShown' language='DO'><![CDATA[]]></event>
<components>
<component _type='_compIconButton' id='iconbutton_168' x='20' y='527' width='37' height='37' alpha='1' visible='1' enabled='1' cssClass='iconHomeButton' group='-1'><event id='onClick' language='DO'><![CDATA[uiobject_set(rootSlider,"current",0)]]></event>
</component>
<component _type='_compIconButton' id='iconbutton_170' x='87' y='527' width='37' height='37' alpha='1' visible='1' enabled='1' cssClass='iconPrevButton' group='-1'><event id='onClick' language='DO'><![CDATA[uiobject_set(rootSlider,"current",18)]]></event>
</component>
<component _type='_compIconButton' id='iconbutton_169' x='144' y='527' width='37' height='37' alpha='1' visible='1' enabled='1' cssClass='iconNextButton' group='-1'><event id='onClick' language='DO'><![CDATA[uiobject_set(rootSlider,"current",20)]]></event>
</component>
<component _type='_compImage' id='image_104' x='85' y='113' width='0' height='0' alpha='1' visible='1' enabled='1' cssClass='' adjustMode='1' alignMode='0' image='data/imagenes/image_189.bmp' />
<component _type='_compRichText' id='texto_37' x='114' y='18' width='636' height='94' alpha='1' visible='1' enabled='1' scrollable='1' >
<content><![CDATA[<p><span style="font-size:20px"><span style="font-family:verdana,geneva,sans-serif">&iquest;Podemos agregarle un complemento directo a esta oraci&oacute;n?</span></span></p>
]]></content>
</component>
<component _type='_compRichText' id='texto_105' x='453' y='99' width='353' height='94' alpha='1' visible='1' enabled='1' scrollable='1' >
<content><![CDATA[<p><span style="font-size:20px"><span style="font-family:verdana,geneva,sans-serif">La chica duerme.</span></span></p>
]]></content>
</component>
</components>
<animaciones>
</animaciones>
</pantalla>
<pantalla id="pantalla_79">
<event id='onPrepare' language='DO'><![CDATA[]]></event>
<event id='onShown' language='DO'><![CDATA[]]></event>
<components>
<component _type='_compIconButton' id='iconbutton_168' x='20' y='527' width='37' height='37' alpha='1' visible='1' enabled='1' cssClass='iconHomeButton' group='-1'><event id='onClick' language='DO'><![CDATA[uiobject_set(rootSlider,"current",0)]]></event>
</component>
<component _type='_compIconButton' id='iconbutton_170' x='87' y='527' width='37' height='37' alpha='1' visible='1' enabled='1' cssClass='iconPrevButton' group='-1'><event id='onClick' language='DO'><![CDATA[uiobject_set(rootSlider,"current",19)]]></event>
</component>
<component _type='_compIconButton' id='iconbutton_169' x='144' y='527' width='37' height='37' alpha='1' visible='1' enabled='1' cssClass='iconNextButton' group='-1'><event id='onClick' language='DO'><![CDATA[uiobject_set(rootSlider,"current",21)]]></event>
</component>
<component _type='_compRichText' id='texto_37' x='114' y='18' width='636' height='94' alpha='1' visible='1' enabled='1' scrollable='1' >
<content><![CDATA[<p><span style="color:#FF8C00"><span style="font-size:31px"><span style="font-family:verdana,geneva,sans-serif">&iexcl;Recuerda!</span></span></span></p>
]]></content>
</component>
<component _type='_compRichText' id='texto_105' x='455' y='99' width='370' height='180' alpha='1' visible='1' enabled='1' scrollable='1' >
<content><![CDATA[<p><span style="font-size:20px"><span style="font-family:verdana,geneva,sans-serif">En espa&ntilde;ol&nbsp;hay verbos que, por su significado, no admiten un complemento directo. Estos reciben el nombre de <strong>verbos intransitivos</strong>.</span></span></p>
]]></content>
</component>
<component _type='_compImage' id='image_104' x='85' y='113' width='0' height='0' alpha='1' visible='1' enabled='1' cssClass='' adjustMode='1' alignMode='0' image='data/imagenes/image_189.bmp' />
</components>
<animaciones>
</animaciones>
</pantalla>
<pantalla id="pantalla_84">
<event id='onPrepare' language='DO'><![CDATA[]]></event>
<event id='onShown' language='DO'><![CDATA[]]></event>
<components>
<component _type='_compIconButton' id='iconbutton_168' x='20' y='527' width='37' height='37' alpha='1' visible='1' enabled='1' cssClass='iconHomeButton' group='-1'><event id='onClick' language='DO'><![CDATA[uiobject_set(rootSlider,"current",0)]]></event>
</component>
<component _type='_compIconButton' id='iconbutton_170' x='87' y='527' width='37' height='37' alpha='1' visible='1' enabled='1' cssClass='iconPrevButton' group='-1'><event id='onClick' language='DO'><![CDATA[uiobject_set(rootSlider,"current",20)]]></event>
</component>
<component _type='_compRichText' id='texto_37' x='114' y='18' width='636' height='94' alpha='1' visible='1' enabled='1' scrollable='1' >
<content><![CDATA[<p><span style="font-size:20px"><span style="font-family:verdana,geneva,sans-serif">&iquest;Te atreves?...</span></span></p>
]]></content>
</component>
<component _type='_compRichText' id='texto_105' x='453' y='99' width='353' height='148' alpha='1' visible='1' enabled='1' scrollable='1' >
<content><![CDATA[<p><span style="font-size:20px"><span style="font-family:verdana,geneva,sans-serif">Haz una lista de verbos intransitivos y luego escribe oraciones con cada uno.</span></span></p>
]]></content>
</component>
<component _type='_compImage' id='image_104' x='85' y='113' width='0' height='0' alpha='1' visible='1' enabled='1' cssClass='' adjustMode='1' alignMode='0' image='data/imagenes/image_189.bmp' />
</components>
<animaciones>
</animaciones>
</pantalla>
</pantallas>
<popups>
</popups>
</engine>