﻿<?xml version="1.0" encoding="UTF-8"?>
<motor tipo="6" clase="a" aprid="M6a">
  <plataforma>
    <grado><![CDATA[2]]></grado>
    <titulo>Escribe oraciones comparativas</titulo>
    <volumen><![CDATA[5]]></volumen>
    <nivel><![CDATA[2]]></nivel>
    <referencia><![CDATA[lc_3c_15_07]]></referencia>
    <id_reg><![CDATA[2]]></id_reg>
    <motor><![CDATA[M6a]]></motor>
    <lang>es</lang>
  </plataforma>
  <enunciado><![CDATA[Escribe oraciones comparando las imágenes. Usa los adjetivos que verás en cada enunciado en grado comparativo de igualdad, inferioridad o superioridad.]]></enunciado>
  <masinfo inicio="0" />
  <sinaleatoriedad><![CDATA[0]]></sinaleatoriedad>
  <calc><![CDATA[0]]></calc>
  <test cantidad="6">
    <cuestion correccionSinMayusculas="1" correccionSinPuntuacion="0" correccionSinPuntuacionFinal="0">
      <enunciado><![CDATA[Compara a Elena con Laura usando el adjetivo {{cur}}cansada{{normal}}. Utilízalo en su grado comparativo de superioridad.]]></enunciado>
      <explicacion />
      <unidades />
      <imagen><![CDATA[00382713_286.jpg]]></imagen>
      <ampliacion><![CDATA[01_100382713.jpg]]></ampliacion>
      <respuestas>
        <respuesta contestacion="Laura está más cansada que Elena." mostrar="0" />
        <respuesta contestacion="Laura está más cansada que Elena" mostrar="0" />
      </respuestas>
    </cuestion>
    <cuestion correccionSinMayusculas="1" correccionSinPuntuacion="0" correccionSinPuntuacionFinal="0">
      <enunciado><![CDATA[Compara el reloj con el bolso usando el adjetivo {{cur}}caro{{normal}}. Utilízalo en su grado comparativo de superioridad.]]></enunciado>
      <explicacion />
      <unidades />
      <imagen><![CDATA[01858550_286.jpg]]></imagen>
      <ampliacion><![CDATA[02_101858550.jpg]]></ampliacion>
      <respuestas>
        <respuesta contestacion="El reloj es más caro que el bolso." mostrar="0" />
        <respuesta contestacion="El reloj es más caro que el bolso" mostrar="0" />
      </respuestas>
    </cuestion>
    <cuestion correccionSinMayusculas="1" correccionSinPuntuacion="0" correccionSinPuntuacionFinal="0">
      <enunciado><![CDATA[Compara la bicicleta con la moto usando el adjetivo {{cur}}nueva{{normal}}. Utilízalo en su grado comparativo de inferioridad.]]></enunciado>
      <explicacion />
      <unidades />
      <imagen><![CDATA[01063233_286.jpg]]></imagen>
      <ampliacion><![CDATA[03_101063233.jpg]]></ampliacion>
      <respuestas>
        <respuesta contestacion="La bicicleta es menos nueva que la moto." mostrar="0" />
        <respuesta contestacion="La bici es menos nueva que la moto." mostrar="0" />
        <respuesta contestacion="La bicicleta es menos nueva que la moto" mostrar="0" />
        <respuesta contestacion="La bici es menos nueva que la moto" mostrar="0" />
      </respuestas>
    </cuestion>
    <cuestion correccionSinMayusculas="1" correccionSinPuntuacion="0" correccionSinPuntuacionFinal="0">
      <enunciado><![CDATA[Compara los ordenadores con los móviles usando el adjetivo {{cur}}antiguos{{normal}}. Utilízalo en su grado comparativo de inferioridad.]]></enunciado>
      <explicacion />
      <unidades />
      <imagen><![CDATA[04113479_286.jpg]]></imagen>
      <ampliacion><![CDATA[07_104113479.jpg]]></ampliacion>
      <respuestas>
        <respuesta contestacion="Los móviles son menos antiguos que los ordenadores." mostrar="0" />
        <respuesta contestacion="Los móviles son menos antiguos que los ordenadores" mostrar="0" />
      </respuestas>
    </cuestion>
    <cuestion correccionSinMayusculas="1" correccionSinPuntuacion="0" correccionSinPuntuacionFinal="0">
      <enunciado><![CDATA[Compara a Ana con Martina usando el adjetivo {{cur}}triste{{normal}}. Utilízalo en su grado comparativo de igualdad.]]></enunciado>
      <explicacion />
      <unidades />
      <imagen><![CDATA[01451863_286.jpg]]></imagen>
      <ampliacion><![CDATA[05_101451863.jpg]]></ampliacion>
      <respuestas>
        <respuesta contestacion="Ana está tan triste como Martina." mostrar="0" />
        <respuesta contestacion="Martina está tan triste como Ana." mostrar="0" />
        <respuesta contestacion="Ana está tan triste como Martina" mostrar="0" />
        <respuesta contestacion="Martina está tan triste como Ana" mostrar="0" />
      </respuestas>
    </cuestion>
    <cuestion correccionSinMayusculas="1" correccionSinPuntuacion="0" correccionSinPuntuacionFinal="0">
      <enunciado><![CDATA[Compara la habitación con la cocina usando el adjetivo {{cur}}limpia{{normal}}. Utilízalo en su grado comparativo de igualdad.]]></enunciado>
      <explicacion />
      <unidades />
      <imagen><![CDATA[91208867_286.jpg]]></imagen>
      <ampliacion><![CDATA[06_91208867.jpg]]></ampliacion>
      <respuestas>
        <respuesta contestacion="La habitación está tan limpia como la cocina." mostrar="0" />
        <respuesta contestacion="La cocina está tan limpia como la habitación." mostrar="0" />
        <respuesta contestacion="La habitación está tan limpia como la cocina" mostrar="0" />
        <respuesta contestacion="La cocina está tan limpia como la habitación" mostrar="0" />
      </respuestas>
    </cuestion>
  </test>
</motor>