﻿<?xml version="1.0" encoding="utf-8"?><motor tipo="101" clase="a" aprid="m101a">
  <plataforma>
    <grado>2</grado>
    <titulo>Refuerza tu aprendizaje: El debate</titulo>
    <volumen/>
    <nivel><![CDATA[1]]></nivel>
    <referencia/>
    <motor/>
    <lang>es</lang>
  </plataforma>
  <enunciado><![CDATA[Realiza las siguientes actividades. Cuando termines haz clic en {{cur}}Enviar{{normal}} para que tu docente pueda conocer tus respuestas. ]]></enunciado>
  <masinfo inicio="0"/>
  <calc><![CDATA[0]]></calc>
  <preguntas cantidad="4">
    <pregunta>
      <enunciado><![CDATA[Reúnete con tus compañeros de curso. Elijan un tema para debatir (pueden buscar el tema en la columna de opinión del sitio web de un periódico o decidirlo en grupo, a partir de la propuesta de algún estudiante). Tomen notas sobre el tema que discutirán y expliquen en un párrafo las razones por las cuales dicho asunto hoy genera controversia o es causa de discusión. ]]></enunciado>
      <explicacion/>
      <nivel><![CDATA[2]]></nivel>
      <tipo/>
      <imagen/>
      <ampliacion/>
      <texto/>
    </pregunta>
    <pregunta>
      <enunciado><![CDATA[Elaboren una lista breve de todos los antecedentes o sucesos que han propiciado la controversia. Expliquen si el tema del debate es algo que afecta a una localidad concreta o a todo el país. A continuación, escriban los argumentos que defiende cada grupo de trabajo. ]]></enunciado>
      <explicacion/>
      <nivel><![CDATA[1]]></nivel>
      <tipo/>
      <imagen/>
      <ampliacion/>
      <texto/>
    </pregunta>
    <pregunta>
      <enunciado><![CDATA[Cada grupo deberá escribir tres párrafos donde se resuma lo siguiente: 1. Su postura (a favor o en contra). 2. La explicación de esa postura. 3. Los argumentos principales que apoyan la postura de ambos grupos. Finalmente, especifiquen las fuentes de consulta, artículos o sitios web utilizados para apoyar sus posiciones en el debate. Organicen un documento con todo lo solicitado. ]]></enunciado>
      <explicacion/>
      <nivel><![CDATA[2]]></nivel>
      <tipo/>
      <imagen/>
      <ampliacion/>
      <texto/>
    </pregunta>
    <pregunta>
      <enunciado><![CDATA[Junto con su profesor, determinen una fecha para el debate y lleven a cabo la actividad. Finalmente, evalúala: explica cómo fue tu experiencia y qué aspectos se pueden mejorar. ]]></enunciado>
      <explicacion/>
      <nivel><![CDATA[3]]></nivel>
      <tipo/>
      <imagen/>
      <ampliacion/>
      <texto/>
    </pregunta>
  </preguntas>
</motor>