﻿<?xml version="1.0" encoding="utf-8"?><motor tipo="14" clase="a" aprid="m14a">
  <plataforma>
    <grado><![CDATA[1]]></grado>
    <titulo>La radio y la televisión por internet</titulo>
    <area>0</area>
    <nivel>1</nivel>
    <referencia/>
    <idreg><![CDATA[0]]></idreg>
    <motor><![CDATA[M14A]]></motor>
    <lang>es</lang>
  </plataforma>
  <enunciado><![CDATA[Completa las siguientes palabras de acuerdo a lo que aprendiste sobre el {{cur}}streaming{{normal}} y los medios de comunicación tradicionales]]></enunciado>
  <masinfo inicio="0"/>
  <calc><![CDATA[0]]></calc>
  <estilo><![CDATA[1]]></estilo>
  <intentos><![CDATA[8]]></intentos>
  <numpreguntas><![CDATA[8]]></numpreguntas>
  <preguntas>
    <pregunta enunciado="Tipo de transmisión multimedia en tiempo real." palabra="STREAMING" visibles=" T R"/>
    <pregunta enunciado="Medio de comunicacion que funciona gracias al envío de señales auditivas. Guillermo Marconi fue su inventor." palabra="RADIO" visibles="O"/>
    <pregunta enunciado="Etiqueta o cadena de caracteres formada por una o varias palabras concatenadas y precedidas por un numeral (#)." palabra="HASHTAG" visibles="H G"/>
    <pregunta enunciado="{{cur}}Pague por ver{{normal}}, {{cur}}gratuita{{normal}} y {{cur}}patrocinada{{normal}} son modalidades de este medio de comunicación." palabra="TELEVISIÓN POR INTERNET" visibles="T N "/>
    <pregunta enunciado="Definición para programas de {{cur}}streaming{{normal}} que se pueden escuchar y ver en cualquier lugar a lo largo de las 24 horas del día." palabra="DE LIBRE ACCESO" visibles="D L C"/>
    <pregunta enunciado="Tipo de televisión estatal que, a diferencia de la privada, destaca por ser gratuita." palabra="PÚBLICA" visibles="P"/>
    <pregunta enunciado="Tipo de televisión que funciona gracias a los anuncios publicitarios que aparecen antes o después del contenido ofrecido. " palabra="PATROCINADA" visibles="D"/>
    <pregunta enunciado="Tipo de archivo digital que puede ser descargado de manera gratuita o pagada desde una plataforma y, por lo general, bajo previa suscripción." palabra="PODCAST" visibles="C T"/>
    <pregunta enunciado="Así se denomina al usuario sin entrenamiento profesional que puede crear su propio contenido {{cur}}online{{normal}}." palabra="AFICIONADO" visibles="A"/>
    <pregunta enunciado="Red de comunicación interconectada sin la cual no se puede acceder a contenidos radiales o televisivos de tipo {{cur}}online{{normal}}." palabra="INTERNET" visibles="R"/>
  </preguntas>
</motor>