﻿<?xml version="1.0" encoding="UTF-8"?>
<?xml-stylesheet href="cuadernoestudio/dtd/libro.xslt" type="text/xsl"?>
<!--Arbortext, Inc., 1988-2013, v.4002-->
<!DOCTYPE libro SYSTEM "cuadernoestudio/dtd/libro.dtd">
<?Pub Inc?>
<libro id="LE_08_03_CO">
<libroTitulo>El Texto prescriptivo</libroTitulo>
<seccion1 id="S1_LE_08_03_CO_C56EA6F0BDF34DD292042299768B49A1">
<seccion1Titulo>Lectura: el texto prescriptivo</seccion1Titulo>
<seccion1Texto>
<p>¿Qué tipo de lenguaje se utiliza para dar instrucciones o normativas?
¿En qué textos encontramos ejemplos de lenguaje prescriptivo? ¿Alguna
vez has seguido, paso a paso, una receta de cocina o las instrucciones
de uso de alguna máquina o aparato?</p>
<imagen src="LE_08_03_CO_IMG01_small.jpg">
<p>Los manuales y las instrucciones de uso son ejemplos claros de
textos prescriptivos en los que se debe seguir una serie de pasos
con un fin determinado.</p>
</imagen>
<destacado><destacadoTitulo>El texto prescriptivo</destacadoTitulo>
<destacadoTexto>
<p>Los textos prescriptivos son aquellos que demandan del interlocutor
una acción no verbal, pues le indican qué hacer. Dentro de este tipo
de textos podemos encontrar las instrucciones de uso, las recetas
de cocina, los manuales y las leyes. Todos estos textos le indican
a quien lee que debe cumplir o hacer algo de determinada manera.</p>
</destacadoTexto></destacado>
<p><negrita>Lectura: el texto prescriptivo</negrita></p>
<p><negrita>Receta</negrita></p>
<p><negrita>Costillas apanadas con tomillo y romero, con vegetales
y crema montada  Ingredientes </negrita></p>
<p>1/2 unidad de pan de campo fresco molido</p>
<p>1/2 taza de tomillo deshojado y picado</p>
<p>2 costillares de cordero</p>
<p>2 huevos</p>
<p>1/2 taza de romero deshojado y picado</p>
<p>4 kilos de remolachas </p>
<p>200 g de crema agria</p>
<p>100 g de manteca</p>
<p>4 papas</p>
<p>2 cdas. de aceite de oliva  Sal y pimienta al gusto</p>
<p>2 paquetes de acelga </p>
<p><negrita>Preparación</negrita></p>
<p>•	Coloque en la base de una fuente grande y plana la miga del pan
molido fresco, incorpore abundante tomillo, el romero deshojado y
picado y sal, mezcle con las manos.</p>
<p>•	 En un bowl, coloque los huevos, sazone con sal y pimienta negra
recién molida y bata solo hasta romper el ligue.</p>
<p>•	 Tome un costillar de cordero, cada costillar debe tener ocho
costillas, páselo por el huevo y luego por el pan con tomillo y romero,
presione con las manos para que se pegue, proceda del mismo modo con
el costillar restante.</p>
<p>•	 En una olla con abundante agua hirviendo con sal, blanquee las
hojas de acelga solo un par de minutos, luego retírelas y páselas
por agua helada para cortar la cocción.</p>
<p>•	 Escurra las hojas de acelga, córtelas, sazónelas con sal y pimienta
y mezcle.</p>
<p>•	 Cocine las remolachas partiendo de agua fría hasta que estén
tiernas. Terminada la cocción y una vez frías, aplástelas con las
manos sin quitarles la piel.</p>
<p>•	 Con la ayuda de una mandolina, corte las papas en finas rodajas
con piel.</p>
<p><negrita>Armado</negrita></p>
<p>•	 En una plancha caliente, o sobre la parrilla, cocine las costillas,
dé vuelta a medida que se doren.</p>
<p>•	 En una sartén caliente con aceite de oliva dore las remolachas
aplastadas, de ambos lados.</p>
<p>•	 En otra sartén caliente con 50 gramos de manteca, saltee la
acelga hasta dorarla solo de un lado.</p>
<p>•	 En otra sartén caliente con el resto de manteca, acomode las
rodajas de papa de forma circular superponiendo los bordes, hasta
dorarlas; arme dos círculos de papa.</p>
<p><negrita>Presentación</negrita></p>
<p>•	 Sirva en un plato un círculo de papas y encima acomode una porción
de acelga, sirva una costilla de cordero y las remolachas y acompañe
con crema agria.</p>
<p><negrita>¿Qué sabes del tema?</negrita></p>
<listaSinNumerar>
<listaElemento>¿Cuál es la estructura del texto prescriptivo?</listaElemento>
<listaElemento>¿Qué tiempo verbal se utiliza a lo largo del texto?
 </listaElemento>
<listaElemento>¿Cuál es la intención comunicativa de un texto como
el anterior?</listaElemento>
<listaElemento>¿Qué aspectos se deben tener en cuenta al escribir
un texto prescriptivo?</listaElemento>
<listaElemento>¿Qué elementos se deben evitar al escribir este tipo
de textos? ¿Crees que su lenguaje debe ser persuasivo o convincente?
Si no, ¿qué tipo de lenguaje debe contener?</listaElemento>
</listaSinNumerar>
<practica>
<enlace
destino="/LoIdRedirect.aspx?LoId=LE_08_03_CO_Recurso010&amp;IdRecurso=RES-D6E6C28ED223420795CF363F1B34736A"
>Literatura: reconoce las características del Romanticismo</enlace>
<enlace
destino="/LoIdRedirect.aspx?LoId=LE_08_03_CO_Recurso020&amp;IdRecurso=RES-70E78BC11F9140B196DFDD6113CCF325"
>Gramática: identifica las oraciones activas y pasivas</enlace>
<enlace
destino="/LoIdRedirect.aspx?LoId=LE_08_03_CO_Recurso030&amp;IdRecurso=RES-989E5BD2300E47BFBC8C3BAB586452DD"
>Ortografía: selecciona las palabras con <cursiva>c, cc</cursiva> o <cursiva
>z</cursiva></enlace>
<enlace
destino="/LoIdRedirect.aspx?LoId=LE_08_03_CO_Recurso040&amp;IdRecurso=RES-44BC072A9863468191ADD39DBB15B5EA"
>Comprensión textual: distingue las clases de textos</enlace>
<enlace
destino="/LoIdRedirect.aspx?LoId=LE_08_03_CO_Recurso050&amp;IdRecurso=RES-7B1B51C099714C688DAFAF58F7B61544"
>Comprensión textual: características de un texto prescriptivo</enlace>
<enlace
destino="/LoIdRedirect.aspx?LoId=LE_08_03_CO_Recurso060&amp;IdRecurso=RES-ABA0FCC50CD04BE59E31E713FFCF6F66"
>Producción textual: inventa un texto prescriptivo</enlace>
</practica></seccion1Texto></seccion1><seccion1
id="S1_LE_08_03_CO_F30C38139AF64C3AA99832B48F400494">
<seccion1Titulo>La literatura colombiana del Romanticismo y el Costumbrismo</seccion1Titulo>
<seccion1Texto>
<p>Romanticismo, Realismo y Costumbrismo son tres movimientos literarios
que tuvieron lugar durante el siglo XIX en Colombia. Algunos teóricos
sitúan estas tres tendencias como parte de una misma actitud ante
el mundo, a la que llaman <cursiva>romántica</cursiva>, por sus manifestaciones
en relación con los sueños de libertad, el establecimiento de la República
y las costumbres sociales, y el sentimiento hacia la tierra y su representación
en el territorio.</p>
<destacado><destacadoTitulo>Romanticismo colombiano: una cuestión
de actitud, con diferentes expresiones y acentos</destacadoTitulo>
<destacadoTexto>
<p>Tomaremos el Romanticismo como la actitud que caracterizó toda
una época, la cual abarcó la totalidad del siglo XIX, en el que tuvieron
lugar el movimiento independentista, la Campaña Libertadora y la constitución
de la República de Colombia (en los aspectos político y cultural),
hasta la publicación de <negritacursiva>La vorágine</negritacursiva
>, a comienzos del siglo XX. Este concepto amplio de Romanticismo
facilita la comprensión de la unidad ideológica de este periodo, que
se manifiesta en la visión heroica en sus comienzos, en los sueños
de nación después y, por último, en la relación del ser humano con
su territorio, así como en la influencia y determinación que esta
relación tuvo en la configuración de una forma de ser del colombiano.</p>
</destacadoTexto></destacado><seccion2
id="S2_LE_08_03_CO_A676B108CFAB400D820E53837EAA235D">
<seccion2Titulo>Los contextos histórico, social y cultural de la literatura
del Romanticismo</seccion2Titulo>
<seccion2Texto>
<p>¿Habías imaginado que Simón Bolívar podría ser un héroe romántico,
aparte de ser nuestro libertador? Es como si te llamaran héroe romántico
por empeñarte en hacer realidad tus sueños. Dicen que el héroe romántico
se parece a un adolescente por sus sueños de libertad y su empecinada
confianza en que es capaz de lograrlo todo. ¿Qué opinas de esto?</p>
<p>El Romanticismo fue un <negrita>movimiento ideológico y estético
del siglo XIX en Europa</negrita>, iniciado en Alemania, y seguido
en Inglaterra y Francia. Se dice que es ideológico porque las manifestaciones
estéticas se fundamentaron en la forma como sus contemporáneos construían
una idea del mundo que los rodeaba, a la vez que imaginaban una mejor
manera de representar esa realidad; por esto también se ha asociado
el concepto de Romanticismo con el de utopía.</p>
<p>En América, el Romanticismo coincidió con la independencia de las
colonias españolas y el establecimiento de las nuevas naciones libres.
El sueño de construir nación en los países americanos comparte con
el Romanticismo europeo los ideales de libertad, independencia y soberanía,
no exentos de un espíritu transgresor y revolucionario, encarnado,
para nuestro caso, en los héroes y los ideales de las campañas libertadoras.</p>
<seccion3 id="S3_LE_08_03_CO_99D539FA7934431CB0FCFE5F62ADAAA7">
<seccion3Titulo>El contexto histórico</seccion3Titulo>
<seccion3Texto>
<p>Desde la Revolución de los Comuneros en 1781, se forjó un sueño
de nación y de ciudadano en nuestro territorio.</p>
<p>Simón Bolívar encarnó desde muy joven ese tipo de ciudadano con
grandes ideales de libertad. En 1805, a sus veintidós años, estando
en Roma, realiza este juramento ante su maestro Simón Rodríguez, con
el cual nos da una idea de la grandilocuencia de los ideales románticos:</p>
<p><cursiva>¡Juro delante de usted; juro por el Dios de mis padres;
juro por ellos; juro por mi honor, y juro por mi Patria, que no daré
descanso a mi brazo, ni reposo a mi alma, hasta que haya roto las
cadenas que nos oprimen por voluntad del poder español!</cursiva></p>
<p><cursiva>Juramento del Monte Sacro</cursiva></p>
<p>Simón Bolívar</p>
<imagen src="LE_08_03_CO_IMG02_small.jpg">
<p>Simón Bolívar, el Libertador, es considerado una figura capital
en la historia de América Latina. Asimismo, ha sido reconocido y tomado
como modelo por diversos sectores políticos, entre ellos los movimientos
revolucionarios del siglo XX. Pintura del siglo XIX (Museo Bolívar,
Caracas, Venezuela).</p>
</imagen>
<p>Después del éxito de la <cursiva>Campaña Libertadora</cursiva> empezó
la constitución de las naciones libres, que Bolívar quería unidas
en <cursiva>La Gran Colombia</cursiva>, pero que no logró consolidar
de manera permanente. Allí comenzaron los enfrentamientos entre los
antiguos compañeros de lucha por la libertad y contra el dominio español.
Esto sucedió entre 1819 y 1830, año de la muerte del Libertador. De
allí en adelante, hasta los comienzos de 1900, Colombia permanecería
sumida en numerosas guerras civiles, lo que produjo grandes y sucesivas
crisis económicas. </p>
</seccion3Texto></seccion3><seccion3
id="S3_LE_08_03_CO_99D539FA7934431CB0FCFE5F62ADADB8">
<seccion3Titulo>El contexto social</seccion3Titulo>
<seccion3Texto>
<p>Las condiciones sociales de Colombia, muchas de ellas presentes
desde los comienzos de la Colonia, favorecieron constantes guerras,
inestabilidad política, la existencia de un Estado débil que no alcanza
a hacerse cargo de la totalidad de su territorio y de todos sus ciudadanos,
el aislamiento y el atraso que caracterizó la economía del siglo XIX
y comienzos del XX, y el sostenimiento de estructuras de poder de
élites políticas, económicas o de castas.</p>
<recuerda><recuerdaTexto>
<p>El modelo social con el que se llegó al siglo XIX seguía siendo,
fundamentalmente por determinación de la Corona española, de vasallaje.
Más de tres siglos de dominación y de configuración de una mentalidad
dual, que se debatía entre lo servil y lo insurrecto, había hecho
suficiente mella como para no afectar la conciencia de un ciudadano
recientemente liberado y con una nueva nación por constituir. Las
viejas estructuras sociales establecidas desde la Colonia, en las
que predominaban criterios de raza, procedencia, linaje y poder económico,
se mantuvieron durante el siglo XIX y muy buena parte del XX, y quienes
detentaban el poder político, casi siempre cumplían con tales criterios
o condiciones: ser blanco, de procedencia extranjera directa o por
línea familiar, de linaje noble o aristocrático y ser poseedor de
grandes extensiones de tierras por cuenta propia o por heredad. </p>
</recuerdaTexto></recuerda></seccion3Texto></seccion3><seccion3
id="S3_LE_08_03_CO_99D539FA7934431CB0FCFE5F62ADABD9">
<seccion3Titulo>El contexto cultural </seccion3Titulo>
<seccion3Texto>
<p>El aspecto cultural expresaba las mismas diferencias sociales y
visiones de clase que existían en la sociedad decimonónica. Tras los
procesos de migración interna se fueron consolidando cuatro regiones
culturales, más la capital, Santa Fe de Bogotá, que por sí misma tenía
unas características particulares, dado el carácter centralista que
predominaba en la política.</p>
<p>Resultan así, la región antioqueña, con su migración hacia el Viejo
Caldas; la región de Boyacá con influencia hacia los Llanos y el oriente;
la región de la costa Atlántica que abarcaba desde el litoral hasta
las sabanas cordobesas; la región suroccidental en la que se disputaban
el predominio las ciudades de Cali y Popayán, y que abarcaba el Cauca,
el Valle del Cauca y la costa Pacífica; y, Bogotá, centro de operaciones
administrativas del gobierno y de los sucesos culturales más destacados
de la época. </p>
<imagen src="LE_08_03_CO_IMG03_small.jpg">
<p>Desde la cima de elevado monte se ve Medellín el verde llano sus
torrentes, su cielo de verano sus montañas en forma colosal.  Y Medellín
en la mitad del valle Como una virgen sobre verde alfombra, De palmas
y de sauces a la sombra Y bajo un cielo hermoso y de cristal…Arcesio
Escobar Ilustración antigua del valle de Medellín (1872).</p>
</imagen>
<p>A pesar del predominio de Bogotá, llamada la <cursiva>Atenas Suramericana</cursiva
> por su intensa actividad cultural, en cuanto a las manifestaciones
de nuestra identidad durante el siglo XIX, Colombia era un mosaico
de culturas regionales, que a su vez se dividían entre lo popular
y lo aristocrático. En ese sentido, la literatura fue la principal
vía de expresión de la época, cuya gran producción es preciso observar
en panorámico. </p>
<p>En la literatura de este periodo podemos diferenciar tres momentos
en los que se vislumbran transformaciones de la visión romántica,
dando lugar a las distintas expresiones de lo romántico: el idealismo,
el realismo y el costumbrismo.</p>
<table border="1"><caption>Una periodización literaria</caption>
<tbody>
<tr valign="middle">
<td align="center"><negrita>Primera mitad del siglo XIX  (1810 a1850)</negrita
></td>
<td align="center"><negrita>Segunda mitad  del siglo XIX (1850 a1890)</negrita
></td>
<td align="center"><negrita>Última década del siglo XIX y comienzos
del siglo XX (1890 a 1924)</negrita></td>
</tr>
<tr>
<td>•	 Bolívar escribe sus proclamas y discursos con tono heroico
y grandilocuente.</td>
<td>•	 Se expresa el ideal de sociedad, y en general, la idealización
romántica.</td>
<td>•	 Literatura de fin de siglo. Trataba el desacomodo y la nostalgia
por el universo romántico que se esfumaba ante la modernidad, la cual
amenazaba con desplazar la sensibilidad del ser humano por la máquina
y la producción en masa.</td>
</tr>
<tr>
<td>•	 Escritos con rezagos de Neoclasicismo, pero con inicios de
expresión romántica en el ideal de grandeza y de conquistas de valores
sociales.</td>
<td>•	 <cursiva>María</cursiva> de Jorge Isaacs es la novela más representativa
de la expresión idealista del Romanticismo colombiano.</td>
<td rowspan="2">•	 José Asunción Silva y José Eustasio Rivera fueron
dos de los escritores colombianos que mejor plasmaron el sentir del
hombre romántico que vive el fin de siglo con la desesperanza del
futuro.</td>
</tr>
<tr>
<td>•	 Literatura de valores patrios, escrita por sucesores de Bolívar
(presidentes y otros hombres de poder).</td>
<td>•	 Se multiplican las obras de carácter costumbrista en dos vertientes:
la sociológica: ensayos sobre los usos y costumbres locales; y, la
estética, en la literatura (poesía, novela y teatro).</td>
</tr>
<tr>
<td>•	 El género preferido fue la poesía. </td>
<td>•	 En la línea costumbrista aparece el <cursiva>Cuadro de costumbres</cursiva
>, un tipo de escrito nuevo, descriptivo, que incluía reflexiones
personales del escritor acerca de usos y costumbres de la época, recurriendo
al humor en muchas ocasiones. </td>
<td rowspan="2">•	 En este periodo se inició el Modernismo, movimiento
literario que nació en Nicaragua con la publicación de <cursiva>Azul</cursiva
>, de Rubén Darío.</td>
</tr>
<tr>
<td>•	 Escribir tenía un valor didáctico; por eso los presidentes
eligieron la escritura para transmitir los valores que deseaban para
la nueva sociedad.</td>
<td>•	 Se empieza a reflejar un giro hacia el realismo, en el retrato
social que se hace en la literatura, tras la difícil situación política
y económica que se vive. </td>
</tr>
</tbody>
</table>
<profundiza>
<enlace
destino="/LoIdRedirect.aspx?LoId=LE_08_03_CO_Recurso070&amp;IdRecurso=RES-30A33E6224504245BB1A2E1A9793814F"
>El arte, la cultura y la literatura en el Romanticismo</enlace>
</profundiza></seccion3Texto></seccion3></seccion2Texto></seccion2>
<seccion2 id="S2_LE_08_03_CO_4272C6736E724B428E8038CB91C1117D">
<seccion2Titulo>Los géneros, las obras y los autores del Romanticismo
en su expresión idealista</seccion2Titulo>
<seccion2Texto>
<p>La <negrita>expresión idealista del Romanticismo</negrita> surge
en reacción a la tendencia racionalista del Neoclasicismo, característico
del periodo anterior. </p>
<p>La literatura del Romanticismo de corte idealista enriquece la
comprensión de la búsqueda interior del ser humano en un sentido de
trascendencia, a través de las sensaciones y de las imágenes creadas
por el lenguaje. </p>
<p>El lenguaje poético, en este caso, posibilita la conexión entre
hechos y situaciones de la vida con el ideal que de ellos se tiene.
El ideal de belleza femenina, así como la estética en los decorados
crean una atmósfera romántica, la cual se plasma también en la pintura
y en las artes decorativas que tuvieron gran presencia y simbolismo.</p>
<imagen ampliable="no" src="LE_08_03_CO_IMG04_small.jpg">
<p>Uno de los grandes poetas del Romanticismo fue el británico George
Gordon Byron. Retrato de lord Byron (1807), por George Sanders (Real
Colección Lord Chamberlain, Londres, Reino Unido).</p>
</imagen>
<seccion3 id="S3_LE_08_03_CO_4FDE28312A7A4AB9A264241CC4DCAD5A">
<seccion3Titulo>La narrativa</seccion3Titulo>
<seccion3Texto>
<p><cursiva>María</cursiva> de Jorge Isaacs es una de las principales
obras del Romanticismo americano. En ella recoge el sentir romántico
heredado de un largo mestizaje, no solo de razas, sino de configuraciones
del mundo. En <cursiva>María</cursiva> confluyen los sentimientos,
el paisaje, la mujer y la organización social, en una especie de <negrita
>utopía colombiana</negrita>, que, no obstante su localismo, resulta
también una utopía de los nuevos pueblos americanos. </p>
<practica>
<enlace
destino="/LoIdRedirect.aspx?LoId=LE_08_03_CO_Recurso080&amp;IdRecurso=RES-7259B652B03C4A2EAE6076B7F9E54F6B"
>Ordena la secuencia de un texto narrativo </enlace>
</practica></seccion3Texto></seccion3><seccion3
id="S3_LE_08_03_CO_A2ACFF91E3114BE2A28C31944F3D483E">
<seccion3Titulo>La poesía</seccion3Titulo>
<seccion3Texto>
<p>Bolívar encarnó a la perfección al héroe romántico de comienzos
del siglo XIX, incluso en el uso del lenguaje poético del que hacía
gala en todo tipo de escritos. <cursiva>Mi delirio sobre el Chimborazo</cursiva
> es un poema en prosa escrito por Bolívar ante la impresión que le
causó el volcán nevado del Chimborazo en Ecuador. Es, probablemente,
el primer poema en prosa con el que cuentan las letras granadinas
y resalta en el conjunto de la obra del Libertador por cuanto es su
único escrito con clara intención poética. </p>
<imagen ampliable="no" src="LE_08_03_CO_IMG05_small.jpg">
<p>Simón Bolívar, por Daniel Hernández, siglo XIX (Museo de Arte,
Lima, Perú). Político y militar venezolano, llamado el Libertador,
Simón Bolívar nació en Caracas en 1783, en el seno de una familia
acomodada de origen vasco establecida a finales del siglo XVI en Venezuela.
Fue uno de los artífices de la independencia de las colonias americanas
de España, no solo con sus fulgurantes campañas militares, sino también
con sus escritos y proclamas, la última de las cuales, una suerte
de testamento político, data de pocos días antes de su muerte, acaecida
el 17 de diciembre de 1830 en la hacienda San Pedro Alejandrino, cerca
de Santa Marta (Colombia).</p>
</imagen>
<p>Por otra parte, Rafael Núñez, nacido en Cartagena en 1825, fue
varias veces presidente de Colombia. Durante sus mandatos impulsó
grandes reformas liberales, retornó el país al centralismo liderando
el movimiento llamado <cursiva>La Regeneración</cursiva>, y promulgó
la Constitución de 1886, que estuvo vigente hasta 1991. </p>
<p>Rafael Núñez escribió numerosos ensayos políticos y sociales, pero
destacó también por su poesía de corte filosófico, amoroso y patriótico.
Uno de estos poemas, escrito en honor a Cartagena, su ciudad natal,
llamado <cursiva>Himno patriótico</cursiva>, fue el que posteriormente
se convirtió en el <cursiva>Himno Nacional de la República de Colombia</cursiva
>, en 1920. </p>
<p>En su poema, <cursiva>Que sais-je?</cursiva>, Núñez transmite el
desasosiego del corazón del hombre, que no encuentra respuestas a
sus inquietudes más profundas. </p>
<imagen ampliable="no" src="LE_08_03_CO_IMG06_small.jpg">
<p><cursiva>Caminante sobre el mar de niebla</cursiva>. Caspar David
Friedrich (1818). Con esta obra, Friedrich se alineó con los filósofos
alemanes coetáneos al situar la figura de espaldas unida al paisaje
como proyección de lo absoluto.</p>
</imagen>
<p>Rafael Pombo es un poeta romántico en plenitud, que ha sido opacado
por el éxito de su obra dirigida a los niños, <cursiva>Fábulas y verdades</cursiva
> y <cursiva>Cuentos pintados</cursiva>, que, en buena parte son producto
de su trabajo como traductor. Te invitamos a visitar un interactivo
sobre la obra infantil de Pombo<enlace
destino="https://www.youtube.com/watch?annotation_id=annotation_210021&amp;feature=iv&amp;src_vid=pLCsDULyYLQ&amp;v=aiNoA3imFtM"
> [VER]</enlace>. </p>
<p>Por su amplitud de expresiones dentro del espectro romántico colombiano,
Pombo resulta ser un poeta que asimiló muy bien el tono de los románticos
europeos: la apelación a la noche y sus espectros, la voz ausente
de la amada y el vacío del alma, son parte de su universo poético.
 </p>
<p>Sus poemas <cursiva>Hora de tinieblas, Edda / Mi amor</cursiva
>, y <cursiva>Éxtasis</cursiva>, son tres ejemplos de la expresión
romántica idealista de este poeta que es tan admirado como cuestionado
por los críticos, respecto a la calidad de su obra. En el siguiente
enlace podrás leer estos y otros poemas de Rafael Pombo<enlace
destino="http://rafaelpombo.co/romantico/"> [VER]</enlace>.</p>
</seccion3Texto></seccion3><seccion3
id="S3_LE_08_03_CO_A2ACFF91E3114BE2A28C31944F3D474D">
<seccion3Titulo>El teatro</seccion3Titulo>
<seccion3Texto>
<p>Luis Vargas Tejada es un autor de la primera mitad del siglo XIX,
contemporáneo de Bolívar, de la Campaña Libertadora y de los primeros
intentos por establecer un principio de orden en las naciones recién
liberadas del dominio español.</p>
<p>Escribió en 1828 la obra por la que más se le recuerda, <cursiva
>Las convulsiones</cursiva>. Esta pieza jocosa en la que se representa
y critica la actitud ligera o fingida de los jóvenes y las damas de
la época, ha sido la obra con más montajes en la historia del teatro
en Colombia, hasta hoy. </p>
<p><cursiva>Las convulsiones</cursiva> es un <negrita>sainete</negrita
>, subgénero dramático que se caracteriza por ser humorístico y ligero,
y en el que el tema más frecuente son las costumbres populares. Por
esta combinación de humor con lo popular, resulta una obra que introduce
una crítica a las costumbres de la sociedad colombiana de la primera
mitad del siglo XIX.</p>
</seccion3Texto></seccion3></seccion2Texto></seccion2><seccion2
id="S2_LE_08_03_CO_D81BD9452F444732B8AF7F37E1CB5265">
<seccion2Titulo>Los contextos histórico, social y cultural de la literatura
colombiana del Realismo y el Costumbrismo</seccion2Titulo>
<seccion2Texto>
<p>Como ya lo hemos mencionado, durante el siglo XIX se extendieron
y mezclaron el estilo romántico, realista y costumbrista en la literatura
colombiana, por lo que no se puede diferenciar cronológicamente el
surgimiento de cada uno. Sin embargo, sí es posible caracterizar algunos
rasgos distintivos de la actitud romántica con acentos más realistas
o costumbristas: el Costumbrismo es una variedad local de Realismo,
en la que lo pintoresco y las costumbres, rurales o urbanas, son narrados
con detalle.</p>
<p><negrita>•	 Rasgos característicos del Romanticismo de expresión
realista</negrita></p>
<p>La <negrita>vertiente realista del Romanticismo</negrita> colombiano
se dio en los últimos años del siglo XIX, o quizás solo fue más acentuada
que en años anteriores, ya que la necesaria observación de la creación
de una nación conlleva una visión realista de la realidad, aunque
esta coexista con el idealismo del sueño nacional.</p>
<p>El Realismo de este periodo tiene una frontera muy permeable con
el Costumbrismo, en cuanto al afán descriptivo que busca la objetividad
en la visión de la realidad nacional. Sus expresiones literarias fueron
de tipo narrativo, tanto en novela como en ensayo político, más que
en poesía o teatro.</p>
<p>La literatura realista del Romanticismo colombiano tiene un fuerte
sentido social y la evidente intención de registrar una identidad
nacional que apenas comienza a perfilarse como mestizaje de lo popular
y ancestral colombiano con lo tradicional del legado español; pero
también como mestizaje de razas y clases sociales, que dan lugar a
una cultura en medio de la realidad social, ideológica y política
que sirvió como marco de referencia a las sucesivas guerras civiles
y al comienzo de los nuevos colonialismos del siglo XX.</p>
<imagen src="LE_08_03_CO_IMG07_small.jpg">
<p>Ramón Martí Alsina, iniciador del realismo pictórico en España,
tuvo como referente a Gustave Courbet, y realizó una abundante producción,
en gran parte dedicada al paisaje.  <cursiva>Barcelona desde una azotea
de la riera de Sant Joan</cursiva> (Museo Nacional Centro de Arte
Reina Sofía, Madrid, España).</p>
</imagen>
<p><negrita>•	 Los rasgos característicos del Romanticismo de expresión
costumbrista</negrita></p>
<p>En el <negrita>Costumbrismo</negrita> del siglo XIX se pretende
ensalzar o inaugurar la conciencia de  identidad colombiana. Se escribe
para dar valor a la mirada, entre nostálgica y picaresca, sobre la
realidad y la vivencia de las cosas cotidianas impregnadas de tintes
locales, liberadas de rezagos de solemnidad señorial que aún están
presentes por la época en obras de expresión idealista, principalmente. </p>
<p>El Costumbrismo colombiano tuvo obras representativas en la poesía,
el teatro y, mayormente en la narrativa, en la que surge el cuadro
de costumbres como subgénero literario de tipo descriptivo y a la
vez subjetivo, ya que es una reflexión personal del autor, en la que
muchas veces se recurría al humor, como una forma de crítica.</p>
<imagen src="LE_08_03_CO_IMG08_small.jpg">
<p>El acentuado contraste lumínico y la utilización de fondos muy
oscuros son una de las características del lienzo <cursiva>Mujer friendo
huevos</cursiva> (1618), de Diego Velázquez (Galería Nacional, Edimburgo,
Reino Unido), que representa un cuadro de costumbres. Escenas como
esta se aprecian en la literatura local colombiana. </p>
</imagen>
<profundiza>
<enlace
destino="/LoIdRedirect.aspx?LoId=LE_08_03_CO_Recurso100&amp;IdRecurso=RES-BA8CA80F1AFE4F29821E8D9F0AB2E1BE"
>El Costumbrismo en Colombia</enlace>
</profundiza></seccion2Texto></seccion2><seccion2
id="S2_LE_08_03_CO_6246525AC5664D09B8F52763D3B76256">
<seccion2Titulo>Los géneros, las obras y los autores de la literatura
del Realismo y el Costumbrismo</seccion2Titulo>
<seccion2Texto>
<p>La segunda mitad del siglo XIX es prolífica en términos de producción
literaria. El movimiento cultural, en Bogotá, era intenso, y las tertulias
y grupos de lectura y escritura eran una presencia abundante en la
capital. De estos grupos salieron muchos de los escritores de la época,
quienes comenzaban publicando en los periódicos y magazines propios. </p>
<seccion3 id="S3_LE_08_03_CO_FE52064BBF4541E1A0F2844B98A2D15E">
<seccion3Titulo>La narrativa</seccion3Titulo>
<seccion3Texto>
<p>La narrativa realista y costumbrista es la literatura más abundante
de este periodo. En buena parte escrita en Bogotá, es fácil encontrarse
con piezas que representan el modo de vida capitalino, el fino humor
bogotano y toda clase de referencias a la que fuera la ciudad con
más aspiraciones al título de cosmopolita, durante el siglo XIX en
América Latina. </p>
<p><cursiva>Manuela</cursiva> de Eugenio Díaz Castro es la “primera
obra costumbrista colombiana”, según la crítica más convencional;
sin embargo, la ubicaremos aquí entre las obras de línea realista
durante el Romanticismo colombiano, dado que su fiel retrato y descripción
de las realidades de la Colombia rural y sus clases sociales, resulta
un documento sociológico más cercano en su intención al Realismo que
al Costumbrismo.</p>
<p><cursiva>Manuela</cursiva> es un testimonio social muy interesante
de la Colombia de la época decimonónica, y un incisivo intento por
desentrañar la nefasta alianza entre los poderes político, económico
y eclesiástico. De este modo, y con la descripción de cada universo,
el popular y el ‘culto’, el autor introduce una crítica sutil a la
sociedad colombiana tan centrada en la división de clases. </p>
<p>De igual manera, Tomás Carrasquilla representó con gran destreza
la narrativa realista, principalmente en su obra <cursiva>Frutos de
mi tierra</cursiva>, escrita en 1896 que escribió como un reto a sus
amigos, para demostrarles que “pueden hacerse novelas sobre el tema
más vulgar y cotidiano". Carrasquilla es quizás más reconocido por
su obra <cursiva>La Marquesa de Yolombó</cursiva>, escrita en 1926,
cuando ya estaba en su madurez como escritor.</p>
<destacado><destacadoTitulo><cursiva>Frutos de mi tierra</cursiva
>: un cuadro de la Colombia regional</destacadoTitulo><destacadoTexto>
<p>Tomás Carrasquilla representa en la cultura colombiana local, lo
más auténtico de la idiosincrasia “paisa”, aunque no por ello deja
de reflejar al colombiano de manera más general, principalmente al
del mundo provinciano o rural. Frutos de mi tierra, según los expertos
es el mejor ejemplo de la expresión realista del siglo XIX colombiano,
y su estudio, como el de muchas de las obras de este periodo, aún
tendrá que arrojar nuevas luces sobre la construcción de nuestra identidad
cultural nacional, a la vez que sobre la gran diversidad local que
albergan las regiones. Carrasquilla, en este sentido, es una muestra
de esa diversidad y una alternativa al centralismo cultural bogotano
para la composición del cuadro total de Colombia.</p>
</destacadoTexto></destacado>
<p>José Manuel Marroquín en su obra <cursiva>El Moro</cursiva>, narrada
por un caballo, cuenta en primera persona su azarosa vida en poder
de los humanos. Con la trasposición entre el mundo y la visión del
caballo acerca de sus amos, y la visión humana sobre los animales,
Marroquín hace un retrato irónico de la realidad en el que la alegoría
es el principal recurso para poner al lector en el lugar de los desvalidos
y congraciarlo con sus causas.</p>
<p>El Moro debe sufrir el proceso de domesticación, así como el ser
humano en la sociedad de la época comenzaba a sentir que algo más
fuerte que él había tomado control del mundo y ahora era él quien
debía someterse a sus designios: había llegado la modernidad.</p>
<imagen src="LE_08_03_CO_IMG09_small.jpg">
<p><negritacursiva>El Moro</negritacursiva> resulta una extraña mezcla
entre la descripción realista, la ironía alegórica que contiene la
crítica a la sociedad, y el sentir del alma moderna; el espíritu del
fin de siglo que se evidencia en muchas obras literarias europeas
y en algunas hispanoamericanas, parece tomar cuerpo en la narración
de este caballo, cuyo espíritu es espejo de la naturaleza humana en
su estado más puro. </p>
</imagen>
<p>En el panorama costumbrista sobresale la obra <cursiva>Olivos y
aceitunos todos son unos</cursiva>, del escritor José María Vergara
y Vergara, por su ingenioso juego entre la ficción literaria y la
fidelidad, no exenta de críticas e ironías, al retratar las costumbres.
En <cursiva>Olivos y aceitunos todos son unos</cursiva>, Vergara inventa
un pueblo llamado La Paz, en el valle de Chirichiqui (también de ficción),
con todas sus características y costumbres, entre las cuales, y entre
las peores, están las costumbres políticas, rodeadas de corrupción
e intrigas. El título, tomado de un refrán popular, alude a que entre
pillos no hay diferencias, es decir, entre olivos y aceitunos, todos
son lo mismo, aunque algunos estén dedicados a la política y sean
liberales o conservadores, diferencia que implicaba, para la época,
una postura y una posición en la sociedad.</p>
<p>Vergara y Vergara también es autor del célebre <cursiva>Tres tazas</cursiva
> (cuadro de costumbres muy citado por los estudiosos de la literatura
colombiana) y fundador de <cursiva>El Mosaico</cursiva>, revista y
tertulia literaria que marcó e impulsó la narrativa colombiana del
siglo XIX. </p>
<practica>
<enlace
destino="/LoIdRedirect.aspx?LoId=LE_08_03_CO_Recurso110&amp;IdRecurso=RES-E5358194BDF84E73AFA5C56F8E62E91E"
>Relaciona fragmentos de obras literarias</enlace>
</practica></seccion3Texto></seccion3><seccion3
id="S3_LE_08_03_CO_FE52064BBF4541E1A0F2844B98A2D26F">
<seccion3Titulo>La poesía</seccion3Titulo>
<seccion3Texto>
<p>Colombia ha sido siempre conocido como país de poetas. Desde la
época colonial, la actividad poética en nuestro país ha atraído la
atención y la dedicación de muchos de los hombres públicos; desde
los políticos hasta las figuras de la alta sociedad (que en la mayoría
de los casos eran características coincidentes), se han sentido tentados
a escribir versos. Entre sus representantes tenemos los siguientes: </p>
<p>•	 Gregorio Gutiérrez González es un poeta popular que intentó
inspirar el amor a la tierra antioqueña y a sus costumbres rurales.
Su poema <cursiva>Memoria sobre el cultivo del maíz en Antioquia</cursiva
> es una muestra del alto valor dado al localismo dentro de la visión
costumbrista, al punto de expresar en él: </p>
<p><cursiva>Pues como sólo para Antioquia escribo,</cursiva></p>
<p><cursiva>Yo no escribo español sino antioqueño (….)</cursiva></p>
<p>•	 Candelario Obeso, con su obra <cursiva>Cantos populares de mi
tierra</cursiva> (1877). Poeta momposino, de raza negra y de fuerte
y clara conciencia de identidad, quizás como pocos en su época, sobresale
por lo excepcional en la Bogotá señorial de mediados del siglo XIX,
donde se alababan las modas europeas y se tenía al francés como la
lengua de la élite intelectual y artística. <negrita>Su obra inaugura
en Colombia la poesía negra, dialectal y étnica</negrita>. El lenguaje
que utiliza este poeta recoge la oralidad de los pueblos negros, influenciados
por las lenguas africanas de sus orígenes; de allí que necesitemos
de una ‘traducción’ de sus poemas para facilitar su lectura<enlace
destino="https://www.youtube.com/watch?v=y2Jw3TTeOz4"> [VER]</enlace
>.</p>
</seccion3Texto></seccion3><seccion3
id="S3_LE_08_03_CO_FE52064BBF4541E1A0F2844B98A2D37E">
<seccion3Titulo>El teatro</seccion3Titulo>
<seccion3Texto>
<p>Uno de los grandes dramaturgos, aunque bastante desconocido, del
siglo XIX colombiano, fue Francisco de Paula Cortés. En el libro <cursiva
>Teatro colombiano, siglo XIX: de costumbres y  comedias</cursiva
>, que compendia una exhaustiva recopilación del teatro de este periodo,
el especialista Carlos Nicolás Hernández, nos habla de este autor
como un escritor de gran valor literario quien publica en 1881 <cursiva
>Cuadros de un pintor bogotano</cursiva>, en donde incluía obras como <cursiva
>Los sobrinos de Tadeo</cursiva> o <cursiva>La Española</cursiva>, <cursiva
>La gondolera de Venecia</cursiva> y <cursiva>El diputado Callejas</cursiva
>, entre otras. </p>
<p><cursiva>Los sobrinos de Tadeo</cursiva> es un Drama en tres actos
y en prosa¸ como lo menciona desde el título, y que tiene la particularidad
de representar un episodio que, para estas fechas de fin de siglo,
ya es visto con distancia histórica. Se trata de la toma de Cartagena
por Pablo Morillo; episodio que es tomado como pretexto para introducir
un drama muy al estilo barroco español, que termina con final sorpresivo
después de enlazar personajes e historias de forma un tanto absurda,
que recuerda las <cursiva>Novelas ejemplares</cursiva> de Miguel de
Cervantes. </p>
<p>En el siguiente enlace podrás descargar la obra: <enlace
destino="http://www.banrepcultural.org/sites/default/files/83490/brblaa189768.pdf"
>[VER]</enlace>.</p>
</seccion3Texto></seccion3></seccion2Texto></seccion2><seccion2
id="S2_LE_08_03_CO_29AD5041E18F4D1BA221E89F3248DFB5">
<seccion2Titulo>Consolidación</seccion2Titulo>
<seccion2Texto>
<p>Consolida tus conocimientos sobre el tema con estas actividades.</p>
<profundiza>
<enlace
destino="/LoIdRedirect.aspx?LoId=LE_08_03_CO_Recurso120&amp;IdRecurso=RES-A57DDE0ADE9A4A2D83C1EBD0B501D779"
>Refuerza tu aprendizaje: Antología literaria del Romanticismo y el
Costumbrismo</enlace>
</profundiza><practica>
<enlace
destino="/LoIdRedirect.aspx?LoId=LE_08_03_CO_Recurso130&amp;IdRecurso=RES-9FA0BD1B5CDA40789168543333496618"
>Refuerza tu aprendizaje: Características del Romanticismo y el Costumbrismo</enlace>
</practica></seccion2Texto></seccion2></seccion1Texto></seccion1>
<seccion1 id="S1_LE_08_03_CO_907ECD35D58F4A82A6E1B0E0585B04FD">
<seccion1Titulo>Gramática: las oraciones activas y pasivas</seccion1Titulo>
<seccion1Texto>
<p>¿Qué pensarías si escucharas en la radio una transmisión muy emocionante,
presentada de la siguiente forma?:</p>
<p><cursiva>La distancia de 32 segundos  fue recortada por el colombiano
Nairo Quintana al británico Chris Froome en la lucha por el maillot
amarillo del Tour. Todas las promesas han sido cumplidas por el colombiano;
se espera que este año sea premiado con el máximo galardón.</cursiva
> </p>
<p>A diferencia de:</p>
<p><cursiva>Nairo Quintana recortó los 32 segundos que lo separaban
de Chris Froome en la lucha por el maillot amarillo del Tour. ¡El
colombiano cumplió sus promesas! Su premio este año será el máximo
galardón.</cursiva></p>
<p>¿Cuál estilo prefieres para narrar una noticia como esta?</p>
<imagen src="LE_08_03_CO_IMG10_small.jpg">
<p>Dos oraciones con diferente estructura, en voz pasiva y en voz
activa:</p>
<p>-	Este ciclista fue premiado en la etapa de montaña.</p>
<p>-	Este ciclista ganó la etapa de montaña.</p>
</imagen>
<p>La lengua nos ofrece distintas opciones para expresar una misma
idea; una de estas es el uso de las oraciones activas y pasivas, cuya
función consiste en poner la fuerza del mensaje, bien sea en el sujeto
(en el caso de las activas), o en la acción (en el caso de las pasivas). </p>
<table border="1"><caption>Compara el efecto y la fuerza del mensaje
en las siguientes oraciones.</caption>
<tbody>
<tr>
<td><negrita>Ejemplo 1</negrita></td>
<td><negrita>Ejemplo 2</negrita></td>
</tr>
<tr>
<td>•	  El horizonte fue cubierto por el sol de los venados.</td>
<td>•	  Mariana fue levantada de su asiento por los hinchas durante
el partido.</td>
</tr>
<tr>
<td>•	  El sol de los venados cubrió el horizonte.</td>
<td>•	  Los hinchas levantaron a Mariana de su asiento durante el
partido. </td>
</tr>
</tbody>
</table>
<p>¿Notas la diferencia? En unos casos el mensaje nos llega más directo;
esto es, en las oraciones activas, cuando la acción la realiza el
sujeto:</p>
<p>El <negrita>sol de los venados</negrita> cubrió…</p>
<p>Los <negrita>hinchas</negrita> levantaron a Mariana…</p>
<p>Cuando el sujeto no realiza la acción, sino que es quien la recibe,
es decir, en las oraciones pasivas, el mensaje parece llegarnos más
distante:</p>
<p>El horizonte <negrita>fue cubierto…</negrita></p>
<p>Mariana <negrita>fue levantada</negrita> de su asiento…</p>
<profundiza>
<enlace
destino="/LoIdRedirect.aspx?LoId=LE_08_03_CO_Recurso140&amp;IdRecurso=RES-73436CCD96574AD9A9DC0D197DB5087A"
>Las oraciones activas y las oraciones pasivas</enlace>
</profundiza><seccion2
id="S2_LE_08_03_CO_A6955B7B8A8447648FFDD428C93204DF">
<seccion2Titulo>Oraciones activas</seccion2Titulo>
<seccion2Texto>
<p>Las oraciones activas son aquellas en las que <negrita>el sujeto
realiza la acción</negrita> del verbo, razón por la que recibe el
nombre de <negrita>sujeto agente</negrita>, por ejemplo:</p>
<formula alineacion="centrada" src="LE_08_03_GRAM01.gif"></formula>
<imagen src="LE_08_03_CO_IMG11_small.jpg">
<p>El sujeto agente es quien realiza la acción en las oraciones activas. </p>
</imagen>
<p>La estructura de las oraciones activas es la más sencilla y directa:
un sujeto realiza una acción que recae sobre un complemento directo. </p>
<formula alineacion="centrada" src="LE_08_03_GRAM02.gif"></formula>
<practica>
<enlace
destino="/LoIdRedirect.aspx?LoId=LE_08_03_CO_Recurso150&amp;IdRecurso=RES-D9648AA0373D4767A83D17BCD34F3560"
>Completa oraciones activas</enlace>
</practica></seccion2Texto></seccion2><seccion2
id="S2_LE_08_03_CO_CB602C7D1F4D4FD6B99F097C259E9748">
<seccion2Titulo>Las oraciones pasivas</seccion2Titulo>
<seccion2Texto>
<p>Las oraciones pasivas son aquellas en las que <negrita>el sujeto
recibe la acción del verbo</negrita>, y por esta razón recibe el nombre
de <negrita>sujeto paciente</negrita>, por ejemplo:</p>
<formula alineacion="centrada" src="LE_08_03_GRAM03.gif"></formula>
<p>La estructura de las oraciones pasivas es más compleja que la de
las oraciones activas: el <negrita>verbo siempre va en forma perifrástica</negrita
> (fue + participio) y un <negrita>complemento agente</negrita>, precedido
de la <negrita>preposición</negrita> <negritacursiva> por</negritacursiva
> (indica que es quien realiza la acción).</p>
<formula alineacion="centrada" src="LE_08_03_GRAM04.gif"></formula>
<p>En las oraciones pasivas, el verbo tiene la mayor fuerza expresiva
de la oración, si bien el modo participio indica una voz pasiva, en
relación al sujeto. El tiempo verbal irá indicado por el auxiliar
copulativo del verbo en participio. Así, en la oración citada, podríamos
variar el tiempo verbal solamente cambiando el auxiliar, por ejemplo:</p>
<formula alineacion="centrada" src="LE_08_03_GRAM05.gif"></formula>
<imagen src="LE_08_03_CO_IMG12_small.jpg">
<p>Esta mujer fue perseguida en sueños, durante toda la noche, por
unas manos gigantes. Esto equivale a decir que se convirtió en sujeto
paciente del complemento agente, que son las manos. </p>
</imagen>
</seccion2Texto></seccion2><seccion2
id="S2_LE_08_03_CO_CB602C7D1F4D4FD6B99F097C259E9849">
<seccion2Titulo>Consolidación</seccion2Titulo>
<seccion2Texto>
<p>Consolida tus conocimientos con las siguientes actividades. </p>
<practica>
<enlace
destino="/LoIdRedirect.aspx?LoId=LE_08_03_CO_Recurso180&amp;IdRecurso=RES-46D712BF5B4C4448AA8A8DB614853FA4"
>Refuerza tu aprendizaje: Analiza oraciones</enlace>
</practica></seccion2Texto></seccion2></seccion1Texto></seccion1>
<seccion1 id="S1_LE_08_03_CO_AFFB44946C3D4DE4B061BD26225906CD">
<seccion1Titulo>Ortografía: la <cursiva>c</cursiva>, la <cursiva>cc</cursiva
> y la <cursiva>z</cursiva></seccion1Titulo>
<seccion1Texto>
<p>¿Has constatado el efecto de un buen escrito sobre las personas
que lo leen? La ortografía es indispensable para el correcto uso del
idioma. Una mala ortografía no solo denota descuido y poca atención,
sino que puede confundir a tus lectores. Escribe con corrección y
notarás cómo tus mensajes son mejor recibidos.</p>
<p>Las reglas ortográficas para usar correctamente grafemas o letras
del alfabeto son útiles en palabras que a nivel fonético resultan
similares o iguales, aunque se escriban con uno u otro grafema. Por
ejemplo: las letras <cursiva>c</cursiva>, <cursiva>s</cursiva> y <cursiva
>z</cursiva> en el castellano que hablamos en América Latina, las
pronunciamos de igual modo, por lo que, de no tener reglas de uso
de estos grafemas, cometeríamos muchos errores ortográficos. </p>
<profundiza>
<enlace
destino="/LoIdRedirect.aspx?LoId=LE_08_03_CO_Recurso190&amp;IdRecurso=RES-70ECB544B6554509A58BCC42A560EFBE"
>Los grafemas <cursiva>c</cursiva>, <cursiva>cc</cursiva> y <cursiva
>z</cursiva></enlace>
</profundiza><seccion2
id="S2_LE_08_03_CO_52D85468F4AB4C7C8E01E4EA4C2AE0BF">
<seccion2Titulo>El grafema c</seccion2Titulo>
<seccion2Texto>
<p>El grafema <cursiva>c</cursiva> tiene dos sonidos diferentes, según
la letra que lo acompañe. Por una parte, cuando es seguido por <cursiva
>a</cursiva>, <cursiva>o</cursiva>, o <cursiva>u</cursiva>, o por
una consonante, el sonido es idéntico al de la letra <cursiva>k</cursiva
>. Por ejemplo: acusa, acomete, escaso, clasifica, escribe.</p>
<p>Por otro lado, cuando son las vocales <cursiva>e</cursiva> o <cursiva
>i</cursiva> las que le siguen, el sonido de la <cursiva>c</cursiva
> es idéntico al de la <cursiva>s</cursiva>. (En España se diferencia
la pronunciación entre <cursiva>c, s</cursiva> y <cursiva>z</cursiva
>. En América Latina, las tres letras las pronunciamos de manera idéntica,
por lo que debemos ser especialmente cuidadosos con su ortografía).
Por ejemplo: acecha, especia. </p>
<p>Ten en cuenta las normas de uso de la letra <cursiva>c</cursiva
> para los siguientes casos:</p>
<table border="1"><caption>Uso de la letra c en terminaciones de palabras</caption>
<tbody>
<tr valign="middle">
<td align="center"><negrita>Regla</negrita></td>
<td align="center"><negrita>Ejemplo</negrita></td>
</tr>
<tr>
<td align="left"><negritacursiva>-ción</negritacursiva></td>
<td>• Canto - Canción</td>
</tr>
<tr>
<td align="left" rowspan="2">Sustantivos derivados de palabras  terminadas
en <cursiva>-to</cursiva> y <cursiva>-do</cursiva>.</td>
<td>• Derivado - Derivación</td>
</tr>
<tr>
<td>• Bendito - Bendición</td>
</tr>
<tr>
<td align="left" rowspan="3"><negritacursiva>-ancia, -encia</negritacursiva
></td>
<td>• Fragancia, constancia, paciencia</td>
</tr>
<tr>
<td><negrita>Excepciones:</negrita></td>
</tr>
<tr>
<td>• Ansia, hortensia</td>
</tr>
<tr>
<td align="left"><negritacursiva>-icia, -icio. -icie</negritacursiva
></td>
<td>• Delicia, codicia, noticia, vicio, adventicio, calvicie, planicie</td>
</tr>
<tr>
<td align="left"><negritacursiva>-cero, -cera -cidad</negritacursiva
></td>
<td>• Pecera, cabecera, acero, lapicero</td>
</tr>
<tr>
<td align="left" rowspan="3">Cuando se deriva de palabras terminadas
en <cursiva>z.</cursiva></td>
<td>• Feliz - Felicidad</td>
</tr>
<tr>
<td>• Tenaz - Tenacidad</td>
</tr>
<tr>
<td>• Capaz - Capacidad</td>
</tr>
<tr>
<td align="left" rowspan="3"><negritacursiva>-cismo, -cida</negritacursiva
></td>
<td>• Estoicismo, catolicismo, homicida</td>
</tr>
<tr>
<td><negrita>Excepciones:</negrita></td>
</tr>
<tr>
<td>• Nerviosismo, preciosismo</td>
</tr>
</tbody>
</table>
<table border="1"><caption>Uso de la letra c al comienzo de palabras</caption>
<tbody>
<tr valign="middle">
<td align="center"><negrita>Regla</negrita></td>
<td align="center"><negrita>Ejemplo</negrita></td>
</tr>
<tr>
<td align="left" rowspan="4"><negritacursiva>cerc-, circ-</negritacursiva
></td>
<td>• Círculo</td>
</tr>
<tr>
<td>• Circo</td>
</tr>
<tr>
<td>• Cerca</td>
</tr>
<tr>
<td>• Certeza</td>
</tr>
</tbody>
</table>
<table border="1"><caption>Uso de la letra c en verbos </caption>
<tbody>
<tr valign="middle">
<td align="center"><negrita>Regla</negrita></td>
<td align="center"><negrita>Verbos</negrita></td>
</tr>
<tr>
<td align="left" rowspan="3">Infinitivos terminados en <cursiva>-cear</cursiva
> y  <cursiva>-cir, -ciar</cursiva>.</td>
<td>• Cocear, rociar, esparcir</td>
</tr>
<tr>
<td><negrita>Excepciones:</negrita></td>
</tr>
<tr>
<td>•	  Asir, anestesiar, ansiar</td>
</tr>
<tr>
<td align="left" rowspan="4">Delante de e en los tiempos verbales
que llevan <cursiva>z</cursiva> en el infinitivo.</td>
<td>•	 Cazar - Cacemos</td>
</tr>
<tr>
<td>•	 Realizar - Realice</td>
</tr>
<tr>
<td>•	 Tropezar - Tropiece</td>
</tr>
<tr>
<td>•	 Rezar - Recen</td>
</tr>
<tr>
<td align="left" rowspan="2">Infinitivos terminados en <cursiva>-cer,
-ceder, -cender, -cir, -cibir, -cidir, -cindir</cursiva>. </td>
<td>•	 Conocer, retroceder, resarcir</td>
</tr>
<tr>
<td>•	 Recibir, decidir, prescindir</td>
</tr>
</tbody>
</table>
<table border="1"><caption>Uso de la letra c en diminutivos</caption>
<tbody>
<tr valign="middle">
<td align="center"><negrita>Regla</negrita></td>
<td align="center"><negrita>Ejemplos</negrita></td>
</tr>
<tr>
<td rowspan="5">Terminados en <cursiva>-cillo, -cilla; -cito, -cita.</cursiva
></td>
<td>•	 Hombrecillo, florecilla, corazoncito, Cancioncita</td>
</tr>
<tr>
<td><negrita>Excepciones:</negrita> Los diminutivos de palabras que
tienen <cursiva>s</cursiva></td>
</tr>
<tr>
<td>•	 Manso - Mansito</td>
</tr>
<tr>
<td>•	 Paso - Pasito</td>
</tr>
<tr>
<td>•	 Caso - Casito</td>
</tr>
</tbody>
</table>
<table border="1"><caption>Uso de la letra c en plurales</caption>
<tbody>
<tr valign="middle">
<td align="center"><negrita>Regla</negrita></td>
<td align="center"><negrita>Ejemplos</negrita></td>
</tr>
<tr>
<td rowspan="4">Palabras terminadas en <cursiva>z</cursiva>, que forman
su plural cambiando la <cursiva>z</cursiva> por <cursiva>c</cursiva
> y añadiendo <cursiva>-es</cursiva>.</td>
<td>•	 Capataz - Capataces</td>
</tr>
<tr>
<td>•	 Cruz - Cruces</td>
</tr>
<tr>
<td>•	 Lápiz - Lápices</td>
</tr>
<tr>
<td>•	 Avestruz - Avestruces</td>
</tr>
</tbody>
</table>
<practica>
<enlace
destino="/LoIdRedirect.aspx?LoId=LE_08_03_CO_Recurso200&amp;IdRecurso=RES-A7E9C9C8B59B4EC7A7E56847BE4437AF"
>Reconoce el uso del grafema <cursiva>c</cursiva></enlace>
</practica></seccion2Texto></seccion2><seccion2
id="S2_LE_08_03_CO_1D1197F1723749169AD4FE3511ECE109">
<seccion2Titulo>El uso de <cursiva>cc</cursiva></seccion2Titulo>
<seccion2Texto>
<p>Se escriben con <cursiva>-cc</cursiva> las palabras que presenten
el siguiente caso:</p>
<table border="1"><caption>Terminadas en <cursiva>-cción</cursiva
></caption>
<tbody>
<tr valign="middle">
<td align="center"><negrita>Regla</negrita></td>
<td align="center"><negrita>Ejemplos</negrita></td>
</tr>
<tr>
<td rowspan="8">Cuando en su familia léxica estas palabras contienen
la combinación <cursiva>-ct</cursiva>.</td>
<td>•	 Acto - Acción  </td>
</tr>
<tr>
<td>•	 Reducto - Reducción</td>
</tr>
<tr>
<td>•	 Adicto - Adicción</td>
</tr>
<tr>
<td>•	 Traductor - Traducción</td>
</tr>
<tr>
<td>•	 Conductor - Conducción</td>
</tr>
<tr>
<td><negrita>Excepciones:</negrita></td>
</tr>
<tr>
<td>•	 Conexión (de conectar)</td>
</tr>
<tr>
<td>•	 Flexión (de flectar)</td>
</tr>
</tbody>
</table>
<practica>
<enlace
destino="/LoIdRedirect.aspx?LoId=LE_08_03_CO_Recurso210&amp;IdRecurso=RES-136F2E8FF6D74745AFBAF42E2BD7982D"
>Identifica las palabras con <cursiva>cc</cursiva></enlace>
</practica></seccion2Texto></seccion2><seccion2
id="S2_LE_08_03_CO_FB1F5F2C24C14401AF564A3EEC55B7ED">
<seccion2Titulo>El grafema z</seccion2Titulo>
<seccion2Texto>
<p>Los latinoamericanos debemos ser especialmente cuidadosos en el
uso del grafema <cursiva>z</cursiva> pues nuestra pronunciación no
hace diferencia entre este y la <cursiva>s</cursiva> o la <cursiva
>c</cursiva> acompañada de las vocales <cursiva>e</cursiva>, <cursiva
>i</cursiva>. Revisa los casos de uso de la <cursiva>z</cursiva> y
ten en cuenta también las excepciones a las normas que establecen
su uso correcto.</p>
<table border="1"><caption>Uso de la z</caption>
<tbody>
<tr valign="middle">
<td align="center"><negrita>Regla</negrita></td>
<td align="center"><negrita>Ejemplos</negrita></td>
</tr>
<tr>
<td rowspan="4">Terminaciones que indican golpe o son aumentativos: <negritacursiva
>-azo, -aza</negritacursiva></td>
<td>•	 Sablazo, bastonazo, zarpazo, aletazo</td>
</tr>
<tr>
<td>•	 Martillazo, latigazo, gustazo, barcaza</td>
</tr>
<tr>
<td><negrita>Excepciones:</negrita></td>
</tr>
<tr>
<td>•	 Acaso, fracaso, payaso</td>
</tr>
<tr>
<td>Terminaciones de sustantivos y adjetivos: <negritacursiva>-az,
-oz</negritacursiva></td>
<td>•	 Atroz, falaz, voz, paz</td>
</tr>
<tr>
<td>Las palabras terminadas en <negritacursiva>-anza</negritacursiva
></td>
<td>•	 Andanza, añoranza, esperanza</td>
</tr>
<tr>
<td rowspan="3">Las palabras terminadas en <negritacursiva>-azgo</negritacursiva
></td>
<td>•	 Patronazgo, noviazgo, hallazgo, liderazgo</td>
</tr>
<tr>
<td><negrita>Excepción:</negrita></td>
</tr>
<tr>
<td>•	 Rasgo</td>
</tr>
<tr>
<td>Las palabras que denotan a la cría de algunas especies animales,
y que terminan en <negritacursiva>-ezno</negritacursiva></td>
<td>•	 Lobezno, osezno</td>
</tr>
<tr>
<td rowspan="7">Los verbos derivados de sustantivos, y que terminan
en <negritacursiva>-izar</negritacursiva></td>
<td>•	 Naturalizar, agonizar, contabilizar, rivalizar</td>
</tr>
<tr>
<td><negrita>Excepciones:</negrita></td>
</tr>
<tr>
<td>La mayoría de sustantivos  que contienen s no cambian su raíz
al convertirse en verbos:</td>
</tr>
<tr>
<td>•	 Improvisar (de improvisación)</td>
</tr>
<tr>
<td>•	 Alisar (de liso)</td>
</tr>
<tr>
<td>•	 Revisar (de revisión)</td>
</tr>
<tr>
<td>•	 Supervisar (de supervisión)</td>
</tr>
<tr>
<td rowspan="4">Los sustantivos abstractos y otras palabras terminadas
en <negritacursiva>-ez, -eza</negritacursiva></td>
<td>•	 Robustez, estrechez, escasez</td>
</tr>
<tr>
<td>•	 Realeza, juez – jueza, pieza</td>
</tr>
<tr>
<td><negrita>Excepciones:</negrita></td>
</tr>
<tr>
<td>•	 Cortés, interés, envés</td>
</tr>
</tbody>
</table>
<destacado><destacadoTitulo>Las excepciones del uso del grafema <cursiva
>z</cursiva></destacadoTitulo><destacadoTexto>
<p>Es importante anotar que, aunque se pretende que las normas ortográficas
sean lo más extensivas posibles y se apliquen a la mayoría de casos,
en nuestra lengua encontramos muchas excepciones a ellas. </p>
</destacadoTexto></destacado><practica>
<enlace
destino="/LoIdRedirect.aspx?LoId=LE_08_03_CO_Recurso220&amp;IdRecurso=RES-D6E2645170BA46A9BD6F48148DCF2B44"
>Resuelve el crucigrama</enlace>
</practica></seccion2Texto></seccion2><seccion2
id="S2_LE_08_03_CO_FB1F5F2C24C14401AF564A3EEC55B8EF">
<seccion2Titulo> Consolidación</seccion2Titulo>
<seccion2Texto>
<p>Consolida tus conocimientos con las siguientes actividades. </p>
<practica>
<enlace
destino="/LoIdRedirect.aspx?LoId=LE_08_03_CO_Recurso230&amp;IdRecurso=RES-73A8CF6DA8D943E4A19C787B35C5B4D1"
>Refuerza tu aprendizaje: Agrupa palabras según su escritura</enlace>
<enlace
destino="/LoIdRedirect.aspx?LoId=LE_08_03_CO_Recurso240&amp;IdRecurso=RES-0DCAB5AE46C24FFAAAA5F78E2683D354"
>Refuerza tu aprendizaje: Completa el texto </enlace>
<enlace
destino="/LoIdRedirect.aspx?LoId=LE_08_03_CO_Recurso260&amp;IdRecurso=RES-CE33E96300F54645A67F626663655254"
>Refuerza tu aprendizaje: Diferencia los grafemas <cursiva>c, cc</cursiva
> y <cursiva>z</cursiva></enlace>
</practica></seccion2Texto></seccion2></seccion1Texto></seccion1>
<seccion1 id="S1_LE_08_03_CO_CE80B328853F494E85A4DABA70270F59">
<seccion1Titulo>Comprensión textual: el texto prescriptivo</seccion1Titulo>
<seccion1Texto>
<p>El lenguaje es una herramienta muy poderosa, como ya te habrás
imaginado. Cuando recibes instrucciones, órdenes o indicaciones para
llevar a cabo alguna acción, se utilizan textos prescriptivos ¿Habías
pensado que prescribir o indicar acciones a seguir implica un sentido
de responsabilidad con lo que se ordena hacer a otros, pero también
un sentido de reflexión sobre lo que seguimos y realizamos por instrucciones
de otras personas?</p>
<imagen src="LE_08_03_CO_IMG13_small.jpg">
<p>Un tipo de texto prescriptivo es la fórmula o receta, que contiene
los medicamentos recomendados por el médico para curar alguna enfermedad.</p>
</imagen>
<p>Los <negrita>textos prescriptivos</negrita> establecen pasos a
seguir para llevar a cabo alguna acción y, en general, aquellos que
tienen el efecto prescriptivo sobre su receptor le dicen lo que debe
hacer. </p>
<p>Puedes encontrar textos prescriptivos en muchos lugares de tu ciudad,
en las recetas de cocina, en los manuales de funcionamiento de aparatos
y juegos, en los reglamentos de instituciones donde trabaja o estudia
una comunidad de personas y en muchos lugares más. </p>
<table border="1"><caption>Clasificación de los textos prescriptivos</caption>
<tbody>
<tr>
<td><negrita>Normativos</negrita></td>
<td>Son los que contienen una orden que el receptor deberá acatar.
En ese caso se usa el verbo en imperativo o en infinitivo. Por ejemplo, <cursiva
>¡Siéntate derecho!</cursiva>, y, <cursiva>Estacione en reversa</cursiva
>.</td>
</tr>
<tr>
<td><negrita>Instructivos</negrita></td>
<td>Son aquellos que establecen pasos para llevar a cabo una acción
con un objetivo final, es decir, ofrecen instrucciones. Por ejemplo,<cursiva
> Conecte el computador a la corriente y presione el botón de encendido;
luego, revise el nivel que marca el indicador de carga de la batería</cursiva
>. Los textos instructivos pueden dar las indicaciones enumerando
cada paso a seguir, o utilizando conectores, como en el ejemplo anterior.
 </td>
</tr>
</tbody>
</table>
<imagen src="LE_08_03_CO_IMG14_small.jpg">
<p>Hay dos claves para identificar y escribir textos prescriptivos: </p>
<p><negrita>Clave 1:</negrita> el objetivo del emisor debe estar lo
suficientemente claro. ¿Qué es lo que se quiere que haga el receptor?</p>
<p><negrita>Clave 2:</negrita> la descomposición de una acción en
pequeños pasos o etapas a seguir para conseguir el objetivo. </p>
</imagen>
<seccion2 id="S2_LE_08_03_CO_F3E6B5300B9B4BCF969D5CA2EA9EE3FE">
<seccion2Titulo>La intención comunicativa del texto prescriptivo</seccion2Titulo>
<seccion2Texto>
<p>El texto prescriptivo, como su nombre lo indica, es la expresión
de una indicación, orden o instrucción que da el emisor al receptor.
En tal sentido, la intención del texto prescriptivo siempre es <negrita
>apelativa</negrita> o <negrita>conativa</negrita>, es decir, que
pretende llevar al receptor a realizar alguna acción que se le indique. </p>
<p>Existen varios aspectos a tener en cuenta a la hora de construir
los textos prescriptivos, para que cumplan el propósito de influir
en el receptor:</p>
<p>•	  El objetivo debe estar muy claro antes de organizar las ideas,
instrucciones y órdenes que se darán al receptor.</p>
<p>•	  El lenguaje debe ser directo. </p>
<p>•	  Es recomendable utilizar frases cortas.</p>
<p>Según la teoría de los actos de habla, del teórico del lenguaje
John Austin, al hablar siempre habrá una intención por parte del emisor,
en la que se pretende que el receptor realice una acción: que cumpla
una orden, que siga una instrucción. </p>
<p>Los textos prescriptivos son los que expresan más claramente la
intención del emisor por ser los que dan órdenes e instrucciones. </p>
<recuerda><recuerdaTexto>
<p>Los textos prescriptivos cumplen con la función apelativa del lenguaje,
que es aquella con la que el emisor busca influir en el receptor.
Por eso se dice que la función apelativa (también llamada conativa),
se centra en el receptor y se espera que conduzca a una acción de
parte suya. </p>
</recuerdaTexto></recuerda></seccion2Texto></seccion2><seccion2
id="S2_LE_08_03_CO_AD3D056059144A8D87F109EAA654E86F">
<seccion2Titulo>Las características del texto prescriptivo</seccion2Titulo>
<seccion2Texto>
<p>La principal característica del texto prescriptivo es la claridad
en el objetivo del emisor. De esta se desprenden otras características
que contribuyen a reforzar la claridad con que se enuncia dicho objetivo. </p>
<p><negrita>•	  El objetivo</negrita></p>
<p>El emisor debe tener claro cuál es el objetivo de su texto, es
decir, para qué va a dar instrucciones a un receptor, por ejemplo:
en una receta de cocina, el objetivo es preparar algún plato; en un
anuncio público, el objetivo es prevenir o indicar un comportamiento
ciudadano; en las instrucciones de instalación de algún aparato, el
objetivo es que el usuario lo pueda usar correctamente.</p>
<p><negrita>•	  El uso del verbo en imperativo</negrita></p>
<p>Una de las formas de usar el verbo en los textos prescriptivos
es el <negrita>imperativo</negrita>. Es la manera más evidente de
expresar la intención de influir en el receptor, pues implica que
se le está dando una orden o se le está indicando un paso a seguir,
con una clara intención prescriptiva, por ejemplo: en una máquina
de pago de parqueadero:<cursiva> Inserte la tarjeta y pague el valor
indicado</cursiva>, o en un establecimiento público: <cursiva>Cuide
sus objetos personales</cursiva>. </p>
<p><negrita>•	  El uso del verbo en infinitivo</negrita></p>
<p>Generalmente se encuentra en anuncios ubicados en vías públicas
que exigen una lectura rápida, como una calle, un andén, un parque,
por ejemplo, en avisos viales: <cursiva>Girar a la izquierda, No estacionar</cursiva
>.</p>
<p><negrita>•	  El uso de la forma impersonal</negrita> <negritacursiva
> se</negritacursiva></p>
<p>Se suele usar en textos largos de instrucciones, cuando incluyen
varios pasos para realizar una labor, por ejemplo, en una receta de
cocina: <cursiva>Se cortan las fresas por mitades y se mezclan con
la crema de leche, a la que previamente se le habrá añadido azúcar
al gusto.</cursiva> </p>
<imagen src="LE_08_03_CO_IMG15_small.jpg">
<p>El siguiente es un ejemplo de texto prescriptivo utilizado en una
receta de cocina: <cursiva>Decore el plato con mitades de fresas a
un costado del postre y disfrute de la mezcla de sabores, además de
una bonita presentación para llevar a la mesa.</cursiva> </p>
</imagen>
<practica>
<enlace
destino="/LoIdRedirect.aspx?LoId=LE_08_03_CO_Recurso280&amp;IdRecurso=RES-63E8984216C04C5E9844AA0CE9185BD9"
>Distingue las características de un texto prescriptivo</enlace>
</practica></seccion2Texto></seccion2><seccion2
id="S2_LE_08_03_CO_8673EB1F6F1D475AA2B714FC76BC118E">
<seccion2Titulo>Estrategia de lectura: inferir el significado de palabras</seccion2Titulo>
<seccion2Texto>
<p>Con mucha frecuencia, mientras leemos un texto, nos encontramos
con palabras desconocidas que nos obligan a buscar su significado
pues, de no hacerlo, nuestra comprensión de la lectura se ve afectada. </p>
<p>Además de la opción de buscar en el diccionario, otra manera de
obtener el significado de alguna palabra es la <negrita>inferencia</negrita
> o <negrita>deducción</negrita> a partir de elementos del contexto
de la lectura y del sentido general del texto. </p>
<p><negrita>Estrategia 1</negrita></p>
<p>La lectura de un texto completo debe ser un ejercicio de comprensión
global. No puedes leer deteniéndote en cada palabra, pues perderías
el sentido general que te propone el texto. Sin embargo, al encontrarte
con una palabra desconocida que es relevante para el sentido general
del escrito, es necesario detenerte y tratar de encontrar su significado. </p>
<p>Entonces, la primera estrategia consiste en <negrita>decidir si
la palabra desconocida es relevante</negrita> o no para la comprensión
del texto. </p>
<p><negrita>Estrategia 2</negrita></p>
<p>Si la palabra resulta relevante para la comprensión del texto,
el siguiente paso es intentar  <negrita>inferir su significado a partir
del contexto de la lectura</negrita>. Lee el fragmento completo (oración
o párrafo) para observar la palabra en el contexto en que está siendo
usada. </p>
<p>Puede haber tres maneras de hacer esta inferencia. Esto implica
leer con mucha atención. </p>
<p>•	  Observa si la definición de la palabra está contenida en el
fragmento completo. A veces se menciona la palabra y en el desarrollo
del fragmento se explica su definición. </p>
<p>•	  Observa cómo se relacionan otros elementos dentro del párrafo,
pues estos términos pueden estar comparando o estableciendo diferencias
con la palabra desconocida. En este caso, el significado lo puedes
inferir por contraste. </p>
<p>•	  Ten en cuenta las ideas conexas con la palabra que desconoces.
A veces en el mismo párrafo se mencionan ideas a continuación de la
palabra desconocida que, por ampliación de varios conceptos relacionados,
permiten inferir el significado.  </p>
<p><negrita>Estrategia 3</negrita></p>
<p>Un análisis etimológico básico también ayuda a <negrita>deducir
el significado</negrita> de una palabra. La etimología es el estudio
de la composición y el origen de las palabras; esto implica la descomposición
de la palabra en sus partes: raíz, prefijos y sufijos. </p>
<p><negrita>Estrategia 4 </negrita></p>
<p>Los textos prescriptivos se caracterizan por especificar la <negrita
>intencionalidad</negrita> de los mismos, es decir, el objetivo que
se busca. Por ello, una estrategia para la lectura de estos textos
es que identifiques claramente el objetivo, por ejemplo, <cursiva
>Desconecte el dispositivo y espere diez segundos. Vuélvalo a conectar
y revise que el indicador de señal esté activo</cursiva>. </p>
<p>En la instrucción anterior, el objetivo es verificar que el dispositivo
tenga señal. Esto se deduce del verbo <cursiva>revisar</cursiva>,
que es el paso final de la instrucción, es decir, la meta que se propone
dicha instrucción. </p>
<p>Los otros verbos utilizados: <cursiva>desconectar, esperar, volver
a conectar</cursiva>, indican los pasos a seguir para alcanzar la
meta de revisar la señal. </p>
<p>Algunos textos prescriptivos, especialmente aquellos que indican
los pasos para armar o instalar algún aparato, electrodoméstico, máquina
o equipo, tienden a usar un lenguaje muy sucinto o utilizan verbos
que no usamos frecuentemente en el lenguaje hablado, por lo que se
puede dificultar nuestra comprensión. En estos casos, la recomendación
es usar alguna de las estrategias indicadas para la inferencia de
significados de las palabras desconocidas. </p>
<profundiza>
<enlace
destino="/LoIdRedirect.aspx?LoId=LE_08_03_CO_Recurso290&amp;IdRecurso=RES-FF80EC2E81FD486F96C8DECF85A167CA"
>El texto prescriptivo</enlace>
</profundiza></seccion2Texto></seccion2><seccion2
id="S2_LE_08_03_CO_8673EB1F6F1D475AA2B714FC76BC129E">
<seccion2Titulo>Consolidación</seccion2Titulo>
<seccion2Texto>
<p>Consolida tus conocimientos con las siguientes actividades. </p>
<practica>
<enlace
destino="/LoIdRedirect.aspx?LoId=LE_08_03_CO_Recurso300&amp;IdRecurso=RES-7B5AD5438D0246E1A5045A5C2DDB0408"
>Refuerza tu aprendizaje: Los textos prescriptivos</enlace>
</practica></seccion2Texto></seccion2></seccion1Texto></seccion1>
<seccion1 id="S1_LE_08_03_CO_19EA7C125E944F088E8452779066198D">
<seccion1Titulo>Producción escrita: el texto prescriptivo</seccion1Titulo>
<seccion1Texto>
<p>¿Sabías que una de las habilidades más requeridas en el mundo laboral
en cargos de alta responsabilidad es saber diseñar procesos para conseguir
una meta y dar adecuadamente las instrucciones que llevarán a un equipo
de trabajo a obtener los resultados esperados?</p>
<p>Esta habilidad para realizar algo que puede ser muy complejo puede
empezar a cultivarse con un ejercicio tan sencillo como aprender a
escribir textos prescriptivos. </p>
<imagen src="LE_08_03_CO_IMG16_small.jpg">
<p>La manera de organizar la información para dar instrucciones correctamente
y facilitar que otros las sigan con el fin de obtener los resultados
esperados, es muy importante, tanto cuando se dan oralmente como por
escrito.</p>
</imagen>
<seccion2 id="S2_LE_08_03_CO_A032A45239A348369C5A938B82B5AC6F">
<seccion2Titulo>La estructura del texto prescriptivo</seccion2Titulo>
<seccion2Texto>
<p>Hay varias maneras de organizar la información de un texto prescriptivo,
pero en todos los casos esta organización debe atender principalmente
al objetivo que se busca. En tal sentido, en algunos textos se utilizan
imágenes para apoyar las instrucciones, en otros se enumera cada paso
a seguir y en otros más se usan conectores para redactar las instrucciones
en párrafos. </p>
<p>La estructura de un texto descriptivo puede incluir: </p>
<p><negrita>•	   Listado de elementos, componentes, partes, ingredientes,
herramientas o instrumentos requeridos</negrita> para llevar a cabo
la tarea prevista. No siempre se listan aparte de las instrucciones;
a veces están mezcladas con la secuencia de las mismas.  </p>
<p><negrita>•	   Instrucciones, paso a paso,</negrita> para realizar
la tarea y cumplir el objetivo. Estas instrucciones pueden estar listadas
(numeradas o no), o pueden estar escritas en párrafos, utilizando
conectores y marcadores que indican secuencia, orden o prioridad. </p>
<imagen src="LE_08_03_CO_IMG17_small.jpg">
<p>Esta receta de cocina incluye la información necesaria que ayuda
a realizar mejor la tarea y cumplir el objetivo.</p>
</imagen>
<destacado><destacadoTitulo>Si el texto prescriptivo se enfoca en
el receptor, al escribir se debe pensar en este.</destacadoTitulo>
<destacadoTexto>
<p>Para que el receptor pueda cumplir exitosamente la tarea indicada
en un texto prescriptivo, además de los pasos a seguir, se deberá
incluir toda la información que contribuya a que este tenga previsto
todo lo requerido para conseguirlo.</p>
<p><negrita>•	  Elementos requeridos:</negrita> materiales, herramientas,
ingredientes, etc.</p>
<p><negrita>•	  Tiempo requerido:</negrita> lo ideal es hacer un cálculo
de la duración de la tarea; ¿cuánto tiempo toma seguir las instrucciones,
paso a paso?</p>
<p><negrita>•	  Costo:</negrita> en caso de requerir la compra de
elementos o ingredientes, esta indicación ofrecerá una orientación
muy importante. </p>
<p><negrita>•	  Nivel de dificultad:</negrita> esta información permitirá
que el receptor decida si necesita ayuda de otra persona o si evita
realizar la tarea, en caso de que sea muy compleja. O, por el contrario,
que decida emprenderla rápidamente, aun sin tener experiencia en ello,
cuando tiene un nivel de dificultad mínimo.  </p>
</destacadoTexto></destacado><profundiza>
<enlace
destino="/LoIdRedirect.aspx?LoId=LE_08_03_CO_Recurso310&amp;IdRecurso=RES-D47972084BD6472BA6D9876952F8FAE2"
>La estructura del texto prescriptivo </enlace>
</profundiza></seccion2Texto></seccion2><seccion2
id="S2_LE_08_03_CO_041346D68E544367A55CDA88AE15D133">
<seccion2Titulo>Escribe un texto prescriptivo</seccion2Titulo>
<seccion2Texto>
<p>Para escribir un texto prescriptivo, ten en cuenta los siguientes
pasos:</p>
<p><negrita>•	  Planeación:</negrita> antes de comenzar a escribir
el texto definitivo, ten clara la intención que te anima, por ejemplo: </p>
<p><cursiva>Quiero enseñar a preparar una receta de cocina</cursiva
>. En este caso, la intención es enseñar.</p>
<p><cursiva>Quiero establecer un procedimiento a seguir</cursiva>.
En este caso, la intención es crear una norma, una manera de hacer
las cosas. </p>
<p><cursiva>Quiero que mi producto esté correctamente instalado y
usado</cursiva>. En este caso, la intención es asegurarse de que el
usuario pueda apreciar y beneficiarse de las características y la
calidad de un producto.</p>
<p><negrita>•	  Organización:</negrita> con tu intención clara, podrás
elegir los elementos requeridos y la secuencia de los pasos a seguir,
por ejemplo: una lista debe contener todos los elementos, ingredientes,
herramientas, etc. y su especificación en cantidad, tipo, tamaño,
etc.; y la otra lista, la secuencia de los pasos a seguir. Esta lista
te servirá para darte cuenta de que no te falte ningún paso y que
la secuencia esté ordenada para conseguir el resultado esperado. </p>
<p><negrita>•	  Composición y redacción: </negrita>A la hora de escribir,
debes elegir el estilo que usarás; aquí puedes ver qué tipo de decisiones
deberás tomar para escoger el estilo de texto más indicado de acuerdo
con el tipo de receptor (experto o principiante) y el tipo de instrucción,
dependiendo de si es muy técnica y requiere conocimientos previos,
o si solo apela al sentido común y a habilidades básicas. </p>
<p>Decisiones que deberás tomar:</p>
<p><negrita>Uso de imágenes:</negrita> puedes usar solo texto o acompañarlo
con imágenes, e incluso puedes usar solo imágenes.</p>
<p><negrita>Formato de presentación de elementos requeridos e instrucciones:</negrita
> puedes elegir usar listados, numerados o no o, si lo prefieres,
redactar todo en una secuencia de explicación a través del uso de
párrafos con conectores. </p>
<p><negrita>Uso de títulos y subtítulos:</negrita> puedes poner títulos
a cada paso para hacer más claro lo que se quiere conseguir en cada
uno, por ejemplo: </p>
<p><cursiva>Verificación de entrada de corriente</cursiva></p>
<p><cursiva>Revise la parte posterior del equipo para confirmar que
el indicador de encendido está en color rojo y que no titila.</cursiva
> </p>
<p><negrita>Tiempo verbal y forma de dar las instrucciones:</negrita
> recuerda que puedes usar los verbos en infinitivo, en imperativo
o usar la forma impersonal <cursiva>se</cursiva>.</p>
<p><negrita>•	  Edición: </negrita>En la etapa de edición debes revisar
los siguientes aspectos.</p>
<p>-	Que toda la información requerida haya quedado completa y en
el orden adecuado.</p><?Pub Caret -2?>
<p>-	Que las imágenes (si las seleccionaste) sean claras y acordes
a la instrucción dada.</p>
<p>-	Que la redacción sea lo suficientemente clara y directa.</p>
<p>-	Que el uso de los verbos guarde coherencia entre una instrucción
y otra.</p>
<p>-	Que la ortografía está correcta. </p>
<practica>
<enlace
destino="/LoIdRedirect.aspx?LoId=LE_08_03_CO_Recurso320&amp;IdRecurso=RES-4E25CE6BC4CC42F1B666677272C3A27D"
>Organiza un texto prescriptivo</enlace>
</practica></seccion2Texto></seccion2><seccion2
id="S2_LE_08_03_CO_041346D68E544367A55CDA88AE15D234">
<seccion2Titulo>Consolidación</seccion2Titulo>
<seccion2Texto>
<p>Consolida tus conocimientos con las siguientes actividades. </p>
<practica>
<enlace
destino="/LoIdRedirect.aspx?LoId=LE_08_03_CO_Recurso330&amp;IdRecurso=RES-E8E7F36C091643D1990F56CDB95A49A9"
>Refuerza tu aprendizaje: Elementos de los textos prescriptivos</enlace>
</practica></seccion2Texto></seccion2></seccion1Texto></seccion1>
<seccion1 id="S1_LE_08_03_CO_B6B90201B7A64F29BA76E9F4A2CADEDB">
<seccion1Titulo>Competencias</seccion1Titulo>
<seccion1Texto>
<p>Pon a prueba tus habilidades y afianza tus competencias con estas
actividades. </p>
<profundiza>
<enlace
destino="/LoIdRedirect.aspx?LoId=LE_08_03_CO_Recurso340&amp;IdRecurso=RES-8CEF70870B2B4037B5E6BB70E9077597"
>Literatura: el Romanticismo y el Costumbrismo </enlace>
</profundiza><practica>
<enlace
destino="/LoIdRedirect.aspx?LoId=LE_08_03_CO_Recurso350&amp;IdRecurso=RES-F3C4420089A14F9E86865C4EE36C53D3"
>Gramática: analiza las oraciones activas y pasivas</enlace>
<enlace
destino="/LoIdRedirect.aspx?LoId=LE_08_03_CO_Recurso360&amp;IdRecurso=RES-1B34985919EA42F1A2F06D1B6D57516A"
>Comprensión textual: completa un texto prescriptivo</enlace>
<enlace
destino="/LoIdRedirect.aspx?LoId=LE_08_03_CO_Recurso370&amp;IdRecurso=RES-3E55FFE56DA3469C9E11F9F63299257C"
>Producción textual: ordena un texto prescriptivo</enlace>
</practica></seccion1Texto></seccion1><masinformacion
id="MI_LE_08_03_CO_8A544D85796B4453A79EA2182F4CFAFF"><mapaconceptual>
<enlace
destino="/LoIdRedirect.aspx?LoId=LE_08_03_CO_Recurso390&amp;IdRecurso=RES-643F2B467ABA4500A9F59E84EC8B2199"
>Mapa Conceptual del tema El texto prescriptivo</enlace>
</mapaconceptual><autoevaluate><enlace
destino="/LoIdRedirect.aspx?LoId=LE_08_03_CO_Recurso400&amp;IdRecurso=RES-E01306F9509E4FB6BF1F3524871CBB8B"
>Evalúa tus conocimientos sobre el tema El texto prescriptivo</enlace>
</autoevaluate><enlacesreferencia>
<enlace
destino="http://mariaelviracastellanos.blogspot.com/2013/06/realismo-latinoamericano-y-colombiano.html"
>Refuerza tus conocimientos sobre el Realismo en Colombia.</enlace>
<enlace
destino="https://sites.google.com/site/cursodeliteraturacolombiana/unidad-4--literatura-colombiana-en-el-siglo-xix"
>Amplía la información sobre la literatura colombiana en el siglo
XIX.</enlace>
<enlace destino="http://rafaelpombo.co/romantico/">Consulta sobre
Rafael Pombo y su obra poética. </enlace>
<enlace
destino="http://www.gramaticas.net/2010/09/ejemplos-de-oraciones-tipos.html"
>En este enlace encontrarás los tipos de oraciones.</enlace>
<enlace destino="http://www.vicentellop.com/gramatica/verbo/pasiva.html"
>Encuentra aquí cómo transformar una oración activa en pasiva.</enlace>
<enlace
destino="http://www.wikilengua.org/index.php/Categor%C3%ADa:Ortograf%C3%ADa"
>En este enlace podrás realizar consultas ortográficas.</enlace>
<enlace
destino="http://es.slideshare.net/ensenameajugar/los-textos-prescriptivos"
>En este enlace podrás profundizar en los textos prescriptivos y analizar
algunos ejemplos. </enlace>
<enlace
destino="http://web.educastur.princast.es/proyectos/formadultos/unidades/lengua_2/ud2/1_4_2_textos_prescriptivos.html"
>En este enlace encontrarás pautas para escribir y realizar ejercicios
relacionados con los textos prescriptivos.</enlace>
</enlacesreferencia></masinformacion></libro>
