﻿<?xml version="1.0" encoding="utf-8"?><engine copy="Editorial Planeta" version="1" aprid="f10b"><main mode="f10b" title="Teorías pragmáticas más relevantes"><tf><![CDATA[<p style="text-align:center"><strong>Una modesta proposici&oacute;n:<br />
Para prevenir que los ni&ntilde;os de los pobres de Irlanda sean una&nbsp;carga para sus padres o el pa&iacute;s, y para hacerlos &uacute;tiles al p&uacute;blico</strong><br />
&nbsp;</p>

<p style="text-align:right"><em>Por:&nbsp;Jonathan Swift</em></p>

<hr />
<p>Dubl&iacute;n, Irlanda, 1729</p>

<p>Es un asunto melanc&oacute;lico para quienes pasean por esta gran ciudad o viajan por el campo, ver las calles, los caminos y las puertas de las caba&ntilde;as atestados de mendigos del sexo femenino, seguidos de tres, cuatro o seis ni&ntilde;os, todos en harapos e importunando a cada viajero por una limosna. Esas madres, en vez de hallarse en condiciones de trabajar para ganarse la vida honestamente, se ven obligadas a perder su tiempo en la vagancia, mendigando el sustento de sus desvalidos infantes: quienes, apenas crecen, se hacen ladrones por falta de trabajo, o abandonan su querido pa&iacute;s natal para luchar por el Pretendiente en Espa&ntilde;a, o se venden a s&iacute; mismos en las Barbados.</p>

<p>Creo que todos los partidos est&aacute;n de acuerdo en que este n&uacute;mero prodigioso de ni&ntilde;os en los brazos, sobre las espaldas o a los talones de sus madres, y frecuentemente de sus padres, resulta en el deplorable estado actual del Reino un perjuicio adicional muy grande; y por lo tanto, quienquiera que encontrase un m&eacute;todo razonable, econ&oacute;mico y f&aacute;cil para hacer de ellos miembros cabales y &uacute;tiles del estado, merecer&iacute;a tanto agradecimiento del p&uacute;blico como para tener instalada su estatua como protector de la Naci&oacute;n.</p>

<p>Pero mi intenci&oacute;n est&aacute; muy lejos de limitarse a proveer solamente por los ni&ntilde;os de los mendigos declarados: es de alcance mucho mayor y tendr&aacute; en cuenta el n&uacute;mero total de infantes de cierta edad nacidos de padres que de hecho son tan poco capaces de mantenerlos como los que solicitan nuestra caridad en las calles.</p>

<p>Por mi parte, habiendo volcado mis pensamientos durante muchos a&ntilde;os sobre este importante asunto, y sopesado maduradamente los diversos planes de otros proyectistas, siempre los he encontrado groseramente equivocados en su c&aacute;lculo. Es cierto que un ni&ntilde;o reci&eacute;n nacido puede ser mantenido durante un a&ntilde;o solar por la leche materna y poco alimento m&aacute;s; a lo sumo por un valor no mayor de dos chelines o su equivalente en mendrugos, que la madre puede conseguir ciertamente mediante su leg&iacute;tima ocupaci&oacute;n de mendigar. Y es exactamente al a&ntilde;o de edad que yo propongo que nos ocupemos de ellos de manera tal que en lugar de constituir una carga para sus padres o la parroquia, o de carecer de comida y vestido por el resto de sus vidas, contribuir&aacute;n por el contrario a la alimentaci&oacute;n, y en parte a la vestimenta, de muchos miles.</p>

<p>Hay adem&aacute;s otra gran ventaja en mi plan, que evitar&aacute; esos abortos voluntarios y esa pr&aacute;ctica horrenda, &iexcl;cielos!, &iexcl;demasiado frecuente entre nosotros!, de mujeres que asesinan a sus hijos bastardos, sacrificando a los pobres beb&eacute;s inocentes, no s&eacute; si m&aacute;s por evitar los gastos que la verg&uuml;enza, lo cual arrancar&iacute;a las l&aacute;grimas y la piedad del pecho m&aacute;s salvaje e inhumano.</p>

<p>El n&uacute;mero de almas en este reino se estima usualmente en un mill&oacute;n y medio, de &eacute;stas calculo que puede haber aproximadamente doscientas mil parejas cuyas mujeres son fecundas; de ese n&uacute;mero resto treinta mil parejas capaces de mantener a sus hijos, aunque entiendo que puede no haber tantas bajo las actuales angustias del reino; pero suponi&eacute;ndolo as&iacute;, quedar&aacute;n ciento setenta mil parideras. Resto nuevamente cincuenta mil por las mujeres que abortan, o cuyos hijos mueren por accidente o enfermedad antes de cumplir el a&ntilde;o. Quedan s&oacute;lo ciento veinte mil hijos de padres pobres nacidos anualmente: la cuesti&oacute;n es entonces, c&oacute;mo se educar&aacute; y sostendr&aacute; a esta cantidad, lo cual, como ya he dicho, es completamente imposible, en el actual estado de cosas, mediante los m&eacute;todos hasta ahora propuestos. Porque no podemos emplearlos ni en la artesan&iacute;a ni en la agricultura; ni construimos casas (quiero decir en el campo) ni cultivamos la tierra: raramente pueden ganarse la vida mediante el robo antes de los seis a&ntilde;os, excepto cuando est&aacute;n precozmente dotados, aunque confieso que aprenden los rudimentos mucho antes, &eacute;poca durante la cual s&oacute;lo pueden considerarse aficionados, seg&uacute;n me ha informado un caballero del condado de Cavan, quien me asegur&oacute; que nunca supo de m&aacute;s de uno o dos casos bajo la edad de seis, ni siquiera en una parte del reino tan renombrada por la m&aacute;s pronta competencia en ese arte.</p>

<p>Me aseguran nuestros comerciantes que un muchacho o muchacha no es mercanc&iacute;a vendible antes de los doce a&ntilde;os; e incluso cuando llegan a esta edad no producir&aacute;n m&aacute;s de tres libras o tres libras y media corona como m&aacute;ximo en la transacci&oacute;n; lo que ni siquiera puede compensar a los padres o al reino el gasto en nutrici&oacute;n y harapos, que habr&aacute; sido al menos de cuatro veces ese valor.</p>

<p>Propondr&eacute; ahora por lo tanto humildemente mis propias reflexiones, que espero no se prestar&aacute;n a la menor objeci&oacute;n.</p>

<p>Me ha asegurado un americano muy entendido que conozco en Londres, que un tierno ni&ntilde;o sano y bien criado constituye al a&ntilde;o de edad el alimento m&aacute;s delicioso, nutritivo y saludable, ya sea estofado, asado, al horno o hervido; y no dudo que servir&aacute; igualmente en un fricas&eacute; o un ragout.</p>

<p>Ofrezco por lo tanto humildemente a la consideraci&oacute;n del p&uacute;blico que de los ciento veinte mil ni&ntilde;os ya calculados, veinte mil se reserven para la reproducci&oacute;n, de los cuales s&oacute;lo una cuarta parte ser&aacute;n machos; lo que es m&aacute;s de lo que permitimos a las ovejas, las vacas y los puercos; y mi raz&oacute;n es que esos ni&ntilde;os raramente son frutos del matrimonio, una circunstancia no muy estimada por nuestros salvajes, en consecuencia un macho ser&aacute; suficiente para servir a cuatro hembras. De manera que los cien mil restantes pueden, al a&ntilde;o de edad, ser ofrecidos en venta a las personas de calidad y fortuna del reino; aconsejando siempre a las madres que los amamanten copiosamente durante el &uacute;ltimo mes, a fin de ponerlos regordetes y mantecosos para una buena mesa. Un ni&ntilde;o llenar&aacute; dos fuentes en una comida para los amigos; y cuando la familia cene sola, el cuarto delantero o trasero constituir&aacute; un plato razonable, y sazonado con un poco de pimienta o de sal despu&eacute;s de hervirlo resultar&aacute; muy bueno hasta el cuarto d&iacute;a, especialmente en invierno.</p>

<p>He calculado que como t&eacute;rmino medio un ni&ntilde;o reci&eacute;n nacido pesar&aacute; doce libras, y en un a&ntilde;o solar, si es tolerablemente criado, alcanzar&aacute; las veintiocho.</p>

<p>Concedo que este manjar resultar&aacute; algo costoso, y ser&aacute; por lo tanto muy apropiado para terratenientes, quienes, como ya han devorado a la mayor&iacute;a de los padres, parecen acreditar los mejores derechos sobre los hijos.</p>

<p>Todo el a&ntilde;o habr&aacute; carne de infante, pero m&aacute;s abundantemente en marzo, y un poco antes o despu&eacute;s: pues nos informa un grave autor, eminente m&eacute;dico franc&eacute;s, que siendo el pescado una dieta prol&iacute;fica, en los pa&iacute;ses cat&oacute;licos romanos nacen muchos mas ni&ntilde;os aproximadamente nueve meses despu&eacute;s de Cuaresma que en cualquier otra estaci&oacute;n; en consecuencia, contando un a&ntilde;o despu&eacute;s de Cuaresma, los mercados estar&aacute;n m&aacute;s abarrotados que de costumbre, porque el n&uacute;mero de ni&ntilde;os papistas es por lo menos de tres a uno en este reino: y entonces esto traer&aacute; otra ventaja colateral, al disminuir el n&uacute;mero de papistas entre nosotros.</p>

<p>Ya he calculado el costo de crianza de un hijo de mendigo (entre los que incluyo a todos los caba&ntilde;eros, a los jornaleros y a cuatro quintos de los campesinos) en unos dos chelines por a&ntilde;o, harapos incluidos; y creo que ning&uacute;n caballero se quejar&iacute;a de pagar diez chelines por el cuerpo de un buen ni&ntilde;o gordo, del cual, como he dicho, sacar&aacute; cuatro fuentes de excelente carne nutritiva cuando s&oacute;lo tenga a alg&uacute;n amigo o a su propia familia a comer con &eacute;l. De este modo, el hacendado aprender&aacute; a ser un buen terrateniente y se har&aacute; popular entre los arrendatarios; y la madre tendr&aacute; ocho chelines de ganancia limpia y quedar&aacute; en condiciones de trabajar hasta que produzca otro ni&ntilde;o.</p>

<p>Quienes sean m&aacute;s ahorrativos (como debo confesar que requieren los tiempos) pueden desollar el cuerpo; con la piel, artificiosamente preparada, se podr&aacute;n hacer admirables guantes para damas y botas de verano para caballeros elegantes.</p>

<p>En nuestra ciudad de Dubl&iacute;n, los mataderos para este prop&oacute;sito pueden establecerse en sus zonas m&aacute;s convenientes, y podemos estar seguros de que carniceros no faltar&aacute;n; aunque m&aacute;s bien recomiendo comprar los ni&ntilde;os vivos y adobarlos mientras a&uacute;n est&aacute;n tibios del cuchillo, como hacemos para asar los cerdos.</p>

<p>Una persona muy respetable, verdadera amante de su patria, cuyas virtudes estimo much&iacute;simo, se entretuvo &uacute;ltimamente en discurrir sobre este asunto con el fin de ofrecer un refinamiento de mi plan. Se le ocurri&oacute; que, puesto que muchos caballeros de este reino han terminado por exterminar sus ciervos, la demanda de carne de venado podr&iacute;a ser bien satisfecha por los cuerpos de j&oacute;venes mozos y doncellas, no mayores de catorce a&ntilde;os ni menores de doce; ya que son tantos los que est&aacute;n a punto de morir de hambre en todo el pa&iacute;s, por falta de trabajo y de ayuda; de &eacute;stos dispondr&iacute;an sus padres, si estuvieran vivos, o de lo contrario, sus parientes m&aacute;s cercanos. Pero con la debida consideraci&oacute;n a tan excelente amigo y meritorio patriota, no puedo mostrarme de acuerdo con sus sentimientos; porque en lo que concierne a los machos, mi conocido americano me asegur&oacute;, en base a su frecuente experiencia, que la carne era generalmente correosa y magra, como la de nuestros escolares por el continuo ejercicio, y su sabor desagradable; y cebarlos no justificar&iacute;a el gasto. En cuanto a la mujeres, creo humildemente que constituir&iacute;a una p&eacute;rdida para el p&uacute;blico, porque muy pronto ser&iacute;an fecundas; y adem&aacute;s, no es improbable que alguna gente escrupulosa fuera capaz de censurar semejante pr&aacute;ctica (aunque por cierto muy injustamente) como un poco lindante con la crueldad; lo cual, confieso, ha sido siempre para m&iacute; la objeci&oacute;n m&aacute;s firme contra cualquier proyecto, por bien intencionado que estuviera.</p>

<p>Pero a fin de justificar a mi amigo, &eacute;l confes&oacute; que este expediente se lo meti&oacute; en la cabeza el famoso Psalmanazar, un nativo de la isla de Formosa que lleg&oacute; de all&iacute; a Londres hace m&aacute;s de veinte a&ntilde;os, y que conversando con &eacute;l le cont&oacute; que en su pa&iacute;s, cuando una persona joven era condenada a muerte, el verdugo vend&iacute;a el cad&aacute;ver a personas de calidad como un bocado de los mejores, y que en su &eacute;poca el cuerpo de una rolliza muchacha de quince a&ntilde;os, que fue crucificada por un intento de envenenar al emperador, fue vendido al Primer Ministro del Estado de Su Majestad Imperial y a otros grandes mandarines de la corte, junto al pat&iacute;bulo, por cuatrocientas coronas. Ni en efecto puedo negar que si el mismo uso se hiciera de varias j&oacute;venes rollizas de esta ciudad, que sin tener cuatro peniques de fortuna no pueden andar si no es en coche, y aparecen en el teatro y las reuniones con ex&oacute;ticos atav&iacute;os que nunca pagar&aacute;n, el reino no estar&iacute;a peor.</p>

<p>Algunas personas de esp&iacute;ritu agorero est&aacute;n muy preocupadas por la gran cantidad de pobres que est&aacute;n viejos, enfermos o inv&aacute;lidos, y me han pedido que dedique mi talento a encontrar el medio de desembarazar a la naci&oacute;n de un estorbo tan gravoso. Pero este asunto no me aflige en absoluto, porque es muy sabido que esa gente se est&aacute; muriendo y pudriendo cada d&iacute;a por el fr&iacute;o y el hambre, la inmundicia y los piojos, tan r&aacute;pidamente como se puede razonablemente esperar. Y en cuanto a los trabajadores j&oacute;venes, est&aacute;n en una situaci&oacute;n igualmente prometedora; no pueden conseguir trabajo y desfallecen de hambre, hasta tal punto que si alguna vez son tomados para un trabajo com&uacute;n no tienen fuerza para cumplirlo; y entonces el pa&iacute;s y ellos mismos son felizmente librados de los males futuros.</p>

<p>He divagado excesivamente, de manera que volver&eacute; al tema. Me parece que las ventajas de la proposici&oacute;n que he enunciado son obvias y muchas, as&iacute; como de la mayor importancia.</p>

<p>En primer lugar, como ya he observado, disminuir&iacute;a grandemente el n&uacute;mero de papistas que nos invaden anualmente, que son los principales engendradores de la naci&oacute;n y nuestros enemigos m&aacute;s peligrosos; y que se quedan en el pa&iacute;s con el prop&oacute;sito de entregar el reino al Pretendiente, esperando sacar ventaja de la ausencia de tantos buenos protestantes, quienes han preferido abandonar el pa&iacute;s antes que quedarse en &eacute;l pagando diezmos contra su conciencia a un cura episcopal.</p>

<p>Segundo, los m&aacute;s pobres arrendatarios poseer&aacute;n algo de valor que la ley podr&aacute; hacer embargable y que les ayudar&aacute; a pagar su renta al terrateniente, habiendo sido confiscados ya su ganado y cereales, y siendo el dinero algo desconocido para ellos.</p>

<p>Tercero, puesto que la manutenci&oacute;n de cien mil ni&ntilde;os, de dos a&ntilde;os para arriba, no se puede calcular en menos de diez chelines anuales por cada uno, el tesoro nacional se ver&aacute; incrementado en cincuenta mil libras por a&ntilde;o, sin contar el provecho del nuevo plato introducido en las mesas de todos los caballeros de fortuna del reino que tengan alg&uacute;n refinamiento en el gusto. Y el dinero circular&aacute; s&oacute;lo entre nosotros, ya que los bienes ser&aacute;n enteramente producidos y manufacturados por nosotros.</p>

<p>Cuarto, las reproductoras constantes, adem&aacute;s de ganar ocho chelines anuales por la venta de sus ni&ntilde;os, se quitar&aacute;n de encima la obligaci&oacute;n de mantenerlos despu&eacute;s del primer a&ntilde;o.</p>

<p>Quinto, este manjar atraer&aacute; una gran clientela a las tabernas, donde los venteros ser&aacute;n seguramente tan prudentes como para procurarse las mejores recetas para prepararlo a la perfecci&oacute;n, y consecuentemente ver sus casas frecuentadas por todos los distinguidos caballeros, quienes se precian con justicia de su conocimiento del buen comer: y un diestro cocinero, que sepa c&oacute;mo agradar a sus hu&eacute;spedes, se las ingeniar&aacute; para hacerlo tan caro como a ellos les plazca.</p>

<p>Sexto: esto constituir&aacute; un gran est&iacute;mulo para el matrimonio, que todas las naciones sabias han alentado mediante recompensas o impuesto mediante leyes y penalidades. Aumentar&iacute;a el cuidado y la ternura de las madres hacia sus hijos, al estar seguras de que los pobres ni&ntilde;os tendr&iacute;an una colocaci&oacute;n de por vida, provista de alg&uacute;n modo por el p&uacute;blico, y que les dar&iacute;a una ganancia anual en vez de gastos. Pronto ver&iacute;amos una honesta emulaci&oacute;n entre las mujeres casadas para mostrar cu&aacute;l de ellas lleva al mercado al ni&ntilde;o m&aacute;s gordo. Los hombres atender&iacute;an a sus esposas durante el embarazo tanto como atienden ahora a sus yeguas, sus vacas o sus puercas cuando est&aacute;n por parir; y no las amenazar&iacute;an con golpearlas o patearlas (pr&aacute;ctica tan frecuente) por temor a un aborto.</p>

<p>Muchas otras ventajas podr&iacute;an enumerarse. Por ejemplo, la adici&oacute;n de algunos miles de reses a nuestra exportaci&oacute;n de carne en barricas, la difusi&oacute;n de la carne de puerco y el progreso en el arte de hacer buen tocino, del que tanto carecemos ahora a causa de la gran destrucci&oacute;n de cerdos, demasiado frecuentes en nuestras mesas; que no pueden compararse en gusto o magnificencia con un ni&ntilde;o de un a&ntilde;o, gordo y bien desarrollado, que har&aacute; un papel considerable en el banquete de un Alcalde o en cualquier otro convite p&uacute;blico. Pero, siendo adicto a la brevedad, omito esta y muchas otras ventajas.</p>

<p>Suponiendo que mil familias de esta ciudad ser&iacute;an compradoras habituales de carne de ni&ntilde;o, adem&aacute;s de otras que la comer&iacute;an en celebraciones, especialmente casamientos y bautismos: calculo que en Dubl&iacute;n se colocar&iacute;an anualmente cerca de veinte mil cuerpos, y en el resto del reino (donde probablemente se vender&aacute;n algo m&aacute;s barato) las restantes ochenta mil.</p>

<p>No se me ocurre ning&uacute;n reparo que pueda oponerse razonablemente contra esta proposici&oacute;n, a menos que se aduzca que la poblaci&oacute;n del Reino se ver&iacute;a muy disminuida. Esto lo reconozco francamente, y fue de hecho mi principal motivo para ofrecerla al mundo. Deseo que el lector observe que he calculado mi remedio para este &uacute;nico y particular Reino de Irlanda, y no para cualquier otro que haya existido, exista o pueda existir sobre la tierra. Por consiguiente, que ning&uacute;n hombre me hable de otros expedientes: de crear impuestos para nuestros desocupados a cinco chelines por libra; de no usar ropas ni mobiliario que no sean producidos por nosotros; de rechazar completamente los materiales e instrumentos que fomenten el lujo ex&oacute;tico; de curar el derroche de engreimiento, vanidad, holgazaner&iacute;a y juego en nuestras mujeres; de introducir una vena de parsimonia, prudencia y templanza; de aprender a amar a nuestro pa&iacute;s, en lo cual nos diferenciamos hasta de los lapones y los habitantes de Tupinamb&uacute;; de abandonar nuestras animosidades y facciones, de no actuar m&aacute;s como los jud&iacute;os, que se mataban entre ellos mientras su ciudad era tomada; de cuidarnos un poco de no vender nuestro pa&iacute;s y nuestra conciencia por nada; de ense&ntilde;ar a los terratenientes a tener aunque sea un punto de compasi&oacute;n de sus arrendatarios. De imponer, en fin, un esp&iacute;ritu de honestidad, industria y cuidado en nuestros comerciantes, quienes, si hoy tom&aacute;ramos la decisi&oacute;n de no comprar otras mercanc&iacute;as que las nacionales, inmediatamente se unir&iacute;an para trampearnos en el precio, la medida y la calidad, y a quienes por mucho que se insistiera no se les podr&iacute;a arrancar una sola oferta de comercio honrado.</p>

<p>Por consiguiente, repito, que ning&uacute;n hombre me hable de esos y parecidos expedientes, hasta que no tenga por lo menos un atisbo de esperanza de que se har&aacute; alguna vez un intento sano y sincero de ponerlos en pr&aacute;ctica. Pero en lo que a m&iacute; concierne, habi&eacute;ndome fatigado durante muchos a&ntilde;os ofreciendo ideas vanas, ociosas y visionarias, y al final completamente sin esperanza de &eacute;xito, di afortunadamente con este proyecto, que por ser totalmente novedoso tiene algo de s&oacute;lido y real, trae adem&aacute;s poco gasto y pocos problemas, est&aacute; completamente a nuestro alcance, y no nos pone en peligro de desagradar a Inglaterra. Porque esta clase de mercanc&iacute;a no soportar&aacute; la exportaci&oacute;n, ya que la carne es de una consistencia demasiado tierna para admitir una permanencia prolongada en sal, aunque quiz&aacute; yo podr&iacute;a mencionar un pa&iacute;s que se alegrar&iacute;a de devorar toda nuestra naci&oacute;n a&uacute;n sin ella.</p>

<p>Despu&eacute;s de todo, no me siento tan violentamente ligado a mi propia opini&oacute;n como para rechazar cualquier plan propuesto por hombres sabios que fuera hallado igualmente inocente, barato, c&oacute;modo y eficaz. Pero antes de que alguna cosa de ese tipo sea propuesta en contradicci&oacute;n con mi plan, deseo que el autor o los autores consideren seriamente dos puntos. Primero, tal como est&aacute;n las cosas, c&oacute;mo se las arreglar&aacute;n para encontrar ropas y alimentos para cien mil bocas y espaldas in&uacute;tiles. Y segundo, ya que hay en este reino alrededor de un mill&oacute;n de criaturas de forma humana cuyos gastos de subsistencia reunidos las dejar&iacute;a debiendo dos millones de libras esterlinas, a&ntilde;adiendo los que son mendigos profesionales al grueso de campesinos, caba&ntilde;eros y peones, con sus esposas e hijos, que son mendigos de hecho: yo deseo que esos pol&iacute;ticos que no gusten de mi propuesta y sean tan atrevidos como para intentar una contestaci&oacute;n, pregunten primero a lo padres de esos mortales si hoy no creen que habr&iacute;a sido una gran felicidad para ellos haber sido vendidos como alimento al a&ntilde;o de edad de la manera que yo recomiendo, y de ese modo haberse evitado un escenario perpetuo de infortunios como el que han atravesado desde entonces por la opresi&oacute;n de los terratenientes, la imposibilidad de pagar la renta sin dinero, la falta de sustento y de casa y vestido para protegerse de las inclemencias del tiempo, y la m&aacute;s inevitable expectativa de legar parecidas o mayores miserias a sus descendientes para siempre.</p>

<p>Declaro, con toda la sinceridad de mi coraz&oacute;n, que no tengo el menor inter&eacute;s personal en esforzarme por promover esta obra necesaria, y que no me impulsa otro motivo que el bien p&uacute;blico de mi patria, desarrollando nuestro comercio, cuidando de los ni&ntilde;os, aliviando al pobre y dando alg&uacute;n placer al rico. No tengo hijos por los que pueda proponerme obtener un solo penique; el m&aacute;s joven tiene nueve a&ntilde;os, y mi mujer ya no es fecunda.&nbsp;</p>]]></tf></main><presentation title="Jonathan Swift" title2="Investiga" buttons="false" bkclass="slideInvestiga"><definition><title></title><def><![CDATA[<p><span style="color:#FFA500"><span style="font-size:24px"><span style="font-family:verdana,geneva,sans-serif">Investiga</span></span></span></p>

<ul>
	<li>
	<p><span style="font-size:16px"><span style="font-family:verdana,geneva,sans-serif">Investiga la biograf&iacute;a de Jonathan Swift.&nbsp;</span></span></p>
	</li>
	<li>
	<p><span style="font-size:16px"><span style="font-family:verdana,geneva,sans-serif">Averigua d&oacute;nde y en qu&eacute; &eacute;poca vivi&oacute; este autor.</span></span></p>
	</li>
	<li>
	<p><span style="font-size:16px"><span style="font-family:verdana,geneva,sans-serif">Indaga cu&aacute;les son sus obras literarias m&aacute;s famosas.</span></span></p>
	</li>
	<li>
	<p><span style="font-size:16px"><span style="font-family:verdana,geneva,sans-serif">Busca la definici&oacute;n de <strong>s&aacute;tira</strong> y sus caracter&iacute;sticas.</span></span></p>
	</li>
</ul>]]></def></definition></presentation><presentation title="Teoría de los actos de habla" title2="Comprensión" buttons="false" bkclass="slideComprension"><definition><title></title><def><![CDATA[<p><span style="font-size:20px"><span style="color:#FFA500"><span style="font-family:verdana,geneva,sans-serif">Comprensi&oacute;n</span></span></span></p>

<p><span style="font-size:16px"><span style="font-family:verdana,sans-serif">Seg&uacute;n la <strong>teor&iacute;a de los actos</strong>, cuando nos comunicamos manejamos&nbsp;tres niveles comunicativos:<br />
<br />
1. Todo acto de habla se refiere a algo o habla de algo, es decir, tiene un contenido. A este contenido se le llama <strong>nivel locutivo.&nbsp;</strong><br />
2. Cuando hablamos, estamos haciendo algo: estamos afirmando, negando, advirtiendo, explicando, etc. A esta acci&oacute;n se le llama <strong>nivel ilocutivo.</strong><br />
3. El acto de habla busca provocar un efecto en el receptor, por ello, en s&iacute; mismo, un tipo de acci&oacute;n. A esta intenci&oacute;n se le llama <strong>nivel perlocutivo</strong>.</span><br />
<br />
Identifica en el texto de Jonathan Swift los tres niveles comunicativos. Para ello responde:</span></p>

<ul>
	<li>
	<p><span style="font-size:16px">&iquest;Cu&aacute;l es el nivel locutivo del texto, es decir, de qu&eacute; habla el autor?</span></p>
	</li>
	<li>
	<p><span style="font-size:16px">&iquest;Cu&aacute;l es el nivel ilocutivo del texto, es decir, qu&eacute; est&aacute; haciendo el autor?</span></p>
	</li>
	<li>
	<p><span style="font-size:16px">&iquest;Cu&aacute;l es el nivel perlocutivo del texto, es decir, qu&eacute; intenci&oacute;n tiene el autor?</span></p>
	</li>
</ul>
]]></def></definition><definition><title></title><def><![CDATA[<p><span style="font-size:16px"><span style="font-family:verdana,geneva,sans-serif">De acuerdo con la <strong>teor&iacute;a del enunciado y la enunciaci&oacute;n</strong>, la oraci&oacute;n y el enunciado son aspectos distintos del uso del c&oacute;digo ling&uuml;&iacute;stico. As&iacute;,&nbsp;la diferencia entre oraci&oacute;n y enunciado nos permite producir y entender las iron&iacute;as, el lenguaje figurado y el hecho de que las mismas expresiones tengan distintos usos en diversos grupos sociales.<br />
<br />
Teniendo esto en mente, analiza el t&iacute;tulo del texto:&nbsp;<em>Una modesta proposici&oacute;n:&nbsp;Para prevenir que los ni&ntilde;os de los pobres de Irlanda sean una&nbsp;carga para sus padres o el pa&iacute;s, y para hacerlos &uacute;tiles al p&uacute;blico.</em></span></span></p>

<ul>
	<li><span style="font-size:16px"><span style="font-family:verdana,geneva,sans-serif">&iquest;Consideras que el t&iacute;tulo est&aacute; haciendo una proposici&oacute;n real o que se trata de una iron&iacute;a? &iquest;Qu&eacute; partes espec&iacute;ficas del texto te sugieren que es as&iacute;?</span></span><br />
	&nbsp;</li>
</ul>]]></def></definition><definition><title></title><def><![CDATA[<p><span style="font-size:16px"><span style="font-family:verdana,geneva,sans-serif"><span style="color:rgb(0, 0, 0)">Paul Grice propuso su <strong>teor&iacute;a de la cooperaci&oacute;n interpretativa</strong> y sostuvo que est&aacute; se manifesta es una serie de principios que siguen los hablantes, a las que llamo m&aacute;ximas del lenguaje. Seg&uacute;n esta teor&iacute;a, la comunicaci&oacute;n es una interacci&oacute;n social en la que las partes participan y cooperan para que ocurra la interpretaci&oacute;n del enunciado.</span></span></span></p>

<ul>
	<li>
	<p><span style="font-size:16px">&iquest;De qu&eacute; manera cooper&oacute; Jonathan Swift para dar a entender a sus lectores que el texto&nbsp;<em>Una modesta proposici&oacute;n&nbsp;</em>es una s&aacute;tira?</span></p>
	</li>
	<li>
	<p><span style="font-size:16px"><span style="font-family:verdana,geneva,sans-serif">&iquest;De qu&eacute; manera consideras que debe cooperar un lector para interpretar el texto como una s&aacute;tira y no como una proposici&oacute;n verdadera?</span></span></p>
	</li>
</ul>]]></def></definition><definition><title></title><def><![CDATA[<p><span style="font-size:16px"><span style="font-family:verdana,geneva,sans-serif">Seg&uacute;n la <strong>teor&iacute;a de la argumentaci&oacute;n</strong>,&nbsp;<span style="color:rgb(0, 0, 0)">la naturaleza del lenguaje es persuasiva, porque los discursos se orientan a la b&uacute;squeda de objetivos comunes y, por ello, las contribuciones persiguen causar efectos en los participantes.</span></span></span></p>

<ul>
	<li>
	<p><span style="font-size:16px"><span style="font-family:verdana,geneva,sans-serif">&iquest;Qu&eacute; efecto crees que deseaba causar Jonathan Swift con esta s&aacute;tira?</span></span></p>
	</li>
	<li>
	<p><span style="font-size:16px"><span style="font-family:verdana,geneva,sans-serif"><span style="color:rgb(0, 0, 0)">En un discurso, la argumentaci&oacute;n suele ser directa y expl&iacute;cita. Sin embargo, la s&aacute;tira debe recurrir a otros recursos.&nbsp;En la s&aacute;tira, &iquest;cu&aacute;l consideras que debe ser el mecanismo argumentativo para causar el efecto deseado?</span></span></span></p>
	</li>
</ul>]]></def></definition></presentation><selection title="Términos claves en las teorías de los actos de habla" title2="Léxico" bkclass="slideLexico"><definition><title>Habla</title><def><![CDATA[<p><span style="font-size:18px"><span style="font-family:verdana,geneva,sans-serif"><span style="color:rgb(0, 0, 0)">Acto individual del ejercicio del lenguaje, producido al elegir determinados signos, entre los que ofrece la lengua, mediante su realizaci&oacute;n oral o escrita.</span></span></span></p>]]></def></definition><definition><title>Oración</title><def><![CDATA[<p><span style="font-size:18px"><span style="font-family:verdana,geneva,sans-serif"><span style="color:rgb(0, 0, 0)">Palabra o conjunto de palabras con que se expresa un sentido gramatical completo.</span></span></span></p>]]></def></definition><definition><title>Enunciación</title><def><![CDATA[<p><span style="font-family:verdana,geneva,sans-serif"><span style="font-size:18px"><span style="color:rgb(0, 0, 0)">proceso de comunicaci&oacute;n que tiene una serie de condiciones: emisor o destinador, contexto y situaci&oacute;n comunicativa, finalidad comunicativa, receptor o destinatario</span></span></span></p>]]></def></definition><definition><title>Enunciado</title><def><![CDATA[<p><span style="font-size:18px"><span style="font-family:verdana,geneva,sans-serif">Resultado del proceso de enunciaci&oacute;n. U<span style="color:rgb(0, 0, 0)">n conjunto de enunciados constituyen un discurso.</span></span></span></p>]]></def></definition><definition><title>Nivel locutivo</title><def><![CDATA[<p><span style="font-size:18px"><span style="font-family:verdana,geneva,sans-serif">Contenido del acto de habla.&nbsp;</span></span></p>]]></def></definition><definition><title>Nivel ilocutivo</title><def><![CDATA[<p><span style="font-size:18px"><span style="font-family:verdana,geneva,sans-serif">Aquello que hacemos mediante el acto de habla: afirmar, negar, advertir, explicar, etc.</span></span></p>]]></def></definition><definition><title>Nivel perlocutivo</title><def><![CDATA[<p><span style="font-size:18px"><span style="font-family:verdana,geneva,sans-serif">Intenci&oacute;n que tiene quien emite un enunciado: denunciar, amonestar, felicitar, etc.&nbsp;</span></span></p>]]></def></definition></selection><activity title2="Práctica" visible="true" path="ejercicio_2_m1c.zip"></activity></engine>