﻿<?xml version="1.0" encoding="utf-8"?><engine copy="Editorial Planeta" version="1" aprid="f4">
<main title="Los signos de puntuación" path="LE_11_05_REC120_IMG01.jpg" buttonsHeight="73">
</main>
<questions respCorrecta="Respuesta correcta." respIncorrecta="Respuesta incorrecta.">
<question title="María encontró la siguiente nota en su agenda: “Mamá, qué habrá para la comida?”. ¿Dónde está el error?" path="LE_11_05_REC120_IMG02.jpg">
<answers>
<answer correct="0">
<text><![CDATA[No va coma entre “Mamá” y “qué”. ]]></text>
<explanation width="394"><![CDATA[<p><span style="font-family:verdana,geneva,sans-serif">Se ubican comas siempre despu&eacute;s del vocativo, en este caso, &ldquo;Mam&aacute;&rdquo;.</span></p>
]]></explanation>
</answer>
<answer correct="0">
<text><![CDATA[Falta un “¿” antes de “Mamá”.]]></text>
<explanation width="394"><![CDATA[<p><span style="font-family:verdana,geneva,sans-serif">El signo de apertura se ubica en el punto en el que inicia la pregunta.</span></p>
]]></explanation>
</answer>
<answer correct="1">
<text><![CDATA[Falta un “¿” antes de “qué”.]]></text>
<explanation width="394"><![CDATA[<p><span style="font-family:verdana,geneva,sans-serif">Los signos de interrogaci&oacute;n son dobles, por lo que siempre se debe escribir el de apertura y el de cierre.</span></p>
]]></explanation>
</answer>
<answer correct="0">
<text><![CDATA[]]></text>
<explanation width="394"><![CDATA[]]></explanation>
</answer>
<answer correct="0">
<text><![CDATA[]]></text>
<explanation width="394"><![CDATA[]]></explanation>
</answer>
<answer correct="0">
<text><![CDATA[]]></text>
<explanation width="394"><![CDATA[]]></explanation>
</answer>
<answer correct="0">
<text><![CDATA[]]></text>
<explanation width="394"><![CDATA[]]></explanation>
</answer>
<answer correct="0">
<text><![CDATA[]]></text>
<explanation width="394"><![CDATA[]]></explanation>
</answer>
</answers>
<info path="">
<text><![CDATA[]]></text>
</info>
</question>
<question title="Ana le envío un mensaje a Paula por Whatsapp: “Estoy aburrida, ¿quieres ir conmigo a comer helado?.”. ¿Cuál es el error de Ana?" path="LE_11_05_REC120_IMG03.jpg">
<answers>
<answer correct="0">
<text><![CDATA[Las preguntas deben iniciar con mayúscula.]]></text>
<explanation width="394"><![CDATA[<p>El uso de may&uacute;sculas depende de que haya un punto o un signo de cierre (!).</p>
]]></explanation>
</answer>
<answer correct="1">
<text><![CDATA[No se escribe punto tras el signo (?).]]></text>
<explanation width="394"><![CDATA[<p><span style="font-family:verdana,geneva,sans-serif">Los signos de cierre de los signos de admiraci&oacute;n e interrogaci&oacute;n act&uacute;an como final de frase, por lo que no se debe escribir punto despu&eacute;s de ellos.</span></p>
]]></explanation>
</answer>
<answer correct="0">
<text><![CDATA[El uso de la coma es incorrecto.]]></text>
<explanation width="394"><![CDATA[<p><span style="font-family:verdana,geneva,sans-serif">La coma se usa para separar oraciones con distintas finalidades.</span></p>
]]></explanation>
</answer>
<answer correct="0">
<text><![CDATA[]]></text>
<explanation width="394"><![CDATA[]]></explanation>
</answer>
<answer correct="0">
<text><![CDATA[]]></text>
<explanation width="394"><![CDATA[]]></explanation>
</answer>
<answer correct="0">
<text><![CDATA[]]></text>
<explanation width="394"><![CDATA[]]></explanation>
</answer>
<answer correct="0">
<text><![CDATA[]]></text>
<explanation width="394"><![CDATA[]]></explanation>
</answer>
<answer correct="0">
<text><![CDATA[]]></text>
<explanation width="394"><![CDATA[]]></explanation>
</answer>
</answers>
<info path="">
<text><![CDATA[]]></text>
</info>
</question>
<question title="Juan le mandó un mensaje de texto a su novia: “Me encanta estar contigo!, Paula”. ¿Cuál es la redacción correcta?" path="LE_11_05_REC120_IMG04.jpg">
<answers>
<answer correct="0">
<text><![CDATA[Me encanta estar contigo, Paula!]]></text>
<explanation width="394"><![CDATA[<p><span style="font-family:verdana,geneva,sans-serif">En esta oraci&oacute;n falta el signo de apertura, imprescindible en castellano.</span></p>
]]></explanation>
</answer>
<answer correct="1">
<text><![CDATA[¡Me encanta estar contigo, Paula!]]></text>
<explanation width="394"><![CDATA[]]></explanation>
</answer>
<answer correct="0">
<text><![CDATA[¡Me encanta estar contigo!, Paula.]]></text>
<explanation width="394"><![CDATA[<p><span style="font-family:verdana,geneva,sans-serif">En este caso, el vocativo hace parte de la exclamaci&oacute;n, por lo tanto, el signo de admiraci&oacute;n va despu&eacute;s de Paula y no se escribe punto.</span></p>
]]></explanation>
</answer>
<answer correct="0">
<text><![CDATA[]]></text>
<explanation width="394"><![CDATA[]]></explanation>
</answer>
<answer correct="0">
<text><![CDATA[]]></text>
<explanation width="394"><![CDATA[]]></explanation>
</answer>
<answer correct="0">
<text><![CDATA[]]></text>
<explanation width="394"><![CDATA[]]></explanation>
</answer>
<answer correct="0">
<text><![CDATA[]]></text>
<explanation width="394"><![CDATA[]]></explanation>
</answer>
<answer correct="0">
<text><![CDATA[]]></text>
<explanation width="394"><![CDATA[]]></explanation>
</answer>
</answers>
<info path="">
<text><![CDATA[]]></text>
</info>
</question>
<question title="En un texto encuentras el siguiente enunciado: “Claudia se creía muy bonita (?)”. ¿Qué expresa este signo? " path="LE_11_05_REC120_IMG05.jpg">
<answers>
<answer correct="0">
<text><![CDATA[No expresa nada, falta el signo de apertura.]]></text>
<explanation width="394"><![CDATA[]]></explanation>
</answer>
<answer correct="1">
<text><![CDATA[Expresa duda o ironía.]]></text>
<explanation width="394"><![CDATA[<p><span style="font-family:verdana,geneva,sans-serif">El signo de interrogaci&oacute;n entre par&eacute;ntesis se emplea para expresar duda o iron&iacute;a, as&iacute; como el signo de cierre de los signos de admiraci&oacute;n se usa para indicar sorpresa (!).</span></p>
]]></explanation>
</answer>
<answer correct="0">
<text><![CDATA[Indica que el autor no sabía qué más decir.]]></text>
<explanation width="394"><![CDATA[]]></explanation>
</answer>
<answer correct="0">
<text><![CDATA[]]></text>
<explanation width="394"><![CDATA[]]></explanation>
</answer>
<answer correct="0">
<text><![CDATA[]]></text>
<explanation width="394"><![CDATA[]]></explanation>
</answer>
<answer correct="0">
<text><![CDATA[]]></text>
<explanation width="394"><![CDATA[]]></explanation>
</answer>
<answer correct="0">
<text><![CDATA[]]></text>
<explanation width="394"><![CDATA[]]></explanation>
</answer>
<answer correct="0">
<text><![CDATA[]]></text>
<explanation width="394"><![CDATA[]]></explanation>
</answer>
</answers>
<info path="">
<text><![CDATA[]]></text>
</info>
</question>
<question title="El profesor te pide que escribas una cita de Sócrates. ¿Cuál sería la redacción correcta?" path="LE_11_05_REC120_IMG06.jpg">
<answers>
<answer correct="0">
<text><![CDATA[ “Sócrates dijo: Solo sé que nada sé.”]]></text>
<explanation width="394"><![CDATA[<p><span style="font-family:verdana,geneva,sans-serif">El signo de comillas no es un signo final, por lo que el punto siempre se debe escribir despu&eacute;s de &eacute;l.</span></p>
]]></explanation>
</answer>
<answer correct="0">
<text><![CDATA[“Sócrates dijo: Solo sé que nada sé”.]]></text>
<explanation width="394"><![CDATA[<p><span style="font-family:verdana,geneva,sans-serif">La ubicaci&oacute;n de las comillas de apertura es errada.</span></p>
]]></explanation>
</answer>
<answer correct="1">
<text><![CDATA[Sócrates dijo: “Solo sé que nada sé”.]]></text>
<explanation width="394"><![CDATA[<p><span style="font-family:verdana,geneva,sans-serif">Las comillas se usan para reproducir las palabras exactas pronunciadas o escritas por alguien.</span></p>
]]></explanation>
</answer>
<answer correct="0">
<text><![CDATA[]]></text>
<explanation width="394"><![CDATA[]]></explanation>
</answer>
<answer correct="0">
<text><![CDATA[]]></text>
<explanation width="394"><![CDATA[]]></explanation>
</answer>
<answer correct="0">
<text><![CDATA[]]></text>
<explanation width="394"><![CDATA[]]></explanation>
</answer>
<answer correct="0">
<text><![CDATA[]]></text>
<explanation width="394"><![CDATA[]]></explanation>
</answer>
<answer correct="0">
<text><![CDATA[]]></text>
<explanation width="394"><![CDATA[]]></explanation>
</answer>
</answers>
<info path="">
<text><![CDATA[]]></text>
</info>
</question>
<question title="¿Cuál de las siguientes redacciones es incorrecta?" path="LE_11_05_REC120_IMG07.jpg">
<answers>
<answer correct="0">
<text><![CDATA[El “boom” fue un fenómeno editorial.]]></text>
<explanation width="394"><![CDATA[<p><span style="font-family:verdana,geneva,sans-serif">Las comillas se usan para encerrar extranjerismos crudos.&nbsp;</span></p>
]]></explanation>
</answer>
<answer correct="1">
<text><![CDATA[Me gusta la “Canada Dry” con mi hamburguesa.]]></text>
<explanation width="394"><![CDATA[<p><span style="font-family:verdana,geneva,sans-serif">Las marcas y nombres propios de productos y empresas no se escriben entre comillas o en it&aacute;licas, incluso cuando sus denominaciones se componen de palabras extranjeras.</span></p>
]]></explanation>
</answer>
<answer correct="0">
<text><![CDATA[Al niño le gusta su “murciégalo”.]]></text>
<explanation width="394"><![CDATA[<p><span style="font-family:verdana,geneva,sans-serif">Las comillas tambi&eacute;n se emplean para encerrar fen&oacute;menos particulares en el uso del lenguaje.</span></p>
]]></explanation>
</answer>
<answer correct="0">
<text><![CDATA[]]></text>
<explanation width="394"><![CDATA[]]></explanation>
</answer>
<answer correct="0">
<text><![CDATA[]]></text>
<explanation width="394"><![CDATA[]]></explanation>
</answer>
<answer correct="0">
<text><![CDATA[]]></text>
<explanation width="394"><![CDATA[]]></explanation>
</answer>
<answer correct="0">
<text><![CDATA[]]></text>
<explanation width="394"><![CDATA[]]></explanation>
</answer>
<answer correct="0">
<text><![CDATA[]]></text>
<explanation width="394"><![CDATA[]]></explanation>
</answer>
</answers>
<info path="">
<text><![CDATA[]]></text>
</info>
</question>
<question title="Observa el texto. ¿Qué signo o signos de puntuación hacen falta al comienzo de cada párrafo para completarlo?" path="">
<text><![CDATA[<p><span style="font-family:verdana,geneva,sans-serif">Hola, Carolina, &iquest;c&oacute;mo est&aacute;s?</span></p>

<p><span style="font-family:verdana,geneva,sans-serif">Bien, Gabriela, &iquest;y t&uacute;?</span></p>

<p><span style="font-family:verdana,geneva,sans-serif">Muy bien. &iquest;Ya comenzaste alg&uacute;n libro para la clase de Lenguaje?</span></p>

<p><span style="font-family:verdana,geneva,sans-serif">A&uacute;n no he decidido cu&aacute;l leer.&nbsp;</span></p>
]]></text><answers>
<answer correct="0">
<text><![CDATA[Comillas]]></text>
<explanation width="394"><![CDATA[<p><span style="font-family:verdana,geneva,sans-serif">Las comillas se podr&iacute;an usar si el di&aacute;logo no se reprodujera de manera directa como sucede en este caso. Por ejemplo: &ldquo;Hola, Carolina, &iquest;c&oacute;mo est&aacute;s&rdquo;, dijo Gabriela.</span></p>
]]></explanation>
</answer>
<answer correct="0">
<text><![CDATA[Guiones]]></text>
<explanation width="394"><![CDATA[<p><span style="font-family:verdana,geneva,sans-serif">Los guiones, aunque parecidos a las rayas, son m&aacute;s peque&ntilde;os y tienen funciones diferentes, como separar s&iacute;labas en una palabra (Len-gua-je) o unir dos t&eacute;rminos diferentes para formar uno solo (nacional-socialismo).</span></p>
]]></explanation>
</answer>
<answer correct="1">
<text><![CDATA[Rayas]]></text>
<explanation width="394"><![CDATA[<p><span style="font-family:verdana,geneva,sans-serif">Las rayas se usan para se&ntilde;alar las intervenciones en un di&aacute;logo directo.</span></p>
]]></explanation>
</answer>
<answer correct="0">
<text><![CDATA[]]></text>
<explanation width="394"><![CDATA[]]></explanation>
</answer>
<answer correct="0">
<text><![CDATA[]]></text>
<explanation width="394"><![CDATA[]]></explanation>
</answer>
<answer correct="0">
<text><![CDATA[]]></text>
<explanation width="394"><![CDATA[]]></explanation>
</answer>
<answer correct="0">
<text><![CDATA[]]></text>
<explanation width="394"><![CDATA[]]></explanation>
</answer>
<answer correct="0">
<text><![CDATA[]]></text>
<explanation width="394"><![CDATA[]]></explanation>
</answer>
</answers>
<info path="">
<text><![CDATA[]]></text>
</info>
</question>
<question title="¿Por cuál signo de puntuación no se podrían reemplazar las comas en “La reunión de padres de familia, a veces largas para mi gusto, se celebraban cada mes”?" path="LE_11_05_REC120_IMG08.jpg">
<answers>
<answer correct="0">
<text><![CDATA[Rayas]]></text>
<explanation width="394"><![CDATA[<p><span style="font-family:verdana,geneva,sans-serif">Las rayas, al igual que las comas, pueden emplearse como signo doble para aislar incisos.</span></p>
]]></explanation>
</answer>
<answer correct="1">
<text><![CDATA[Comillas]]></text>
<explanation width="394"><![CDATA[<p><span style="font-family:verdana,geneva,sans-serif">Las comillas no sirven para aislar incisos, funci&oacute;n que cumplen las comas en el ejemplo.</span></p>
]]></explanation>
</answer>
<answer correct="0">
<text><![CDATA[Paréntesis]]></text>
<explanation width="394"><![CDATA[<p><span style="font-family:verdana,geneva,sans-serif">Los signos de par&eacute;ntesis sirven para aislar incisos, al igual que las comas en el ejemplo.</span></p>
]]></explanation>
</answer>
<answer correct="0">
<text><![CDATA[]]></text>
<explanation width="394"><![CDATA[]]></explanation>
</answer>
<answer correct="0">
<text><![CDATA[]]></text>
<explanation width="394"><![CDATA[]]></explanation>
</answer>
<answer correct="0">
<text><![CDATA[]]></text>
<explanation width="394"><![CDATA[]]></explanation>
</answer>
<answer correct="0">
<text><![CDATA[]]></text>
<explanation width="394"><![CDATA[]]></explanation>
</answer>
<answer correct="0">
<text><![CDATA[]]></text>
<explanation width="394"><![CDATA[]]></explanation>
</answer>
</answers>
<info path="">
<text><![CDATA[]]></text>
</info>
</question>
</questions>
</engine>