﻿<?xml version="1.0" encoding="utf-8"?><motor tipo="5" clase="d" aprid="m5d">
  <plataforma>
    <grado><![CDATA[2]]></grado>
    <titulo>Literatura: la literatura de las vanguardias</titulo>
    <area>0</area>
    <nivel>2</nivel>
    <referencia/>
    <idreg><![CDATA[0]]></idreg>
    <motor><![CDATA[M5D]]></motor>
    <lang>es</lang>
  </plataforma>
  <enunciado><![CDATA[Selecciona la opción correcta. ]]></enunciado>
  <masinfo inicio="0"/>
  <sinaleatoriedad><![CDATA[1]]></sinaleatoriedad>
  <calc><![CDATA[0]]></calc>
  <respuestaunica><![CDATA[0]]></respuestaunica>
  <test cantidad="6">
    <cuestion>
      <enunciado><![CDATA[En el fragmento del {{cur}}Manifiesto surrealista{{normal}} de André Breton, se cuestiona y reivindica, respectivamente]]></enunciado>
      <explicacion/>
      <texto><![CDATA[La extremada diferencia, en cuanto a importancia y gravedad, que para el observador ordinario existe entre los acontecimientos en estado de vigilia y aquellos correspondientes al estado de sueño, siempre ha sido sorprendente. Así es debido a que el hombre se convierte, principalmente cuando deja de dormir, en juguete de su memoria que, en el estado normal, se complace en evocar muy débilmente las circunstancias del sueño, a privar a este de toda trascendencia actual, y a situar el único punto de referencia del sueño en el instante en que el hombre cree haberlo abandonado, unas cuantas horas antes, en el instante de aquella esperanza o de aquella preocupación anterior. El hombre, al despertar, tiene la falsa idea de emprender algo que vale la pena. Por esto, el sueño queda relegado al interior de un paréntesis, igual que la noche. Y, en general, el sueño, al igual que la noche, se considera irrelevante. ]]></texto>
      <respuestas>
        <respuesta contestacion="la practicidad de la razón y la irrealidad el sueño. " correcta="0"/>
        <respuesta contestacion="la objetividad y la subjetividad." correcta="0"/>
        <respuesta contestacion="el mundo de la vigilia y el mundo onírico. " correcta="1"/>
        <respuesta contestacion="la realidad y la fantasía. " correcta="0"/>
      </respuestas>
    </cuestion>
    <cuestion>
      <enunciado><![CDATA[En el poema {{cur}}Pasó la diligencia{{normal}} de Fernando Pessoa, se expresa]]></enunciado>
      <explicacion/>
      <texto><![CDATA[{{neg}}Pasó la diligencia {{normal}}Pasó la diligencia por el camino y fuése;y el camino no se volvió más bello, ni siquiera más feo.Así por esos mundos es la acción humana.Nada quitamos y nada ponemos; pasamos y olvidamos;y el sol siempre es puntual, todos los días.]]></texto>
      <respuestas>
        <respuesta contestacion="escepticismo." correcta="1"/>
        <respuesta contestacion="temor." correcta="0"/>
        <respuesta contestacion="hastío. " correcta="0"/>
        <respuesta contestacion="desasosiego. " correcta="0"/>
      </respuestas>
    </cuestion>
    <cuestion>
      <enunciado><![CDATA[En el poema Paul Éluard hace referencia a la primavera, sin embargo, el yo lírico siente el rigor del invierno. A este recurso, por medio del cual se expresan contradicciones, se le denomina ]]></enunciado>
      <explicacion/>
      <texto><![CDATA[Hay en la playa, espejos de aguaLos árboles están locos de pájarosLa nieve se disuelve en la montañaEn noche invernal y en este áspero mundoVivo esta primavera, inocente a tu ladoTanto brillan las floresEn las ramas del manzanoque huye pálido, huye pálido el Sol.Pero no hay noche para nosotrosLo que es perecedero no te alcanza.]]></texto>
      <respuestas>
        <respuesta contestacion="paralelismo." correcta="0"/>
        <respuesta contestacion="paradoja." correcta="1"/>
        <respuesta contestacion="elipsis." correcta="0"/>
        <respuesta contestacion="comparación. " correcta="0"/>
      </respuestas>
    </cuestion>
    <cuestion>
      <enunciado><![CDATA[En el poema de Tristan Tzara, prevalece un tono  ]]></enunciado>
      <explicacion/>
      <texto><![CDATA[{{neg}}Elegía{{normal}}El alma vieja, amada, quieres que sea como las flores del veranodurante el invierno los pájaros están encerrados en sus jaulasTe quiero como espera la colina el cuerpo del valleo como la tierra espera la lluvia espesa y fértilTe espero en todos los atardeceres en la ventana, deshilando abalorioscolocando los libros, leyendo mis versosY ahora me alegro cuando en el patio ladran los perros ladran los perrosy cuando llegas para quedarte conmigo hasta mañana hasta mañanaMi alma feliz es como nuestro cuarto cálidocuando sé que está nevado y las calles se visten de blanco.]]></texto>
      <respuestas>
        <respuesta contestacion="trágico. " correcta="0"/>
        <respuesta contestacion="apasionado." correcta="1"/>
        <respuesta contestacion="tierno. " correcta="0"/>
        <respuesta contestacion="irónico. " correcta="0"/>
      </respuestas>
    </cuestion>
    <cuestion>
      <enunciado><![CDATA[En la segunda estrofa del poema {{cur}}Las campanas{{normal}} de Guillaume Apollinaire, se presenta una figura literaria denominada ]]></enunciado>
      <explicacion/>
      <texto><![CDATA[Entre el rumor de las campanas,bella gitana, amante y mía, nos amamos perdidamentey nadie, nadie, nos veía.Olvidamos que las campanas, asomadas al campanario,nos vieron, ay, y noche y día se lo cuentan al vecindario.Mañana Pedro y Catalina, el panadero y su mujer, Juan y María Golondrina,mi amiga Luz, mi prima Ester,sonreirán, de cierta manera...Yo no sabré dónde meterme...Tú estarás lejos... Lloraré...Y hasta es posible que me muera...]]></texto>
      <respuestas>
        <respuesta contestacion="aliteración. " correcta="0"/>
        <respuesta contestacion="metonimia. " correcta="0"/>
        <respuesta contestacion="anáfora. " correcta="0"/>
        <respuesta contestacion="prosopopeya. " correcta="1"/>
      </respuestas>
    </cuestion>
    <cuestion>
      <enunciado><![CDATA[De acuerdo con los principios que proclama, el fragmento pertenece al]]></enunciado>
      <explicacion/>
      <texto><![CDATA[1. Nosotros queremos cantar el amor al peligro, la costumbre de la energía y la temeridad.2. El coraje, la audacia y la rebelión serán elementos esenciales en nuestra poesía.3. La literatura exaltó hasta hoy la inmovilidad pensativa, el éxtasis y el sueño. Queremos exaltar el movimiento agresivo, el insomnio febril, el paso veloz, el salto mortal, la bofetada y el puñetazo.4. Afirmamos que la magnificencia del mundo se ha enriquecido de una belleza nueva: la belleza de la velocidad. Un automóvil de carreras con su capó adornado de gruesos tubos semejantes a serpientes de aliento explosivo... un automóvil rugiente, que parece correr sobre la metralla, es más hermoso que la Victoria de Samotracia.5. Nosotros queremos alabar al hombre que coge el volante, cuya asta ideal atraviesa la Tierra, lanzada a la carrera, también ella, en el circuito de su órbita.6. Es necesario que el poeta se prodigue, con ardor, lujo y munificencia, para aumentar el entusiástico fervor de los elementos primordiales.]]></texto>
      <respuestas>
        <respuesta contestacion="Manifiesto surrealista de André Breton. " correcta="0"/>
        <respuesta contestacion="Manifiesto dadaísta de Tristan Tzara." correcta="0"/>
        <respuesta contestacion="Manifiesto futurista de Tommaso Marinetti. " correcta="1"/>
        <respuesta contestacion="Manifiesto cubista de Guillaume Apollinaire. " correcta="0"/>
      </respuestas>
    </cuestion>
  </test>
</motor>