﻿<?xml version="1.0" encoding="utf-8"?><motor tipo="12" clase="a" aprid="m12a">
  <plataforma>
    <grado><![CDATA[2]]></grado>
    <titulo>Ordena los elementos de un ensayo</titulo>
    <area>0</area>
    <nivel>1</nivel>
    <referencia/>
    <idreg><![CDATA[0]]></idreg>
    <motor><![CDATA[M12A]]></motor>
    <lang>es</lang>
  </plataforma>
  <enunciado><![CDATA[Lee y organiza los siguientes pasos sugeridos para la elaboración de un ensayo.]]></enunciado>
  <masinfo inicio="0"/>
  <calc><![CDATA[0]]></calc>
  <orden ini="Inicio" fi="Final"/>
  <elementos>
    <elemento contestacion="Definir el tema que vas a tratar en el ensayo." orden="1"/>
    <elemento contestacion="Hacer una investigación y recolectar fuentes bibliográficas y referencias." orden="2"/>
    <elemento contestacion="Plantear una introducción que contenga la hipótesis y/o contexto." orden="3"/>
    <elemento contestacion="Desarrollar la hipótesis mediante la exposición lógica de argumentos y contraargumentos." orden="4"/>
    <elemento contestacion="Registrar un punto de vista propio y esbozar conclusiones." orden="5"/>
    <elemento contestacion="Revisar el ensayo, corregirlo y corroborar que las fuentes estén debidamente referenciadas." orden="6"/>
  </elementos>
</motor>