﻿<?xml version="1.0" encoding="utf-8"?><motor tipo="101" clase="a" aprid="m101a"><plataforma><grado>2</grado><titulo>El objetivo de la literatura</titulo><volumen /><nivel><![CDATA[1]]></nivel><referencia /><motor /><lang>es</lang></plataforma><enunciado><![CDATA[Responde las siguientes preguntas. Cuando termines, haz clic en enviar. Si es necesario, puedes entregarle tu respuesta a mano o por email a tu docente, para que pueda evaluarla.]]></enunciado><masinfo inicio="0" /><calc><![CDATA[0]]></calc><preguntas cantidad="2"><pregunta><enunciado><![CDATA[De acuerdo con tus conocimientos, reflexiona: ¿cuál es el objetivo de la literatura en la actualidad? Explícalo utilizando tus propias palabras; usa varios ejemplos (mínimo dos).]]></enunciado><explicacion /><nivel><![CDATA[1]]></nivel><tipo /><imagen /><ampliacion /><texto /></pregunta><pregunta><enunciado><![CDATA[Teniendo en cuenta los temas que has estudiado, ¿cuáles crees que son las características esenciales de un texto literario?]]></enunciado><explicacion /><nivel><![CDATA[1]]></nivel><tipo /><imagen /><ampliacion /><texto /></pregunta></preguntas><temps></temps></motor>