﻿<?xml version="1.0" encoding="utf-8"?><motor tipo="2" clase="c" aprid="m2c"><plataforma><grado><![CDATA[1]]></grado><titulo>Identifica la palabra adecuada</titulo><area>0</area><nivel>1</nivel><referencia /><idreg><![CDATA[0]]></idreg><motor><![CDATA[M2C]]></motor><lang>es</lang></plataforma><enunciado><![CDATA[Lee detenidamente el texto, verás que le faltan algunas palabras. Despliega la lista que aparece en cada espacio y elige la que consideres adecuada.]]></enunciado><masinfo inicio="0" /><calc><![CDATA[0]]></calc><sonido /><textoacategoria><cuestion><pregunta><![CDATA[Érase una vez una niña muy [*] y [*], llamada Carmen, hija de una viuda tan [*] que, no pudiéndole comprar un par de zapatos, iba descalza la pobre muchacha durante el verano y calzada con unos [*]  zuecos, en invierno, que no la preservaban del frío; así es que sus piececitos estaban siempre [*]. En la misma aldea vivía una vieja zapatera que se compadeció de Carmen, y procuró calzarla como pudo. Juntó, pues, unos retazos de paño [*], los arregló y cosiéndolos con hilo del mismo color, hizo con ellos un par de zapatos que, aunque muy distantes de ser una obra perfecta, regaló de buena gana a Carmencita y esta los recibió con la mayor [*].Hans Christian Andersen{{normal}}. {{cur}}Los zapatos colorados{{normal}}.]]></pregunta><respuestas><respuesta orden="1"><opcion correcta="0"><![CDATA[basura]]></opcion><opcion correcta="0"><![CDATA[paloma]]></opcion><opcion correcta="1"><![CDATA[linda]]></opcion><opcion correcta="0"><![CDATA[feísima]]></opcion></respuesta><respuesta orden="2"><opcion correcta="1"><![CDATA[graciosa]]></opcion><opcion correcta="0"><![CDATA[gata]]></opcion><opcion correcta="0"><![CDATA[verde]]></opcion><opcion correcta="0"><![CDATA[bombera]]></opcion></respuesta><respuesta orden="3"><opcion correcta="0"><![CDATA[risueña]]></opcion><opcion correcta="0"><![CDATA[acomodada ]]></opcion><opcion correcta="1"><![CDATA[infeliz]]></opcion><opcion correcta="0"><![CDATA[dolorida]]></opcion></respuesta><respuesta orden="4"><opcion correcta="0"><![CDATA[galletas]]></opcion><opcion correcta="1"><![CDATA[grandes]]></opcion><opcion correcta="0"><![CDATA[puros ]]></opcion><opcion correcta="0"><![CDATA[amorosos]]></opcion></respuesta><respuesta orden="5"><opcion correcta="0"><![CDATA[felices]]></opcion><opcion correcta="0"><![CDATA[tristes]]></opcion><opcion correcta="1"><![CDATA[amoratados]]></opcion><opcion correcta="0"><![CDATA[amontonados]]></opcion></respuesta><respuesta orden="6"><opcion correcta="0"><![CDATA[vidrioso]]></opcion><opcion correcta="1"><![CDATA[encarnado]]></opcion><opcion correcta="0"><![CDATA[rozagante]]></opcion><opcion correcta="0"><![CDATA[metálico]]></opcion></respuesta><respuesta orden="7"><opcion correcta="0"><![CDATA[vergüenza]]></opcion><opcion correcta="1"><![CDATA[alegría]]></opcion><opcion correcta="0"><![CDATA[aturdimiento]]></opcion><opcion correcta="0"><![CDATA[suerte]]></opcion></respuesta></respuestas></cuestion></textoacategoria><temps></temps></motor>