﻿<?xml version="1.0" encoding="utf-8"?><motor tipo="101" clase="a" aprid="m101a"><plataforma><grado>2</grado><titulo>¿Cómo se podría escribir un reportaje?</titulo><volumen /><nivel><![CDATA[1]]></nivel><referencia /><motor /><lang>es</lang></plataforma><enunciado><![CDATA[Responde las siguientes preguntas o realiza las actividades.]]></enunciado><masinfo inicio="0" /><calc><![CDATA[0]]></calc><preguntas cantidad="5"><pregunta><enunciado><![CDATA[¿Qué diferencias existen entre una noticia y un reportaje?]]></enunciado><explicacion /><nivel><![CDATA[2]]></nivel><tipo /><imagen /><ampliacion /><texto /></pregunta><pregunta><enunciado><![CDATA[¿De qué manera ha cambiado la forma de hacer reportajes con la aparición de las nuevas tecnologías de la información?]]></enunciado><explicacion /><nivel><![CDATA[2]]></nivel><tipo /><imagen /><ampliacion /><texto /></pregunta><pregunta><enunciado><![CDATA[¿Cuáles son los pasos para realizar un buen reportaje? Explica tu respuesta.]]></enunciado><explicacion /><nivel><![CDATA[2]]></nivel><tipo /><imagen /><ampliacion /><texto /></pregunta><pregunta><enunciado><![CDATA[Lee el siguiente fragmento de un reportaje. Termina de escribirlo y dale un título.]]></enunciado><explicacion /><nivel><![CDATA[3]]></nivel><tipo /><imagen /><ampliacion /><texto><![CDATA[Un martes cualquiera, a las ocho y media de la mañana, Bogotá es una colección de hombres y mujeres con la nuca doblada. Miran las pantallas de sus celulares y leen al ritmo que marcan las yemas de sus dedos que suben y bajan. Esta imagen se repite por las calles de Colombia, en las salas de espera del médico, en las colas de los supermercados. Leemos mucho, a todas horas y a trompicones. El cambio en la forma de leer y procesar la información se ha convertido en una creciente fuente de observación y preocupación entre neurocientíficos y psicólogos, que temen que nuestra capacidad de concentración y de leer en profundidad esté mermando.]]></texto></pregunta><pregunta><enunciado><![CDATA[Escribe un reportaje corto en el que abordes un tema de tu interés. Investiga sobre el hecho y esboza tu reportaje. Después, escribe un titular llamativo que capte la atención del lector.]]></enunciado><explicacion /><nivel><![CDATA[3]]></nivel><tipo /><imagen /><ampliacion /><texto /></pregunta></preguntas><temps></temps></motor>