﻿<?xml version="1.0" encoding="utf-8"?><engine copy="Editorial Planeta" version="1" aprid="f6b"><main layout="0"><title>Los textos narrativos</title></main><sections><section i="0" star="false"><menuImage><title><![CDATA[La f&aacute;bula]]></title></menuImage><pages><page i="0"><title>La cigarra y la hormiga</title><description><![CDATA[<p><span style="font-family:verdana,geneva,sans-serif;"><span style="font-size:20px;">Cant&oacute; la cigarra durante todo el verano, retoz&oacute; y descans&oacute;, y se ufan&oacute; de su arte, y al llegar el invierno se encontr&oacute; sin nada: ni una mosca, ni un gusano.</span></span></p>

<p><span style="font-family:verdana,geneva,sans-serif;"><span style="font-size:20px;">Fue entonces a llorar su hambre a la hormiga vecina, pidi&eacute;ndole que le prestara de su grano hasta la llegada de la pr&oacute;xima estaci&oacute;n.</span></span></p>

<p><span style="font-family:verdana,geneva,sans-serif;"><span style="font-size:20px;">&ndash;Te pagar&eacute; la deuda con sus intereses &mdash;le dijo-; antes de la cosecha, te doy mi palabra.</span></span></p>

<p><span style="font-family:verdana,geneva,sans-serif;"><span style="font-size:20px;">Mas la hormiga no es nada generosa, y este es su menor defecto. Y le pregunt&oacute; a la cigarra:</span></span></p>

<p><span style="font-family:verdana,geneva,sans-serif;"><span style="font-size:20px;">&ndash;&iquest;Qu&eacute; hac&iacute;as t&uacute; cuando el tiempo era c&aacute;lido y bello?</span></span></p>

<p><span style="font-family:verdana,geneva,sans-serif;"><span style="font-size:20px;">&ndash;Cantaba noche y d&iacute;a libremente &mdash;respondi&oacute; la despreocupada cigarra.</span></span></p>

<p><span style="font-family:verdana,geneva,sans-serif;"><span style="font-size:20px;">&ndash;&iquest;Conque cantabas? &iexcl;Me gusta tu frescura! Pues entonces ponte ahora a bailar, amiga m&iacute;a.</span></span></p>

<p><span style="font-family:verdana,geneva,sans-serif;"><span style="font-size:20px;">No pases tu tiempo dedicado s&oacute;lo al placer. Trabaja y guarda de tu cosecha para los momentos de escasez.</span></span></p>

<p></p>

<p><span style="font-family:verdana,geneva,sans-serif;"><span style="font-size:20px;"><cite>Jean de La Fontaine, <em>La cigarra y la hormiga</em></cite></span></span></p>
]]></description><images><image path="LE_06_01_REC70_IMG01p.jpg" border="false" pathbig="LE_06_01_REC70_IMG01.jpg" zoomEnabled="true"><title><![CDATA[]]></title></image></images><questions><question visible="true"><text><![CDATA[<p>&iquest;Cu&aacute;les son los personajes del texto?</p>
]]></text><answers><answer correct="false"><![CDATA[Caballos y personas.]]></answer><answer correct="true"><![CDATA[La cigarra y la hormiga.]]></answer><answer correct="false"><![CDATA[La araña y la hormiga. ]]></answer><answer correct="false"><![CDATA[No hay personajes, solo animales. ]]></answer></answers></question><question visible="true"><text><![CDATA[<p>&iquest;Puedes determinar el tiempo de este fragmento?</p>
]]></text><answers><answer correct="true"><![CDATA[Sí ]]></answer><answer correct="false"><![CDATA[No]]></answer></answers></question><question visible="true"><text><![CDATA[<p>&iquest;En d&oacute;nde se desarrolla la historia?</p>
]]></text><answers><answer correct="false"><![CDATA[En el interior de un edificio. ]]></answer><answer correct="true"><![CDATA[En un campo abierto.]]></answer><answer correct="false"><![CDATA[En la luna. ]]></answer><answer correct="false"><![CDATA[En el circo.]]></answer></answers></question></questions></page></pages></section><section i="1" star="false"><menuImage><title><![CDATA[La leyenda]]></title></menuImage><pages><page i="0"><title>El origen de un cuadro, leyenda japonesa</title><description><![CDATA[<p><span style="font-size:20px;"><span style="font-family:verdana,geneva,sans-serif;">Hac&iacute;a tiempo que Tosa Mitsunobu deseaba retratar el Hyakki Yakō (la fantasmal procesi&oacute;n, o desfile, de los cien esp&iacute;ritus), cuando oy&oacute; hablar de un monje peregrino que se hab&iacute;a encontrado con esta espectral comitiva mientras pernoctaba en las ruinas del viejo templo llamado Shozenji, cerca de Kioto.</span></span></p>

<p></p>

<p><span style="font-size:20px;"><span style="font-family:verdana,geneva,sans-serif;">De este templo se dec&iacute;a que estaba deshabitado desde el tr&aacute;gico d&iacute;a en el que una banda de ladrones mat&oacute; a todos sus habitantes. Aunque otros monjes intentaron sustituirlos, desistieron al poco tiempo, debido a los fantasmas que, seg&uacute;n dec&iacute;an, lo habitaban. Pero esto hab&iacute;a sucedido muchos a&ntilde;os atr&aacute;s.</span></span></p>

<p></p>

<p><span style="font-size:20px;"><span style="font-family:verdana,geneva,sans-serif;">El peregrino, que proced&iacute;a de una ciudad lejana, no estaba al tanto de la siniestra leyenda del lugar, y como ya se hab&iacute;a hecho de noche y una tormenta amenazaba con desatar su furia sobre &eacute;l, decidi&oacute; refugiarse en el templo abandonado. Busc&oacute; una habitaci&oacute;n peque&ntilde;a y en buen estado, en la cual, tras cenar un cuenco de arroz, se ech&oacute; a dormir.</span></span></p>

<p><span style="font-size:20px;"><span style="font-family:verdana,geneva,sans-serif;">A las dos de la madrugada, lo despert&oacute; una gran algarab&iacute;a de ruidos. Al acercarse al edificio principal, descubri&oacute; que en su interior se hab&iacute;an reunido decenas de espectros y duendes, de las formas m&aacute;s diversas, que re&iacute;an, jugaban y danzaban.</span></span></p>

<p></p>

<p><span style="font-size:20px;"><span style="font-family:verdana,geneva,sans-serif;">Se trataba del Hyakki Yakō, y el peregrino, aunque asustado, no pudo evitar quedarse un rato observ&aacute;ndolos, hasta que aparecieron otros esp&iacute;ritus de aspecto m&aacute;s grotesco y horrible, momento en el cual ech&oacute; a correr de vuelta a su habitaci&oacute;n, en donde se encerr&oacute; hasta que los sonidos extra&ntilde;os cesaron y se hizo de d&iacute;a.</span></span></p>

<p><span style="font-size:20px;"><span style="font-family:verdana,geneva,sans-serif;"><cite>An&oacute;nimo</cite></span></span></p>
]]></description><images><image path="LE_06_01_REC70_IMG02p.jpg" border="false" pathbig="LE_06_01_REC70_IMG02.jpg" zoomEnabled="true"><title><![CDATA[]]></title></image></images><questions><question visible="true"><text><![CDATA[<p>&iquest;Cu&aacute;les son los personajes del texto?</p>
]]></text><answers><answer correct="true"><![CDATA[ Tosa Mitsunobu, el peregrino y Hyakki Yakō. ]]></answer><answer correct="false"><![CDATA[Hyakki Yakō, Kioto y Shozenji. ]]></answer><answer correct="false"><![CDATA[No hay personajes. ]]></answer><answer correct="false"><![CDATA[Hyakki Yakō.]]></answer></answers></question><question visible="true"><text><![CDATA[<p>&iquest;Puedes determinar el tiempo de este fragmento?</p>
]]></text><answers><answer correct="true"><![CDATA[Sí]]></answer><answer correct="false"><![CDATA[No]]></answer></answers></question><question visible="true"><text><![CDATA[<p>&iquest;En d&oacute;nde se desarrolla la historia?</p>
]]></text><answers><answer correct="false"><![CDATA[En un cuadro. ]]></answer><answer correct="false"><![CDATA[En la casa del peregrino. ]]></answer><answer correct="false"><![CDATA[En la cabeza del artista. ]]></answer><answer correct="true"><![CDATA[En el templo. ]]></answer></answers></question></questions></page></pages></section></sections></engine>