﻿<?xml version="1.0" encoding="utf-8"?><motor tipo="2" clase="a" aprid="m2a"><plataforma><grado><![CDATA[1]]></grado><titulo>Completa el diálogo</titulo><area>0</area><nivel>1</nivel><referencia /><idreg><![CDATA[0]]></idreg><motor><![CDATA[M2A]]></motor><lang>es</lang></plataforma><enunciado><![CDATA[Lee el siguiente fragmento de la obra {{cur}}El Principito{{normal}} y completa correctamente los diálogos.]]></enunciado><masinfo inicio="0"><![CDATA[Recuerda que en los diálogos se usa la raya "—" para introducir la participación de cada persona.]]></masinfo><calc><![CDATA[0]]></calc><sonido /><textoacategoria><cuestion><pregunta><![CDATA[                                                                                {{neg}}Capítulo  V{{normal}}Fue también gracias al cordero y como preocupado por una profunda duda, cuando el principito me preguntó:[*]Es verdad que los corderos se comen los arbustos[*][*]Sí, es cierto.[*]Ah, qué contesto estoy!No comprendí por qué era tan importante para él que los corderos se comieran los arbustos. Pero el principito añadió:—Entonces se comen también los Baobabs[*]Antoine de Saint-Exupéry. {{cur}}El Principito{{normal}}.]]></pregunta><respuestas><respuesta orden="1"><![CDATA[-¿]]></respuesta><respuesta orden="2"><![CDATA[?]]></respuesta><respuesta orden="3"><![CDATA[-]]></respuesta><respuesta orden="4"><![CDATA[-¡]]></respuesta><respuesta orden="5"><![CDATA[.]]></respuesta></respuestas></cuestion></textoacategoria><textofalso cantidad="0" /></motor>