<?xml version="1.0" encoding="iso-8859-1"?>
<metadata xmlns="urn:InfoRecurso">
  <identificador>RES-BD817CF317D94C79BEEB08049ED36F8B</identificador>
  <loid>LE_08_01_CO_Recurso110</loid>
  <titulo>Conoce el mito de Chiminigagua </titulo>
  <descripcion>Actividad para conocer un mito de una cultura precolombina y su contexto religioso</descripcion>
  <relacionado>0</relacionado>
  <tiporecurso>Recurso sin ficha</tiporecurso>
  <tiempoestimado>20</tiempoestimado>
  <acciondidactica>Ejercitaci�n</acciondidactica>
  <competencia>Competencia cultural y art�stica</competencia>
  <tipomedia pesado="false" matricula="">Actividad</tipomedia>
  <conceptos>
    <concepto>Chiminigagua</concepto>
    <concepto> mito</concepto>
    <concepto> contexto religioso</concepto>
    <concepto> cultura precolombina</concepto>
  </conceptos>
</metadata>