﻿<?xml version="1.0" encoding="UTF-8"?><engine copy="Editorial Planeta" version="1" aprid="f1"><css><![CDATA[.secundaria {
font-family: verdana;
font-size: 25px;
}
.texto {
font-family: verdana;
font-size: 20px;}

.boton_sombra {
font-family: verdana;
font-size: 16px;
font-weight: bold;
}
.caja_gris {
background-color:grey;}

.caja_arena {
background-color:#E9E2D0;}

.destacar {
font-family: verdana;
font-size: 20px;
font-weight: bold;
}


.globo {
  -webkit-border-radius: 25px;-moz-border-radius: 25px;border-radius: 25px;
  background-color: #fff;
}]]></css><pantallas><pantalla id="pantalla_5"><event id="onPrepare" language="DO"><![CDATA[]]></event><event id="onShown" language="DO"><![CDATA[]]></event><components><component _type="_compImage" id="image_61" x="0" y="0" width="950" height="634" alpha="1" visible="1" enabled="1" cssClass="" adjustMode="1" alignMode="0" image="data/imagenes/image_1.jpg" /><component _type="_compCSSBox" id="fondo_60" x="154" y="48" width="642" height="77" alpha="1" visible="1" enabled="1" cssClass="globo" /><component _type="_compSimpleText" id="texto_11" x="145" y="42" width="659" height="85" alpha="1" visible="1" enabled="1" cssClass="defaultSimpleText" alignMode="17"><content><![CDATA[Las relaciones entre palabras]]></content></component><component _type="_compIconButton" id="iconbutton_66" x="140" y="542" width="37" height="37" alpha="1" visible="1" enabled="1" cssClass="iconNextButton" group="-1"><event id="onClick" language="DO"><![CDATA[uiobject_set(rootSlider,"current",1)]]></event></component></components><animaciones></animaciones></pantalla><pantalla id="pantalla_13"><event id="onPrepare" language="DO"><![CDATA[]]></event><event id="onShown" language="DO"><![CDATA[]]></event><components><component _type="_compImage" id="image_62" x="30" y="162" width="889" height="278" alpha="1" visible="1" enabled="1" cssClass="" adjustMode="1" alignMode="0" image="data/imagenes/screenshot_1.png" /><component _type="_compRoundButton" id="roundbutton_63" x="92" y="449" width="180" height="31" alpha="1" visible="1" enabled="1" cssClass="roundTextButton" group="-1"><content><![CDATA[¿Qué es?]]></content><event id="onClick" language="DO"><![CDATA[uiobject_set(rootSlider,"current", 2)]]></event></component><component _type="_compRoundButton" id="roundbutton_64" x="392" y="449" width="180" height="31" alpha="1" visible="1" enabled="1" cssClass="roundTextButton" group="-1"><content><![CDATA[¿Qué es para ti?]]></content><event id="onClick" language="DO"><![CDATA[uiobject_set(rootSlider,"current", 11)]]></event></component><component _type="_compRoundButton" id="roundbutton_65" x="692" y="449" width="180" height="31" alpha="1" visible="1" enabled="1" cssClass="roundTextButton" group="-1"><content><![CDATA[¿Qué puede ser?]]></content><event id="onClick" language="DO"><![CDATA[uiobject_set(rootSlider,"current", 22)]]></event></component><component _type="_compIconButton" id="iconbutton_67" x="50" y="542" width="37" height="37" alpha="1" visible="1" enabled="1" cssClass="iconHomeButton" group="-1"><event id="onClick" language="DO"><![CDATA[uiobject_set(rootSlider,"current", 0)]]></event></component></components><animaciones></animaciones></pantalla><pantalla id="pantalla_23"><event id="onPrepare" language="DO"><![CDATA[]]></event><event id="onShown" language="DO"><![CDATA[]]></event><components><component _type="_compIconButton" id="iconbutton_66" x="140" y="542" width="37" height="37" alpha="1" visible="1" enabled="1" cssClass="iconNextButton" group="-1"><event id="onClick" language="DO"><![CDATA[uiobject_set(rootSlider,"current",3)]]></event></component><component _type="_compIconButton" id="iconbutton_68" x="40" y="542" width="37" height="37" alpha="1" visible="1" enabled="1" cssClass="iconHomeButton" group="-1"><event id="onClick" language="DO"><![CDATA[uiobject_set(rootSlider,"current",1)]]></event></component><component _type="_compRichText" id="texto_101" x="47" y="138" width="847" height="89" alpha="1" visible="1" enabled="1" scrollable="0"><content><![CDATA[<p style="text-align:center"><span style="font-size:30px"><span style="font-family:verdana,geneva,sans-serif">&iquest;Qu&eacute;&nbsp;es?</span></span></p>
]]></content></component><component _type="_compRichText" id="texto_67" x="47" y="258" width="847" height="89" alpha="1" visible="1" enabled="1" scrollable="0"><content><![CDATA[<p style="text-align:center"><span style="font-size:25px"><strong><span style="color:#FF8C00"><span style="font-family:verdana,geneva,sans-serif">maleta</span></span></strong></span></p>
]]></content></component></components><animaciones></animaciones></pantalla><pantalla id="pantalla_29"><event id="onPrepare" language="DO"><![CDATA[]]></event><event id="onShown" language="DO"><![CDATA[]]></event><components><component _type="_compIconButton" id="iconbutton_66" x="140" y="542" width="37" height="37" alpha="1" visible="1" enabled="1" cssClass="iconNextButton" group="-1"><event id="onClick" language="DO"><![CDATA[uiobject_set(rootSlider,"current",4)]]></event></component><component _type="_compIconButton" id="iconbutton_67" x="90" y="542" width="37" height="37" alpha="1" visible="1" enabled="1" cssClass="iconPrevButton" group="-1"><event id="onClick" language="DO"><![CDATA[uiobject_set(rootSlider,"current",2)]]></event></component><component _type="_compIconButton" id="iconbutton_68" x="40" y="542" width="37" height="37" alpha="1" visible="1" enabled="1" cssClass="iconHomeButton" group="-1"><event id="onClick" language="DO"><![CDATA[uiobject_set(rootSlider,"current",1)]]></event></component><component _type="_compImage" id="image_68" x="233" y="201" width="418" height="236" alpha="1" visible="1" enabled="1" cssClass="" adjustMode="1" alignMode="0" image="data/imagenes/screenshot_2.png" /></components><animaciones></animaciones></pantalla><pantalla id="pantalla_38"><event id="onPrepare" language="DO"><![CDATA[]]></event><event id="onShown" language="DO"><![CDATA[]]></event><components><component _type="_compIconButton" id="iconbutton_66" x="140" y="542" width="37" height="37" alpha="1" visible="1" enabled="1" cssClass="iconNextButton" group="-1"><event id="onClick" language="DO"><![CDATA[uiobject_set(rootSlider,"current",5)]]></event></component><component _type="_compIconButton" id="iconbutton_67" x="90" y="542" width="37" height="37" alpha="1" visible="1" enabled="1" cssClass="iconPrevButton" group="-1"><event id="onClick" language="DO"><![CDATA[uiobject_set(rootSlider,"current",3)]]></event></component><component _type="_compIconButton" id="iconbutton_68" x="40" y="542" width="37" height="37" alpha="1" visible="1" enabled="1" cssClass="iconHomeButton" group="-1"><event id="onClick" language="DO"><![CDATA[uiobject_set(rootSlider,"current",1)]]></event></component><component _type="_compImage" id="image_68" x="166" y="69" width="618" height="470" alpha="1" visible="1" enabled="1" cssClass="" adjustMode="1" alignMode="0" image="data/imagenes/screenshot_3.png" /></components><animaciones></animaciones></pantalla><pantalla id="pantalla_43"><event id="onPrepare" language="DO"><![CDATA[]]></event><event id="onShown" language="DO"><![CDATA[]]></event><components><component _type="_compIconButton" id="iconbutton_66" x="140" y="542" width="37" height="37" alpha="1" visible="1" enabled="1" cssClass="iconNextButton" group="-1"><event id="onClick" language="DO"><![CDATA[uiobject_set(rootSlider,"current",6)]]></event></component><component _type="_compIconButton" id="iconbutton_67" x="90" y="542" width="37" height="37" alpha="1" visible="1" enabled="1" cssClass="iconPrevButton" group="-1"><event id="onClick" language="DO"><![CDATA[uiobject_set(rootSlider,"current",4)]]></event></component><component _type="_compIconButton" id="iconbutton_68" x="40" y="542" width="37" height="37" alpha="1" visible="1" enabled="1" cssClass="iconHomeButton" group="-1"><event id="onClick" language="DO"><![CDATA[uiobject_set(rootSlider,"current",1)]]></event></component><component _type="_compRichText" id="texto_101" x="47" y="138" width="847" height="117" alpha="1" visible="1" enabled="1" scrollable="0"><content><![CDATA[<p style="text-align:center"><span style="font-size:30px"><span style="font-family:verdana,geneva,sans-serif">&iquest;Qu&eacute;&nbsp;es?</span></span></p>
]]></content></component><component _type="_compRichText" id="texto_67" x="47" y="258" width="847" height="149" alpha="1" visible="1" enabled="1" scrollable="0"><content><![CDATA[<p style="text-align:center"><span style="font-size:25px"><strong><span style="color:#FF8C00"><span style="font-family:verdana,geneva,sans-serif">huerto</span></span></strong></span></p>
]]></content></component></components><animaciones></animaciones></pantalla><pantalla id="pantalla_49"><event id="onPrepare" language="DO"><![CDATA[]]></event><event id="onShown" language="DO"><![CDATA[]]></event><components><component _type="_compIconButton" id="iconbutton_66" x="140" y="542" width="37" height="37" alpha="1" visible="1" enabled="1" cssClass="iconNextButton" group="-1"><event id="onClick" language="DO"><![CDATA[uiobject_set(rootSlider,"current",7)]]></event></component><component _type="_compIconButton" id="iconbutton_67" x="90" y="542" width="37" height="37" alpha="1" visible="1" enabled="1" cssClass="iconPrevButton" group="-1"><event id="onClick" language="DO"><![CDATA[uiobject_set(rootSlider,"current",5)]]></event></component><component _type="_compIconButton" id="iconbutton_68" x="40" y="542" width="37" height="37" alpha="1" visible="1" enabled="1" cssClass="iconHomeButton" group="-1"><event id="onClick" language="DO"><![CDATA[uiobject_set(rootSlider,"current",1)]]></event></component><component _type="_compImage" id="image_68" x="248" y="193" width="396" height="243" alpha="1" visible="1" enabled="1" cssClass="" adjustMode="1" alignMode="0" image="data/imagenes/screenshot_4.png" /></components><animaciones></animaciones></pantalla><pantalla id="pantalla_54"><event id="onPrepare" language="DO"><![CDATA[]]></event><event id="onShown" language="DO"><![CDATA[]]></event><components><component _type="_compIconButton" id="iconbutton_66" x="140" y="542" width="37" height="37" alpha="1" visible="1" enabled="1" cssClass="iconNextButton" group="-1"><event id="onClick" language="DO"><![CDATA[uiobject_set(rootSlider,"current",8)]]></event></component><component _type="_compIconButton" id="iconbutton_67" x="90" y="542" width="37" height="37" alpha="1" visible="1" enabled="1" cssClass="iconPrevButton" group="-1"><event id="onClick" language="DO"><![CDATA[uiobject_set(rootSlider,"current",6)]]></event></component><component _type="_compIconButton" id="iconbutton_68" x="40" y="542" width="37" height="37" alpha="1" visible="1" enabled="1" cssClass="iconHomeButton" group="-1"><event id="onClick" language="DO"><![CDATA[uiobject_set(rootSlider,"current",1)]]></event></component><component _type="_compImage" id="image_69" x="173" y="70" width="603" height="467" alpha="1" visible="1" enabled="1" cssClass="" adjustMode="1" alignMode="0" image="data/imagenes/screenshot_5.png" /></components><animaciones></animaciones></pantalla><pantalla id="pantalla_61"><event id="onPrepare" language="DO"><![CDATA[]]></event><event id="onShown" language="DO"><![CDATA[]]></event><components><component _type="_compIconButton" id="iconbutton_66" x="140" y="542" width="37" height="37" alpha="1" visible="1" enabled="1" cssClass="iconNextButton" group="-1"><event id="onClick" language="DO"><![CDATA[uiobject_set(rootSlider,"current",9)]]></event></component><component _type="_compIconButton" id="iconbutton_67" x="90" y="542" width="37" height="37" alpha="1" visible="1" enabled="1" cssClass="iconPrevButton" group="-1"><event id="onClick" language="DO"><![CDATA[uiobject_set(rootSlider,"current",7)]]></event></component><component _type="_compIconButton" id="iconbutton_68" x="40" y="542" width="37" height="37" alpha="1" visible="1" enabled="1" cssClass="iconHomeButton" group="-1"><event id="onClick" language="DO"><![CDATA[uiobject_set(rootSlider,"current",1)]]></event></component><component _type="_compRichText" id="texto_101" x="47" y="138" width="847" height="89" alpha="1" visible="1" enabled="1" scrollable="0"><content><![CDATA[<p style="text-align:center"><span style="font-size:30px"><span style="font-family:verdana,geneva,sans-serif">&iquest;Qu&eacute;&nbsp;es?</span></span></p>
]]></content></component><component _type="_compRichText" id="texto_67" x="47" y="258" width="847" height="89" alpha="1" visible="1" enabled="1" scrollable="0"><content><![CDATA[<p style="text-align:center"><span style="font-size:25px"><strong><span style="color:#FF8C00"><span style="font-family:verdana,geneva,sans-serif">playa</span></span></strong></span></p>
]]></content></component></components><animaciones></animaciones></pantalla><pantalla id="pantalla_65"><event id="onPrepare" language="DO"><![CDATA[]]></event><event id="onShown" language="DO"><![CDATA[]]></event><components><component _type="_compIconButton" id="iconbutton_66" x="140" y="542" width="37" height="37" alpha="1" visible="1" enabled="1" cssClass="iconNextButton" group="-1"><event id="onClick" language="DO"><![CDATA[uiobject_set(rootSlider,"current",10)]]></event></component><component _type="_compIconButton" id="iconbutton_67" x="90" y="542" width="37" height="37" alpha="1" visible="1" enabled="1" cssClass="iconPrevButton" group="-1"><event id="onClick" language="DO"><![CDATA[uiobject_set(rootSlider,"current",8)]]></event></component><component _type="_compIconButton" id="iconbutton_68" x="40" y="542" width="37" height="37" alpha="1" visible="1" enabled="1" cssClass="iconHomeButton" group="-1"><event id="onClick" language="DO"><![CDATA[uiobject_set(rootSlider,"current",1)]]></event></component><component _type="_compImage" id="image_68" x="254" y="202" width="374" height="235" alpha="1" visible="1" enabled="1" cssClass="" adjustMode="1" alignMode="0" image="data/imagenes/screenshot_6.png" /></components><animaciones></animaciones></pantalla><pantalla id="pantalla_69"><event id="onPrepare" language="DO"><![CDATA[]]></event><event id="onShown" language="DO"><![CDATA[]]></event><components><component _type="_compIconButton" id="iconbutton_67" x="90" y="542" width="37" height="37" alpha="1" visible="1" enabled="1" cssClass="iconPrevButton" group="-1"><event id="onClick" language="DO"><![CDATA[uiobject_set(rootSlider,"current",9)]]></event></component><component _type="_compIconButton" id="iconbutton_68" x="40" y="542" width="37" height="37" alpha="1" visible="1" enabled="1" cssClass="iconHomeButton" group="-1"><event id="onClick" language="DO"><![CDATA[uiobject_set(rootSlider,"current",1)]]></event></component><component _type="_compImage" id="image_69" x="172" y="74" width="605" height="459" alpha="1" visible="1" enabled="1" cssClass="" adjustMode="1" alignMode="0" image="data/imagenes/screenshot_7.png" /></components><animaciones></animaciones></pantalla><pantalla id="pantalla_74"><event id="onPrepare" language="DO"><![CDATA[]]></event><event id="onShown" language="DO"><![CDATA[]]></event><components><component _type="_compIconButton" id="iconbutton_66" x="140" y="542" width="37" height="37" alpha="1" visible="1" enabled="1" cssClass="iconNextButton" group="-1"><event id="onClick" language="DO"><![CDATA[uiobject_set(rootSlider,"current",12)]]></event></component><component _type="_compRichText" id="texto_101" x="47" y="138" width="847" height="89" alpha="1" visible="1" enabled="1" scrollable="0"><content><![CDATA[<p style="text-align:center"><span style="font-size:30px"><span style="font-family:verdana,geneva,sans-serif">&iquest;Qu&eacute;&nbsp;es para ti?</span></span></p>
]]></content></component><component _type="_compRichText" id="texto_67" x="47" y="258" width="847" height="89" alpha="1" visible="1" enabled="1" scrollable="0"><content><![CDATA[<p style="text-align:center"><span style="font-size:25px"><strong><span style="color:#FF8C00"><span style="font-family:verdana,geneva,sans-serif">lince</span></span></strong></span></p>
]]></content></component><component _type="_compIconButton" id="iconbutton_68" x="40" y="542" width="37" height="37" alpha="1" visible="1" enabled="1" cssClass="iconHomeButton" group="-1"><event id="onClick" language="DO"><![CDATA[uiobject_set(rootSlider,"current",1)]]></event></component></components><animaciones></animaciones></pantalla><pantalla id="pantalla_78"><event id="onPrepare" language="DO"><![CDATA[]]></event><event id="onShown" language="DO"><![CDATA[]]></event><components><component _type="_compIconButton" id="iconbutton_66" x="140" y="542" width="37" height="37" alpha="1" visible="1" enabled="1" cssClass="iconNextButton" group="-1"><event id="onClick" language="DO"><![CDATA[uiobject_set(rootSlider,"current",13)]]></event></component><component _type="_compIconButton" id="iconbutton_67" x="90" y="542" width="37" height="37" alpha="1" visible="1" enabled="1" cssClass="iconPrevButton" group="-1"><event id="onClick" language="DO"><![CDATA[uiobject_set(rootSlider,"current",11)]]></event></component><component _type="_compIconButton" id="iconbutton_68" x="40" y="542" width="37" height="37" alpha="1" visible="1" enabled="1" cssClass="iconHomeButton" group="-1"><event id="onClick" language="DO"><![CDATA[uiobject_set(rootSlider,"current",1)]]></event></component><component _type="_compImage" id="image_70" x="76" y="115" width="418" height="385" alpha="1" visible="1" enabled="1" cssClass="" adjustMode="1" alignMode="0" image="data/imagenes/screenshot_8.png" /><component _type="_compRichText" id="texto_71" x="598" y="258" width="272" height="86" alpha="1" visible="1" enabled="1" scrollable="0"><content><![CDATA[<p><span style="font-size:25px"><span style="font-family:verdana,geneva,sans-serif"><span style="color:#FF8C00"><strong>lince:</strong></span> animal</span></span></p>
]]></content></component></components><animaciones></animaciones></pantalla><pantalla id="pantalla_83"><event id="onPrepare" language="DO"><![CDATA[]]></event><event id="onShown" language="DO"><![CDATA[]]></event><components><component _type="_compIconButton" id="iconbutton_66" x="140" y="542" width="37" height="37" alpha="1" visible="1" enabled="1" cssClass="iconNextButton" group="-1"><event id="onClick" language="DO"><![CDATA[uiobject_set(rootSlider,"current",14)]]></event></component><component _type="_compIconButton" id="iconbutton_67" x="90" y="542" width="37" height="37" alpha="1" visible="1" enabled="1" cssClass="iconPrevButton" group="-1"><event id="onClick" language="DO"><![CDATA[uiobject_set(rootSlider,"current",12)]]></event></component><component _type="_compIconButton" id="iconbutton_68" x="40" y="542" width="37" height="37" alpha="1" visible="1" enabled="1" cssClass="iconHomeButton" group="-1"><event id="onClick" language="DO"><![CDATA[uiobject_set(rootSlider,"current",1)]]></event></component><component _type="_compRichText" id="texto_71" x="561" y="262" width="363" height="86" alpha="1" visible="1" enabled="1" scrollable="0"><content><![CDATA[<p><span style="font-size:25px"><span style="font-family:verdana,geneva,sans-serif"><span style="color:#FF8C00"><strong>lince:</strong></span> persona astuta</span></span></p>
]]></content></component><component _type="_compImage" id="image_70" x="76" y="115" width="421" height="385" alpha="1" visible="1" enabled="1" cssClass="" adjustMode="1" alignMode="0" image="data/imagenes/screenshot_9.png" /></components><animaciones></animaciones></pantalla><pantalla id="pantalla_87"><event id="onPrepare" language="DO"><![CDATA[]]></event><event id="onShown" language="DO"><![CDATA[]]></event><components><component _type="_compRichText" id="texto_71" x="95" y="429" width="306" height="182" alpha="1" visible="1" enabled="1" scrollable="0"><content><![CDATA[<p><span style="font-size:22px"><span style="font-family:verdana,geneva,sans-serif"><span style="color:#000000">El </span><span style="color:#FF8C00"><strong>lince</strong></span>&nbsp;siempre acecha a sus presas.</span></span></p>
]]></content></component><component _type="_compIconButton" id="iconbutton_66" x="140" y="542" width="37" height="37" alpha="1" visible="1" enabled="1" cssClass="iconNextButton" group="-1"><event id="onClick" language="DO"><![CDATA[uiobject_set(rootSlider,"current",15)]]></event></component><component _type="_compIconButton" id="iconbutton_67" x="90" y="542" width="37" height="37" alpha="1" visible="1" enabled="1" cssClass="iconPrevButton" group="-1"><event id="onClick" language="DO"><![CDATA[uiobject_set(rootSlider,"current",13)]]></event></component><component _type="_compIconButton" id="iconbutton_68" x="40" y="542" width="37" height="37" alpha="1" visible="1" enabled="1" cssClass="iconHomeButton" group="-1"><event id="onClick" language="DO"><![CDATA[uiobject_set(rootSlider,"current",1)]]></event></component><component _type="_compImage" id="image_72" x="82" y="144" width="785" height="291" alpha="1" visible="1" enabled="1" cssClass="" adjustMode="1" alignMode="0" image="data/imagenes/screenshot_10.png" /><component _type="_compRichText" id="texto_73" x="555" y="429" width="306" height="137" alpha="1" visible="1" enabled="1" scrollable="0"><content><![CDATA[<p><span style="font-size:22px"><span style="font-family:verdana,geneva,sans-serif"><span style="color:#000000">El </span><span style="color:#FF8C00"><strong>lince</strong></span>&nbsp;siempre acecha a sus presas.</span></span></p>
]]></content></component></components><animaciones></animaciones></pantalla><pantalla id="pantalla_91"><event id="onPrepare" language="DO"><![CDATA[]]></event><event id="onShown" language="DO"><![CDATA[]]></event><components><component _type="_compRichText" id="texto_71" x="95" y="429" width="306" height="177" alpha="1" visible="1" enabled="1" scrollable="0"><content><![CDATA[<p><span style="font-size:22px"><span style="font-family:verdana,geneva,sans-serif"><span style="color:#000000">El </span><span style="color:#FF8C00"><strong>lince</strong></span>&nbsp;siempre acecha a sus presas.</span></span></p>
]]></content></component><component _type="_compIconButton" id="iconbutton_67" x="90" y="542" width="37" height="37" alpha="1" visible="1" enabled="1" cssClass="iconPrevButton" group="-1"><event id="onClick" language="DO"><![CDATA[uiobject_set(rootSlider,"current",14)]]></event></component><component _type="_compIconButton" id="iconbutton_68" x="40" y="542" width="37" height="37" alpha="1" visible="1" enabled="1" cssClass="iconHomeButton" group="-1"><event id="onClick" language="DO"><![CDATA[uiobject_set(rootSlider,"current",1)]]></event></component><component _type="_compRichText" id="texto_73" x="553" y="430" width="306" height="132" alpha="1" visible="1" enabled="1" scrollable="0"><content><![CDATA[<p><span style="font-size:22px"><span style="font-family:verdana,geneva,sans-serif"><span style="color:#000000">El </span><span style="color:#FF8C00"><strong>lince</strong></span>&nbsp;siempre acecha a sus presas.</span></span></p>
]]></content></component><component _type="_compImage" id="image_72" x="82" y="144" width="785" height="291" alpha="1" visible="1" enabled="1" cssClass="" adjustMode="1" alignMode="0" image="data/imagenes/screenshot_10.png" /><component _type="_compRichText" id="texto_74" x="90" y="69" width="306" height="86" alpha="1" visible="1" enabled="1" scrollable="0"><content><![CDATA[<p style="text-align:center"><span style="font-size:22px"><span style="font-family:verdana,geneva,sans-serif">Denotaci&oacute;n</span></span></p>
]]></content></component><component _type="_compRichText" id="texto_75" x="550" y="69" width="306" height="86" alpha="1" visible="1" enabled="1" scrollable="0"><content><![CDATA[<p style="text-align:center"><span style="font-size:22px"><span style="font-family:verdana,geneva,sans-serif">Connotaci&oacute;n</span></span></p>
]]></content></component><component _type="_compIconButton" id="iconbutton_66" x="140" y="542" width="37" height="37" alpha="1" visible="1" enabled="1" cssClass="iconNextButton" group="-1"><event id="onClick" language="DO"><![CDATA[uiobject_set(rootSlider,"current", 16)]]></event></component></components><animaciones></animaciones></pantalla><pantalla id="pantalla_112"><event id="onPrepare" language="DO"><![CDATA[]]></event><event id="onShown" language="DO"><![CDATA[]]></event><components><component _type="_compIconButton" id="iconbutton_66" x="140" y="542" width="37" height="37" alpha="1" visible="1" enabled="1" cssClass="iconNextButton" group="-1"><event id="onClick" language="DO"><![CDATA[uiobject_set(rootSlider,"current",  17)]]></event></component><component _type="_compIconButton" id="iconbutton_67" x="90" y="542" width="37" height="37" alpha="1" visible="1" enabled="1" cssClass="iconPrevButton" group="-1"><event id="onClick" language="DO"><![CDATA[uiobject_set(rootSlider,"current", 15)]]></event></component><component _type="_compIconButton" id="iconbutton_68" x="40" y="542" width="37" height="37" alpha="1" visible="1" enabled="1" cssClass="iconHomeButton" group="-1"><event id="onClick" language="DO"><![CDATA[uiobject_set(rootSlider,"current",1)]]></event></component><component _type="_compRichText" id="texto_101" x="47" y="138" width="847" height="89" alpha="1" visible="1" enabled="1" scrollable="0"><content><![CDATA[<p style="text-align:center"><span style="font-size:30px"><span style="font-family:verdana,geneva,sans-serif">&iquest;Qu&eacute;&nbsp;es para ti?</span></span></p>
]]></content></component><component _type="_compRichText" id="texto_67" x="47" y="258" width="847" height="89" alpha="1" visible="1" enabled="1" scrollable="0"><content><![CDATA[<p style="text-align:center"><span style="font-size:25px"><strong><span style="color:#FF8C00"><span style="font-family:verdana,geneva,sans-serif">cotorra</span></span></strong></span></p>
]]></content></component></components><animaciones></animaciones></pantalla><pantalla id="pantalla_84"><event id="onPrepare" language="DO"><![CDATA[]]></event><event id="onShown" language="DO"><![CDATA[]]></event><components><component _type="_compIconButton" id="iconbutton_66" x="140" y="542" width="37" height="37" alpha="1" visible="1" enabled="1" cssClass="iconNextButton" group="-1"><event id="onClick" language="DO"><![CDATA[uiobject_set(rootSlider,"current", 18)]]></event></component><component _type="_compIconButton" id="iconbutton_67" x="90" y="542" width="37" height="37" alpha="1" visible="1" enabled="1" cssClass="iconPrevButton" group="-1"><event id="onClick" language="DO"><![CDATA[uiobject_set(rootSlider,"current",16)]]></event></component><component _type="_compIconButton" id="iconbutton_68" x="40" y="542" width="37" height="37" alpha="1" visible="1" enabled="1" cssClass="iconHomeButton" group="-1"><event id="onClick" language="DO"><![CDATA[uiobject_set(rootSlider,"current",1)]]></event></component><component _type="_compImage" id="image_70" x="76" y="115" width="424" height="386" alpha="1" visible="1" enabled="1" cssClass="" adjustMode="1" alignMode="0" image="data/imagenes/screenshot_11.png" /><component _type="_compRichText" id="texto_71" x="561" y="262" width="363" height="86" alpha="1" visible="1" enabled="1" scrollable="0"><content><![CDATA[<p><span style="font-size:25px"><span style="font-family:verdana,geneva,sans-serif"><span style="color:#FF8C00"><strong>cotorra:</strong></span> ave</span></span></p>
]]></content></component></components><animaciones></animaciones></pantalla><pantalla id="pantalla_76"><event id="onPrepare" language="DO"><![CDATA[]]></event><event id="onShown" language="DO"><![CDATA[]]></event><components><component _type="_compIconButton" id="iconbutton_66" x="139" y="542" width="37" height="37" alpha="1" visible="1" enabled="1" cssClass="iconNextButton" group="-1"><event id="onClick" language="DO"><![CDATA[uiobject_set(rootSlider,"current", 19)]]></event></component><component _type="_compIconButton" id="iconbutton_67" x="89" y="542" width="37" height="37" alpha="1" visible="1" enabled="1" cssClass="iconPrevButton" group="-1"><event id="onClick" language="DO"><![CDATA[uiobject_set(rootSlider,"current",17)]]></event></component><component _type="_compIconButton" id="iconbutton_68" x="40" y="542" width="37" height="37" alpha="1" visible="1" enabled="1" cssClass="iconHomeButton" group="-1"><event id="onClick" language="DO"><![CDATA[uiobject_set(rootSlider,"current",1)]]></event></component><component _type="_compImage" id="image_70" x="76" y="115" width="421" height="392" alpha="1" visible="1" enabled="1" cssClass="" adjustMode="1" alignMode="0" image="data/imagenes/screenshot_12.png" /><component _type="_compRichText" id="texto_71" x="561" y="262" width="363" height="86" alpha="1" visible="1" enabled="1" scrollable="0"><content><![CDATA[<p><span style="font-size:25px"><span style="font-family:verdana,geneva,sans-serif"><span style="color:#FF8C00"><strong>cotorra:</strong></span> persona habladora</span></span></p>
]]></content></component></components><animaciones></animaciones></pantalla><pantalla id="pantalla_80"><event id="onPrepare" language="DO"><![CDATA[]]></event><event id="onShown" language="DO"><![CDATA[]]></event><components><component _type="_compImage" id="image_72" x="82" y="144" width="786" height="294" alpha="1" visible="1" enabled="1" cssClass="" adjustMode="1" alignMode="0" image="data/imagenes/screenshot_13.png" /><component _type="_compRichText" id="texto_73" x="555" y="429" width="306" height="86" alpha="1" visible="1" enabled="1" scrollable="0"><content><![CDATA[<p><span style="color:rgb(0, 0, 0); font-family:verdana,geneva,sans-serif; font-size:22.2222232818604px">La&nbsp;</span><span style="color:rgb(255, 140, 0); font-family:verdana,geneva,sans-serif; font-size:22.2222232818604px"><strong>cotorra</strong></span><span style="font-family:verdana,geneva,sans-serif; font-size:22.2222232818604px">&nbsp;emite sonidos continuamente</span><span style="font-size:22px"><span style="font-family:verdana,geneva,sans-serif">.</span></span></p>
]]></content></component><component _type="_compRichText" id="texto_71" x="95" y="429" width="306" height="86" alpha="1" visible="1" enabled="1" scrollable="0"><content><![CDATA[<p><span style="color:rgb(0, 0, 0); font-family:verdana,geneva,sans-serif; font-size:22.2222232818604px">La&nbsp;</span><span style="color:rgb(255, 140, 0); font-family:verdana,geneva,sans-serif; font-size:22.2222232818604px"><strong>cotorra</strong></span><span style="font-family:verdana,geneva,sans-serif; font-size:22.2222232818604px">&nbsp;emite sonidos continuamente</span><span style="font-size:22px"><span style="font-family:verdana,geneva,sans-serif">.</span></span></p>
]]></content></component><component _type="_compIconButton" id="iconbutton_66" x="139" y="542" width="37" height="37" alpha="1" visible="1" enabled="1" cssClass="iconNextButton" group="-1"><event id="onClick" language="DO"><![CDATA[uiobject_set(rootSlider,"current", 20)]]></event></component><component _type="_compIconButton" id="iconbutton_67" x="89" y="542" width="37" height="37" alpha="1" visible="1" enabled="1" cssClass="iconPrevButton" group="-1"><event id="onClick" language="DO"><![CDATA[uiobject_set(rootSlider,"current",18)]]></event></component><component _type="_compIconButton" id="iconbutton_68" x="40" y="542" width="37" height="37" alpha="1" visible="1" enabled="1" cssClass="iconHomeButton" group="-1"><event id="onClick" language="DO"><![CDATA[uiobject_set(rootSlider,"current",1)]]></event></component></components><animaciones></animaciones></pantalla><pantalla id="pantalla_84"><event id="onPrepare" language="DO"><![CDATA[]]></event><event id="onShown" language="DO"><![CDATA[]]></event><components><component _type="_compImage" id="image_72" x="82" y="144" width="786" height="294" alpha="1" visible="1" enabled="1" cssClass="" adjustMode="1" alignMode="0" image="data/imagenes/screenshot_13.png" /><component _type="_compRichText" id="texto_73" x="555" y="429" width="306" height="86" alpha="1" visible="1" enabled="1" scrollable="0"><content><![CDATA[<p><span style="color:rgb(0, 0, 0); font-family:verdana,geneva,sans-serif; font-size:22.2222232818604px">La&nbsp;</span><span style="color:rgb(255, 140, 0); font-family:verdana,geneva,sans-serif; font-size:22.2222232818604px"><strong>cotorra</strong></span><span style="font-family:verdana,geneva,sans-serif; font-size:22.2222232818604px">&nbsp;emite sonidos continuamente</span><span style="font-size:22px"><span style="font-family:verdana,geneva,sans-serif">.</span></span></p>
]]></content></component><component _type="_compIconButton" id="iconbutton_66" x="139" y="542" width="37" height="37" alpha="1" visible="1" enabled="1" cssClass="iconNextButton" group="-1"><event id="onClick" language="DO"><![CDATA[uiobject_set(rootSlider,"current", 21)]]></event></component><component _type="_compIconButton" id="iconbutton_67" x="89" y="542" width="37" height="37" alpha="1" visible="1" enabled="1" cssClass="iconPrevButton" group="-1"><event id="onClick" language="DO"><![CDATA[uiobject_set(rootSlider,"current",19)]]></event></component><component _type="_compIconButton" id="iconbutton_68" x="40" y="542" width="37" height="37" alpha="1" visible="1" enabled="1" cssClass="iconHomeButton" group="-1"><event id="onClick" language="DO"><![CDATA[uiobject_set(rootSlider,"current",1)]]></event></component><component _type="_compRichText" id="texto_117" x="95" y="429" width="306" height="86" alpha="1" visible="1" enabled="1" scrollable="0"><content><![CDATA[<p><span style="color:rgb(0, 0, 0); font-family:verdana,geneva,sans-serif; font-size:22.2222232818604px">La&nbsp;</span><span style="color:rgb(255, 140, 0); font-family:verdana,geneva,sans-serif; font-size:22.2222232818604px"><strong>cotorra</strong></span><span style="font-family:verdana,geneva,sans-serif; font-size:22.2222232818604px">&nbsp;emite sonidos continuamente</span><span style="font-size:22px"><span style="font-family:verdana,geneva,sans-serif">.</span></span></p>
]]></content></component></components><animaciones></animaciones></pantalla><pantalla id="pantalla_88"><event id="onPrepare" language="DO"><![CDATA[]]></event><event id="onShown" language="DO"><![CDATA[]]></event><components><component _type="_compImage" id="image_72" x="82" y="144" width="786" height="294" alpha="1" visible="1" enabled="1" cssClass="" adjustMode="1" alignMode="0" image="data/imagenes/screenshot_13.png" /><component _type="_compRichText" id="texto_73" x="555" y="429" width="306" height="86" alpha="1" visible="1" enabled="1" scrollable="0"><content><![CDATA[<p><span style="color:rgb(0, 0, 0); font-family:verdana,geneva,sans-serif; font-size:22.2222232818604px">La&nbsp;</span><span style="color:rgb(255, 140, 0); font-family:verdana,geneva,sans-serif; font-size:22.2222232818604px"><strong>cotorra</strong></span><span style="font-family:verdana,geneva,sans-serif; font-size:22.2222232818604px">&nbsp;emite sonidos continuamente</span><span style="font-size:22px"><span style="font-family:verdana,geneva,sans-serif">.</span></span></p>
]]></content></component><component _type="_compRichText" id="texto_71" x="95" y="429" width="306" height="86" alpha="1" visible="1" enabled="1" scrollable="0"><content><![CDATA[<p><span style="color:rgb(0, 0, 0); font-family:verdana,geneva,sans-serif; font-size:22.2222232818604px">La&nbsp;</span><span style="color:rgb(255, 140, 0); font-family:verdana,geneva,sans-serif; font-size:22.2222232818604px"><strong>cotorra</strong></span><span style="font-family:verdana,geneva,sans-serif; font-size:22.2222232818604px">&nbsp;emite sonidos continuamente</span><span style="font-size:22px"><span style="font-family:verdana,geneva,sans-serif">.</span></span></p>
]]></content></component><component _type="_compIconButton" id="iconbutton_67" x="89" y="542" width="37" height="37" alpha="1" visible="1" enabled="1" cssClass="iconPrevButton" group="-1"><event id="onClick" language="DO"><![CDATA[uiobject_set(rootSlider,"current",20)]]></event></component><component _type="_compIconButton" id="iconbutton_68" x="40" y="542" width="37" height="37" alpha="1" visible="1" enabled="1" cssClass="iconHomeButton" group="-1"><event id="onClick" language="DO"><![CDATA[uiobject_set(rootSlider,"current",1)]]></event></component><component _type="_compRichText" id="texto_74" x="90" y="69" width="306" height="86" alpha="1" visible="1" enabled="1" scrollable="0"><content><![CDATA[<p style="text-align:center"><span style="font-size:22px"><span style="font-family:verdana,geneva,sans-serif">Denotaci&oacute;n</span></span></p>
]]></content></component><component _type="_compRichText" id="texto_75" x="550" y="69" width="306" height="86" alpha="1" visible="1" enabled="1" scrollable="0"><content><![CDATA[<p style="text-align:center"><span style="font-size:22px"><span style="font-family:verdana,geneva,sans-serif">Connotaci&oacute;n</span></span></p>
]]></content></component></components><animaciones></animaciones></pantalla><pantalla id="pantalla_92"><event id="onPrepare" language="DO"><![CDATA[]]></event><event id="onShown" language="DO"><![CDATA[]]></event><components><component _type="_compRichText" id="texto_101" x="47" y="138" width="847" height="89" alpha="1" visible="1" enabled="1" scrollable="0"><content><![CDATA[<p style="text-align:center"><span style="font-size:30px"><span style="font-family:verdana,geneva,sans-serif">&iquest;Qu&eacute; puede ser?</span></span></p>
]]></content></component><component _type="_compRichText" id="texto_67" x="47" y="258" width="847" height="89" alpha="1" visible="1" enabled="1" scrollable="0"><content><![CDATA[<p style="text-align:center"><span style="font-size:25px"><strong><span style="color:#FF8C00"><span style="font-family:verdana,geneva,sans-serif">elefante</span></span></strong></span></p>
]]></content></component><component _type="_compIconButton" id="iconbutton_68" x="40" y="542" width="37" height="37" alpha="1" visible="1" enabled="1" cssClass="iconHomeButton" group="-1"><event id="onClick" language="DO"><![CDATA[uiobject_set(rootSlider,"current",1)]]></event></component><component _type="_compIconButton" id="iconbutton_66" x="139" y="542" width="37" height="37" alpha="1" visible="1" enabled="1" cssClass="iconNextButton" group="-1"><event id="onClick" language="DO"><![CDATA[uiobject_set(rootSlider,"current", 23)]]></event></component></components><animaciones></animaciones></pantalla><pantalla id="pantalla_96"><event id="onPrepare" language="DO"><![CDATA[]]></event><event id="onShown" language="DO"><![CDATA[]]></event><components><component _type="_compImage" id="image_70" x="76" y="115" width="416" height="390" alpha="1" visible="1" enabled="1" cssClass="" adjustMode="1" alignMode="0" image="data/imagenes/screenshot_14.png" /><component _type="_compRichText" id="texto_71" x="608" y="200" width="363" height="86" alpha="1" visible="1" enabled="1" scrollable="0"><content><![CDATA[<p><span style="font-size:25px"><span style="font-family:verdana,geneva,sans-serif"><span style="color:#FF8C00"><strong>elefante</strong></span></span></span></p>
]]></content></component><component _type="_compIconButton" id="iconbutton_66" x="139" y="542" width="37" height="37" alpha="1" visible="1" enabled="1" cssClass="iconNextButton" group="-1"><event id="onClick" language="DO"><![CDATA[uiobject_set(rootSlider,"current", 24)]]></event></component><component _type="_compIconButton" id="iconbutton_67" x="89" y="542" width="37" height="37" alpha="1" visible="1" enabled="1" cssClass="iconPrevButton" group="-1"><event id="onClick" language="DO"><![CDATA[uiobject_set(rootSlider,"current",22)]]></event></component><component _type="_compIconButton" id="iconbutton_68" x="40" y="542" width="37" height="37" alpha="1" visible="1" enabled="1" cssClass="iconHomeButton" group="-1"><event id="onClick" language="DO"><![CDATA[uiobject_set(rootSlider,"current",1)]]></event></component></components><animaciones></animaciones></pantalla><pantalla id="pantalla_100"><event id="onPrepare" language="DO"><![CDATA[]]></event><event id="onShown" language="DO"><![CDATA[]]></event><components><component _type="_compImage" id="image_70" x="76" y="115" width="416" height="390" alpha="1" visible="1" enabled="1" cssClass="" adjustMode="1" alignMode="0" image="data/imagenes/screenshot_14.png" /><component _type="_compRichText" id="texto_71" x="608" y="200" width="363" height="86" alpha="1" visible="1" enabled="1" scrollable="0"><content><![CDATA[<p><span style="font-size:25px"><span style="font-family:verdana,geneva,sans-serif"><span style="color:#FF8C00"><strong>elefante</strong></span></span></span></p>
]]></content></component><component _type="_compIconButton" id="iconbutton_66" x="139" y="542" width="37" height="37" alpha="1" visible="1" enabled="1" cssClass="iconNextButton" group="-1"><event id="onClick" language="DO"><![CDATA[uiobject_set(rootSlider,"current", 25)]]></event></component><component _type="_compIconButton" id="iconbutton_67" x="89" y="542" width="37" height="37" alpha="1" visible="1" enabled="1" cssClass="iconPrevButton" group="-1"><event id="onClick" language="DO"><![CDATA[uiobject_set(rootSlider,"current",23)]]></event></component><component _type="_compIconButton" id="iconbutton_68" x="40" y="542" width="37" height="37" alpha="1" visible="1" enabled="1" cssClass="iconHomeButton" group="-1"><event id="onClick" language="DO"><![CDATA[uiobject_set(rootSlider,"current",1)]]></event></component><component _type="_compImage" id="image_116" x="597" y="254" width="144" height="125" alpha="1" visible="1" enabled="1" cssClass="" adjustMode="1" alignMode="0" image="data/imagenes/screenshot_15.png" /></components><animaciones></animaciones></pantalla><pantalla id="pantalla_104"><event id="onPrepare" language="DO"><![CDATA[]]></event><event id="onShown" language="DO"><![CDATA[]]></event><components><component _type="_compRichText" id="texto_101" x="47" y="138" width="847" height="89" alpha="1" visible="1" enabled="1" scrollable="0"><content><![CDATA[<p style="text-align:center"><span style="font-size:30px"><span style="font-family:verdana,geneva,sans-serif">&iquest;Qu&eacute; puede ser?</span></span></p>
]]></content></component><component _type="_compRichText" id="texto_67" x="47" y="258" width="847" height="89" alpha="1" visible="1" enabled="1" scrollable="0"><content><![CDATA[<p style="text-align:center"><span style="font-size:25px"><strong><span style="color:#FF8C00"><span style="font-family:verdana,geneva,sans-serif">potro</span></span></strong></span></p>
]]></content></component><component _type="_compIconButton" id="iconbutton_66" x="139" y="542" width="37" height="37" alpha="1" visible="1" enabled="1" cssClass="iconNextButton" group="-1"><event id="onClick" language="DO"><![CDATA[uiobject_set(rootSlider,"current", 26)]]></event></component><component _type="_compIconButton" id="iconbutton_67" x="89" y="542" width="37" height="37" alpha="1" visible="1" enabled="1" cssClass="iconPrevButton" group="-1"><event id="onClick" language="DO"><![CDATA[uiobject_set(rootSlider,"current",24)]]></event></component><component _type="_compIconButton" id="iconbutton_68" x="40" y="542" width="37" height="37" alpha="1" visible="1" enabled="1" cssClass="iconHomeButton" group="-1"><event id="onClick" language="DO"><![CDATA[uiobject_set(rootSlider,"current",1)]]></event></component></components><animaciones></animaciones></pantalla><pantalla id="pantalla_108"><event id="onPrepare" language="DO"><![CDATA[]]></event><event id="onShown" language="DO"><![CDATA[]]></event><components><component _type="_compIconButton" id="iconbutton_66" x="139" y="542" width="37" height="37" alpha="1" visible="1" enabled="1" cssClass="iconNextButton" group="-1"><event id="onClick" language="DO"><![CDATA[uiobject_set(rootSlider,"current", 27)]]></event></component><component _type="_compIconButton" id="iconbutton_67" x="89" y="542" width="37" height="37" alpha="1" visible="1" enabled="1" cssClass="iconPrevButton" group="-1"><event id="onClick" language="DO"><![CDATA[uiobject_set(rootSlider,"current",25)]]></event></component><component _type="_compIconButton" id="iconbutton_68" x="40" y="542" width="37" height="37" alpha="1" visible="1" enabled="1" cssClass="iconHomeButton" group="-1"><event id="onClick" language="DO"><![CDATA[uiobject_set(rootSlider,"current",1)]]></event></component><component _type="_compImage" id="image_70" x="75" y="115" width="799" height="304" alpha="1" visible="1" enabled="1" cssClass="" adjustMode="1" alignMode="0" image="data/imagenes/screenshot_16.png" /><component _type="_compRichText" id="texto_71" x="293" y="43" width="363" height="86" alpha="1" visible="1" enabled="1" scrollable="0"><content><![CDATA[<p style="text-align: center;"><span style="font-size:25px"><span style="font-family:verdana,geneva,sans-serif"><span style="color:#FF8C00"><strong>potro</strong></span></span></span></p>
]]></content></component></components><animaciones></animaciones></pantalla><pantalla id="pantalla_112"><event id="onPrepare" language="DO"><![CDATA[]]></event><event id="onShown" language="DO"><![CDATA[]]></event><components><component _type="_compRichText" id="texto_117" x="95" y="429" width="338" height="112" alpha="1" visible="1" enabled="1" scrollable="0"><content><![CDATA[<p><span style="color:rgb(0, 0, 0); font-family:verdana,geneva,sans-serif; font-size:22.2222232818604px">El&nbsp;</span><span style="font-family:verdana,geneva,sans-serif; font-size:22.2222232818604px"><font color="#ff8c00"><strong>potro&nbsp;</strong></font></span><span style="font-family:verdana,geneva,sans-serif; font-size:22.2222232818604px">corre libre por el campo</span><span style="font-size:22px"><span style="font-family:verdana,geneva,sans-serif">.</span></span></p>
]]></content></component><component _type="_compRichText" id="texto_73" x="510" y="426" width="360" height="186" alpha="1" visible="1" enabled="1" scrollable="0"><content><![CDATA[<p><span style="color:rgb(0, 0, 0); font-family:verdana,geneva,sans-serif; font-size:22.2222232818604px">Esta gimnasta es especialista en el salto de&nbsp;</span><span style="color:rgb(255, 140, 0); font-family:verdana,geneva,sans-serif; font-size:22.2222232818604px"><strong>potro</strong></span><span style="font-size:22px"><span style="font-family:verdana,geneva,sans-serif">.</span></span></p>
]]></content></component><component _type="_compImage" id="image_70" x="75" y="115" width="799" height="304" alpha="1" visible="1" enabled="1" cssClass="" adjustMode="1" alignMode="0" image="data/imagenes/screenshot_16.png" /><component _type="_compRichText" id="texto_71" x="293" y="43" width="363" height="86" alpha="1" visible="1" enabled="1" scrollable="0"><content><![CDATA[<p style="text-align: center;"><span style="font-size:25px"><span style="font-family:verdana,geneva,sans-serif"><span style="color:#FF8C00"><strong>potro</strong></span></span></span></p>
]]></content></component><component _type="_compIconButton" id="iconbutton_66" x="139" y="542" width="37" height="37" alpha="1" visible="1" enabled="1" cssClass="iconNextButton" group="-1"><event id="onClick" language="DO"><![CDATA[uiobject_set(rootSlider,"current", 28)]]></event></component><component _type="_compIconButton" id="iconbutton_67" x="89" y="542" width="37" height="37" alpha="1" visible="1" enabled="1" cssClass="iconPrevButton" group="-1"><event id="onClick" language="DO"><![CDATA[uiobject_set(rootSlider,"current",26)]]></event></component><component _type="_compIconButton" id="iconbutton_68" x="40" y="542" width="37" height="37" alpha="1" visible="1" enabled="1" cssClass="iconHomeButton" group="-1"><event id="onClick" language="DO"><![CDATA[uiobject_set(rootSlider,"current",1)]]></event></component></components><animaciones></animaciones></pantalla><pantalla id="pantalla_118"><event id="onPrepare" language="DO"><![CDATA[]]></event><event id="onShown" language="DO"><![CDATA[]]></event><components><component _type="_compRichText" id="texto_71" x="293" y="153" width="363" height="86" alpha="1" visible="1" enabled="1" scrollable="0"><content><![CDATA[<p style="text-align: center;"><span style="font-size:25px"><span style="font-family:verdana,geneva,sans-serif"><span style="color:#FF8C00"><strong>potro</strong></span></span></span></p>
]]></content></component><component _type="_compImage" id="image_70" x="411" y="207" width="127" height="139" alpha="1" visible="1" enabled="1" cssClass="" adjustMode="1" alignMode="0" image="data/imagenes/screenshot_17.png" /><component _type="_compIconButton" id="iconbutton_66" x="139" y="542" width="37" height="37" alpha="1" visible="1" enabled="1" cssClass="iconNextButton" group="-1"><event id="onClick" language="DO"><![CDATA[uiobject_set(rootSlider,"current", 29)]]></event></component><component _type="_compIconButton" id="iconbutton_67" x="89" y="542" width="37" height="37" alpha="1" visible="1" enabled="1" cssClass="iconPrevButton" group="-1"><event id="onClick" language="DO"><![CDATA[uiobject_set(rootSlider,"current",27)]]></event></component><component _type="_compIconButton" id="iconbutton_68" x="40" y="542" width="37" height="37" alpha="1" visible="1" enabled="1" cssClass="iconHomeButton" group="-1"><event id="onClick" language="DO"><![CDATA[uiobject_set(rootSlider,"current",1)]]></event></component></components><animaciones></animaciones></pantalla><pantalla id="pantalla_122"><event id="onPrepare" language="DO"><![CDATA[]]></event><event id="onShown" language="DO"><![CDATA[]]></event><components><component _type="_compRichText" id="texto_67" x="47" y="258" width="847" height="89" alpha="1" visible="1" enabled="1" scrollable="0"><content><![CDATA[<p style="text-align:center"><span style="font-size:25px"><strong><span style="color:#FF8C00"><span style="font-family:verdana,geneva,sans-serif">paraguas</span></span></strong></span></p>
]]></content></component><component _type="_compRichText" id="texto_101" x="47" y="138" width="847" height="89" alpha="1" visible="1" enabled="1" scrollable="0"><content><![CDATA[<p style="text-align:center"><span style="font-size:30px"><span style="font-family:verdana,geneva,sans-serif">&iquest;Qu&eacute; puede ser?</span></span></p>
]]></content></component><component _type="_compIconButton" id="iconbutton_67" x="89" y="542" width="37" height="37" alpha="1" visible="1" enabled="1" cssClass="iconPrevButton" group="-1"><event id="onClick" language="DO"><![CDATA[uiobject_set(rootSlider,"current",28)]]></event></component><component _type="_compIconButton" id="iconbutton_66" x="139" y="542" width="37" height="37" alpha="1" visible="1" enabled="1" cssClass="iconNextButton" group="-1"><event id="onClick" language="DO"><![CDATA[uiobject_set(rootSlider,"current", 30)]]></event></component><component _type="_compIconButton" id="iconbutton_68" x="40" y="542" width="37" height="37" alpha="1" visible="1" enabled="1" cssClass="iconHomeButton" group="-1"><event id="onClick" language="DO"><![CDATA[uiobject_set(rootSlider,"current",1)]]></event></component></components><animaciones></animaciones></pantalla><pantalla id="pantalla_126"><event id="onPrepare" language="DO"><![CDATA[]]></event><event id="onShown" language="DO"><![CDATA[]]></event><components><component _type="_compImage" id="image_70" x="76" y="115" width="418" height="385" alpha="1" visible="1" enabled="1" cssClass="" adjustMode="1" alignMode="0" image="data/imagenes/screenshot_18.png" /><component _type="_compRichText" id="texto_71" x="608" y="200" width="363" height="86" alpha="1" visible="1" enabled="1" scrollable="0"><content><![CDATA[<p><span style="font-size:25px"><span style="font-family:verdana,geneva,sans-serif"><span style="color:#FF8C00"><strong>paraguas</strong></span></span></span></p>
]]></content></component><component _type="_compIconButton" id="iconbutton_66" x="139" y="542" width="37" height="37" alpha="1" visible="1" enabled="1" cssClass="iconNextButton" group="-1"><event id="onClick" language="DO"><![CDATA[uiobject_set(rootSlider,"current", 31)]]></event></component><component _type="_compIconButton" id="iconbutton_67" x="89" y="542" width="37" height="37" alpha="1" visible="1" enabled="1" cssClass="iconPrevButton" group="-1"><event id="onClick" language="DO"><![CDATA[uiobject_set(rootSlider,"current",29)]]></event></component><component _type="_compIconButton" id="iconbutton_68" x="40" y="542" width="37" height="37" alpha="1" visible="1" enabled="1" cssClass="iconHomeButton" group="-1"><event id="onClick" language="DO"><![CDATA[uiobject_set(rootSlider,"current",1)]]></event></component></components><animaciones></animaciones></pantalla><pantalla id="pantalla_130"><event id="onPrepare" language="DO"><![CDATA[]]></event><event id="onShown" language="DO"><![CDATA[]]></event><components><component _type="_compImage" id="image_70" x="76" y="115" width="418" height="385" alpha="1" visible="1" enabled="1" cssClass="" adjustMode="1" alignMode="0" image="data/imagenes/screenshot_18.png" /><component _type="_compRichText" id="texto_71" x="608" y="200" width="363" height="86" alpha="1" visible="1" enabled="1" scrollable="0"><content><![CDATA[<p><span style="font-size:25px"><span style="font-family:verdana,geneva,sans-serif"><span style="color:#FF8C00"><strong>paraguas</strong></span></span></span></p>
]]></content></component><component _type="_compIconButton" id="iconbutton_66" x="139" y="542" width="37" height="37" alpha="1" visible="1" enabled="1" cssClass="iconNextButton" group="-1"><event id="onClick" language="DO"><![CDATA[uiobject_set(rootSlider,"current", 32)]]></event></component><component _type="_compIconButton" id="iconbutton_67" x="89" y="542" width="37" height="37" alpha="1" visible="1" enabled="1" cssClass="iconPrevButton" group="-1"><event id="onClick" language="DO"><![CDATA[uiobject_set(rootSlider,"current", 30)]]></event></component><component _type="_compIconButton" id="iconbutton_68" x="40" y="542" width="37" height="37" alpha="1" visible="1" enabled="1" cssClass="iconHomeButton" group="-1"><event id="onClick" language="DO"><![CDATA[uiobject_set(rootSlider,"current",1)]]></event></component><component _type="_compImage" id="image_134" x="604" y="262" width="144" height="125" alpha="1" visible="1" enabled="1" cssClass="" adjustMode="1" alignMode="0" image="data/imagenes/screenshot_15.png" /></components><animaciones></animaciones></pantalla><pantalla id="pantalla_135"><event id="onPrepare" language="DO"><![CDATA[]]></event><event id="onShown" language="DO"><![CDATA[]]></event><components><component _type="_compRichText" id="texto_67" x="47" y="258" width="847" height="89" alpha="1" visible="1" enabled="1" scrollable="0"><content><![CDATA[<p style="text-align:center"><span style="font-size:25px"><strong><span style="color:#FF8C00"><span style="font-family:verdana,geneva,sans-serif">mono</span></span></strong></span></p>
]]></content></component><component _type="_compRichText" id="texto_101" x="47" y="138" width="847" height="89" alpha="1" visible="1" enabled="1" scrollable="0"><content><![CDATA[<p style="text-align:center"><span style="font-size:30px"><span style="font-family:verdana,geneva,sans-serif">&iquest;Qu&eacute; puede ser?</span></span></p>
]]></content></component><component _type="_compIconButton" id="iconbutton_67" x="89" y="542" width="37" height="37" alpha="1" visible="1" enabled="1" cssClass="iconPrevButton" group="-1"><event id="onClick" language="DO"><![CDATA[uiobject_set(rootSlider,"current", 31)]]></event></component><component _type="_compIconButton" id="iconbutton_66" x="139" y="542" width="37" height="37" alpha="1" visible="1" enabled="1" cssClass="iconNextButton" group="-1"><event id="onClick" language="DO"><![CDATA[uiobject_set(rootSlider,"current", 33)]]></event></component><component _type="_compIconButton" id="iconbutton_68" x="40" y="542" width="37" height="37" alpha="1" visible="1" enabled="1" cssClass="iconHomeButton" group="-1"><event id="onClick" language="DO"><![CDATA[uiobject_set(rootSlider,"current",1)]]></event></component></components><animaciones></animaciones></pantalla><pantalla id="pantalla_139"><event id="onPrepare" language="DO"><![CDATA[]]></event><event id="onShown" language="DO"><![CDATA[]]></event><components><component _type="_compImage" id="image_70" x="75" y="115" width="801" height="302" alpha="1" visible="1" enabled="1" cssClass="" adjustMode="1" alignMode="0" image="data/imagenes/screenshot_19.png" /><component _type="_compRichText" id="texto_71" x="293" y="43" width="363" height="86" alpha="1" visible="1" enabled="1" scrollable="0"><content><![CDATA[<p style="text-align:center"><span style="font-size:25px"><span style="font-family:verdana,geneva,sans-serif"><span style="color:#FF8C00"><strong>mono</strong></span></span></span></p>
]]></content></component><component _type="_compIconButton" id="iconbutton_66" x="139" y="542" width="37" height="37" alpha="1" visible="1" enabled="1" cssClass="iconNextButton" group="-1"><event id="onClick" language="DO"><![CDATA[uiobject_set(rootSlider,"current", 34)]]></event></component><component _type="_compIconButton" id="iconbutton_67" x="89" y="542" width="37" height="37" alpha="1" visible="1" enabled="1" cssClass="iconPrevButton" group="-1"><event id="onClick" language="DO"><![CDATA[uiobject_set(rootSlider,"current", 32)]]></event></component><component _type="_compIconButton" id="iconbutton_68" x="40" y="542" width="37" height="37" alpha="1" visible="1" enabled="1" cssClass="iconHomeButton" group="-1"><event id="onClick" language="DO"><![CDATA[uiobject_set(rootSlider,"current",1)]]></event></component></components><animaciones></animaciones></pantalla><pantalla id="pantalla_143"><event id="onPrepare" language="DO"><![CDATA[]]></event><event id="onShown" language="DO"><![CDATA[]]></event><components><component _type="_compRichText" id="texto_117" x="97" y="430" width="306" height="86" alpha="1" visible="1" enabled="1" scrollable="0"><content><![CDATA[<p><span style="color:rgb(0, 0, 0); font-family:verdana,geneva,sans-serif; font-size:22.2222232818604px">El&nbsp;</span><span style="font-family:verdana,geneva,sans-serif; font-size:22.2222232818604px"><span style="color:#FF8C00"><strong>mono&nbsp;</strong></span>escala los &aacute;rboles f&aacute;cilmente</span><span style="font-size:22px"><span style="font-family:verdana,geneva,sans-serif">.</span></span></p>
]]></content></component><component _type="_compRichText" id="texto_73" x="506" y="426" width="347" height="111" alpha="1" visible="1" enabled="1" scrollable="0"><content><![CDATA[<p><span style="color:rgb(0, 0, 0); font-family:verdana,geneva,sans-serif; font-size:22.2222232818604px">Hay que usar el&nbsp;</span><span style="color:rgb(255, 140, 0); font-family:verdana,geneva,sans-serif; font-size:22.2222232818604px"><strong>mono</strong></span><span style="font-size:22px"><span style="font-family:verdana,geneva,sans-serif">&nbsp;(enterizo) para trabajar.</span></span></p>
]]></content></component><component _type="_compImage" id="image_70" x="74" y="118" width="801" height="302" alpha="1" visible="1" enabled="1" cssClass="" adjustMode="1" alignMode="0" image="data/imagenes/screenshot_19.png" /><component _type="_compRichText" id="texto_71" x="293" y="43" width="363" height="86" alpha="1" visible="1" enabled="1" scrollable="0"><content><![CDATA[<p style="text-align:center"><span style="font-size:25px"><span style="font-family:verdana,geneva,sans-serif"><span style="color:#FF8C00"><strong>mono</strong></span></span></span></p>
]]></content></component><component _type="_compIconButton" id="iconbutton_66" x="139" y="542" width="37" height="37" alpha="1" visible="1" enabled="1" cssClass="iconNextButton" group="-1"><event id="onClick" language="DO"><![CDATA[uiobject_set(rootSlider,"current", 35)]]></event></component><component _type="_compIconButton" id="iconbutton_67" x="89" y="542" width="37" height="37" alpha="1" visible="1" enabled="1" cssClass="iconPrevButton" group="-1"><event id="onClick" language="DO"><![CDATA[uiobject_set(rootSlider,"current", 33)]]></event></component><component _type="_compIconButton" id="iconbutton_68" x="40" y="542" width="37" height="37" alpha="1" visible="1" enabled="1" cssClass="iconHomeButton" group="-1"><event id="onClick" language="DO"><![CDATA[uiobject_set(rootSlider,"current",1)]]></event></component></components><animaciones></animaciones></pantalla><pantalla id="pantalla_147"><event id="onPrepare" language="DO"><![CDATA[]]></event><event id="onShown" language="DO"><![CDATA[]]></event><components><component _type="_compRichText" id="texto_71" x="293" y="153" width="363" height="86" alpha="1" visible="1" enabled="1" scrollable="0"><content><![CDATA[<p style="text-align:center"><span style="font-size:25px"><span style="font-family:verdana,geneva,sans-serif"><span style="color:#FF8C00"><strong>mono</strong></span></span></span></p>
]]></content></component><component _type="_compImage" id="image_70" x="411" y="207" width="127" height="139" alpha="1" visible="1" enabled="1" cssClass="" adjustMode="1" alignMode="0" image="data/imagenes/screenshot_17.png" /><component _type="_compIconButton" id="iconbutton_66" x="139" y="542" width="37" height="37" alpha="1" visible="1" enabled="1" cssClass="iconNextButton" group="-1"><event id="onClick" language="DO"><![CDATA[uiobject_set(rootSlider,"current", 36)]]></event></component><component _type="_compIconButton" id="iconbutton_67" x="89" y="542" width="37" height="37" alpha="1" visible="1" enabled="1" cssClass="iconPrevButton" group="-1"><event id="onClick" language="DO"><![CDATA[uiobject_set(rootSlider,"current", 34)]]></event></component><component _type="_compIconButton" id="iconbutton_68" x="40" y="542" width="37" height="37" alpha="1" visible="1" enabled="1" cssClass="iconHomeButton" group="-1"><event id="onClick" language="DO"><![CDATA[uiobject_set(rootSlider,"current",1)]]></event></component></components><animaciones></animaciones></pantalla><pantalla id="pantalla_151"><event id="onPrepare" language="DO"><![CDATA[]]></event><event id="onShown" language="DO"><![CDATA[]]></event><components><component _type="_compRichText" id="texto_67" x="47" y="258" width="847" height="89" alpha="1" visible="1" enabled="1" scrollable="0"><content><![CDATA[<p style="text-align:center"><span style="font-size:25px"><strong><span style="color:#FF8C00"><span style="font-family:verdana,geneva,sans-serif">perlas</span></span></strong></span></p>
]]></content></component><component _type="_compRichText" id="texto_101" x="47" y="138" width="847" height="89" alpha="1" visible="1" enabled="1" scrollable="0"><content><![CDATA[<p style="text-align:center"><span style="font-size:30px"><span style="font-family:verdana,geneva,sans-serif">&iquest;Qu&eacute; puede ser?</span></span></p>
]]></content></component><component _type="_compIconButton" id="iconbutton_67" x="89" y="542" width="37" height="37" alpha="1" visible="1" enabled="1" cssClass="iconPrevButton" group="-1"><event id="onClick" language="DO"><![CDATA[uiobject_set(rootSlider,"current", 35)]]></event></component><component _type="_compIconButton" id="iconbutton_66" x="139" y="542" width="37" height="37" alpha="1" visible="1" enabled="1" cssClass="iconNextButton" group="-1"><event id="onClick" language="DO"><![CDATA[uiobject_set(rootSlider,"current", 37)]]></event></component><component _type="_compIconButton" id="iconbutton_68" x="40" y="542" width="37" height="37" alpha="1" visible="1" enabled="1" cssClass="iconHomeButton" group="-1"><event id="onClick" language="DO"><![CDATA[uiobject_set(rootSlider,"current",1)]]></event></component></components><animaciones></animaciones></pantalla><pantalla id="pantalla_155"><event id="onPrepare" language="DO"><![CDATA[]]></event><event id="onShown" language="DO"><![CDATA[]]></event><components><component _type="_compImage" id="image_70" x="76" y="115" width="421" height="389" alpha="1" visible="1" enabled="1" cssClass="" adjustMode="1" alignMode="0" image="data/imagenes/screenshot_20.png" /><component _type="_compRichText" id="texto_71" x="608" y="200" width="363" height="86" alpha="1" visible="1" enabled="1" scrollable="0"><content><![CDATA[<p><span style="font-size:25px"><span style="font-family:verdana,geneva,sans-serif"><span style="color:#FF8C00"><strong>perlas</strong></span></span></span></p>
]]></content></component><component _type="_compIconButton" id="iconbutton_66" x="139" y="542" width="37" height="37" alpha="1" visible="1" enabled="1" cssClass="iconNextButton" group="-1"><event id="onClick" language="DO"><![CDATA[uiobject_set(rootSlider,"current", 38)]]></event></component><component _type="_compIconButton" id="iconbutton_67" x="89" y="542" width="37" height="37" alpha="1" visible="1" enabled="1" cssClass="iconPrevButton" group="-1"><event id="onClick" language="DO"><![CDATA[uiobject_set(rootSlider,"current", 36)]]></event></component><component _type="_compIconButton" id="iconbutton_68" x="40" y="542" width="37" height="37" alpha="1" visible="1" enabled="1" cssClass="iconHomeButton" group="-1"><event id="onClick" language="DO"><![CDATA[uiobject_set(rootSlider,"current",1)]]></event></component></components><animaciones></animaciones></pantalla><pantalla id="pantalla_159"><event id="onPrepare" language="DO"><![CDATA[]]></event><event id="onShown" language="DO"><![CDATA[]]></event><components><component _type="_compIconButton" id="iconbutton_66" x="139" y="542" width="37" height="37" alpha="1" visible="1" enabled="1" cssClass="iconNextButton" group="-1"><event id="onClick" language="DO"><![CDATA[uiobject_set(rootSlider,"current", 39)]]></event></component><component _type="_compIconButton" id="iconbutton_67" x="89" y="542" width="37" height="37" alpha="1" visible="1" enabled="1" cssClass="iconPrevButton" group="-1"><event id="onClick" language="DO"><![CDATA[uiobject_set(rootSlider,"current", 37)]]></event></component><component _type="_compIconButton" id="iconbutton_68" x="40" y="542" width="37" height="37" alpha="1" visible="1" enabled="1" cssClass="iconHomeButton" group="-1"><event id="onClick" language="DO"><![CDATA[uiobject_set(rootSlider,"current",1)]]></event></component><component _type="_compImage" id="image_70" x="76" y="115" width="421" height="389" alpha="1" visible="1" enabled="1" cssClass="" adjustMode="1" alignMode="0" image="data/imagenes/screenshot_20.png" /><component _type="_compRichText" id="texto_71" x="608" y="200" width="363" height="86" alpha="1" visible="1" enabled="1" scrollable="0"><content><![CDATA[<p><span style="font-size:25px"><span style="font-family:verdana,geneva,sans-serif"><span style="color:#FF8C00"><strong>perlas</strong></span></span></span></p>
]]></content></component><component _type="_compImage" id="image_116" x="587" y="254" width="144" height="125" alpha="1" visible="1" enabled="1" cssClass="" adjustMode="1" alignMode="0" image="data/imagenes/screenshot_15.png" /></components><animaciones></animaciones></pantalla><pantalla id="pantalla_163"><event id="onPrepare" language="DO"><![CDATA[]]></event><event id="onShown" language="DO"><![CDATA[]]></event><components><component _type="_compRichText" id="texto_67" x="47" y="258" width="847" height="89" alpha="1" visible="1" enabled="1" scrollable="0"><content><![CDATA[<p style="text-align:center"><span style="font-size:25px"><strong><span style="color:#FF8C00"><span style="font-family:verdana,geneva,sans-serif">gato</span></span></strong></span></p>
]]></content></component><component _type="_compRichText" id="texto_101" x="47" y="138" width="847" height="89" alpha="1" visible="1" enabled="1" scrollable="0"><content><![CDATA[<p style="text-align:center"><span style="font-size:30px"><span style="font-family:verdana,geneva,sans-serif">&iquest;Qu&eacute; puede ser?</span></span></p>
]]></content></component><component _type="_compIconButton" id="iconbutton_67" x="89" y="542" width="37" height="37" alpha="1" visible="1" enabled="1" cssClass="iconPrevButton" group="-1"><event id="onClick" language="DO"><![CDATA[uiobject_set(rootSlider,"current", 38)]]></event></component><component _type="_compIconButton" id="iconbutton_66" x="139" y="542" width="37" height="37" alpha="1" visible="1" enabled="1" cssClass="iconNextButton" group="-1"><event id="onClick" language="DO"><![CDATA[uiobject_set(rootSlider,"current", 40)]]></event></component><component _type="_compIconButton" id="iconbutton_68" x="40" y="542" width="37" height="37" alpha="1" visible="1" enabled="1" cssClass="iconHomeButton" group="-1"><event id="onClick" language="DO"><![CDATA[uiobject_set(rootSlider,"current",1)]]></event></component></components><animaciones></animaciones></pantalla><pantalla id="pantalla_167"><event id="onPrepare" language="DO"><![CDATA[]]></event><event id="onShown" language="DO"><![CDATA[]]></event><components><component _type="_compImage" id="image_70" x="75" y="115" width="800" height="304" alpha="1" visible="1" enabled="1" cssClass="" adjustMode="1" alignMode="0" image="data/imagenes/screenshot_21.png" /><component _type="_compRichText" id="texto_71" x="293" y="43" width="363" height="86" alpha="1" visible="1" enabled="1" scrollable="0"><content><![CDATA[<p style="text-align:center"><span style="font-size:25px"><span style="font-family:verdana,geneva,sans-serif"><span style="color:#FF8C00"><strong>gato</strong></span></span></span></p>
]]></content></component><component _type="_compIconButton" id="iconbutton_66" x="139" y="542" width="37" height="37" alpha="1" visible="1" enabled="1" cssClass="iconNextButton" group="-1"><event id="onClick" language="DO"><![CDATA[uiobject_set(rootSlider,"current", 41)]]></event></component><component _type="_compIconButton" id="iconbutton_67" x="89" y="542" width="37" height="37" alpha="1" visible="1" enabled="1" cssClass="iconPrevButton" group="-1"><event id="onClick" language="DO"><![CDATA[uiobject_set(rootSlider,"current", 39)]]></event></component><component _type="_compIconButton" id="iconbutton_68" x="40" y="542" width="37" height="37" alpha="1" visible="1" enabled="1" cssClass="iconHomeButton" group="-1"><event id="onClick" language="DO"><![CDATA[uiobject_set(rootSlider,"current",1)]]></event></component></components><animaciones></animaciones></pantalla><pantalla id="pantalla_171"><event id="onPrepare" language="DO"><![CDATA[]]></event><event id="onShown" language="DO"><![CDATA[]]></event><components><component _type="_compImage" id="image_70" x="75" y="115" width="800" height="304" alpha="1" visible="1" enabled="1" cssClass="" adjustMode="1" alignMode="0" image="data/imagenes/screenshot_21.png" /><component _type="_compRichText" id="texto_71" x="293" y="43" width="363" height="86" alpha="1" visible="1" enabled="1" scrollable="0"><content><![CDATA[<p style="text-align:center"><span style="font-size:25px"><span style="font-family:verdana,geneva,sans-serif"><span style="color:#FF8C00"><strong>gato</strong></span></span></span></p>
]]></content></component><component _type="_compIconButton" id="iconbutton_66" x="139" y="542" width="37" height="37" alpha="1" visible="1" enabled="1" cssClass="iconNextButton" group="-1"><event id="onClick" language="DO"><![CDATA[uiobject_set(rootSlider,"current", 42)]]></event></component><component _type="_compIconButton" id="iconbutton_67" x="89" y="542" width="37" height="37" alpha="1" visible="1" enabled="1" cssClass="iconPrevButton" group="-1"><event id="onClick" language="DO"><![CDATA[uiobject_set(rootSlider,"current", 40)]]></event></component><component _type="_compIconButton" id="iconbutton_68" x="40" y="542" width="37" height="37" alpha="1" visible="1" enabled="1" cssClass="iconHomeButton" group="-1"><event id="onClick" language="DO"><![CDATA[uiobject_set(rootSlider,"current",1)]]></event></component><component _type="_compRichText" id="texto_117" x="93" y="427" width="321" height="86" alpha="1" visible="1" enabled="1" scrollable="0"><content><![CDATA[<p><span style="color:rgb(0, 0, 0); font-family:verdana,geneva,sans-serif; font-size:22.2222232818604px">Mi&nbsp;</span><span style="font-family:verdana,geneva,sans-serif; font-size:22.2222232818604px"><span style="color:#FF8C00"><strong>gato&nbsp;</strong></span>es muy consentido.</span></p>
]]></content></component><component _type="_compRichText" id="texto_73" x="525" y="426" width="328" height="90" alpha="1" visible="1" enabled="1" scrollable="0"><content><![CDATA[<p><span style="color:rgb(0, 0, 0); font-family:verdana,geneva,sans-serif; font-size:22.2222232818604px">Para cambiar una rueda debes usar el&nbsp;</span><span style="color:rgb(255, 140, 0); font-family:verdana,geneva,sans-serif; font-size:22.2222232818604px"><strong>gato</strong></span><span style="font-size:22px"><span style="font-family:verdana,geneva,sans-serif">.</span></span></p>
]]></content></component></components><animaciones></animaciones></pantalla><pantalla id="pantalla_175"><event id="onPrepare" language="DO"><![CDATA[]]></event><event id="onShown" language="DO"><![CDATA[]]></event><components><component _type="_compRichText" id="texto_71" x="293" y="153" width="363" height="86" alpha="1" visible="1" enabled="1" scrollable="0"><content><![CDATA[<p style="text-align:center"><font color="#ff8c00" face="verdana, geneva, sans-serif"><span style="font-size:25.5555553436279px"><strong>gato</strong></span></font></p>
]]></content></component><component _type="_compImage" id="image_70" x="411" y="207" width="127" height="139" alpha="1" visible="1" enabled="1" cssClass="" adjustMode="1" alignMode="0" image="data/imagenes/screenshot_17.png" /><component _type="_compIconButton" id="iconbutton_67" x="89" y="542" width="37" height="37" alpha="1" visible="1" enabled="1" cssClass="iconPrevButton" group="-1"><event id="onClick" language="DO"><![CDATA[uiobject_set(rootSlider,"current", 41)]]></event></component><component _type="_compIconButton" id="iconbutton_68" x="40" y="542" width="37" height="37" alpha="1" visible="1" enabled="1" cssClass="iconHomeButton" group="-1"><event id="onClick" language="DO"><![CDATA[uiobject_set(rootSlider,"current",1)]]></event></component></components><animaciones></animaciones></pantalla></pantallas><popups></popups></engine>