﻿<?xml version="1.0" encoding="utf-8"?><engine copy="Editorial Planeta" version="1" aprid="f6b"><main layout="0">
<title>Antología de leyendas precolombinas</title>
</main>
<sections>
<section i="0" star="false" >
<menuImage>
<title><![CDATA[<p><span style="font-size:24px;"><span style="font-family: verdana,geneva,sans-serif;">Leyenda ticuna </span></span></p>

<p><span style="font-size:24px;"><span style="font-family: verdana,geneva,sans-serif;">Origen de los hombres</span></span></p>
]]></title>
</menuImage>
<pages>
<page i="0">
<title>Los ticunas pueblan la tierra</title>
<description><![CDATA[<p><span style="font-size:20px;"><span style="font-family: verdana,geneva,sans-serif;">Yuche viv&iacute;a desde siempre, solo en el mundo. En compa&ntilde;&iacute;a de las perdices, los paujiles, los monos y los grillos hab&iacute;a visto envejecer la tierra. A trav&eacute;s de ellos se daba cuenta de que el mundo viv&iacute;a y que la vida era tiempo y el tiempo&hellip; muerte.</span></span></p>

<p><span style="font-size:20px;"><span style="font-family: verdana,geneva,sans-serif;">No exist&iacute;a en la tierra sitio m&aacute;s bello que aqu&eacute;l donde Yuche viv&iacute;a: era una peque&ntilde;a choza en un claro de la selva y muy cerca de un arroyo enmarcado en playas de arena fina. Todo era tibio all&iacute;; ni el calor ni la lluvia entorpec&iacute;an la placidez de aquel lugar.</span></span></p>

<p><span style="font-size:20px;"><span style="font-family: verdana,geneva,sans-serif;">Dicen que nadie ha visto el sitio, pero todos los ticunas esperan ir all&iacute; alg&uacute;n d&iacute;a.</span></span></p>

<p><span style="font-size:20px;"><span style="font-family: verdana,geneva,sans-serif;">Una vez Yuche fue a ba&ntilde;arse al arroyo, como de costumbre. Lleg&oacute; a la orilla y se fue introduciendo en el agua hasta que estuvo casi enteramente sumergido. Al lavarse la cara se inclin&oacute; hacia adelante mir&aacute;ndose en el espejo del agua y por primera vez not&oacute; que hab&iacute;a envejecido.</span></span></p>

<p><span style="font-size:20px;"><span style="font-family: verdana,geneva,sans-serif;">El verse viejo le entristeci&oacute; profundamente.</span></span></p>

<p><span style="font-size:20px;"><span style="font-family: verdana,geneva,sans-serif;">-Estoy ya viejo&hellip; y solo. &iexcl;Oh! Si muero, la tierra quedar&aacute; m&aacute;s sola todav&iacute;a.</span></span></p>

<p><span style="font-size:20px;"><span style="font-family: verdana,geneva,sans-serif;">Apesadumbrado, despaciosamente emprendi&oacute; el regreso a su choza.</span></span></p>

<p><span style="font-size:20px;"><span style="font-family: verdana,geneva,sans-serif;">El susurro de la selva y el canto de las aves lo embargaban de infinita melancol&iacute;a.</span></span></p>

<p><span style="font-size:20px;"><span style="font-family: verdana,geneva,sans-serif;">Yendo en el camino sinti&oacute; un dolor en la rodilla, como si lo hubiera picado alg&uacute;n insecto; no pudo darse cuenta, pero pens&oacute; que hab&iacute;a podido ser una avispa. Comenz&oacute; a sentir que un pesado sopor lo invad&iacute;a.</span></span></p>

<p><span style="font-size:20px;"><span style="font-family: verdana,geneva,sans-serif;">-Es raro c&oacute;mo me siento. Me acostar&eacute; tan pronto llegue.</span></span></p>

<p><span style="font-size:20px;"><span style="font-family: verdana,geneva,sans-serif;">Sigui&oacute; caminando con dificultad y al llegar a su choza se recost&oacute;, quedando dormido.</span></span></p>

<p><span style="font-size:20px;"><span style="font-family: verdana,geneva,sans-serif;">Tuvo un largo sue&ntilde;o. So&ntilde;&oacute; que mientras m&aacute;s so&ntilde;aba, m&aacute;s envejec&iacute;a y m&aacute;s d&eacute;bil se pon&iacute;a y que de su cuerpo ag&oacute;nico sal&iacute;an otros seres.</span></span></p>

<p><span style="font-size:20px;"><span style="font-family: verdana,geneva,sans-serif;">Despert&oacute; muy tarde, al otro d&iacute;a. Quiso levantarse pero el dolor se lo impidi&oacute;. Entonces se mir&oacute;&nbsp;la inflamada rodilla y not&oacute; que la piel se hab&iacute;a vuelto transparente. Le pareci&oacute; que algo en su interior se mov&iacute;a. Al acercar m&aacute;s los ojos vio con sorpresa que, all&aacute; en el fondo, dos min&uacute;sculos seres trabajaban; se puso a observarlos.</span></span></p>

<p><span style="font-size:20px;"><span style="font-family: verdana,geneva,sans-serif;">Las figurillas eran un hombre y una mujer; el hombre templaba un arco y la mujer tej&iacute;a un chinchorro.</span></span></p>

<p><span style="font-size:20px;"><span style="font-family: verdana,geneva,sans-serif;">Intrigado, Yuche les pregunt&oacute;:</span></span></p>

<p><span style="font-size:20px;"><span style="font-family: verdana,geneva,sans-serif;">-&iquest;Qui&eacute;nes son ustedes? &iquest;C&oacute;mo llegaron ah&iacute;?</span></span></p>

<p><span style="font-size:20px;"><span style="font-family: verdana,geneva,sans-serif;">Los seres levantaron la cabeza, lo miraron, pero no respondieron y siguieron trabajando.</span></span></p>

<p><span style="font-size:20px;"><span style="font-family: verdana,geneva,sans-serif;">Al no obtener respuesta, hizo un m&aacute;ximo esfuerzo para ponerse en pie, pero cay&oacute; sobre la tierra. Al golpearse, la rodilla se revent&oacute; y de ella salieron los peque&ntilde;os seres que empezaron a crecer r&aacute;pidamente, mientras &eacute;l mor&iacute;a.</span></span></p>

<p><span style="font-size:20px;"><span style="font-family: verdana,geneva,sans-serif;">Cuando terminaron de crecer, Yuche muri&oacute;.</span></span></p>

<p><span style="font-size:20px;"><span style="font-family: verdana,geneva,sans-serif;">Los primeros ticunas se quedaron por alg&uacute;n tiempo all&iacute;, donde tuvieron varios hijos; pero m&aacute;s tarde se marcharon porque quer&iacute;an conocer m&aacute;s tierras y se perdieron.</span></span></p>

<p><span style="font-size:20px;"><span style="font-family: verdana,geneva,sans-serif;">Muchos ticunas han buscado aquel lugar, pero ninguno lo ha encontrado.</span></span></p>

<p style="text-align: right;"><span style="font-size:18px;"><span style="font-family: verdana,geneva,sans-serif;">Hugo Ni&ntilde;o. En: <em>C&oacute;mo surgieron los seres y las cosas</em>. Coedici&oacute;n Latinoamericana-Editorial Norma. Bogot&aacute;, 1986.</span></span></p>

<p></p>
]]></description>
<images>
<image path="LE_08_01_REC150_IMG01n.jpg" border="false" pathbig="LE_08_01_REC150_IMG01a.jpg" zoomEnabled="true">
<title><![CDATA[El río Amazonas en la actualidad sigue siendo un referente geográfico y cultural para nuestros grupos indígenas del sur del país.]]></title>
</image>
</images>
<questions>
</questions>
</page>
<page i="0">
<title>          </title>
<description><![CDATA[<p><span style="font-size:20px;"><span style="font-family: verdana,geneva,sans-serif;">En las &quot;ceremonias de palabras&quot;, los viejos cuentan a los j&oacute;venes la historia de la creaci&oacute;n, para que se conserve en sus memorias y se transmita de generaci&oacute;n a generaci&oacute;n. </span></span></p>

<p><span style="font-size:20px;"><span style="font-family: verdana,geneva,sans-serif;">Los ticunas conforman el grupo m&aacute;s austral de Colombia. En otras &eacute;pocas, numeroso, hoy se encuentra disperso a lo largo del territorio que antes ocup&oacute; profusamente: las m&aacute;rgenes del Amazonas, desde la peruana -Loreto- hasta la brasile&ntilde;a. Su poblaci&oacute;n actual en Colombia escasamente llega al millar.</span></span></p>

<p><span style="font-size:20px;"><span style="font-family: verdana,geneva,sans-serif;">Esta versi&oacute;n del mito fue recogida en la aldea de Puerto Nari&ntilde;o, en la orilla izquierda del Amazonas, donde en la actualidad viven ticunas venidos de todas partes.</span></span></p>

<p style="text-align: right;"><span style="font-size:18px;"><span style="font-family: verdana,geneva,sans-serif;">Hugo Ni&ntilde;o. En: <em>C&oacute;mo surgieron los seres y las cosas</em>. Coedici&oacute;n Latinoamericana-Editorial Norma. Bogot&aacute;, 1986.</span></span></p>
]]></description>
<images>
<image path="LE_08_01_REC150_IMG02n.jpg" border="false" pathbig="LE_08_01_REC150_IMG02a.jpg" zoomEnabled="true">
<title><![CDATA[Algunos mitos de creación se basan en la "lectura" del cosmos y las estrellas en el firmamento. En la leyenda ticuna, el elemento revelador es el agua. ]]></title>
</image>
</images>
<questions>
<question visible="true">
<text><![CDATA[<p><span style="font-size:22px;"><span style="font-family: verdana,geneva,sans-serif;">&iquest;Para los ticunas qu&eacute; significado ten&iacute;a el lugar que no pod&iacute;an ubicar, pero al que todos esperaban ir?</span></span></p>

<p></p>
]]></text><answers>
<answer correct="true">
<![CDATA[
Su conexión con el origen simbólico del pueblo ticuna.]]></answer>
<answer correct="false">
<![CDATA[
La repetición de la historia de Yuche.]]></answer>
<answer correct="false">
<![CDATA[
Encontrar el punto en donde fueron creados.]]></answer>
<answer correct="false">
<![CDATA[
Volver a su hogar, después de la Conquista española.]]></answer>
</answers>
</question>
<question visible="true">
<text><![CDATA[<p><span style="font-size:22px;"><span style="font-family: verdana,geneva,sans-serif;">&iquest;Cu&aacute;l es la explicaci&oacute;n m&aacute;s apropiada para la muerte de Yuche?</span></span></p>
]]></text><answers>
<answer correct="false">
<![CDATA[
Yuche es como el padre original de todos los ticunas.]]></answer>
<answer correct="true">
<![CDATA[
La existencia de Yuche es simbólica; no es un hecho histórico.]]></answer>
<answer correct="false">
<![CDATA[
Debía morir para dar paso a las nuevas generaciones.]]></answer>
<answer correct="false">
<![CDATA[
Ya había dejado su legado y no era necesaria su vida. ]]></answer>
</answers>
</question>
<question visible="true">
<text><![CDATA[<p><span style="font-size:22px;"><span style="font-family: verdana,geneva,sans-serif;">&iquest;Qu&eacute; significado tienen los oficios: templar el arco y tejer un chinchorro?</span></span></p>
]]></text><answers>
<answer correct="false">
<![CDATA[
Eran un mandato de su creador. ]]></answer>
<answer correct="false">
<![CDATA[
Era lo que los salvaría de las amenazas de la naturaleza.]]></answer>
<answer correct="false">
<![CDATA[
Era lo que podrían comerciar para sobrevivir. ]]></answer>
<answer correct="true">
<![CDATA[
Representaban las identidades masculina y femenina.]]></answer>
</answers>
</question>
</questions>
</page>
</pages>
</section><section i="1" star="false" >
<menuImage>
<title><![CDATA[<p><span style="font-size:24px;"><span style="font-family: verdana,geneva,sans-serif;">Leyenda achagua </span></span></p>

<p><span style="font-size:24px;"><span style="font-family: verdana,geneva,sans-serif;">Origen de los caribes</span></span></p>
]]></title>
</menuImage>
<pages>
<page i="0">
<title>Leyenda achagua sobre el origen de los caribes</title>
<description><![CDATA[<div class="page" title="Page 1">
<div class="layoutArea">
<div class="column">
<p><span style="font-size:20px;"><span style="font-family: verdana,geneva,sans-serif;">En el mundo de los achaguas hubo una serpiente que no s&oacute;lo los mataba a ellos sino a los habitantes del Orinoco, y como estaba acabando con todos, imploraron a Pur&uacute;, su dios creador, para que los socorriera, y como hasta &eacute;l llegaron y fueron escuchadas las plegarias, un d&iacute;a les envi&oacute;&nbsp;a su hija, la cual mat&oacute; al animal y lo arroj&oacute;&nbsp;lejos. </span></span></p>

<p><span style="font-size:20px;"><span style="font-family: verdana,geneva,sans-serif;">Los indios, felices por el acontecimiento, realizaron grandes festividades en honor de Pur&uacute;&nbsp;y de su hija, y mientras bailaban y beb&iacute;an, la culebra se podr&iacute;a a la intemperie y de su cuerpo en descomposici&oacute;n brotaban por doquier gusanos que una vez tocaban con su cuerpo tierra se convert&iacute;an en indios caribes, sus posteriores mortales enemigos. </span></span></p>

<p><span style="font-size:20px;"><span style="font-family: verdana,geneva,sans-serif;">Cuenta la leyenda que as&iacute;&nbsp;como la serpiente fue tan feroz y sangrienta con los achaguas, as&iacute;&nbsp;tambi&eacute;n el hombre y mujer en que cada gusano se volv&iacute;a, se convirtieron en los indios pertenecientes a esa tribu sanguinaria que m&aacute;s tarde tantos da&ntilde;os les caus&oacute;, y creen que esta fue la manera como la serpiente se veng&oacute;.</span></span></p>

<p style="text-align: right;"><span style="font-size:18px;"><span style="font-family: verdana,geneva,sans-serif;"><em>Mitos de los achaguas</em>. Recuperado de&nbsp;http://siic.mininterior.gov.co/sites/default/files/achaguas</span></span></p>
</div>
</div>
</div>
]]></description>
<images>
<image path="LE_08_01_REC150_IMG03n.jpg" border="false" pathbig="LE_08_01_REC150_IMG03a.jpg" zoomEnabled="true">
<title><![CDATA[En el mundo de los achaguas hubo una serpiente que no sólo mataba a su comunidad, sino a todos los habitantes del Orinoco.]]></title>
</image>
</images>
<questions>
</questions>
</page>
<page i="0">
<title>          </title>
<description><![CDATA[<ul>
	<li><span style="font-size:20px;"><span style="font-family: verdana,geneva,sans-serif;">Esta leyenda achagua narra el origen de otro pueblo precolombino, los caribes. Desde una perspectiva religiosa y fant&aacute;stica, los mitos se ocupan de mostrar el nacimiento de la realidad que rodea al pueblo, los astros, la naturaleza e incluso otros pueblos vecinos. El relato construido a partir de los&nbsp; mitos es la leyenda, cuya narraci&oacute;n se transmite oralmente. </span></span></li>
	<li><span style="font-size:20px;"><span style="font-family: verdana,geneva,sans-serif;">En la visi&oacute;n de mundo de los pueblos precolombinos se concibe a la naturaleza como un ente consciente que reacciona al comportamiento de los humanos. En este relato achagua, la naturaleza, representada en la serpiente, se muestra con sed de venganza al verse agredida; de esta manera los achaguas explican su enemistad con los caribes.</span></span></li>
	<li><span style="font-size:20px;"><span style="font-family: verdana,geneva,sans-serif;">M&aacute;s all&aacute; de tratarse de unos relatos fant&aacute;sticos, a trav&eacute;s de los mitos y las leyendas se pueden ver las relaciones reales entre algunos pueblos precolombinos. Detr&aacute;s de la historia de la serpiente, se encuentra el conflicto hist&oacute;rico entre los achaguas y los caribes.</span></span></li>
</ul>
]]></description>
<images>
<image path="LE_08_01_REC150_IMG04n.jpg" border="false" pathbig="LE_08_01_REC150_IMG04a.jpg" zoomEnabled="true">
<title><![CDATA[Detrás de la historia de la serpiente, se encuentra el conflicto histórico entre los achaguas y caribes]]></title>
</image>
</images>
<questions>
<question visible="true">
<text><![CDATA[<p><span style="font-size:22px;"><span style="font-family: verdana,geneva,sans-serif;">&iquest;Qu&eacute; realidad del contexto social y pol&iacute;tico de los achaguas explica esta leyenda?</span></span></p>
]]></text><answers>
<answer correct="false">
<![CDATA[La agresividad de los caribes.]]></answer>
<answer correct="false">
<![CDATA[El espíritu guerrero de los achaguas. ]]></answer>
<answer correct="true">
<![CDATA[La rivalidad y las guerras entre achaguas y caribes.]]></answer>
<answer correct="false">
<![CDATA[La inferioridad política de los achaguas.]]></answer>
</answers>
</question>
<question visible="true">
<text><![CDATA[<p><span style="font-size:22px;"><span style="font-family: verdana,geneva,sans-serif;">&iquest;Qu&eacute; expresa la explicaci&oacute;n de los achaguas sobre el origen de los caribes?</span></span></p>
]]></text><answers>
<answer correct="false">
<![CDATA[Las pocas cualidades sociales de los caribes.]]></answer>
<answer correct="false">
<![CDATA[El canibalismo del que se acusa al pueblo caribe.]]></answer>
<answer correct="true">
<![CDATA[Su rechazo y desprecio por los caribes. ]]></answer>
<answer correct="false">
<![CDATA[Las bondades del pueblo achagua. ]]></answer>
</answers>
</question>
<question visible="true">
<text><![CDATA[<p><span style="font-size:22px;"><span style="font-family: verdana,geneva,sans-serif;">&iquest;Con qu&eacute; palabras asocias las condiciones de origen de los caribes, seg&uacute;n la descripci&oacute;n de los achaguas?</span></span></p>
]]></text><answers>
<answer correct="false">
<![CDATA[Júbilo y bienaventuranza. ]]></answer>
<answer correct="true">
<![CDATA[Podredumbre y descomposición. ]]></answer>
<answer correct="false">
<![CDATA[Desprecio y arrepentimiento.]]></answer>
<answer correct="false">
<![CDATA[Debilidad y temor. ]]></answer>
</answers>
</question>
</questions>
</page>
</pages>
</section></sections>
</engine>