﻿<?xml version="1.0" encoding="utf-8"?><motor tipo="13" clase="b" aprid="m13b"><plataforma><grado><![CDATA[2]]></grado><titulo>Identifica las oraciones reflexivas</titulo><area>0</area><nivel>2</nivel><referencia /><idreg><![CDATA[0]]></idreg><motor><![CDATA[M13B]]></motor><lang>es</lang></plataforma><enunciado><![CDATA[Señala los pronombres y verbos reflexivos que encuentres en el texto.]]></enunciado><masinfo inicio="0" /><calc><![CDATA[0]]></calc><texto><![CDATA[Después de recibir esa llamada tan esperada, Gabriela tomó su morral, revisó que el celular estuviera en su lugar; debía protegerlo, ya sabía que era un blanco fácil. [Se] acomodó los audífonos, [se] estiró las mangas de su chaqueta de jean, [se] miró en el espejo para terminar de [arreglarse]; quizás un poco de labial, [pintarse] los ojos con algo de sombras, y [admirarse] en el reflejo del espejo, como siempre hacía para [tranquilizarse] un poco, antes de las misiones difíciles. Casi una hora después, Gabriela llegaba al lugar indicado en la cabina telefónica, y todo se repetiría como en una ceremonia: [bajarse] del metro, [dirigirse] al kiosko de periódicos, comprar el diario amarillista del día, caminar hasta la plaza, [sentarse] a la vista de todos]]></texto></motor>