﻿<?xml version="1.0" encoding="UTF-8"?>
<?xml-stylesheet href="cuadernoestudio/dtd/libro.xslt" type="text/xsl"?>
<!--Arbortext, Inc., 1988-2013, v.4002-->
<!DOCTYPE libro SYSTEM "cuadernoestudio/dtd/libro.dtd">
<?Pub Inc?>
<libro id="LE_07_08_CO">
<libroTitulo>La novela gótica</libroTitulo>
<seccion1 id="S1_LE_07_08_CO_AABDFC81BE8C4484817CE040CB42D9C7">
<seccion1Titulo>Lectura: la novela gótica</seccion1Titulo>
<seccion1Texto>
<p>¿Qué características tiene un relato gótico?, ¿cómo te imaginas
que son los personajes de esta clase de narraciones?, ¿qué podrías
decir acerca de los lugares en los que se desarrolla la acción?</p>
<imagen src="LE_07_08_CO_IMG01_small.jpg">
<p>La novela gótica mezcla lo sobrenatural, lo misterioso y el horror.
Uno de los personajes más emblemáticos de esta clase de literatura
es <cursiva>Drácula</cursiva>, protagonista de la novela de Bram Stoker.
 </p>
</imagen>
<destacado><destacadoTitulo>La novela gótica</destacadoTitulo>
<destacadoTexto>
<p>El relato gótico tiene sus orígenes en el siglo XVIII, en Inglaterra,
con la publicación de la novela <cursiva>El castillo de Otranto</cursiva
> de Horace Walpole. Los lugares en los que se recrea la acción corresponden
a pasajes sombríos, castillos lúgubres y bosques tenebrosos. Sus protagonistas
son personajes misteriosos, extraños y solitarios. </p>
</destacadoTexto></destacado>
<p><negrita>Lectura: la novela gótica</negrita></p>
<p><negrita>Drácula</negrita></p>
<p>Cuando me dejó, yo me dirigí a mi cuarto. Después de cierto tiempo,
al no escuchar ningún ruido, salí y subí al graderío de piedras desde
donde podía ver hacia el sur. Había cierto sentido de la libertad
en esta vasta extensión, aunque me fuese inaccesible, comparada con
la estrecha oscuridad del patio interior. Al mirar hacia afuera, sentí
sin ninguna duda que estaba prisionero, y me pareció que necesitaba
un respiro de aire fresco, aunque fuese en la noche. Estoy comenzando
a sentir que esta existencia nocturna me está afectando. Me está destruyendo
mis nervios. Me asusto de mi propia sombra, y estoy lleno de toda
clase de terribles imaginaciones. ¡Dios sabe muy bien que hay motivos
para mi terrible miedo en este maldito lugar! Miré el bello paisaje,
bañado en la tenue luz amarilla de la luna, hasta que casi era como
la luz del día. En la suave penumbra las colinas distantes se derretían,
y las sombras se perdían en los valles y hondonadas de un negro aterciopelado. </p>
<p>La mera belleza pareció alegrarme; había paz y consuelo en cada
respiración que inhalaba. Al reclinarme sobre la ventana mi ojo fue
captado por algo que se movía un piso más abajo y algo hacia mi izquierda,
donde imagino, por el orden de las habitaciones, que estarían las
ventanas del cuarto del propio conde. La ventana en la cual yo me
encontraba era alta y profunda, cavada en piedra, y aunque el tiempo
y el clima la habían gastado, todavía estaba completa. Pero evidentemente
hacía mucho que el marco había desaparecido. </p>
<p>Me coloqué detrás del cuadro de piedras y miré atentamente. Lo
que vi fue la cabeza del conde saliendo de la ventana. No le vi la
cara, pero supe que era él por el cuello y el movimiento de su espalda
y sus brazos. De cualquier modo, no podía confundir aquellas manos,
las cuales había estudiado en tantas oportunidades. En un principio
me mostré interesado y hasta cierto punto entretenido, pues es maravilloso
cómo una pequeña cosa puede interesar y entretener a un hombre que
se encuentra prisionero. </p>
<p>Pero mis propias sensaciones se tornaron en repulsión y terror
cuando vi que todo el hombre emergía lentamente de la ventana y comenzaba
a arrastrarse por la pared del castillo, sobre el profundo abismo,
con la cabeza hacia abajo y con su manto extendido sobre él a manera
de grandes alas. Al principio no daba crédito a mis ojos. Pensé que
se trataba de un truco de la luz de la luna, algún malévolo efecto
de sombras. Pero continué mirando y no podía ser ningún engaño. Vi
cómo los dedos de las manos y de los pies se sujetaban de las esquinas
de las piedras, desgastadas claramente de la argamasa por el paso
de los años, y así usando cada proyección y desigualdad, se movían
hacia abajo a una considerable velocidad, de la misma manera en que
una lagartija camina por las paredes. ¿Qué clase de hombre es este,
o qué clase de ente con apariencia de hombre? Siento que el terror
de este horrible lugar me esta dominando; tengo miedo, mucho miedo,
de que no haya escape posible para mí. Estoy rodeado de tales terrores
que no me atrevo a pensar en ellos...</p>
<p>Bram Stoker, <cursiva>Drácula</cursiva>.</p>
<p><negrita>¿Qué sabes sobre el tema?</negrita></p>
<p>Resuelve las actividades que te aproximarán a los temas que tratarás
en esta unidad.</p>
<listaSinNumerar>
<listaElemento>¿Qué hecho sobrenatural se narra en el fragmento de <cursiva
>Drácula</cursiva>?, ¿qué sentimientos y emociones genera en el narrador?</listaElemento>
<listaElemento>¿Qué novelas o películas sobre vampiros conoces?, ¿cómo
se caracteriza a los personajes principales en ellas?</listaElemento>
<listaElemento>Organiza las siguientes palabras en el orden en el
que aparecen en un diccionario. Luego, clasifícalas en sustantivos
y adjetivos, y explica cómo se indica en los diccionarios la categoría
gramatical a la que pertenecen.<listaSinNumerar>
<listaElemento><cursiva>Graderío, tenue, abismo, argamasa, horrible,
vasta, proyección.</cursiva></listaElemento>
</listaSinNumerar></listaElemento>
<listaElemento>¿En qué consiste la técnica del juego de roles?, ¿cuál
es su objetivo?</listaElemento>
<listaElemento>Si tuvieras que hacer una caricatura de Drácula, ¿qué
rasgos destacarías y exagerarías?, ¿cuál sería tu propósito al elaborar
el dibujo?</listaElemento>
<listaElemento>Imagina que un amigo tuyo debe pronunciar el discurso
con el cual se inaugurarán los juegos deportivos de tu colegio. ¿Qué
recomendaciones le harías para que su presentación fuera exitosa?</listaElemento>
</listaSinNumerar>
<practica>
<enlace
destino="/LoIdRedirect.aspx?LoId=LE_07_08_CO_Recurso010&amp;IdRecurso=RES-10C36C731DB34A7C99F9682E6A99CDF4"
>Literatura: examina fragmentos de novelas góticas</enlace>
<enlace
destino="/LoIdRedirect.aspx?LoId=LE_07_08_CO_Recurso020&amp;IdRecurso=RES-721852B6CF574E27873B874F52B34D5F"
>Semántica: indica el orden de las palabras en el diccionario</enlace>
<enlace
destino="/LoIdRedirect.aspx?LoId=LE_07_08_CO_Recurso030&amp;IdRecurso=RES-A2768FD60D8C4EFFB388C35C4C444E97"
>Semántica: asocia palabras con su definición</enlace>
<enlace
destino="/LoIdRedirect.aspx?LoId=LE_07_08_CO_Recurso040&amp;IdRecurso=RES-6447B46AE9B64D5BAF3EE0388DFD13D4"
>Expresión oral: responde las preguntas sobre el juego de roles</enlace>
<enlace
destino="/LoIdRedirect.aspx?LoId=LE_07_08_CO_Recurso050&amp;IdRecurso=RES-5D1508FCAA8E4063A9156C6DC4A92CEE"
>Sistemas simbólicos: las características de la caricatura </enlace>
<enlace
destino="/LoIdRedirect.aspx?LoId=LE_07_08_CO_Recurso060&amp;IdRecurso=RES-B91FECE288A446A68C31B4BCD93555D6"
>Ética y comunicación: asocia cada discurso con su respectiva función</enlace>
</practica></seccion1Texto></seccion1><seccion1
id="S1_LE_07_08_CO_4499D09393BD4019A128A97F303816F3">
<seccion1Titulo>Literatura: la novela gótica</seccion1Titulo>
<seccion1Texto>
<p>Cita el título de una novela o película cuya historia te haya despertado
sentimientos o sensaciones como el temor, el horror o la repulsión.
Comenta con un compañero aquellos capítulos o escenas que más te aterraron.</p>
<destacado><destacadoTitulo>La novela gótica</destacadoTitulo>
<destacadoTexto>
<p>La novela gótica es un género literario que está relacionado con
el Romanticismo, movimiento cultural y artístico del siglo XVIII,
y tiene un estrecho vínculo con el género de terror, pues, el espacio
en el que suceden los hechos y los acontecimientos narrados tienden
a estar cargados de imágenes lúgubres y sombrías, las cuales generan
en el lector sensaciones como el horror y la extrañeza.  </p>
</destacadoTexto></destacado>
<imagen src="LE_07_08_CO_IMG02_small.jpg">
<p>La palabra <cursiva>gótico</cursiva> proviene del latín <cursiva
>godo</cursiva>, término usado por los renacentistas para describir
la arquitectura medieval como salvaje y retrógrada. </p>
</imagen>
<profundiza>
<enlace
destino="/LoIdRedirect.aspx?LoId=LE_07_08_CO_Recurso070&amp;IdRecurso=RES-0BD988D71F954EB6A39B8DC6930C22A2"
>La novela gótica</enlace>
</profundiza><seccion2
id="S2_LE_07_08_CO_941444C293AF479B87D50CF4F7B7A901">
<seccion2Titulo>Los orígenes de la novela gótica</seccion2Titulo>
<seccion2Texto>
<p>La <negrita>novela gótica</negrita> surgió como una rama del <negrita
>Romanticismo</negrita>, en respuesta al racionalismo, el cual comenzó
a tener gran acogida desde finales del siglo XVIII hasta finales del
siglo XIX. En este sentido, cuestionó la confianza en la razón y la
lógica, por medio de situaciones sobrenaturales o inexplicables. </p>
<p>Dado que el racionalismo intentaba dar explicación a los diversos
comportamientos y actitudes del ser humano, el movimiento gótico buscó
enfatizar en el <negrita>lado oscuro de la existencia</negrita>: la
locura, la nostalgia, la indolencia, la maldad y la furia. De esta
manera, los artistas y los escritores góticos cuestionaron disciplinas
como la psicología y en sus obras intentaron rastrear los orígenes
de los terrores y dolores del alma. </p>
<recuerda><recuerdaTexto>
<p>El movimiento gótico surgió en Inglaterra a finales del siglo XVIII,
pero se extendió a otros países de Europa y América en el siglo XlX. <cursiva
>El castillo de Otranto</cursiva>, escrita por Horace Walpole en 1764,
se considera la primera novela de esta clase. En ella, el autor retoma
la temática de las antiguas novelas de caballería para mezclarla con
situaciones sobrenaturales. </p>
</recuerdaTexto></recuerda>
<table border="1"><caption>Características de la novela <cursiva>El
castillo de Otranto </cursiva></caption>
<tbody>
<tr>
<td valign="top"><negrita>Trama</negrita></td>
<td>Narra la historia de un tirano, Manfredo, cuyo linaje carga con
una antigua maldición, la cual se originó cuando su abuelo usurpó
el castillo de Otranto a sus legítimos dueños. </td>
</tr>
<tr>
<td valign="top"><negrita>Ambientación</negrita></td>
<td>La novela transcurre en la Italia medieval y las acciones se recrean
en lugares típicamente góticos: un castillo, un monasterio, un bosque
espeso.</td>
</tr>
<tr>
<td valign="top"><negrita>Personajes</negrita></td>
<td>Los personajes más destacados son: Manfredo, su hijo Conrad y
la princesa Isabella, cuya boda se frustra por un accidente del que
nadie puede dar explicación. El castillo, el cual posee una decoración
extravagante y asfixiante, que acentúa la atmósfera de terror, también
se considera un personaje.</td>
</tr>
<tr>
<td valign="top"><negrita>Otros elementos góticos</negrita></td>
<td>Hechos sobrenaturales y misteriosos, sentimientos y emociones
desbordadas, secretos entre los personajes y aparentes apariciones. </td>
</tr>
</tbody>
</table>
<p>Analiza algunos de esos elementos en el siguiente fragmento. </p>
<p>Manfredo regresaba ahora de la bóveda, acompañado por el campesino
y unos pocos sirvientes a los que había obligado a seguirle. Subió
la escalera sin detenerse hasta llegar a la galería, en cuya puerta
encontró a Hippolita y a su capellán. Cuando Diego fue despedido por
Manfredo, se encaminó directamente a los aposentos de la princesa,
a contarle, alarmado, lo que había visto. La excelente dama, que no
dudaba más que Manfredo sobre la realidad de la visión, fingió considerarla
un delirio del criado. Pero queriendo preservar a su señor de una
impresión adicional, y preparada por toda una serie de pesadumbres
para no temblar por ninguna más, decidió hacer el primer sacrificio,
si el hado había marcado aquella hora para su destrucción. Despachando
a Matilda a su dormitorio, aunque ella se empeñaba en acompañar a
su madre, y seguida solo por el capellán, Hippolita recorrió la galería
y la sala grande: ahora, con el alma serena como no la sentía desde
hacía muchas horas, se reunió con su señor y le aseguró que la visión
de la pierna y el pie gigantescos era una fabulación, sin duda una
impresión causada en la mente de sus criados por el miedo y la oscura
y lóbrega hora de la noche. Ella y el capellán habían examinado la
estancia y lo hallaron todo en su orden acostumbrado.</p>
<p>Horace Walpole, <cursiva>El castillo de Otranto.</cursiva></p>
<practica>
<enlace
destino="/LoIdRedirect.aspx?LoId=LE_07_08_CO_Recurso080&amp;IdRecurso=RES-1BD321B85C8D43CBAA4A5DC64551B9C3"
>Examina fragmentos de El castillo de Otranto</enlace>
</practica></seccion2Texto></seccion2><seccion2
id="S2_LE_07_08_CO_A831159822974F14896DF2490764F2E0">
<seccion2Titulo>Las características de la novela gótica</seccion2Titulo>
<seccion2Texto>
<p>Como ya se ha mencionado, la novela gótica se caracteriza por crear <negrita
>ambientes lúgubres</negrita> y <negrita>tenebrosos</negrita> en los
que se desarrolla una trama permeada de misterio y suspenso. Pero
además:</p>
<p>• Narra acontecimientos <negrita>sobrenaturales</negrita> que,
en su mayoría, simbolizan los estados emocionales de los personajes.</p>
<p>• Opta por <negrita>personajes inmersos en emociones</negrita> o <negrita
>estados mentales desbordados</negrita>, sus protagonistas suelen
sufrir de pánico, depresión, angustia, alucinaciones, paranoia o celos.</p>
<p>• Conecta a los personajes con su pasado, sus <negrita>ancestros</negrita
> y su <negrita>linaje</negrita>, por medio de maldiciones y enfermedades
heredadas.</p>
<p>• Relata situaciones en <negrita>cartas</negrita> o <negrita>diarios</negrita
>. Este aspecto corresponde al interés de los personajes por ahondar
en su mundo interior: sentimientos, emociones, temores, alegrías y
nostalgias.</p>
<p>• Presenta la <negrita>noche</negrita> como momento privilegiado
para los <negrita>acontecimientos inesperados, extraordinarios e irracionales</negrita
>.</p>
<p>• Incorpora <negrita>personajes sobrehumanos</negrita>, como sucede,
por ejemplo, en las novelas <cursiva>Drácula</cursiva> y <cursiva
>Frankenstein o el eterno Prometeo.</cursiva></p>
<p>• Se inspira en las <negrita>leyendas</negrita> y el <negrita>folclor</negrita
>, es decir, rescata elementos de las creencias populares, especialmente,
las fantasías que prevalecen en ellas.</p>
<p>• <negrita>Duda de la realidad.</negrita> Constantemente los personajes
ponen en tela de juicio lo que les sucede, se preguntan si aquello
corresponde a un sueño o una pesadilla.</p>
<p>• Incluye <negrita>elementos escenográficos antiguos</negrita>,
llamativos y misteriosos: candelabros, armaduras, yelmos, espadas,
dagas, pinturas de antepasados y cofres, entre otros.</p>
<p>• Alude al tema de la <negrita>muerte</negrita>, a la trascendencia
del alma y a la posibilidad de que los muertos permanezcan junto a
los vivos. </p>
<imagen src="LE_07_08_CO_IMG03_small.jpg">
<p>En la mayoría de las novelas góticas existe una maldición o profecía
a la que los personajes están ligados irremediablemente. </p>
</imagen>
</seccion2Texto></seccion2><seccion2
id="S2_LE_07_08_CO_3FD93943CF3B46F6A1490DF1C25FFB65">
<seccion2Titulo>Los principales autores de la novela gótica</seccion2Titulo>
<seccion2Texto>
<p>A partir de la escritura del <cursiva>Castillo de Otranto</cursiva
>, Horace Walpole abrió la puerta a otros autores que buscaban explorar
el mundo del misterio y la irracionalidad. Observa el cuadro.  </p>
<table border="1"><caption>Autores de relatos góticos </caption>
<tbody>
<tr>
<td valign="top"><negrita>Edgar Allan Poe</negrita></td>
<td>En sus narraciones, el ambiente gótico enmarca profundas reflexiones
sobre el ser humano y el mundo que lo rodea. </td>
</tr>
<tr>
<td valign="top"><negrita>Mary Shelley</negrita></td>
<td>Con su novela <cursiva>Frankenstein o el eterno Prometeo</cursiva
>, Shelley explora temas como la moral científica, la creación y la
destrucción de la vida, así como la relación del ser humano con Dios.</td>
</tr>
<tr>
<td valign="top"><negrita>Ann Radcliffe</negrita></td>
<td>Aunque sus novelas están matizadas por un carácter conservador,
pues al final de ellas se da una explicación racional de los sucesos
descritos, estas exploran ámbitos oscuros sobre el ser humano, su
psicología y pasiones internas. </td>
</tr>
<tr>
<td valign="top"><negrita>Gustavo Adolfo Bécquer</negrita></td>
<td>Se destacó especialmente por sus poemas en los que prevalece la
actitud romántica, sin embargo, en algunas narraciones enfatiza en
lo extraordinario y la reflexión del ser humano sobre la muerte. </td>
</tr>
<tr>
<td valign="top"><negrita>Bram Stoker</negrita></td>
<td>En su novela <cursiva>Drácula</cursiva>, explora lo sobrenatural,
la enfermedad, las posibilidades del amor después de la muerte y lo
monstruoso. </td>
</tr>
</tbody>
</table>
<practica>
<enlace
destino="/LoIdRedirect.aspx?LoId=LE_07_08_CO_Recurso100&amp;IdRecurso=RES-D45D5FD8BBD649AE89E954C2844DF7F5"
>El cine de terror y la novela gótica</enlace>
</practica></seccion2Texto></seccion2><seccion2
id="S2_LE_07_08_CO_3FD93943CF3B46F6A1490DF1C25FFA64">
<seccion2Titulo>Consolidación</seccion2Titulo>
<seccion2Texto>
<p>Actividades para consolidar lo que has aprendido en esta sección.</p>
<profundiza>
<enlace
destino="/LoIdRedirect.aspx?LoId=LE_07_08_CO_Recurso110&amp;IdRecurso=RES-374CBF564B224E7FAD6548787EA82BB2"
>Antología de textos: la novela gótica</enlace>
</profundiza><practica>
<enlace
destino="/LoIdRedirect.aspx?LoId=LE_07_08_CO_Recurso120&amp;IdRecurso=RES-21DE93AFB5AE4C63818D6E180C81ACF7"
>Refuerza tu aprendizaje: La novela gótica</enlace>
</practica></seccion2Texto></seccion2></seccion1Texto></seccion1>
<seccion1 id="S1_LE_07_08_CO_BBB1C2F63312404286292A02648D7C9A">
<seccion1Titulo>Semántica: el diccionario</seccion1Titulo>
<seccion1Texto>
<p>¿Qué clases de diccionarios consultas?, ¿con qué propósitos?, ¿qué
habilidades consideras que fortaleces cuando los utilizas?</p>
<recuerda><recuerdaTexto>
<p>Un <negrita>diccionario</negrita> es una obra impresa o electrónica
que recoge alfabéticamente las palabras de una lengua para definirlas
y aportar información sobe estas. Usar de forma adecuada el diccionario
permite conocer los significados de las palabras, aprender términos
nuevos y corregir errores de ortografía, con lo cual se mejoran los
procesos de escritura y de expresión oral. </p>
</recuerdaTexto></recuerda><seccion2
id="S2_LE_07_08_CO_EC4A452C1932414EA9D5771D29257CA6">
<seccion2Titulo>Las palabras en el diccionario</seccion2Titulo>
<seccion2Texto>
<p>En los diccionarios de uso, las palabras se encuentran ordenadas
alfabéticamente, de la <cursiva>A</cursiva> a la <cursiva>Z</cursiva
>. En la búsqueda de un término, resulta importante localizar las <negrita
>palabras guía</negrita>, las cuales se ubican en la esquina superior
de cada página. Estas indican el primer y el último término incluidos
en esa página. Una vez que se encuentra la palabra, resulta necesario
analizar la información que se brinda sobre esta:</p>
<p>• Primero, se presenta su <negrita>origen etimológico.</negrita
></p>
<p><negrita>filosofía</negrita>. Del lat. <cursiva>philosophĭa</cursiva
>, y este del gr. φιλοσοφία <cursiva>philosophía</cursiva>.</p>
<p>• Si corresponde a un <negrita>sustantivo</negrita>, aparece el
género al que pertenece: femenino (<cursiva>f</cursiva>) o masculino
(<cursiva>m</cursiva>).</p>
<p><negrita>filosofía</negrita></p>
<p>f. Conjunto de saberes que busca establecer, de manera racional,
los principios más generales que organizan y orientan el conocimiento
de la realidad, así como el sentido del obrar humano.</p>
<p>• Si se trata de un <negrita>adjetivo</negrita>, un <negrita>adverbio</negrita
> o un <negrita>pronombre</negrita>, se hace referencia a esas categorías
gramaticales por medio de abreviaturas: <cursiva>adj, adv, pron</cursiva
>. </p>
<p><negrita>lindo,da</negrita></p>
<p>adj. Hermoso, bello, agradable a la vista. </p>
<p><negrita>lentamente</negrita></p>
<p>adv. De manera lenta. </p>
<p>• Si el término es un <negrita>verbo</negrita>, debe consultarse
en infinitivo. El diccionario suele indicar si se trata de un verbo <negrita
>transitivo</negrita> o <negrita>intransitivo</negrita> con las abreviaturas <cursiva
>tr</cursiva> o <cursiva>intr</cursiva>. </p>
<p><negrita>regalar</negrita></p>
<p>tr. Dar a alguien, sin recibir nada a cambio, algo en muestra de
afecto o consideración por otro motivo. </p>
<imagen src="LE_07_08_CO_IMG04_small.jpg">
<p>Determina qué información brindan las abreviaturas en el siguiente
ejemplo: <negrita>ella</negrita> pron. person. 3.ª pers. m., f. y
n. Forma que, en nominativo o precedida de preposición, designa a
la persona, el animal o la cosa de los que se habla, por oposición
a quien enuncia el mensaje y a su destinatario. </p>
</imagen>
<destacado><destacadoTitulo>Las acepciones de una palabra</destacadoTitulo>
<destacadoTexto>
<p>Las <negrita>acepciones</negrita> de una palabra son sus diferentes
 definiciones o significados, los cuales guardan una relación semántica
entre sí. En el diccionario, esos significados aparecen enumerados: </p>
<p><negrita>caballo</negrita></p>
<p>Del lat. <cursiva>caballus</cursiva> 'caballo de carga'.</p>
<p><negrita>1.</negrita> m. Mamífero solípedo del orden de los perisodáctilos,
de tamaño grande y extremidades largas, cuello y cola poblados de
cerdas largas y abundantes. </p>
<p><negrita>2.</negrita> m. Pieza grande del juego de ajedrez, única
que salta sobre las demás y que pasa oblicuamente de escaque negro
a blanco, dejando en medio uno negro, o de blanco a negro, dejando
en medio uno blanco. </p>
<p><negrita>3.</negrita> m. En la baraja española, cada una de las
cuatro cartas que lleva un caballo con su jinete. </p>
</destacadoTexto></destacado><profundiza>
<enlace
destino="/LoIdRedirect.aspx?LoId=LE_07_08_CO_Recurso140&amp;IdRecurso=RES-76A967EF13CE42508207F972B1F2D50E"
>El diccionario</enlace>
</profundiza></seccion2Texto></seccion2><seccion2
id="S2_LE_07_08_CO_EC4A452C1932414EA9D5771D29258CA8">
<seccion2Titulo>Las clases de diccionarios</seccion2Titulo>
<seccion2Texto>
<p>Los diccionarios se agrupan según su  <negrita>función</negrita
> y según el <negrita>tipo de usuario</negrita> al que van dirigidos.
Algunas de sus clases son:</p>
<p>• <negrita>El diccionario normativo</negrita>. Explica el <negrita
>significado de las palabras que se consideran correctas</negrita
>. En el caso del español, uno de los diccionarios más utilizados
es el <cursiva>Diccionario de la lengua española</cursiva> de la Real
Academia Española (RAE) <enlace destino="http://www.rae.es/">[VER]</enlace
>.</p>
<p>• <negrita>El diccionario enciclopédico.</negrita> Recoge  <negrita
>información extensa sobre muchos campos del conocimiento y saber
humanos</negrita>: astrología, geografía, etc. Si solo transmite información
sobre un ámbito concreto, se denomina <negrita>diccionario enciclopédico
temático</negrita>. Por ejemplo: diccionario enciclopédico de la pesca,
de la arquitectura, de la mitología griega, etc. </p>
<p>• <negrita>El diccionario bilingüe.</negrita> Agrupa las <negrita
>palabras de una lengua y su equivalencia en otro idioma</negrita
>, y viceversa. Como en el diccionario normativo, también se pueden
encontrar frases hechas, locuciones y recomendaciones de uso. </p>
<p>• <negrita>El diccionario técnico.</negrita> Es aquel que recoge
las <negrita>palabras específicas que se usan en un determinado campo
del saber</negrita>. Por ejemplo: un diccionario sobre química, historia,
arte, filosofía, etc. </p>
<p>• <negrita>El diccionario de sinónimos y antónimos</negrita>. Es
el que presenta palabras de significado parecido (sinónimos) y de
significado opuesto (antónimos).</p>
<p>• <negrita>El diccionario de uso</negrita>. Explica cómo deben
usarse las palabras y proporciona ejemplos sobre su aplicación. Uno
de los diccionarios de uso más importantes en español es el de <negrita
>María Moliner</negrita>. </p>
<imagen src="LE_07_08_CO_IMG05_small.jpg">
<p>Existen diferentes tipos de diccionario: los <negrita>normativos</negrita
>, los <negrita>enciclopédicos</negrita>, los <negrita>bilingües</negrita
>, los <negrita>técnicos</negrita>, los de <negrita>sinónimos</negrita
> y <negrita>antónimos</negrita>, los de <negrita>ideas afines</negrita
> y los <negrita>de uso</negrita>.</p>
</imagen>
<practica>
<enlace
destino="/LoIdRedirect.aspx?LoId=LE_07_08_CO_Recurso150&amp;IdRecurso=RES-686490C5118C4386AC26C83BD3888533"
>Clasifica entradas en tipos de diccionario</enlace>
<enlace
destino="/LoIdRedirect.aspx?LoId=LE_07_08_CO_Recurso160&amp;IdRecurso=RES-9ECA1E75572A4821A4F2A09A30B6FCFC"
>Identifica tipos de diccionarios</enlace>
</practica></seccion2Texto></seccion2><seccion2
id="S2_LE_07_08_CO_EC4A452C1932414EA9D5771D29251CA1">
<seccion2Titulo>El diccionario y las TIC</seccion2Titulo>
<seccion2Texto>
<p>En las dos últimas décadas, como resultado de la difusión de las<negrita
> nuevas tecnologías de la información y la comunicación</negrita
> (TIC), la manera en que muchos niños y jóvenes adquieren conocimientos
ha cambiado. </p>
<p>Gracias a las TIC es posible examinar enciclopedias electrónicas,
diccionarios de sinónimos y antónimos, normativos o bilingües (en
diferentes idiomas) sin necesidad de desplazarnos a bibliotecas. Algunas
de las ventajas de los diccionarios en línea son: </p>
<p>• Consultarlos resulta una tarea sencilla.</p>
<p>• Proporcionan la información de forma inmediata.</p>
<p>• Se accede a ellos desde cualquier dispositivo con conexión a
Internet.</p>
<p>• Proporcionan diferentes motores de búsqueda. Por ejemplo, se
puede acceder a una palabra coincidente con aquella que se consulta
o a otras que empiecen con la misma letra. De esta manera, al igual
que en los diccionarios impresos, se pueden observar y analizar familias
léxicas.</p>
</seccion2Texto></seccion2><seccion2
id="S2_LE_07_08_CO_EC4A452C1932414EA9D5771D29252CA2">
<seccion2Titulo>Consolidación</seccion2Titulo>
<seccion2Texto>
<p>Actividades para consolidar lo que has aprendido en esta sección.</p>
<practica>
<enlace
destino="/LoIdRedirect.aspx?LoId=LE_07_08_CO_Recurso170&amp;IdRecurso=RES-438C7AF5B27049CBAAD2DAE84785B1C6"
>Refuerza tu aprendizaje: El diccionario</enlace>
</practica></seccion2Texto></seccion2></seccion1Texto></seccion1>
<seccion1 id="S1_LE_07_08_CO_4B8237709CE4487AA64ED4C4206183FE">
<seccion1Titulo>Expresión oral: el juego de roles</seccion1Titulo>
<seccion1Texto>
<p>¿En qué clases de dramatizaciones has participado?, ¿qué tipo de
situaciones representaste?, ¿con qué propósitos?</p>
<recuerda><recuerdaTexto>
<p>El <negrita>juego de roles</negrita> es una dinámica grupal en
la que algunos de los integrantes personifican una situación problemática
para luego discutir sobre ella y llegar a unas conclusiones. Puntualmente,
se trata de que los participantes asuman el papel de unos personajes
definidos previamente y, al actuar como ellos, puedan analizar conductas
desde otro punto de vista. </p>
</recuerdaTexto></recuerda>
<imagen src="LE_07_08_CO_IMG06_small.jpg">
<p>Ahora que ya conoces en qué consiste un juego de roles, menciona
algunas diferencias entre esta representación y la puesta en escena
de una obra de teatro. </p>
</imagen>
<seccion2 id="S2_LE_07_08_CO_6BF7D3E8F7A64A91BDBC86525B7178D6">
<seccion2Titulo>El objetivo de los juegos de roles</seccion2Titulo>
<seccion2Texto>
<p>La práctica del juego de roles tiene como objetivo principal que
los participantes que actúan puedan asumir el lugar del personaje
que representan y, así, analizar la situación escenificada desde la
experiencia de otro. Algunos de los beneficios de esta actividad son:</p>
<p><negrita>• Fortalece la creatividad.</negrita> Los participantes
deben esmerarse por representar de manera fiel los papeles asignados.
En este sentido, se anima a que recurran a su imaginación para construir
personajes verosímiles y llamativos para los espectadores.</p>
<p><negrita>• Desarrolla las habilidades sociales.</negrita> El juego
de roles permite analizar una situación desde diferentes puntos de
vista, dando lugar al diálogo y la discusión argumentada. Además,
potencia destrezas para trabajar en equipo: asumir el liderazgo, proponer
soluciones, adaptarse a las situaciones y aceptar las críticas.</p>
<p><negrita>• Invita a modificar actitudes.</negrita> Al referirse
a situaciones problemáticas, el juego de roles permite analizar reacciones
y comportamientos. De esta manera, se ofrece a los participantes la
oportunidad de pensar si estos son los más acertados o si es posible
adoptar otros más adecuados.</p>
<p><negrita>• Enseña sobre la resolución de conflictos.</negrita> Al
finalizar la representación, los participantes pueden discutir acerca
de la manera como se desarrolló la situación y analizar la forma como
finalizó. Así, pueden aludir a otros finales en los que la situación
problemática se resuelva de forma más favorable para todos los participantes. </p>
<practica>
<enlace
destino="/LoIdRedirect.aspx?LoId=LE_07_08_CO_Recurso180&amp;IdRecurso=RES-83E7909CCBC54A17827BFCCB3751A8F7"
>Completa el texto sobre el juego de roles</enlace>
</practica></seccion2Texto></seccion2><seccion2
id="S2_LE_07_08_CO_5D42F0EFE21C4D36B47B889D0C6CF935">
<seccion2Titulo>La organización de un juego de roles</seccion2Titulo>
<seccion2Texto>
<p>Para iniciar esta actividad es fundamental: </p>
<p>• Determinar con claridad la situación problemática que se va a
abordar.</p>
<p>• Fijar los objetivos de esta dinámica grupal.</p>
<p>• Decidir quiénes van a actuar y qué posiciones adoptarán con respecto
a la situación problemática. </p>
<p>Durante la dramatización, es necesario que los actores asuman los
sentimientos, los comportamientos y el carácter del personaje asignado.
Solo de esta manera experimentarán qué significa estar en el lugar
de otro. Al finalizar la representación, se puede dialogar acerca
de las actitudes de los personajes y la manera como se resolvieron
los conflictos. Por ejemplo, se puede aprobar o cuestionar el desenlace,
proponiendo otras soluciones a los problemas planteados.</p>
<imagen src="LE_07_08_CO_IMG07_small.jpg">
<p>Imagina que en un juego de roles te asignan el papel de un niño
malcriado. ¿Qué actitudes asumirías frente a tus padres y amigos?,
¿cuáles crees que serían las causas de tu comportamiento?, ¿quién
podría ayudarte a cambiar? </p>
</imagen>
</seccion2Texto></seccion2><seccion2
id="S2_LE_07_08_CO_5D42F0EFE21C4D36B47B889D0C6CF836">
<seccion2Titulo>Participa en un juego de roles</seccion2Titulo>
<seccion2Texto>
<p>Junto con tu profesor y tus demás compañeros, planeen una sesión
en la que puedan llevar a la práctica la dinámica del juego de roles.
 Empiecen por seleccionar la situación que van a representar. Luego,
por medio de la técnica de la lluvia de ideas, propongan cómo se desarrollarán
los hechos y cuáles serán los personajes. Posteriormente, determinen
qué actitudes y comportamientos deberá asumir cada uno de ellos.</p>
<p>Permitan que los participantes se preparen, es decir, que interioricen
al personaje que caracterizarán. Mientras tanto, otro grupo de compañeros
puede preparar el escenario para la dramatización. </p>
<p>¡Ahora, es el momento de recrear la escena! Recuerden que si bien
se ha establecido un tema y se ha propuesto como se desarrollarán
los hechos, el juego de roles permite la improvisación por parte de
los actores. Eso sí, hay que tener en cuenta las limitaciones del
tiempo. </p>
<p>Al finalizar la representación, procedan a analizar la situación,
el comportamiento y las actitudes asumidas por los personajes y aprueben
o desaprueben la manera como finaliza la escena. </p>
<p>Para terminar, evalúen la actividad. Pueden considerar los siguientes
criterios:</p>
<listaSinNumerar>
<listaElemento><negrita>Los actores</negrita><listaSinNumerar>
<listaElemento>¿La escena se centró en la problemática seleccionada?</listaElemento>
<listaElemento>¿Los actores dieron vida a sus personajes y experimentaron
sus actitudes y comportamientos?</listaElemento>
<listaElemento>¿Los actores comunicaron con claridad y eficacia los
mensajes?</listaElemento>
<listaElemento>¿La situación representada generó interés en el público
y suscitó la reflexión?</listaElemento>
</listaSinNumerar></listaElemento>
<listaElemento><negrita>El grupo</negrita> <listaSinNumerar>
<listaElemento>¿Permaneció atento a la escenificación?</listaElemento>
<listaElemento>¿Formuló preguntas que propiciaron la reflexión sobre
la situación representada?</listaElemento>
<listaElemento>¿Propuso conclusiones sobre las actitudes y los comportamientos
analizados? </listaElemento>
</listaSinNumerar></listaElemento>
</listaSinNumerar>
<profundiza>
<enlace
destino="/LoIdRedirect.aspx?LoId=LE_07_08_CO_Recurso190&amp;IdRecurso=RES-8B3B0348BD7B4F1D91538B3D00FD31FE"
>Participa en un juego de roles </enlace>
</profundiza></seccion2Texto></seccion2><seccion2
id="S2_LE_07_08_CO_5D42F0EFE21C4D36B47B889D0C6CF231">
<seccion2Titulo>Consolidación </seccion2Titulo>
<seccion2Texto>
<p>Actividades para consolidar los conocimientos adquiridos. </p>
<practica>
<enlace
destino="/LoIdRedirect.aspx?LoId=LE_07_08_CO_Recurso200&amp;IdRecurso=RES-6AED0F06B4A446AE80801ADF842F193F"
>Refuerza tu aprendizaje: El juego de roles</enlace>
</practica></seccion2Texto></seccion2></seccion1Texto></seccion1>
<seccion1 id="S1_LE_07_08_CO_52BD459F4BAE4BB5B1761667734D5745">
<seccion1Titulo>Sistemas simbólicos: la caricatura</seccion1Titulo>
<seccion1Texto>
<p>¿Con qué propósitos se elaboran caricaturas?, ¿qué diferencia a
una caricatura de una historieta? </p>
<recuerda><recuerdaTexto>
<p>La <negrita>caricatura</negrita> es un dibujo humorístico en el
que se deforman las facciones de un personaje o se exageran  aspectos
de la realidad. Annibale Carracci (1560-1609) fue el precursor de
este tipo de representación, quien la definió como: “la naturaleza;
la copia literal de la naturaleza; y la alteración de su forma por
medio de la acumulación de defectos, sin quitar nada de su parecido”. </p>
</recuerdaTexto></recuerda>
<imagen src="LE_07_08_CO_IMG08_small.jpg">
<p>Por medio de la exageración de rasgos físicos el caricaturista
busca causar gracia en el lector. </p>
</imagen>
<p>A partir del siglo XVIII, la caricatura se convirtió en un medio
para la <negrita>crítica social y política</negrita>. Por medio de
dichos dibujos, y con el objetivo de generar opinión y reflexión,
los caricaturistas empezaron a cuestionar decisiones y acciones que
afectaban a los ciudadanos. En estos casos, cuando se hace una crítica
a través de la caricatura, se recurre al recurso de la <negrita>sátira</negrita
>, con el cual se censura o ridiculiza un comportamiento o una situación.</p>
<profundiza>
<enlace
destino="/LoIdRedirect.aspx?LoId=LE_07_08_CO_Recurso210&amp;IdRecurso=RES-B0D9894A65DF433BA32EBFD96C1BD3AE"
>La caricatura</enlace>
</profundiza><seccion2
id="S2_LE_07_08_CO_B4DD2523E78042619B106D60062D8CA2">
<seccion2Titulo>Los propósitos de las caricaturas</seccion2Titulo>
<seccion2Texto>
<p>Por medio del humor y la sátira, el caricaturista puede exponer
sus puntos de vista sobre un tema y llamar la atención de quienes
observan sus dibujos. En este sentido, la caricatura incita al cambio
o a las transformaciones de tipo <negrita>social</negrita> o <negrita
>político</negrita>.</p>
<imagen src="LE_07_08_CO_IMG09_small.jpg">
<p>Por medio de imágenes simbólicas el caricaturista busca transmitir
un mensaje. ¿Cuál crees que es el mensaje que se expresa en esta caricatura?</p>
</imagen>
<p>De acuerdo con sus propósitos, existen diferentes clases de caricaturas.
Analiza las dos más importantes. </p>
<table border="1"><caption>Tipos de caricaturas </caption>
<tr>
<td valign="top"><negrita>Caricatura psicológica</negrita></td>
<td>Corresponde al retrato de un personaje en el que se busca proyectar
su rasgo de personalidad más sobresaliente: la alegría, la seriedad,
el mal humor, la cordialidad, la mezquindad, etc.  </td>
</tr>
<tr>
<td valign="top"><negrita>Caricatura crítica</negrita></td>
<td>Este tipo de caricatura nació en Francia. Tiene dos vertientes:
aquella que cuestiona el actuar de personajes reconocidos e influyentes,
especialmente del ámbito político, y la que se centra en el análisis
de las dinámicas y relaciones entre los individuos que conforman una
sociedad.  </td>
</tr>
</table>
<practica>
<enlace
destino="/LoIdRedirect.aspx?LoId=LE_07_08_CO_Recurso220&amp;IdRecurso=RES-04095438C8D443DC931E6786CF9F60D8"
>Examina una caricatura</enlace>
</practica></seccion2Texto></seccion2><seccion2
id="S2_LE_07_08_CO_9F49DBECB8844D629A268C8A2FA9D855">
<seccion2Titulo>Los recursos de las caricaturas</seccion2Titulo>
<seccion2Texto>
<p>En la caricatura de personajes, el dibujante recurre especialmente
a la <negrita>exageración</negrita>. Es decir que se centra en un
rasgo significativo del personaje, físico o de personalidad, para
darle mayor relevancia y enfatizar en que ese rasgo lo hace único. </p>
<p>Por otra parte, cuando el caricaturista busca dar una opinión sobre
un tema social o político, por lo general, contempla aspectos como:</p>
<p>• El papel que cumple el personaje retratado en la sociedad y su
capacidad de influencia en ella. En este sentido, puede centrarse
en las apreciaciones y opiniones que expresa el personaje y contrastarlas
de forma satírica con lo que ciertamente sucede en la realidad.</p>
<p>• La efectividad del mensaje. Las caricaturas suelen aparecer en
la sección de opinión de los periódicos. En este orden de ideas, los
dibujantes se esmeran por elaborar mensajes contundentes (críticos,
provocadores y directos) que resulten fáciles de comprender por el
lector pero que, a la vez, le sugieran reflexionar sobre la situación
retratada. </p>
<imagen src="LE_07_08_CO_IMG10_small.jpg">
<p>La caricatura representa a un político pronunciando un discurso.
¿Qué crees que buscó cuestionar, criticar o afirmar el dibujante?</p>
</imagen>
<profundiza>
<enlace
destino="/LoIdRedirect.aspx?LoId=LE_07_08_CO_Recurso230&amp;IdRecurso=RES-031A8FB18CF94ED4A1A39FC6C1CA109F"
>¿Quién es el personaje caricaturizado?</enlace>
</profundiza></seccion2Texto></seccion2><seccion2
id="S2_LE_07_08_CO_9F49DBECB8844D629A268C8A2FA9D844">
<seccion2Titulo>Consolidación</seccion2Titulo>
<seccion2Texto>
<p>Actividades para consolidar lo que has aprendido en esta sección.</p>
<practica>
<enlace
destino="/LoIdRedirect.aspx?LoId=LE_07_08_CO_Recurso240&amp;IdRecurso=RES-1E6C2A6B2F1446A0850141F0F7AE6F25"
>Refuerza tu aprendizaje: La caricatura</enlace>
</practica></seccion2Texto></seccion2></seccion1Texto></seccion1>
<seccion1 id="S1_LE_07_08_CO_60C1AD5B783B49E781115136D081AB9F">
<seccion1Titulo>Ética y comunicación: la elaboración de discursos
apropiados</seccion1Titulo>
<seccion1Texto>
<p>Inventa y escribe dos diálogos: uno en el que invites a tus amigos
a jugar a tu casa y otro en el que te dirijas al rector de tu colegio
para presentarle una excusa por tu inasistencia a clase. ¿Qué diferencias
encuentras entre ambos diálogos con respecto al uso del lenguaje?</p>
<p>El uso del lenguaje se relaciona con el <negrita>contexto</negrita
> en el cual se produce el acto de comunicación y con los <negrita
>participantes</negrita>. Esto significa que <negrita>adecúas</negrita
> siempre tu lenguaje a la situación comunicativa.</p>
<destacado><destacadoTitulo>Adecuación</destacadoTitulo><destacadoTexto>
<p>Es aquella propiedad del discurso que determina la variedad y el
registro lingüístico de los que debe valerse el hablante para comunicar
efectivamente su mensaje. La variedad y el registro están determinados
por la situación comunicativa y el interlocutor o destinatario, que
son los que le exigen al emisor utilizar un determinado tipo de palabras
y construcciones.</p>
</destacadoTexto></destacado>
<imagen src="LE_07_08_CO_IMG11_small.jpg">
<p>Cuando nos comunicamos con nuestros amigos usamos un lenguaje informal
debido a la relación de cercanía. Este hecho nos autoriza a usar ciertas
palabras, omitir explicaciones innecesarias, expresarnos gestualmente
con más libertad, aproximarnos más y a tratar temas más íntimos, entre
otras cuestiones. </p>
</imagen>
<p>Nuestras estructuras mentales manejan una serie de ideas y conceptos
que se organizan en discursos. El término discurso puede ser entendido
en varios sentidos:  </p>
<p>• Como aquellas palabras que se pronuncian en un acto solemne (por
ejemplo, en una ceremonia de graduación o en una campaña política).</p>
<p>• Como un conjunto de ideas que constituyen la forma en la que
pensamos (por ejemplo, el discurso que manejamos sobre lo que es la
felicidad o sobre lo que significa ser colombianos).</p>
<p>• Como un conjunto de oraciones que usamos para manifestar lo que
pensamos y lo que sentimos.</p>
<p>En este orden de ideas, los discursos son elementos de lo cotidiano:
son aspectos de la comunicación que nos resultan ineludibles. Cada
vez que estamos comunicando algo a alguien estamos creando un discurso:
un conjunto de ideas o argumentos que le cuentan al otro nuestra posición
ante determinado acontecimiento de la realidad. Por eso, los discursos
no son únicamente aquel conjunto de palabras que se pronuncian en
un acto pomposo: todos emitimos discursos en nuestros ámbitos cotidianos,
así carezcan de solemnidad.</p>
<destacado><destacadoTitulo>El discurso</destacadoTitulo>
<destacadoTexto>
<p>Los discursos son <negrita>unidades comunicativas</negrita> (mensajes
íntegros, completos, con sentido), producidos por un emisor de forma
organizada (coherente y cohesionada) con la intención de comunicarlos
a un receptor, teniendo en cuenta el contexto de la comunicación.</p>
<p>Cuando un discurso se elabora <negrita>adecuándose al contexto</negrita
> de la comunicación, es decir, atendiendo a los factores situacionales,
a los factores propios del mensaje y a los factores propios de los
interlocutores que se encuentran en el acto comunicativo, se dice
que es un discurso construido de forma apropiada.</p>
</destacadoTexto></destacado><profundiza>
<enlace
destino="/LoIdRedirect.aspx?LoId=LE_07_08_CO_Recurso260&amp;IdRecurso=RES-1D071C7641DF4E0B9B4018A4F6023A77"
>¿Se adecúa al contexto?</enlace>
</profundiza><seccion2
id="S2_LE_07_08_CO_9F49DBECB8844D629A268C8A2FA9E855">
<seccion2Titulo>Los factores que influyen en el contexto comunicativo</seccion2Titulo>
<seccion2Texto>
<p>A pesar de que un discurso esté elaborado de manera organizada,
puede que no logre su propósito comunicativo, si no está hecho teniendo
en cuenta el contexto, esto es, la situación que rodea el acto de
comunicación y las características propias de los interlocutores y
del mensaje. El contexto puede estar afectado por diversos factores:
situacionales, del interlocutor o del mensaje. </p>
<seccion3 id="S3_LE_07_08_CO_9F49DBECB8844D629A268C8A2FA9E833">
<seccion3Titulo>Los factores situacionales</seccion3Titulo>
<seccion3Texto>
<p>El contexto de la comunicación está definido por <negrita>factores
situacionales</negrita> como:</p>
<p>• El <negrita>escenario</negrita> de la comunicación. Hace referencia
al lugar en que se produce el acto comunicativo y lo que sucede allí.
Por ejemplo, este puede verse afectado por interferencias como el
ruido. Siempre será distinto construir un discurso para dirigirse
a través de altoparlantes a un auditorio atento y en silencio, que
elaborar un discurso para comentarlo en secreto a quien está sentado
a nuestro lado en el cine.</p>
<p>• Las <negrita>circunstancias</negrita> de los interlocutores.
Comprende el estado anímico de los participantes, las creencias que
tienen sobre el otro o acerca del valor de la comunicación, su postura
y su atención dispuesta, entre otros aspectos. No será lo mismo construir
un discurso para dirigirse a alguien que nos presta atención y se
muestra interesado en escucharnos, que intentar comunicarnos con alguien
que no tiene ningún interés en oírnos o que piensa que lo que decimos
es irrelevante o aburrido.</p>
<p>• El <negrita>canal</negrita> de comunicación. Se refiere al medio
físico por el que circula el mensaje: la radio, el papel, la voz,
el sistema telefónico, la Internet o la televisión. Siempre será distinto
construir un discurso para quien nos lee, que para quien nos observa
o simplemente nos escucha.</p>
</seccion3Texto></seccion3><seccion3
id="S3_LE_07_08_CO_9F49DBECB8844D629A268C8A2FA9E722">
<seccion3Titulo>Los factores propios de los interlocutores</seccion3Titulo>
<seccion3Texto>
<p>• Las <negrita>características personales</negrita> de los participantes
en el acto comunicativo. Por ejemplo, la edad, el nivel cultural,
las capacidades auditivas o visuales o la lengua que hablan. No será
lo mismo construir un discurso para un niño, que todavía no reconoce
bien las palabras del español, que para un profesional adulto.</p>
<p>• La <negrita>relación que guardan entre sí</negrita>. Los interlocutores
pueden tener una relación cercana (familiares, amigos, pareja, etc.)
o más distante (académica, profesional, etc.). Siempre será distinto
construir un discurso para dirigirse a un amigo, que para comunicarse
con un desconocido o con una persona que represente autoridad.</p>
</seccion3Texto></seccion3><seccion3
id="S3_LE_07_08_CO_9F49DBECB8844D629A268C8A2FA9E744">
<seccion3Titulo>Los factores propios del mensaje</seccion3Titulo>
<seccion3Texto>
<p>Además de los factores situacionales y de los interlocutores, existen
los <negrita>factores propios del mensaje</negrita>: </p>
<p>• El <negrita>tema</negrita> que se aborda. La comunicación puede
girar en torno a temas cotidianos, sensibles, relacionados con la
identidad o las creencias profundas de una persona o, también, ocuparse
de asuntos íntimos o de interés público. Nunca será lo mismo, por
ejemplo, escribir un artículo sobre los derechos de los niños, que
escribir uno acerca del nuevo video musical de un artista.</p>
<p>• El <negrita>propósito</negrita> comunicativo, es decir, si se
tiene la intención de informar, entretener, enseñar, persuadir o convencer.
Según el propósito que perseguimos con el mensaje, el discurso se
estructurará de una forma determinada y  predominará una función u
otra del lenguaje.</p>
<p>Las funciones del lenguaje son los <negrita>distintos fines que
se pueden alcanzar mediante el uso social de la lengua</negrita>.
Observa el cuadro. </p>
<table border="1"><caption>Las funciones del lenguaje </caption>
<tbody>
<tr valign="top">
<td align="left"><negrita>Función</negrita></td>
<td align="left"><negrita>Propósito</negrita></td>
<td align="left"><negrita>Se centra en el…</negrita></td>
<td align="left"><negrita>Ejemplos</negrita></td>
</tr>
<tr>
<td>Emotiva o expresiva</td>
<td>Manifestar  sensaciones, emociones, sentimientos y estados físicos. </td>
<td>Emisor</td>
<td><cursiva>¡Qué alegría verte!</cursiva></td>
</tr>
<tr>
<td>Apelativa o conativa</td>
<td>Dar órdenes e instrucciones para que alguien las siga. Incitar
a alguien a hacer algo.</td>
<td>Receptor</td>
<td><cursiva>¡Cuéntame toda la historia!</cursiva></td>
</tr>
<tr>
<td>Poética o estética</td>
<td>Provocar un efecto con la forma en la que es transmitido el mensaje. </td>
<td>Mensaje</td>
<td><cursiva>“Ser o no ser, esa es la cuestión. ¿Qué es más noble
para el alma?</cursiva></td>
</tr>
<tr>
<td>Metalingüística</td>
<td>Referirse al código mismo. Es decir, la lengua.</td>
<td>Código</td>
<td><cursiva>¿Qué es una interjección?</cursiva></td>
</tr>
<tr>
<td>Fática o de contacto</td>
<td>Verificar que el canal de comunicación funcione apropiadamente. </td>
<td>Canal</td>
<td><cursiva>¿Aló?, ¿me escuchas?</cursiva></td>
</tr>
<tr>
<td>Referencial o informativa</td>
<td>Transmitir información objetiva (sin valoraciones) sobre la realidad.</td>
<td>Contexto  o referente</td>
<td><cursiva>Medellín es la capital de Antioquia.</cursiva></td>
</tr>
</tbody>
</table>
<imagen src="LE_07_08_CO_IMG12_small.jpg">
<p>¿Qué función del lenguaje consideras que prevalece en las narraciones
literarias?, ¿por qué? </p>
</imagen>
<practica>
<enlace
destino="/LoIdRedirect.aspx?LoId=LE_07_08_CO_Recurso270&amp;IdRecurso=RES-1A95452900D24970A55A0E11B6FA91CD"
>Escucha los discursos</enlace>
</practica></seccion3Texto></seccion3></seccion2Texto></seccion2>
<seccion2 id="S2_LE_07_08_CO_9F49DBECB8844D629A268C8A2FA9E911">
<seccion2Titulo>Consolidación</seccion2Titulo>
<seccion2Texto>
<p>Consolida tu aprendizaje sobre la elaboración de discursos apropiados.</p>
<practica>
<enlace
destino="/LoIdRedirect.aspx?LoId=LE_07_08_CO_Recurso280&amp;IdRecurso=RES-B90020B42ABC4072A0BC5E1468E70CE0"
>Refuerza tu aprendizaje: La elaboración de discursos apropiados</enlace>
</practica></seccion2Texto></seccion2></seccion1Texto></seccion1>
<seccion1 id="S1_LE_07_08_CO_51E89449915A4E4EBBD6BABEC901382F">
<seccion1Titulo>Competencias</seccion1Titulo>
<seccion1Texto>
<p>Lleva a la práctica los conocimientos adquiridos. Para ello, desarrolla
las siguientes actividades. </p>
<profundiza>
<enlace
destino="/LoIdRedirect.aspx?LoId=LE_07_08_CO_Recurso300&amp;IdRecurso=RES-3C56B6EACECA4515910AF4843352FA45"
>Escribe un relato gótico</enlace>
<enlace
destino="/LoIdRedirect.aspx?LoId=LE_07_08_CO_Recurso310&amp;IdRecurso=RES-8502F82467EC4338B5FE46ED4FD1027A"
>Aprende a utilizar correctamente el diccionario</enlace>
</profundiza><practica>
<enlace
destino="/LoIdRedirect.aspx?LoId=LE_07_08_CO_Recurso320&amp;IdRecurso=RES-06E7EC41513043E3BE8EB26A21B8494A"
>Ordena los pasos para realizar un juego de roles</enlace>
<enlace
destino="/LoIdRedirect.aspx?LoId=LE_07_08_CO_Recurso330&amp;IdRecurso=RES-3FC03F39B5CC435DBAD34AE220BCAA85"
>Los recursos de las caricaturas</enlace>
</practica></seccion1Texto></seccion1><masinformacion
id="MI_LE_07_08_CO_DF401CC74BD948A2B43B78EFADCFBDCF"><mapaconceptual>
<enlace
destino="/LoIdRedirect.aspx?LoId=LE_07_08_CO_Recurso350&amp;IdRecurso=RES-91553C4C9E7744FE9DC84C788340CA69"
>Mapa conceptual del tema La novela gótica</enlace></mapaconceptual>
<autoevaluate><enlace
destino="/LoIdRedirect.aspx?LoId=LE_07_08_CO_Recurso360&amp;IdRecurso=RES-926B19D969E247C4BAEC9CBACBC080F0"
>Evalúa tus conocimientos sobre el tema La novela gótica </enlace>
</autoevaluate><enlacesreferencia>
<enlace
destino="http://www.esociales.fcs.ucr.ac.cr/biblioteca/esociales/BramStoker-DRACULA.pdf"
>Consulta la novela <cursiva>Drácula</cursiva> en el enlace.</enlace>
<enlace destino="http://cvc.cervantes.es/lengua/mmoliner/default.htm"
>Aprende sobre la obra de María Moliner. </enlace>
<enlace
destino="http://www.lablaa.org/blaavirtual/exhibiciones/la-caricatura-en-colombia/texto01.html"
>Conoce la historia de la caricatura en Colombia. </enlace>
<enlace
destino="http://prodavinci.com/2016/02/15/artes/texto-audio-el-discurso-de-gabriel-garcia-marquez-en-la-recepcion-del-premio-nobel-de-literatura-en-1982-2/"
>Escucha el discurso que pronunció Gabriel García Márquez cuando recibió
el Premio Nobel de Literatura en 1982. </enlace>
</enlacesreferencia></masinformacion></libro>
