﻿<?xml version="1.0" encoding="utf-8"?><motor tipo="1" clase="c" aprid="m1c">
  <plataforma>
    <grado><![CDATA[2]]></grado>
    <titulo>Comprensión textual: la historiografía</titulo>
    <area>0</area>
    <nivel>3</nivel>
    <referencia/>
    <idreg><![CDATA[0]]></idreg>
    <motor><![CDATA[M1C]]></motor>
    <lang>es</lang>
  </plataforma>
  <enunciado><![CDATA[Relaciona cada fragmento de un texto historiográfico con su característica predominante.]]></enunciado>
  <masinfo inicio="0"/>
  <sinaleatoriedad><![CDATA[0]]></sinaleatoriedad>
  <calc><![CDATA[0]]></calc>
  <textoatexto cantidad="4">
    <cuestion>
      <pregunta><![CDATA[La guerra de Independencia mexicana inicia con el Grito de dolores, en 1810, y concluye en 1821.]]></pregunta>
      <respuesta><![CDATA[Enmarca cronológicamente los hechos que narra.]]></respuesta>
    </cuestion>
    <cuestion>
      <pregunta><![CDATA[Al concluir este episodio, se consolidaron dos potencias mundiales los Estados Unidos y la Unión Soviética.]]></pregunta>
      <respuesta><![CDATA[Expone las consecuencias de los hechos históricos que aborda.]]></respuesta>
    </cuestion>
    <cuestion>
      <pregunta><![CDATA[El tratado de Versalles dejó en desventaja a Alemania, lo que sería un motivo para volver a la guerra.]]></pregunta>
      <respuesta><![CDATA[Expone los antecedentes de un hecho histórico.]]></respuesta>
    </cuestion>
    <cuestion>
      <pregunta><![CDATA[En 1871, los comuneros se alzaron contra medidas tributarias como la Real Orden del 17 de agosto de 1780.]]></pregunta>
      <respuesta><![CDATA[Cita fuentes primarias y secundarias que pueden ser verificadas por los lectores.]]></respuesta>
    </cuestion>
  </textoatexto>
  <textofalso cantidad="0"/>
</motor>