﻿<?xml version="1.0" encoding="utf-8"?><motor tipo="13" clase="b" aprid="m13b">
  <plataforma>
    <grado><![CDATA[2]]></grado>
    <titulo>Gramática: los enlaces subordinantes</titulo>
    <area>0</area>
    <nivel>3</nivel>
    <referencia/>
    <idreg><![CDATA[0]]></idreg>
    <motor><![CDATA[M13B]]></motor>
    <lang>es</lang>
  </plataforma>
  <enunciado><![CDATA[Marca las palabras que sirven de enlace en las oraciones compuestas del texto que no sean coordinadas. Recuerda que los enlaces subordinantes pueden estar constituidos por una o más palabras.]]></enunciado>
  <masinfo inicio="0"/>
  <calc><![CDATA[0]]></calc>
  <texto><![CDATA[La historiografía se ocupa de la forma [en] [que] se organizan las fuentes de la historia. En este sentido, se puede afirmar [que] quienes se dedican a la historiografía estudian historias, relatos, imágenes y testimonios escritos o complilados por un historiador. El sufijo "-grafía" presente en esta palabra es una clave [para] definirla y entender su función. Las fuentes bibliográficas reunidas [para] estudiar un tema se clasifican según el criterio [desde] [donde] se analice la época o el acontecimiento, el cual puede ser ideológico, cronológico, geográfico, entre otros. ]]></texto>
</motor>