﻿<?xml version="1.0" encoding="UTF-8"?>
<engine copy="Editorial Planeta" version="1" aprid="f1">
  <css><![CDATA[.defaultCSSBox2 {
	background: #000000;
}
.defaultCSSBox3 {
	background: #ffffff;
}]]></css>
  <pantallas>
    <pantalla id="pantalla_5">
      <event id="onPrepare" language="DO"><![CDATA[]]></event>
      <event id="onShown" language="DO"><![CDATA[]]></event>
      <components>
        <component _type="_compRichText" id="texto_26" x="6" y="15" width="938" height="92" alpha="1" visible="1" enabled="1" scrollable="1">
          <content><![CDATA[<p style="text-align:center"><span style="font-size:31px"><span style="font-family:georgia,serif">El mester de clerecía y la literatura culta</span></span></p>
]]></content>
        </component>
        <component _type="_compRichText" id="texto_130" x="335" y="460" width="279" height="67" alpha="1" visible="1" enabled="1" scrollable="0">
          <content><![CDATA[<p style="text-align:center"><strong><span style="font-size:18px"><span style="font-family:verdana,geneva,sans-serif">Selecciona una imagen</span></span></strong></p>
]]></content>
        </component>
        <component _type="_compCSSBox" id="fondo_131" x="337" y="468" width="276" height="40" alpha="0.300000011920929" visible="1" enabled="1" cssClass="defaultCSSBox2" />
        <component _type="_compImageButton" id="imagebutton_127" x="111" y="160" width="315" height="225" alpha="1" visible="1" enabled="1" group="-1" adjustMode="4" alignMode="1" image="data/imagenes/image_77.jpg">
          <event id="onClick" language="DO"><![CDATA[uiobject_set(rootSlider,"current",1)]]></event>
        </component>
        <component _type="_compImageButton" id="imagebutton_202" x="524" y="160" width="315" height="225" alpha="1" visible="1" enabled="1" group="-1" adjustMode="4" alignMode="1" image="data/imagenes/image_80.jpg">
          <event id="onClick" language="DO"><![CDATA[uiobject_set(rootSlider,"current",2)]]></event>
        </component>
        <component _type="_compRichText" id="texto_19" x="111" y="365" width="314" height="95" alpha="1" visible="1" enabled="1" scrollable="0">
          <content><![CDATA[<p style="text-align:center"><span style="font-size:20px"><span style="font-family:verdana,geneva,sans-serif">El mester de clerecía</span></span></p>
]]></content>
        </component>
        <component _type="_compRichText" id="texto_201" x="524" y="365" width="314" height="95" alpha="1" visible="1" enabled="1" scrollable="0">
          <content><![CDATA[<p style="text-align:center"><span style="font-size:20px"><span style="font-family:verdana,geneva,sans-serif">Lírica culta</span></span></p>
]]></content>
        </component>
      </components>
      <animaciones>
      </animaciones>
    </pantalla>
    <pantalla id="pantalla_125">
      <event id="onPrepare" language="DO"><![CDATA[]]></event>
      <event id="onShown" language="DO"><![CDATA[]]></event>
      <components>
        <component _type="_compSlider" id="diaporama_12" x="0" y="0" width="950" height="608" alpha="1" visible="1" enabled="1" transMode="1" />
        <component _type="_compSliderNav" id="slidernav_11" x="45" y="526" width="162" height="37" alpha="1" visible="1" enabled="1" sliderId="diaporama_12" showHome="1" whiteButtons="0" mode="1" />
        <component _type="_compIconButton" id="iconbutton_63" x="45" y="526" width="37" height="37" alpha="1" visible="1" enabled="1" cssClass="iconHomeButton" group="-1">
          <event id="onClick" language="DO"><![CDATA[uiobject_set(rootSlider,"current",0)]]></event>
        </component>
      </components>
      <animaciones>
      </animaciones>
      <slider id="diaporama_12">
        <pantalla id="pantalla_203">
          <event id="onPrepare" language="DO"><![CDATA[]]></event>
          <event id="onShown" language="DO"><![CDATA[]]></event>
          <components>
            <component _type="_compRichText" id="texto_26" x="111" y="18" width="767" height="68" alpha="1" visible="1" enabled="1" scrollable="1">
              <content><![CDATA[<p><span style="font-size:25px"><span style="font-family:verdana,geneva,sans-serif">El mester de clerecía</span></span></p>
]]></content>
            </component>
            <component _type="_compImage" id="image_174" x="111" y="115" width="728" height="362" alpha="1" visible="1" enabled="1" cssClass="imgbord" adjustMode="4" alignMode="1" image="data/imagenes/image_77.jpg" />
          </components>
          <animaciones>
          </animaciones>
        </pantalla>
        <pantalla id="pantalla_207">
          <event id="onPrepare" language="DO"><![CDATA[]]></event>
          <event id="onShown" language="DO"><![CDATA[]]></event>
          <components>
            <component _type="_compRichText" id="texto_26" x="111" y="18" width="798" height="123" alpha="1" visible="1" enabled="1" scrollable="1">
              <content><![CDATA[<p><span style="font-size:23px"><span style="font-family:verdana,geneva,sans-serif">En el siglo XIII nace una corriente po&eacute;tica: el <strong>mester de clerec&iacute;a</strong>.<br />
Observa&nbsp;esta definici&oacute;n sobre el mester de clerec&iacute;a.</span></span></p>
]]></content>
            </component>
            <component _type="_compRichText" id="texto_19" x="111" y="123" width="497" height="411" alpha="1" visible="1" enabled="1" scrollable="1">
              <content><![CDATA[<p><span style="font-size:18px"><em><span style="font-family:verdana,geneva,sans-serif">Mester trayo fermoso, <span style="color:rgb(238, 130, 238)">non es de jogler&iacute;a</span>;<br />
mester es sin peccado, <span style="color:rgb(238, 130, 238)">qua es de clerec&iacute;a</span>:<br />
fablar curso rimado <span style="color:rgb(0, 0, 255)">por la quaderna v&iacute;a</span>,<br />
a s&iacute;labas contadas, qua es grant maestr&iacute;a.</span></em></span></p>

<p style="text-align:right"><span style="font-size:16px"><span style="font-family:verdana,geneva,sans-serif">An&oacute;nimo, <em>Libro de Alexandre </em>(primera mitad s. XIII) (fragmento).</span></span></p>

<p><span style="font-size:18px"><span style="color:rgb(238, 130, 238)"><span style="font-family:verdana,geneva,sans-serif">El mester de clerec&iacute;a es una obra po&eacute;tica que se opone al mester de juglar&iacute;a, puesto que no es an&oacute;nima, sino que est&aacute; escrita y difundida por cl&eacute;rigos cultos.</span></span></span></p>

<p><span style="font-size:18px"><span style="color:rgb(0, 0, 255)"><span style="font-family:verdana,geneva,sans-serif">La cuaderna v&iacute;a es la organizaci&oacute;n que presenta cada estrofa, estructurada en cuatro versos alejandrinos (14 s&iacute;labas) que riman en consonante (AAAA).</span></span></span></p>
]]></content>
            </component>
            <component _type="_compImage" id="image_20" x="645" y="145" width="194" height="362" alpha="1" visible="1" enabled="1" cssClass="imgbord" adjustMode="4" alignMode="2" image="data/imagenes/image_102.jpg" />
          </components>
          <animaciones>
            <anim id="Entrada"><![CDATA[{}]]></anim>
          </animaciones>
        </pantalla>
        <pantalla id="pantalla_211">
          <event id="onPrepare" language="DO"><![CDATA[]]></event>
          <event id="onShown" language="DO"><![CDATA[]]></event>
          <components>
            <component _type="_compRichText" id="texto_19" x="111" y="91" width="423" height="386" alpha="1" visible="1" enabled="1" scrollable="1">
              <content><![CDATA[<p><span style="font-size:20px"><span style="font-family:verdana,geneva,sans-serif">El mester de clerec&iacute;a se caracterizaba por su alternancia entre el <strong>lenguaje popular</strong>, cuyo objetivo era llegar a todo el pueblo, y el uso de un <strong>lenguaje culto</strong>, pr&oacute;ximo a las grandes obras literarias escritas en lat&iacute;n. Ten&iacute;an intenci&oacute;n did&aacute;ctica.</span></span></p>

<p><span style="font-size:20px"><span style="font-family:verdana,geneva,sans-serif">Sus dos representantes m&aacute;s conocidos fueron Gonzalo de Berceo y Juan Ruiz, Arcipreste de Hita.</span></span></p>
]]></content>
            </component>
            <component _type="_compImage" id="image_20" x="574" y="115" width="265" height="362" alpha="1" visible="1" enabled="1" cssClass="imgbord" adjustMode="4" alignMode="2" image="data/imagenes/image_116.jpg" />
          </components>
          <animaciones>
          </animaciones>
        </pantalla>
        <pantalla id="pantalla_215">
          <event id="onPrepare" language="DO"><![CDATA[]]></event>
          <event id="onShown" language="DO"><![CDATA[]]></event>
          <components>
            <component _type="_compIconButton" id="iconbutton_272" x="225" y="526" width="37" height="37" alpha="1" visible="1" enabled="1" cssClass="iconPauseButton" group="-1">
              <event id="onClick" language="DO"><![CDATA[do(
uiobject_pause("audioclip_219"),
uiobject_set("iconbutton_148",  "visible", true),
uiobject_set("iconbutton_272",  "visible", false)
)]]></event>
            </component>
            <component _type="_compIconButton" id="iconbutton_148" x="225" y="526" width="37" height="37" alpha="1" visible="1" enabled="1" cssClass="iconPlayButton" group="-1">
              <event id="onClick" language="DO"><![CDATA[do(
uiobject_play("audioclip_219"),
uiobject_set("iconbutton_148", "visible", false),
uiobject_set("iconbutton_272", "visible", true)
)]]></event>
            </component>
            <component _type="_compRichText" id="texto_19" x="111" y="111" width="443" height="386" alpha="1" visible="1" enabled="1" scrollable="1">
              <content><![CDATA[<ul>
	<li><span style="font-size:20px"><span style="font-family:verdana,geneva,sans-serif">Relatos <strong>hagiogr&aacute;ficos </strong>(vidas de santos) como la <em>Vida de san Mill&aacute;n de la Cogolla</em>.</span></span><br />
	&nbsp;</li>
	<li><span style="font-size:20px"><span style="font-family:verdana,geneva,sans-serif">Poemas <strong>marianos</strong>, dedicados a la Virgen como los <em>Milagros de Nuestra Se&ntilde;ora</em>.</span></span><br />
	&nbsp;</li>
	<li><span style="font-size:20px"><span style="font-family:verdana,geneva,sans-serif">Obras para el <strong>culto religioso </strong>como <em>El sacrificio de la Misa</em>.</span></span></li>
</ul>

<p><span style="font-size:20px"><span style="font-family:verdana,geneva,sans-serif">Escucha&nbsp;con atenci&oacute;n el siguiente relato sobre la Virgen de los <em>Milagros de Nuestra Se&ntilde;ora</em>.</span></span></p>
]]></content>
            </component>
            <component _type="_compRichText" id="texto_26" x="111" y="18" width="767" height="99" alpha="1" visible="1" enabled="1" scrollable="1">
              <content><![CDATA[<p><span style="font-size:21px"><span style="font-family:verdana,geneva,sans-serif"><strong>Gonzalo de Berceo </strong>dedic&oacute; toda su obra literaria a destacar el papel de la Iglesia y a difundir el cristianismo. Sus obras se dividen en:</span></span></p>
]]></content>
            </component>
            <component _type="_compImage" id="image_20" x="587" y="135" width="252" height="362" alpha="1" visible="1" enabled="1" cssClass="imgbord" adjustMode="4" alignMode="2" image="data/imagenes/image_134.jpg" />
            <component _type="_compAudioClip" id="audioclip_219" x="8" y="8" width="32" height="32" alpha="1" visible="1" enabled="1" audio="data/sonidos/sound_8.mp3" autoplay="0" />
          </components>
          <animaciones>
          </animaciones>
        </pantalla>
        <pantalla id="pantalla_220">
          <event id="onPrepare" language="DO"><![CDATA[]]></event>
          <event id="onShown" language="DO"><![CDATA[]]></event>
          <components>
            <component _type="_compRichText" id="texto_19" x="111" y="111" width="521" height="436" alpha="1" visible="1" enabled="1" scrollable="1">
              <content><![CDATA[<p><em><strong><span style="font-size:20px"><span style="font-family:verdana,geneva,sans-serif">Libro de Buen Amor:</span></span></strong></em></p>

<ul>
	<li><span style="font-size:20px"><span style="font-family:verdana,geneva,sans-serif">Est&aacute; escrito en verso.</span></span><br />
	&nbsp;</li>
	<li><span style="font-size:20px"><span style="font-family:verdana,geneva,sans-serif">Variedad de temas, metros y estrofas.</span></span><br />
	&nbsp;</li>
	<li><span style="font-size:20px"><span style="font-family:verdana,geneva,sans-serif">Pretende representar una autobiograf&iacute;a.</span></span><br />
	&nbsp;</li>
	<li><span style="font-size:20px"><span style="font-family:verdana,geneva,sans-serif">Narra las aventuras amorosas del protagonista.</span></span><br />
	&nbsp;</li>
	<li><span style="font-size:20px"><span style="font-family:verdana,geneva,sans-serif">Tono ir&oacute;nico y burlesco.</span></span><br />
	&nbsp;</li>
	<li><span style="font-size:20px"><span style="font-family:verdana,geneva,sans-serif">Objetivo: ayudar a la gente a elegir el buen camino desde un punto de vista cristiano.</span></span></li>
</ul>
]]></content>
            </component>
            <component _type="_compRichText" id="texto_26" x="111" y="18" width="767" height="99" alpha="1" visible="1" enabled="1" scrollable="1">
              <content><![CDATA[<p><span style="font-size:21px"><span style="font-family:verdana,geneva,sans-serif"><strong>Juan Ruiz</strong>, Arcipreste de Hita, escribi&oacute; el <em>Libro de Buen Amor </em>(mediados siglo XIV). Apenas hay informaci&oacute;n sobre este cl&eacute;rigo.</span></span></p>
]]></content>
            </component>
            <component _type="_compImage" id="image_20" x="656" y="135" width="183" height="362" alpha="1" visible="1" enabled="1" cssClass="imgbord" adjustMode="4" alignMode="2" image="data/imagenes/image_141.jpg" />
            <component _type="_compRoundButton" id="roundbutton_115" x="752" y="522" width="152" height="40" alpha="1" visible="1" enabled="1" cssClass="roundTextButton" group="-1">
              <content><![CDATA[PRACTICA]]></content>
              <event id="onClick" language="DO"><![CDATA[popup_open("pantalla_166")]]></event>
            </component>
          </components>
          <animaciones>
            <anim id="Entrada"><![CDATA[{}]]></anim>
          </animaciones>
        </pantalla>
      </slider>
    </pantalla>
    <pantalla id="pantalla_226">
      <event id="onPrepare" language="DO"><![CDATA[]]></event>
      <event id="onShown" language="DO"><![CDATA[]]></event>
      <components>
        <component _type="_compSlider" id="diaporama_12" x="0" y="0" width="950" height="608" alpha="1" visible="1" enabled="1" transMode="1" />
        <component _type="_compSliderNav" id="slidernav_11" x="45" y="526" width="162" height="37" alpha="1" visible="1" enabled="1" sliderId="diaporama_12" showHome="1" whiteButtons="0" mode="1" />
        <component _type="_compIconButton" id="iconbutton_63" x="45" y="526" width="37" height="37" alpha="1" visible="1" enabled="1" cssClass="iconHomeButton" group="-1">
          <event id="onClick" language="DO"><![CDATA[uiobject_set(rootSlider,"current",0)]]></event>
        </component>
      </components>
      <animaciones>
      </animaciones>
      <slider id="diaporama_12">
        <pantalla id="pantalla_231">
          <event id="onPrepare" language="DO"><![CDATA[]]></event>
          <event id="onShown" language="DO"><![CDATA[]]></event>
          <components>
            <component _type="_compRichText" id="texto_26" x="111" y="18" width="767" height="68" alpha="1" visible="1" enabled="1" scrollable="1">
              <content><![CDATA[<p><span style="font-size:25px"><span style="font-family:verdana,geneva,sans-serif">La lírica culta</span></span></p>
]]></content>
            </component>
            <component _type="_compImage" id="image_174" x="111" y="115" width="728" height="362" alpha="1" visible="1" enabled="1" cssClass="imgbord" adjustMode="4" alignMode="1" image="data/imagenes/image_80.jpg" />
          </components>
          <animaciones>
          </animaciones>
        </pantalla>
        <pantalla id="pantalla_235">
          <event id="onPrepare" language="DO"><![CDATA[]]></event>
          <event id="onShown" language="DO"><![CDATA[]]></event>
          <components>
            <component _type="_compRichText" id="texto_19" x="111" y="91" width="729" height="369" alpha="1" visible="1" enabled="1" scrollable="1">
              <content><![CDATA[<p><span style="font-size:20px"><span style="font-family:verdana,geneva,sans-serif">A finales del siglo XIV y durante el siglo XV la <strong>l&iacute;rica culta </strong>fue recogida en diferentes <strong>cancioneros</strong>, que recopilaban los textos de varios autores, o bien, sol&iacute;an agrupar los poemas por tem&aacute;ticas. El primer ejemplo de estas recopilaciones es el <em>Cancionero de Baena </em>(ca. 1430) publicado por Juan Alfonso de Baena.</span></span></p>
]]></content>
            </component>
          </components>
          <animaciones>
          </animaciones>
        </pantalla>
        <pantalla id="pantalla_239">
          <event id="onPrepare" language="DO"><![CDATA[]]></event>
          <event id="onShown" language="DO"><![CDATA[]]></event>
          <components>
            <component _type="_compImage" id="image_20" x="529" y="151" width="310" height="326" alpha="1" visible="1" enabled="1" cssClass="imgbord" adjustMode="4" alignMode="2" image="data/imagenes/image_150.jpg" />
            <component _type="_compRichText" id="texto_26" x="111" y="18" width="767" height="95" alpha="1" visible="1" enabled="1" scrollable="1">
              <content><![CDATA[<p><span style="font-size:23px"><span style="font-family:verdana,geneva,sans-serif">Los cancioneros se caracterizaban por la compilaci&oacute;n de varios autores cuyas caracter&iacute;sticas eran:</span></span></p>
]]></content>
            </component>
            <component _type="_compRichText" id="texto_19" x="111" y="127" width="459" height="392" alpha="1" visible="1" enabled="1" scrollable="1">
              <content><![CDATA[<ul>
	<li><span style="font-size:20px"><span style="font-family:verdana,geneva,sans-serif">El tratamiento de temas filos&oacute;ficos, religiosos, morales y, sobre todo, amorosos.</span></span><br />
	&nbsp;</li>
	<li><span style="font-size:20px"><span style="font-family:verdana,geneva,sans-serif">La presencia de la tradici&oacute;n provenzal (el amor cort&eacute;s).</span></span><br />
	&nbsp;</li>
	<li><span style="font-size:20px"><span style="font-family:verdana,geneva,sans-serif">La influencia de los poetas italianos: el <em>Dolce Stil Nuovo </em>y Petrarca.</span></span><br />
	&nbsp;</li>
	<li><span style="font-size:20px"><span style="font-family:verdana,geneva,sans-serif">El conocimiento de la obra de otros poetas peninsulares como Ausi&agrave;s March y Jordi de Sant Jordi.</span></span></li>
</ul>
]]></content>
            </component>
          </components>
          <animaciones>
          </animaciones>
        </pantalla>
        <pantalla id="pantalla_243">
          <event id="onPrepare" language="DO"><![CDATA[]]></event>
          <event id="onShown" language="DO"><![CDATA[]]></event>
          <components>
            <component _type="_compImage" id="image_20" x="530" y="115" width="309" height="362" alpha="1" visible="1" enabled="1" cssClass="imgbord" adjustMode="4" alignMode="2" image="data/imagenes/image_154.jpg" />
            <component _type="_compRichText" id="texto_19" x="111" y="91" width="403" height="386" alpha="1" visible="1" enabled="1" scrollable="1">
              <content><![CDATA[<p><span style="font-size:20px"><span style="font-family:verdana,geneva,sans-serif">A pesar de que los cancioneros recogen una gran diversidad de autores destacan por su estilo y dominio del lenguaje, &Iacute;&ntilde;igo L&oacute;pez de Mendoza, <strong>marqu&eacute;s de Santillana</strong>; <strong>Juan de Mena</strong>; y especialmente <strong>Jorge Manrique</strong>.</span></span></p>
]]></content>
            </component>
          </components>
          <animaciones>
          </animaciones>
        </pantalla>
        <pantalla id="pantalla_247">
          <event id="onPrepare" language="DO"><![CDATA[]]></event>
          <event id="onShown" language="DO"><![CDATA[]]></event>
          <components>
            <component _type="_compRichText" id="texto_26" x="111" y="18" width="767" height="131" alpha="1" visible="1" enabled="1" scrollable="1">
              <content><![CDATA[<p><span style="font-size:21px"><span style="font-family:verdana,geneva,sans-serif">A finales de la edad media aumenta la <strong>preocupaci&oacute;n por la muerte</strong>, a causa del clima de guerras por el que atravesaba Europa.</span></span></p>
]]></content>
            </component>
            <component _type="_compRichText" id="texto_19" x="111" y="127" width="459" height="392" alpha="1" visible="1" enabled="1" scrollable="1">
              <content><![CDATA[<p><span style="font-size:20px"><span style="font-family:verdana,geneva,sans-serif">Por otra parte, exist&iacute;a un modelo ret&oacute;rico para tratar la muerte de los seres queridos. Consist&iacute;a en <strong>elogiar al difunto</strong>, meditar sobre la muerte e intentar buscar consuelo.</span></span></p>
]]></content>
            </component>
            <component _type="_compImage" id="image_20" x="588" y="151" width="251" height="326" alpha="1" visible="1" enabled="1" cssClass="imgbord" adjustMode="4" alignMode="2" image="data/imagenes/image_159.jpg" />
          </components>
          <animaciones>
          </animaciones>
        </pantalla>
        <pantalla id="pantalla_251">
          <event id="onPrepare" language="DO"><![CDATA[]]></event>
          <event id="onShown" language="DO"><![CDATA[]]></event>
          <components>
            <component _type="_compRichText" id="texto_26" x="111" y="18" width="767" height="131" alpha="1" visible="1" enabled="1" scrollable="1">
              <content><![CDATA[<p><span style="font-size:21px"><span style="font-family:verdana,geneva,sans-serif">Jorge Manrique a trav&eacute;s de sus <em><strong>Coplas que fizo a la muerte de su padre </strong></em>fue capaz de recoger esta preocupaci&oacute;n, a la vez que las dot&oacute; de una expresividad que romp&iacute;a con los moldes ret&oacute;ricos.</span></span></p>
]]></content>
            </component>
            <component _type="_compRichText" id="texto_19" x="111" y="145" width="459" height="374" alpha="1" visible="1" enabled="1" scrollable="1">
              <content><![CDATA[<p><span style="font-size:20px"><span style="font-family:verdana,geneva,sans-serif">La obra se divide en <strong>tres partes</strong>:</span></span></p>

<ul>
	<li><span style="font-size:20px"><span style="font-family:verdana,geneva,sans-serif">Reflexi&oacute;n general sobre la fugacidad de la vida y de los bienes materiales.</span></span><br />
	&nbsp;</li>
	<li><span style="font-size:20px"><span style="font-family:verdana,geneva,sans-serif">Ejemplos de personalidades que ya han fenecido.</span></span><br />
	&nbsp;</li>
	<li><span style="font-size:20px"><span style="font-family:verdana,geneva,sans-serif">Elogio al difunto, su padre. </span></span></li>
</ul>
]]></content>
            </component>
            <component _type="_compImage" id="image_20" x="588" y="169" width="251" height="308" alpha="1" visible="1" enabled="1" cssClass="imgbord" adjustMode="4" alignMode="2" image="data/imagenes/image_165.jpg" />
          </components>
          <animaciones>
          </animaciones>
        </pantalla>
        <pantalla id="pantalla_255">
          <event id="onPrepare" language="DO"><![CDATA[]]></event>
          <event id="onShown" language="DO"><![CDATA[]]></event>
          <components>
            <component _type="_compIconButton" id="iconbutton_272" x="225" y="526" width="37" height="37" alpha="1" visible="1" enabled="1" cssClass="iconPauseButton" group="-1">
              <event id="onClick" language="DO"><![CDATA[do(
uiobject_pause("audioclip_219"),
uiobject_set("iconbutton_148",  "visible", true),
uiobject_set("iconbutton_272",  "visible", false)
)]]></event>
            </component>
            <component _type="_compRichText" id="texto_19" x="111" y="111" width="321" height="386" alpha="1" visible="1" enabled="1" scrollable="1">
              <content><![CDATA[<ul>
	<li><span style="font-size:20px"><span style="font-family:verdana,geneva,sans-serif">La fugacidad de la vida y la presencia irremediable de la muerte.</span></span><br />
	&nbsp;</li>
	<li><span style="font-size:20px"><span style="font-family:verdana,geneva,sans-serif">Fugacidad del tiempo, los placeres y el recuerdo de un pasado mejor.</span></span><br />
	&nbsp;</li>
	<li><span style="font-size:20px"><span style="font-family:verdana,geneva,sans-serif">La igualdad ante la muerte.</span></span></li>
</ul>
]]></content>
            </component>
            <component _type="_compRichText" id="texto_26" x="111" y="18" width="767" height="99" alpha="1" visible="1" enabled="1" scrollable="1">
              <content><![CDATA[<p><span style="font-size:21px"><span style="font-family:verdana,geneva,sans-serif">Escucha&nbsp;el audio e identifica&nbsp;estas caracter&iacute;sticas:</span></span></p>
]]></content>
            </component>
            <component _type="_compImage" id="image_20" x="502" y="135" width="337" height="362" alpha="1" visible="1" enabled="1" cssClass="imgbord" adjustMode="4" alignMode="2" image="data/imagenes/image_171.jpg" />
            <component _type="_compAudioClip" id="audioclip_219" x="8" y="8" width="32" height="32" alpha="1" visible="1" enabled="1" audio="data/sonidos/sound_7.mp3" autoplay="0" />
            <component _type="_compRoundButton" id="roundbutton_44" x="725" y="523" width="180" height="40" alpha="1" visible="1" enabled="1" cssClass="roundTextButton" group="-1">
              <content><![CDATA[ACTIVIDAD]]></content>
              <event id="onClick" language="DO"><![CDATA[popup_open('pantalla_268')]]></event>
            </component>
            <component _type="_compIconButton" id="iconbutton_148" x="225" y="526" width="37" height="37" alpha="1" visible="1" enabled="1" cssClass="iconPlayButton" group="-1">
              <event id="onClick" language="DO"><![CDATA[do(
uiobject_play("audioclip_219"),
uiobject_set("iconbutton_148", "visible", false),
uiobject_set("iconbutton_272", "visible", true)
)]]></event>
            </component>
          </components>
          <animaciones>
            <anim id="Entrada"><![CDATA[{}]]></anim>
          </animaciones>
        </pantalla>
      </slider>
    </pantalla>
  </pantallas>
  <popups>
    <pantalla id="pantalla_25">
      <event id="onPrepare" language="DO"><![CDATA[]]></event>
      <event id="onShown" language="DO"><![CDATA[]]></event>
      <components>
        <component _type="_compCSSBox" id="fondo_150" x="0" y="0" width="950" height="608" alpha="1" visible="1" enabled="1" cssClass="defaultCSSBox3" />
        <component _type="_compImage" id="image_19" x="0" y="0" width="950" height="608" alpha="1" visible="1" enabled="1" cssClass="" adjustMode="1" alignMode="0" image="data/imagenes/plantilla_f2.jpg" />
        <component _type="_compIconButton" id="iconbutton_24" x="867" y="45" width="37" height="37" alpha="1" visible="1" enabled="1" cssClass="iconCloseButton" group="-1">
          <event id="onClick" language="DO"><![CDATA[popup_close()]]></event>
        </component>
        <component _type="_compIconButton" id="iconbutton_63" x="169" y="526" width="37" height="37" alpha="1" visible="1" enabled="1" cssClass="iconNextButton" group="-1">
          <event id="onClick" language="DO"><![CDATA[uiobject_set(rootSlider,"current",1)]]></event>
        </component>
        <component _type="_compIconButton" id="iconbutton_151" x="112" y="526" width="37" height="37" alpha="1" visible="1" enabled="1" cssClass="iconPrevButton" group="-1">
          <event id="onClick" language="DO"><![CDATA[uiobject_set(rootSlider,"current",0)]]></event>
        </component>
      </components>
      <animaciones>
      </animaciones>
    </pantalla>
    <pantalla id="pantalla_166">
      <event id="onPrepare" language="DO"><![CDATA[]]></event>
      <event id="onShown" language="DO"><![CDATA[]]></event>
      <components>
        <component _type="_compCSSBox" id="fondo_271" x="-1" y="83" width="870" height="608" alpha="1" visible="1" enabled="1" cssClass="defaultCSSBox3" />
        <component _type="_compCSSBox" id="fondo_136" x="85" y="0" width="870" height="608" alpha="1" visible="1" enabled="1" cssClass="defaultCSSBox3" />
        <component _type="_compRichText" id="texto_26" x="111" y="18" width="709" height="106" alpha="1" visible="1" enabled="1" scrollable="1">
          <content><![CDATA[<p><span style="font-size:20px"><span style="font-family:verdana,geneva,sans-serif">Lee&nbsp;este fragmento y se&ntilde;ala&nbsp;los cultismos (palabras cercanas al lat&iacute;n) y las expresiones propias del lenguaje popular.</span></span></p>
]]></content>
        </component>
        <component _type="_compIconButton" id="iconbutton_24" x="867" y="45" width="37" height="37" alpha="1" visible="1" enabled="1" cssClass="iconCloseButton" group="-1">
          <event id="onClick" language="DO"><![CDATA[popup_close()]]></event>
        </component>
        <component _type="_compRoundButton" id="roundbutton_115" x="752" y="522" width="152" height="40" alpha="1" visible="1" enabled="1" cssClass="roundTextButton" group="-1">
          <content><![CDATA[SOLUCIÓN]]></content>
          <event id="onClick" language="DO"><![CDATA[popup_open("pantalla_170")]]></event>
        </component>
        <component _type="_compRichText" id="texto_19" x="111" y="131" width="377" height="310" alpha="1" visible="1" enabled="1" scrollable="1">
          <content><![CDATA[<p><span style="font-size:15px"><span style="font-family:verdana,geneva,sans-serif">Era un ladr&oacute;n malo &nbsp;&nbsp;&nbsp; ue m&aacute;s queri&eacute; furtar<br />
que ir a la iglesia &nbsp;&nbsp;&nbsp; ni a puentes alzar;<br />
sabi&eacute; de mal porcalzo &nbsp;&nbsp;&nbsp; su casa gobernar,<br />
uso malo que prisso &nbsp;&nbsp;&nbsp; no lo podi&eacute; dexar<br />
<br />
[&hellip;]<br />
<br />
Entre las otras malas &nbsp;&nbsp;&nbsp; vi&eacute; en bondat<br />
que li vali&oacute; en cabo &nbsp;&nbsp;&nbsp; dioli salvedat:<br />
credi&eacute; en la Gloriosa &nbsp;&nbsp;&nbsp; de toca voluntat,<br />
salud&aacute;vala siempre &nbsp;&nbsp;&nbsp; contra su magestat.</span></span></p>
]]></content>
        </component>
        <component _type="_compRichText" id="texto_224" x="511" y="131" width="377" height="310" alpha="1" visible="1" enabled="1" scrollable="1">
          <content><![CDATA[<p><span style="font-size:15px"><span style="font-family:verdana,geneva,sans-serif">Si fuesse a furtar &nbsp;&nbsp;&nbsp; o a otra locura,<br>
siempre se inclinava &nbsp;&nbsp;&nbsp; contra la su figura;<br>
dizié «Ave María» &nbsp;&nbsp;&nbsp; e más de escriptura;<br>
tenié su voluntad &nbsp;&nbsp;&nbsp; con esto más segura <br>
<br>
[…]<br>
<br>
Como qui en mal anda &nbsp;&nbsp;&nbsp; en mal ha a caer,<br>
oviéronlo con furto &nbsp;&nbsp;&nbsp; est ladróna  prender;<br>
non ovo nul consejo &nbsp;&nbsp;&nbsp; con que defender,<br>
judgaron que lo fuesen &nbsp;&nbsp;&nbsp; en la forca poner. <br></span></span></p>
]]></content>
        </component>
        <component _type="_compRichText" id="texto_225" x="514" y="391" width="325" height="99" alpha="1" visible="1" enabled="1" scrollable="1">
          <content><![CDATA[<p style="text-align: right;"><span style="font-size:15px"><span style="font-family:verdana,geneva,sans-serif">Gonzalo de Berceo, <em>El ladr&oacute;n devoto. Milagros de Nuestra Se&ntilde;ora </em>(fragmento).</span></span></p>
]]></content>
        </component>
      </components>
      <animaciones>
      </animaciones>
    </pantalla>
    <pantalla id="pantalla_170">
      <event id="onPrepare" language="DO"><![CDATA[]]></event>
      <event id="onShown" language="DO"><![CDATA[]]></event>
      <components>
        <component _type="_compCSSBox" id="fondo_271" x="-1" y="83" width="870" height="608" alpha="1" visible="1" enabled="1" cssClass="defaultCSSBox3" />
        <component _type="_compCSSBox" id="fondo_136" x="86" y="0" width="869" height="608" alpha="1" visible="1" enabled="1" cssClass="defaultCSSBox3" />
        <component _type="_compIconButton" id="iconbutton_24" x="867" y="45" width="37" height="37" alpha="1" visible="1" enabled="1" cssClass="iconCloseButton" group="-1">
          <event id="onClick" language="DO"><![CDATA[do (
  popup_close(),
  popup_close()
)]]></event>
        </component>
        <component _type="_compIconButton" id="iconbutton_63" x="112" y="526" width="37" height="37" alpha="1" visible="1" enabled="1" cssClass="iconPrevButton" group="-1">
          <event id="onClick" language="DO"><![CDATA[popup_close()]]></event>
        </component>
        <component _type="_compRichText" id="texto_26" x="111" y="18" width="709" height="106" alpha="1" visible="1" enabled="1" scrollable="1">
          <content><![CDATA[<p><span style="font-size:20px"><span style="font-family:verdana,geneva,sans-serif">Lee&nbsp;este fragmento y se&ntilde;ala&nbsp;los <span style="color:#FF0000">cultismos </span>(palabras cercanas al lat&iacute;n) y las expresiones propias del <span style="color:#008000">lenguaje popular</span>.</span></span></p>
]]></content>
        </component>
        <component _type="_compRichText" id="texto_19" x="111" y="131" width="377" height="310" alpha="1" visible="1" enabled="1" scrollable="1">
          <content><![CDATA[<p><span style="font-size:15px"><span style="font-family:verdana,geneva,sans-serif">Era un ladr&oacute;n malo &nbsp;&nbsp;&nbsp; ue m&aacute;s <span style="color:#FF0000">queri&eacute; furtar</span><br />
que ir a la iglesia &nbsp;&nbsp;&nbsp; ni a puentes alzar;<br />
<span style="color:#008000">sabi&eacute; de mal porcalzo &nbsp;&nbsp;&nbsp; su casa gobernar,<br />
uso malo que prisso &nbsp;&nbsp;&nbsp; no lo podi&eacute; dexar</span><br />
<br />
[&hellip;]<br />
<br />
Entre las otras malas &nbsp;&nbsp;&nbsp; vi&eacute; en <span style="color:#FF0000">bondat</span><br />
que li vali&oacute; en cabo &nbsp;&nbsp;&nbsp; dioli <span style="color:#FF0000">salvedat</span>:<br />
credi&eacute; en la Gloriosa &nbsp;&nbsp;&nbsp; de toca <span style="color:#FF0000">voluntat</span>,<br />
salud&aacute;vala siempre &nbsp;&nbsp;&nbsp; contra su <span style="color:#FF0000">magestat</span>.</span></span></p>
]]></content>
        </component>
        <component _type="_compRichText" id="texto_224" x="511" y="131" width="377" height="310" alpha="1" visible="1" enabled="1" scrollable="1">
          <content><![CDATA[<p><span style="font-size:15px"><span style="font-family:verdana,geneva,sans-serif">Si fuesse a furtar &nbsp;&nbsp;&nbsp; o a otra locura,<br />
siempre se inclinava &nbsp;&nbsp;&nbsp; contra la su figura;<br />
dizi&eacute; &laquo;Ave Mar&iacute;a&raquo; &nbsp;&nbsp;&nbsp; e m&aacute;s de escriptura;<br />
teni&eacute; su voluntad &nbsp;&nbsp;&nbsp; con esto m&aacute;s segura<br />
<br />
[&hellip;]<br />
<br />
<span style="color:#008000">Como qui en mal anda &nbsp;&nbsp;&nbsp; en mal ha a caer</span>,<br />
ovi&eacute;ronlo con furto &nbsp;&nbsp;&nbsp; <span style="color:#FF0000">est ladr&oacute;na prender</span>;<br />
non ovo nul consejo &nbsp;&nbsp;&nbsp; con que defender,<br />
judgaron que lo fuesen &nbsp;&nbsp;&nbsp; en la <span style="color:#FF0000">forca </span>poner. </span></span></p>
]]></content>
        </component>
        <component _type="_compRichText" id="texto_225" x="514" y="391" width="325" height="99" alpha="1" visible="1" enabled="1" scrollable="1">
          <content><![CDATA[<p style="text-align: right;"><span style="font-size:15px"><span style="font-family:verdana,geneva,sans-serif">Gonzalo de Berceo, <em>El ladr&oacute;n devoto. Milagros de Nuestra Se&ntilde;ora </em>(fragmento).</span></span></p>
]]></content>
        </component>
      </components>
      <animaciones>
      </animaciones>
    </pantalla>
    <pantalla id="pantalla_268">
      <event id="onPrepare" language="DO"><![CDATA[]]></event>
      <event id="onShown" language="DO"><![CDATA[]]></event>
      <components>
        <component _type="_compCSSBox" id="fondo_271" x="-1" y="83" width="870" height="608" alpha="1" visible="1" enabled="1" cssClass="defaultCSSBox3" />
        <component _type="_compCSSBox" id="fondo_211" x="86" y="0" width="864" height="608" alpha="1" visible="1" enabled="1" cssClass="bkWhite" />
        <component _type="_compActivity" id="activity_187" x="77" y="81" width="800" height="512" alpha="1" visible="1" enabled="1" src="lc_09_04_recurso030_m5a.zip" />
        <component _type="_compIconButton" id="iconbutton_188" x="876" y="44" width="37" height="37" alpha="1" visible="1" enabled="1" cssClass="iconCloseButton" group="-1">
          <event id="onClick" language="DO"><![CDATA[popup_close()]]></event>
        </component>
      </components>
      <animaciones>
        <anim id="Entrada"><![CDATA[{}]]></anim>
      </animaciones>
    </pantalla>
  </popups>
</engine>