﻿<?xml version="1.0" encoding="UTF-8"?>
<motor tipo="101" clase="a" aprid="m101a">
  <plataforma>
    <grado>2</grado>
    <titulo>Practica la personificación</titulo>
    <volumen />
    <nivel><![CDATA[1]]></nivel>
    <referencia />
    <motor />
    <lang>es</lang>
  </plataforma>
  <enunciado><![CDATA[Utiliza la personificación como recursos literario para darle características animadas a seres inanimados]]></enunciado>
  <masinfo inicio="0" />
  <calc><![CDATA[0]]></calc>
  <preguntas cantidad="1">
    <pregunta>
      <enunciado><![CDATA[Escribe una historia en la cual se personifiquen los siguientes sustantivos:Estrella, nube, luna, sol, árbol]]></enunciado>
      <explicacion><![CDATA[El objetivo de éste recurso es que los estudiantes utilicen características de seres animados con el fin de animar sustantivos inanimados]]></explicacion>
      <nivel><![CDATA[2]]></nivel>
      <tipo />
      <imagen><![CDATA[stock-vector-combination-of-sun-and-moon-100615120.jpg]]></imagen>
      <ampliacion />
      <texto />
    </pregunta>
  </preguntas>
  <temps>20</temps>
</motor>