﻿<?xml version="1.0" encoding="utf-8"?><motor tipo="12" clase="b" aprid="m12b">
  <plataforma>
    <grado><![CDATA[2]]></grado>
    <titulo>Expresión oral: practica un diálogo</titulo>
    <area>0</area>
    <nivel>1</nivel>
    <referencia/>
    <idreg><![CDATA[0]]></idreg>
    <motor><![CDATA[M12B]]></motor>
    <lang>es</lang>
  </plataforma>
  <enunciado><![CDATA[Escucha el diálogo y ordénalo de manera coherente.]]></enunciado>
  <masinfo inicio="0"><![CDATA[El audio que escuchaste pertenece al siguiente texto:∙José Asunción Silva, 'De sobremesa'. Obras completas.]]></masinfo>
  <calc><![CDATA[0]]></calc>
  <orden ini="Es la única vez que has estado en tu juicio, contestó Sáenz con frialdad." fi="Eres más psicólogo que fisiólogo, respondió Fernández."/>
  <sonido><![CDATA[le_08_04_co_rec030_snd01.mp3]]></sonido>
  <elementos>
    <elemento contestacion="Me habían ocurrido todas las cosas posibles e imposibles respecto de ti, menos esta. Tú de presidente de la república..." orden="1"/>
    <elemento contestacion="Dime, ¿las ventas de las minas, los negocios en Nueva York y las pesquerías de perlas te dieron los resultados que esperabas?" orden="2"/>
    <elemento contestacion="Superiores a lo que esperaba, respondió el poeta..." orden="3"/>
    <elemento contestacion="Y entonces qué te detuvo, di, preguntó Cordovez con su entusiasmo de siempre." orden="4"/>
    <elemento contestacion="Las mujeres ojiverdes, las japonerías y la chifladura literaria, contestó Oscar Sáenz con displicencia (...)" orden="5"/>
  </elementos>
</motor>