﻿<?xml version="1.0" encoding="utf-8"?>
<motor tipo="5" clase="d" aprid="m5d">
  <plataforma>
    <grado><![CDATA[2]]></grado>
    <titulo>Literatura: reconoce la literatura colonial</titulo>
    <area>0</area>
    <nivel>2</nivel>
    <referencia />
    <idreg><![CDATA[0]]></idreg>
    <motor><![CDATA[M5D]]></motor>
    <lang>es</lang>
  </plataforma>
  <enunciado><![CDATA[Lee con atención los siguientes textos; luego, realiza la actividad.]]></enunciado>
  <masinfo inicio="0" />
  <sinaleatoriedad><![CDATA[0]]></sinaleatoriedad>
  <calc><![CDATA[0]]></calc>
  <respuestaunica><![CDATA[0]]></respuestaunica>
  <test cantidad="6">
    <cuestion>
      <enunciado><![CDATA[La estructura poética más utilizada durante la Colonia se llamó]]></enunciado>
      <explicacion />
      <texto><![CDATA[Y estando sin espadas y rodelasDesnudos, en pañetes o vestidos,Osaban cometer a centinelasDe indios que velaban, advertidos;Y presas las escuchas y las velasRobarlos descuidados o dormidos,E ya de los trabajos olvidadosVolvíanse contentos y pagados.]]></texto>
      <respuestas>
        <respuesta contestacion="soneto." correcta="0" />
        <respuesta contestacion="himno." correcta="0" />
        <respuesta contestacion="octava real." correcta="1" />
        <respuesta contestacion="cántiga." correcta="0" />
      </respuestas>
    </cuestion>
    <cuestion>
      <enunciado><![CDATA[La obra {{cur}}Elegías de varones ilustres {{normal}}de Juan de Castellanos es una composición que recibe influencia ]]></enunciado>
      <explicacion />
      <texto><![CDATA[Y estando sin espadas y rodelasDesnudos, en pañetes o vestidos,Osaban cometer a centinelasDe indios que velaban, advertidos;Y presas las escuchas y las velasRobarlos descuidados o dormidos,E ya de los trabajos olvidadosVolvíanse contentos y pagados.]]></texto>
      <respuestas>
        <respuesta contestacion="de la épica barroca italiana." correcta="0" />
        <respuesta contestacion="del mester de juglaría español." correcta="0" />
        <respuesta contestacion="de la épica renacentista española." correcta="1" />
        <respuesta contestacion="del {{cur}}dolce stil novo {{normal}}italiano." correcta="0" />
      </respuestas>
    </cuestion>
    <cuestion>
      <enunciado><![CDATA[El poema de Juan de Castellanos trata de]]></enunciado>
      <explicacion />
      <texto><![CDATA[Y estando sin espadas y rodelasDesnudos, en pañetes o vestidos,Osaban cometer a centinelasDe indios que velaban, advertidos;Y presas las escuchas y las velasRobarlos descuidados o dormidos,E ya de los trabajos olvidadosVolvíanse contentos y pagados.]]></texto>
      <respuestas>
        <respuesta contestacion="la historia europea y la victoria de los conquistadores." correcta="0" />
        <respuesta contestacion="la visión de los vencidos y la conquista de Perú." correcta="0" />
        <respuesta contestacion="las desapariciones de los españoles en América." correcta="0" />
        <respuesta contestacion="las empresas colonizadoras y la cotidianidad indígena." correcta="1" />
      </respuestas>
    </cuestion>
    <cuestion>
      <enunciado><![CDATA[La literatura que se centra en la expresión del sentimiento de unión del cuerpo, y principalmente del alma, con Dios se denomina]]></enunciado>
      <explicacion />
      <texto><![CDATA[() y písala, azótala, para que produzca rosas de fragancia. Písala como a la uva, para que dé su vino de calidad, que cubre los defectos. Cócela con el fuego de la mortificación, para que sea suave manjar al gusto de Dios vivo. Golpéala una y otra vez, para que parezca más blanca que la nieve a los ojos de tu esposo celestial. Quémala con el fuego del sufrimiento, para que pueda servir como humo oloroso a la presencia de Dios vivo, donde el santo ángel tuyo la ofrezca en el incensario de la caridad.]]></texto>
      <respuestas>
        <respuesta contestacion="mística." correcta="1" />
        <respuesta contestacion="religiosa." correcta="0" />
        <respuesta contestacion="ascética." correcta="0" />
        <respuesta contestacion="mítica." correcta="0" />
      </respuestas>
    </cuestion>
    <cuestion>
      <enunciado><![CDATA[Sor Josefa del Castillo estuvo influenciada por la lírica de]]></enunciado>
      <explicacion />
      <texto><![CDATA[() y písala, azótala, para que produzca rosas de fragancia. Písala como a la uva, para que dé su vino de calidad, que cubre los defectos. Cócela con el fuego de la mortificación, para que sea suave manjar al gusto de Dios vivo. Golpéala una y otra vez, para que parezca más blanca que la nieve a los ojos de tu esposo celestial. Quémala con el fuego del sufrimiento, para que pueda servir como humo oloroso a la presencia de Dios vivo, donde el santo ángel tuyo la ofrezca en el incensario de la caridad.]]></texto>
      <respuestas>
        <respuesta contestacion="Santa Teresa de Jesús y el Arcipreste de Hita." correcta="0" />
        <respuesta contestacion="Sor Juana Inés de la Cruz y Garcilaso de la Vega." correcta="0" />
        <respuesta contestacion="Santa Teresa de Jesús y Fray Luis de León." correcta="1" />
        <respuesta contestacion="Sor Juana Inés de la Cruz y Francisco de Quevedo." correcta="0" />
      </respuestas>
    </cuestion>
    <cuestion>
      <enunciado><![CDATA[El lenguaje utilizado por Sor Josefa del Castillo es cercana a la estética]]></enunciado>
      <explicacion />
      <texto><![CDATA[() y písala, azótala, para que produzca rosas de fragancia. Písala como a la uva, para que dé su vino de calidad, que cubre los defectos. Cócela con el fuego de la mortificación, para que sea suave manjar al gusto de Dios vivo. Golpéala una y otra vez, para que parezca más blanca que la nieve a los ojos de tu esposo celestial. Quémala con el fuego del sufrimiento, para que pueda servir como humo oloroso a la presencia de Dios vivo, donde el santo ángel tuyo la ofrezca en el incensario de la caridad.]]></texto>
      <respuestas>
        <respuesta contestacion="manierista." correcta="0" />
        <respuesta contestacion="renacentista." correcta="0" />
        <respuesta contestacion="rococó." correcta="0" />
        <respuesta contestacion="barroca." correcta="1" />
      </respuestas>
    </cuestion>
  </test>
</motor>