﻿<?xml version="1.0" encoding="UTF-8"?>
<motor tipo="10" clase="a" aprid="m10a">
  <plataforma>
    <grado><![CDATA[1]]></grado>
    <titulo>Lectura - comprensión textual: Relaciona las palabras y expresiones publicitarias</titulo>
    <area>0</area>
    <nivel>2</nivel>
    <referencia />
    <idreg><![CDATA[0]]></idreg>
    <motor><![CDATA[M10A]]></motor>
    <lang>es</lang>
  </plataforma>
  <enunciado><![CDATA[Ubica las expresiones y las palabras publicitarias en la columna correspondiente.]]></enunciado>
  <masinfo inicio="0" />
  <sinaleatoriedad><![CDATA[0]]></sinaleatoriedad>
  <calc><![CDATA[0]]></calc>
  <textoacategoria cantidad="2">
    <cuestion>
      <categoria><![CDATA[Expresiones publicitarias]]></categoria>
      <respuestas>
        <respuesta id="1"><![CDATA[¡Un ojo de la cara!]]></respuesta>
        <respuesta id="2"><![CDATA[¡Pague dos, lleve tres!]]></respuesta>
        <respuesta id="3"><![CDATA[¡No se deje engatusar!]]></respuesta>
        <respuesta id="4"><![CDATA[¡Gangazo, solo hoy!]]></respuesta>
      </respuestas>
      <sonido />
    </cuestion>
    <cuestion>
      <categoria><![CDATA[Palabras ]]></categoria>
      <respuestas>
        <respuesta id="1"><![CDATA[Costoso]]></respuesta>
        <respuesta id="2"><![CDATA[Oferta]]></respuesta>
        <respuesta id="3"><![CDATA[Engañar]]></respuesta>
        <respuesta id="4"><![CDATA[Oportunidad]]></respuesta>
      </respuestas>
      <sonido />
    </cuestion>
  </textoacategoria>
</motor>