﻿<?xml version="1.0" encoding="utf-8"?><engine copy="Editorial Planeta" version="1" aprid="f6b"><main layout="2">
<title>Antología de la poesía modernista</title>
</main>
<sections>
<section i="0" star="false" >
<menuImage>
<title><![CDATA[<span style="font-size:20px;"><span style="font-family: verdana,geneva,sans-serif;">Jos&eacute; Asunci&oacute;n Silva</span></span>]]></title>
</menuImage>
<pages>
<page i="0">
<title>Una noche...</title>
<description><![CDATA[<p><span style="font-size:16px;"><span style="font-family:verdana,geneva,sans-serif;">El siguiente poema es el m&aacute;s conocido de Jos&eacute; Asunci&oacute;n Silva. Un fragmento de este apareci&oacute; en el homenaje que el Banco de la Rep&uacute;blica le rendir&iacute;a al poeta al poner su imagen en el billete de cinco mil pesos. Tambi&eacute;n es conocido como <em>Nocturno III</em>, ya que es el tercer poema de la serie &ldquo;Nocturnos&rdquo;.</span></span></p>

<p></p>

<p align="center"><span style="font-size:16px;"><span style="font-family:verdana,geneva,sans-serif;"><strong>Una noche</strong></span></span></p>

<p></p>

<p align="center"><span style="font-size:16px;"><span style="font-family:verdana,geneva,sans-serif;">Una noche</span></span><br />
<span style="font-size:16px;"><span style="font-family:verdana,geneva,sans-serif;">Una noche toda llena de perfumes, de murmullos y de m&uacute;sica de alas,</span></span><br />
<span style="font-size:16px;"><span style="font-family:verdana,geneva,sans-serif;">una noche</span></span><br />
<span style="font-size:16px;"><span style="font-family:verdana,geneva,sans-serif;">en que ard&iacute;an en la sombra nupcial y h&uacute;meda, las luci&eacute;rnagas fant&aacute;sticas,</span></span><br />
<span style="font-size:16px;"><span style="font-family:verdana,geneva,sans-serif;">A mi lado, lentamente, contra m&iacute; ce&ntilde;ida, toda,</span></span><br />
<span style="font-size:16px;"><span style="font-family:verdana,geneva,sans-serif;">muda y p&aacute;lida</span></span><br />
<span style="font-size:16px;"><span style="font-family:verdana,geneva,sans-serif;">como si un presentimiento de amarguras infinitas,</span></span><br />
<span style="font-size:16px;"><span style="font-family:verdana,geneva,sans-serif;">hasta el fondo m&aacute;s secreto de tus fibras te agitara,</span></span><br />
<span style="font-size:16px;"><span style="font-family:verdana,geneva,sans-serif;">por la senda que atraviesa la llanura florecida</span></span><br />
<span style="font-size:16px;"><span style="font-family:verdana,geneva,sans-serif;">caminabas,</span></span><br />
<span style="font-size:16px;"><span style="font-family:verdana,geneva,sans-serif;">y la luna llena</span></span><br />
<span style="font-size:16px;"><span style="font-family:verdana,geneva,sans-serif;">por los cielos azulosos, infinitos y profundos esparc&iacute;a su luz blanca,</span></span><br />
<span style="font-size:16px;"><span style="font-family:verdana,geneva,sans-serif;">y tu sombra</span></span><br />
<span style="font-size:16px;"><span style="font-family:verdana,geneva,sans-serif;">fina y l&aacute;nguida</span></span><br />
<span style="font-size:16px;"><span style="font-family:verdana,geneva,sans-serif;">y mi sombra</span></span><br />
<span style="font-size:16px;"><span style="font-family:verdana,geneva,sans-serif;">por los rayos de la luna proyectada</span></span><br />
<span style="font-size:16px;"><span style="font-family:verdana,geneva,sans-serif;">sobre las arenas tristes</span></span><br />
<span style="font-size:16px;"><span style="font-family:verdana,geneva,sans-serif;">de la senda se juntaban.</span></span><br />
<span style="font-size:16px;"><span style="font-family:verdana,geneva,sans-serif;">Y eran una</span></span><br />
<span style="font-size:16px;"><span style="font-family:verdana,geneva,sans-serif;">y eran una</span></span><br />
<span style="font-size:16px;"><span style="font-family:verdana,geneva,sans-serif;">y eran una sola sombra larga!</span></span><br />
<span style="font-size:16px;"><span style="font-family:verdana,geneva,sans-serif;">y eran una sola sombra larga!</span></span><br />
<span style="font-size:16px;"><span style="font-family:verdana,geneva,sans-serif;">y eran una sola sombra larga!</span></span></p>

<p align="center"></p>

<p align="center"><span style="font-size:16px;"><span style="font-family:verdana,geneva,sans-serif;">Esta noche</span></span><br />
<span style="font-size:16px;"><span style="font-family:verdana,geneva,sans-serif;">solo, el alma</span></span><br />
<span style="font-size:16px;"><span style="font-family:verdana,geneva,sans-serif;">llena de las infinitas amarguras y agon&iacute;as de tu muerte,</span></span><br />
<span style="font-size:16px;"><span style="font-family:verdana,geneva,sans-serif;">separado de ti misma, por la sombra, por el tiempo y la distancia,</span></span><br />
<span style="font-size:16px;"><span style="font-family:verdana,geneva,sans-serif;">por el infinito negro,</span></span><br />
<span style="font-size:16px;"><span style="font-family:verdana,geneva,sans-serif;">donde nuestra voz no alcanza,</span></span><br />
<span style="font-size:16px;"><span style="font-family:verdana,geneva,sans-serif;">solo y mudo</span></span><br />
<span style="font-size:16px;"><span style="font-family:verdana,geneva,sans-serif;">por la senda caminaba,</span></span><br />
<span style="font-size:16px;"><span style="font-family:verdana,geneva,sans-serif;">y se o&iacute;an los ladridos de los perros a la luna,</span></span><br />
<span style="font-size:16px;"><span style="font-family:verdana,geneva,sans-serif;">a la luna p&aacute;lida</span></span><br />
<span style="font-size:16px;"><span style="font-family:verdana,geneva,sans-serif;">y el chillido</span></span><br />
<span style="font-size:16px;"><span style="font-family:verdana,geneva,sans-serif;">de las ranas,</span></span><br />
<span style="font-size:16px;"><span style="font-family:verdana,geneva,sans-serif;">Sent&iacute; fr&iacute;o, era el fr&iacute;o que ten&iacute;an en la alcoba</span></span><br />
<span style="font-size:16px;"><span style="font-family:verdana,geneva,sans-serif;">tus mejillas y tus sienes y tus manos adoradas,</span></span><br />
<span style="font-size:16px;"><span style="font-family:verdana,geneva,sans-serif;">entre las blancuras n&iacute;veas</span></span><br />
<span style="font-size:16px;"><span style="font-family:verdana,geneva,sans-serif;">de las mortuorias s&aacute;banas!</span></span><br />
<span style="font-size:16px;"><span style="font-family:verdana,geneva,sans-serif;">Era el fr&iacute;o del sepulcro, era el fr&iacute;o de la muerte,</span></span><br />
<span style="font-size:16px;"><span style="font-family:verdana,geneva,sans-serif;">era el fr&iacute;o de la nada...</span></span><br />
<span style="font-size:16px;"><span style="font-family:verdana,geneva,sans-serif;">Y mi sombra</span></span><br />
<span style="font-size:16px;"><span style="font-family:verdana,geneva,sans-serif;">por los rayos de la luna proyectada,</span></span><br />
<span style="font-size:16px;"><span style="font-family:verdana,geneva,sans-serif;">iba sola,</span></span><br />
<span style="font-size:16px;"><span style="font-family:verdana,geneva,sans-serif;">iba sola</span></span><br />
<span style="font-size:16px;"><span style="font-family:verdana,geneva,sans-serif;">&iexcl;iba sola por la estepa solitaria!</span></span><br />
<span style="font-size:16px;"><span style="font-family:verdana,geneva,sans-serif;">Y tu sombra esbelta y &aacute;gil</span></span><br />
<span style="font-size:16px;"><span style="font-family:verdana,geneva,sans-serif;">fina y l&aacute;nguida,</span></span><br />
<span style="font-size:16px;"><span style="font-family:verdana,geneva,sans-serif;">como en esa noche tibia de la muerta primavera,</span></span><br />
<span style="font-size:16px;"><span style="font-family:verdana,geneva,sans-serif;">como en esa noche llena de perfumes, de murmullos y de m&uacute;sicas de alas,</span></span><br />
<span style="font-size:16px;"><span style="font-family:verdana,geneva,sans-serif;">se acerc&oacute; y march&oacute; con ella,</span></span><br />
<span style="font-size:16px;"><span style="font-family:verdana,geneva,sans-serif;">se acerc&oacute; y march&oacute; con ella,</span></span><br />
<span style="font-size:16px;"><span style="font-family:verdana,geneva,sans-serif;">se acerc&oacute; y march&oacute; con ella... &iexcl;Oh las sombras enlazadas!</span></span><br />
<span style="font-size:16px;"><span style="font-family:verdana,geneva,sans-serif;">&iexcl;Oh las sombras que se buscan y se juntan en las noches de negruras y de l&aacute;grimas!...</span></span></p>

<p></p>

<p style="text-align: right;"><span style="font-size:16px;"><span style="font-family:verdana,geneva,sans-serif;">Jos&eacute; Asunci&oacute;n Silva. <em>Poes&iacute;a y prosa</em>. Bogot&aacute;: C&iacute;rculo de lectores, 1984.</span></span></p>
]]></description>
<images>
<image path="LE_08_04_REC120_IMG01n.jpg" border="false" pathbig="LE_08_04_REC120_IMG01a.jpg" zoomEnabled="true">
<title><![CDATA[]]></title>
</image>
</images>
<questions>
<question visible="true">
<text><![CDATA[<p><span style="font-size:20px;"><span style="font-family:verdana,geneva,sans-serif;">Despu&eacute;s de leer el poema completo, &iquest;a qu&eacute; hacen referencia los versos: <em>Como si un presentimiento de amarguras infinitas, hasta el fondo m&aacute;s secreto de tus fibras te agitara</em>?</span></span></p>

<p></p>
]]></text><answers>
<answer correct="true">
<![CDATA[A la muerte de la amada.]]></answer>
<answer correct="false">
<![CDATA[A las dos sombras que forman una sola.]]></answer>
<answer correct="false">
<![CDATA[A las luciérnagas fantásticas.]]></answer>
<answer correct="false">
<![CDATA[A los ladridos de los perros y la luna.]]></answer>
</answers>
</question>
<question visible="true">
<text><![CDATA[<p><span style="font-size:20px;"><span style="font-family:verdana,geneva,sans-serif;">El poema se divide en dos partes. &iquest;De qu&eacute; trata cada una? Selecciona la pareja correcta.</span></span></p>
]]></text><answers>
<answer correct="false">
<![CDATA[Una noche fantástica / Una noche solitaria.]]></answer>
<answer correct="true">
<![CDATA[Presentimiento de la muerte / Sufrimiento después de la muerte.]]></answer>
<answer correct="false">
<![CDATA[Enfermedad / Muerte.]]></answer>
<answer correct="false">
<![CDATA[Una caminata en compañía / Una caminata solitaria.]]></answer>
</answers>
</question>
<question visible="true">
<text><![CDATA[<p><span style="font-size:20px;"><span style="font-family:verdana,geneva,sans-serif;">Los poetas modernistas se caracterizan por seleccionar cuidadosamente sus palabras para lograr un efecto en el lector. &iquest;Qu&eacute; grupo de palabras transmite&nbsp;de mejor manera el sentimiento del poema?</span></span></p>
]]></text><answers>
<answer correct="false">
<![CDATA[Nupcial, pálida, sombra, negro, mudo.]]></answer>
<answer correct="false">
<![CDATA[Perfumes, murmullos, músicas, ladridos, chillidos.]]></answer>
<answer correct="false">
<![CDATA[Noche, sombra, pálida, negro, esbelta.]]></answer>
<answer correct="true">
<![CDATA[Muerte, amarguras, agonías, mortuorias, sombras.]]></answer>
</answers>
</question>
<question visible="true">
<text><![CDATA[<p><span style="font-size:20px;"><span style="font-family:verdana,geneva,sans-serif;">Una de los recursos preferidos de la poes&iacute;a modernista fue el uso de onomatopeyas. &iquest;Qu&eacute; verso refleja mejor este hecho?</span></span></p>
]]></text><answers>
<answer correct="false">
<![CDATA[En que ardían en la sombra nupcial y húmeda, las luciérnagas fantásticas…]]></answer>
<answer correct="false">
<![CDATA[Y eran una sola sombra larga!]]></answer>
<answer correct="true">
<![CDATA[Y se oían los ladridos de los perros a la luna…]]></answer>
<answer correct="false">
<![CDATA[¡iba sola por la estepa solitaria!]]></answer>
</answers>
</question>
<question visible="true">
<text><![CDATA[<p><span style="font-size:20px;"><span style="font-family:verdana,geneva,sans-serif;">&iquest;Qu&eacute; sentimiento refleja la voz po&eacute;tica cuando afirma: <em>Separado de ti misma, por la sombra, por el tiempo y la distancia, por el infinito negro, donde nuestra voz no alcanza</em>?</span></span></p>
]]></text><answers>
<answer correct="false">
<![CDATA[El desconsuelo debido a la muerte de la amada.]]></answer>
<answer correct="true">
<![CDATA[El escepticismo ante la idea de una vida después de la muerte.]]></answer>
<answer correct="false">
<![CDATA[El desconcierto debido a la vasta oscuridad del firmamento.]]></answer>
<answer correct="false">
<![CDATA[La tristeza por la separación de las sombras.]]></answer>
</answers>
</question>
<question visible="true">
<text><![CDATA[<p><span style="font-size:20px;"><span style="font-family:verdana,geneva,sans-serif;">&iquest;Qu&eacute; adjetivo usar&iacute;as para describir el tono general del poema?</span></span></p>
]]></text><answers>
<answer correct="true">
<![CDATA[Lúgubre.]]></answer>
<answer correct="false">
<![CDATA[Tranquilo.]]></answer>
<answer correct="false">
<![CDATA[Frío.]]></answer>
<answer correct="false">
<![CDATA[Decepcionante.]]></answer>
</answers>
</question>
</questions>
</page>
</pages>
</section><section i="1" star="false" >
<menuImage>
<title><![CDATA[<span style="font-size:20px;"><span style="font-family: verdana,geneva,sans-serif;">Guillermo Valencia</span></span>]]></title>
</menuImage>
<pages>
<page i="0">
<title>Turris ebúrnea</title>
<description><![CDATA[<p><span style="font-size:16px;"><span style="font-family:verdana,geneva,sans-serif;">&iexcl;&Aacute;breme, Torre de marfil, tus puertas!<br />
El mal y el bien, los hombres y la vida<br />
a ti no alcanzan, ni el amor que olvida<br />
roba tu paz con esperanzas muertas.</span></span></p>

<p></p>

<p><span style="font-size:16px;"><span style="font-family:verdana,geneva,sans-serif;">Al cr&iacute;tico Sat&aacute;n, las aras yertas<br />
y el mustio libro tu dosel no anida;<br />
ni la tribu de lengua dolorida<br />
asilaron tus b&oacute;vedas desiertas.</span></span></p>

<p></p>

<p><span style="font-size:16px;"><span style="font-family:verdana,geneva,sans-serif;">Vive a tu amparo la Belleza: muda,</span></span><br />
<span style="font-size:16px;"><span style="font-family:verdana,geneva,sans-serif;">impasible, glacial; &uacute;ltima diosa<br />
que orn&oacute; de mirto el amoroso griego;</span></span></p>

<p><span style="font-size:16px;"><span style="font-family:verdana,geneva,sans-serif;">yo &ndash;como el ve que Minerva escuda&ndash;<br />
quiero en la lumbre de su faz radiosa<br />
&iexcl;apacentar mis c&iacute;rculos de fuego!</span></span></p>

<p></p>

<p style="text-align: right;"><span style="font-size:16px;"><span style="font-family:verdana,geneva,sans-serif;">Tomado de babilohu.net.</span></span></p>
]]></description>
<images>
<image path="LE_08_04_REC120_IMG02n.jpg" border="false" pathbig="LE_08_04_REC120_IMG02a.jpg" zoomEnabled="true">
<title><![CDATA[Aledo, Torre de La Calahorra.]]></title>
</image>
</images>
<questions>
<question visible="true">
<text><![CDATA[<p><span style="font-size:20px;"><span style="font-family:verdana,geneva,sans-serif;">La torre de marfil es un motivo del <em>arte por el arte</em>, una tendencia est&eacute;tica que sosten&iacute;a que el artista deb&iacute;a alejarse del mundo y dedicarse solo a su poes&iacute;a. &iquest;Cu&aacute;l es la posici&oacute;n de Valencia en este poema acerca de dicho motivo?</span></span></p>
]]></text><answers>
<answer correct="false">
<![CDATA[Crítica, ya que no da cabida a las tradiciones cristiana y griega.]]></answer>
<answer correct="false">
<![CDATA[Afirmativa, pues realmente desea estar alejado del mundo.]]></answer>
<answer correct="true">
<![CDATA[Contradictoria, pues la critica a la vez que desea estar en ella.]]></answer>
<answer correct="false">
<![CDATA[Afirmativa, puesto que le parece bien que nadie pueda entrar.]]></answer>
</answers>
</question>
<question visible="true">
<text><![CDATA[<p><span style="font-size:20px;"><span style="font-family:verdana,geneva,sans-serif;">Al decir de varios cr&iacute;ticos, la poes&iacute;a de Valencia tiene una obsesi&oacute;n con el blanco. &iquest;En qu&eacute; lugar del poema se puede encontrar una referencia directa en este sentido?</span></span></p>
]]></text><answers>
<answer correct="true">
<![CDATA[El título.]]></answer>
<answer correct="false">
<![CDATA[El primer cuarteto.]]></answer>
<answer correct="false">
<![CDATA[El segundo cuarteto.]]></answer>
<answer correct="false">
<![CDATA[Los dos últimos tercetos.]]></answer>
</answers>
</question>
<question visible="true">
<text><![CDATA[<p><span style="font-size:20px;"><span style="font-family:verdana,geneva,sans-serif;">&iquest;A qu&eacute; tradici&oacute;n apela la voz po&eacute;tica cuando habla del <em>ave de Minerva</em>?</span></span></p>
]]></text><answers>
<answer correct="false">
<![CDATA[Cristiana.]]></answer>
<answer correct="false">
<![CDATA[Griega.]]></answer>
<answer correct="true">
<![CDATA[Latina.]]></answer>
<answer correct="false">
<![CDATA[Poética.]]></answer>
</answers>
</question>
<question visible="true">
<text><![CDATA[<p><span style="font-size:20px;"><span style="font-family:verdana,geneva,sans-serif;">La poes&iacute;a de Valencia es reconocida por el uso acertado y musical de los adjetivos. &iquest;Qu&eacute; verso usar&iacute;as para ejemplificarlo?</span></span></p>
]]></text><answers>
<answer correct="false">
<![CDATA[ni el amor que olvida / roba tu paz...]]></answer>
<answer correct="true">
<![CDATA[ni la tribu de lengua dolorida / asilaron tus bóvedas desiertas.]]></answer>
<answer correct="false">
<![CDATA[Vive a tu amparo la Belleza…]]></answer>
<answer correct="false">
<![CDATA[¡apacentar mis círculos de fuego!]]></answer>
</answers>
</question>
</questions>
</page>
</pages>
</section><section i="2" star="false" >
<menuImage>
<title><![CDATA[<span style="font-size:20px;"><span style="font-family: verdana,geneva,sans-serif;">Porfirio Barba Jacob</span></span>]]></title>
</menuImage>
<pages>
<page i="0">
<title>Canción de la vida profunda</title>
<description><![CDATA[<p><span style="font-size:16px;"><span style="font-family:verdana,geneva,sans-serif;"><em>El hombre es una cosa vana, variable y ondeante&hellip;</em><br />
Montaigne</span></span></p>

<p></p>

<p><span style="font-size:16px;"><span style="font-family:verdana,geneva,sans-serif;">Hay d&iacute;as en que somos tan m&oacute;viles, tan m&oacute;viles,</span></span><br />
<span style="font-size:16px;"><span style="font-family:verdana,geneva,sans-serif;">como las leves briznas al viento y al azar...</span></span><br />
<span style="font-size:16px;"><span style="font-family:verdana,geneva,sans-serif;">Tal vez bajo otro cielo la Gloria nos sonr&iacute;a...</span></span><br />
<span style="font-size:16px;"><span style="font-family:verdana,geneva,sans-serif;">La vida es clara, und&iacute;vaga, y abierta como un mar.</span></span></p>

<p></p>

<p><span style="font-size:16px;"><span style="font-family:verdana,geneva,sans-serif;">Y hay d&iacute;as en que somos tan f&eacute;rtiles, tan f&eacute;rtiles,</span></span><br />
<span style="font-size:16px;"><span style="font-family:verdana,geneva,sans-serif;">como en abril el campo, que tiembla de pasi&oacute;n:</span></span><br />
<span style="font-size:16px;"><span style="font-family:verdana,geneva,sans-serif;">bajo el influjo pr&oacute;vido de espirituales lluvias,</span></span><br />
<span style="font-size:16px;"><span style="font-family:verdana,geneva,sans-serif;">el alma est&aacute; brotando florestas de ilusi&oacute;n.</span></span></p>

<p></p>

<p><span style="font-size:16px;"><span style="font-family:verdana,geneva,sans-serif;">Y hay d&iacute;as en que somos tan s&oacute;rdidos, tan s&oacute;rdidos,</span></span><br />
<span style="font-size:16px;"><span style="font-family:verdana,geneva,sans-serif;">como la entra&ntilde;a obscura de obscuro pedernal:</span></span><br />
<span style="font-size:16px;"><span style="font-family:verdana,geneva,sans-serif;">la noche nos sorprende, con sus profusas l&aacute;mparas,</span></span><br />
<span style="font-size:16px;"><span style="font-family:verdana,geneva,sans-serif;">en r&uacute;tilas monedas tasando el Bien y el Mal.</span></span></p>

<p></p>

<p><span style="font-size:16px;"><span style="font-family:verdana,geneva,sans-serif;">Y hay d&iacute;as en que somos tan pl&aacute;cidos, tan pl&aacute;cidos...</span></span><br />
<span style="font-size:16px;"><span style="font-family:verdana,geneva,sans-serif;">&ndash;&iexcl;ni&ntilde;ez en el crep&uacute;sculo! &iexcl;lagunas de zafir!&ndash;</span></span><br />
<span style="font-size:16px;"><span style="font-family:verdana,geneva,sans-serif;">que un verso, un trino, un monte, un p&aacute;jaro que cruza,</span></span><br />
<span style="font-size:16px;"><span style="font-family:verdana,geneva,sans-serif;">y hasta las propias penas nos hacen sonre&iacute;r...</span></span></p>

<p></p>

<p><span style="font-size:16px;"><span style="font-family:verdana,geneva,sans-serif;">Y hay d&iacute;as en que somos tan l&uacute;bricos, tan l&uacute;bricos,</span></span><br />
<span style="font-size:16px;"><span style="font-family:verdana,geneva,sans-serif;">que nos depara en vano su carne la mujer:</span></span><br />
<span style="font-size:16px;"><span style="font-family:verdana,geneva,sans-serif;">tras de ce&ntilde;ir un talle y acariciar un seno,</span></span><br />
<span style="font-size:16px;"><span style="font-family:verdana,geneva,sans-serif;">la redondez de un fruto nos vuelve a estremecer.</span></span></p>

<p></p>

<p><span style="font-size:16px;"><span style="font-family:verdana,geneva,sans-serif;">Y hay d&iacute;as en que somos tan l&uacute;gubres, tan l&uacute;gubres,</span></span><br />
<span style="font-size:16px;"><span style="font-family:verdana,geneva,sans-serif;">como en las noches l&uacute;gubres el llanto del pinar:</span></span><br />
<span style="font-size:16px;"><span style="font-family:verdana,geneva,sans-serif;">El alma gime entonces bajo el dolor del mundo,</span></span><br />
<span style="font-size:16px;"><span style="font-family:verdana,geneva,sans-serif;">y acaso ni Dios mismo nos pueda consolar.</span></span></p>

<p></p>

<p><span style="font-size:16px;"><span style="font-family:verdana,geneva,sans-serif;">Mas hay tambi&eacute;n, &iexcl;oh tierra! un d&iacute;a... un d&iacute;a... un d&iacute;a</span></span><br />
<span style="font-size:16px;"><span style="font-family:verdana,geneva,sans-serif;">en que levamos anclas para jam&aacute;s volver&hellip;</span></span><br />
<span style="font-size:16px;"><span style="font-family:verdana,geneva,sans-serif;">Un d&iacute;a en que discurren vientos ineluctables...</span></span><br />
<span style="font-size:16px;"><span style="font-family:verdana,geneva,sans-serif;">&iexcl;Un d&iacute;a en que ya nadie nos puede retener!</span></span></p>

<p style="text-align: right;"><span style="font-family:verdana,geneva,sans-serif;"><span style="font-size:16px;">Porfirio Barba Jacob. En: Beatriz Helena Robledo (comp.). <em>Antolog&iacute;a de poes&iacute;a colombiana para j&oacute;venes</em>. Bogot&aacute;: Alfaguara, 2009.</span></span></p>
]]></description>
<images>
<image path="LE_08_04_REC120_IMG03n.jpg" border="false" pathbig="LE_08_04_REC120_IMG03a.jpg" zoomEnabled="true">
<title><![CDATA[Porfirio Barba Jacob utiliza el mar como elemento metafórico en su poema.]]></title>
</image>
</images>
<questions>
<question visible="true">
<text><![CDATA[<p><span style="font-size:20px;"><span style="font-family:verdana,geneva,sans-serif;">El ep&iacute;grafe de Montaigne y la primera estrofa expresan la misma idea sobre el car&aacute;cter m&oacute;vil de la vida. &iquest;En qu&eacute; verso se refleja mejor esta idea?</span></span></p>
]]></text><answers>
<answer correct="false">
<![CDATA[Hay días en que somos tan móviles, tan móviles,]]></answer>
<answer correct="false">
<![CDATA[como las leves briznas al viento y al azar...]]></answer>
<answer correct="false">
<![CDATA[Tal vez bajo otro cielo la Gloria nos sonría...]]></answer>
<answer correct="true">
<![CDATA[La vida es clara, undívaga, y abierta como un mar.]]></answer>
</answers>
</question>
<question visible="true">
<text><![CDATA[<p><span style="font-size:20px;"><span style="font-family:verdana,geneva,sans-serif;">El primer verso de todas las estrofas se repite en su forma (excepto el &uacute;ltimo). &iquest;Qu&eacute; nombre recibe dicha figura literaria?</span></span></p>
]]></text><answers>
<answer correct="false">
<![CDATA[Metáfora.]]></answer>
<answer correct="false">
<![CDATA[Símil.]]></answer>
<answer correct="true">
<![CDATA[Anáfora.]]></answer>
<answer correct="false">
<![CDATA[Comparación.]]></answer>
</answers>
</question>
<question visible="true">
<text><![CDATA[<p><span style="font-size:20px;"><span style="font-family:verdana,geneva,sans-serif;">&iquest;Cu&aacute;l estrofa representa la labor creadora del poeta?</span></span></p>
]]></text><answers>
<answer correct="true">
<![CDATA[Estrofa 2.]]></answer>
<answer correct="false">
<![CDATA[Estrofa 4.]]></answer>
<answer correct="false">
<![CDATA[Estrofa 6.]]></answer>
<answer correct="false">
<![CDATA[Estrofa 7.]]></answer>
</answers>
</question>
<question visible="true">
<text><![CDATA[<p><span style="font-size:20px;"><span style="font-family:verdana,geneva,sans-serif;">&iquest;En qu&eacute; estrofa hay una reflexi&oacute;n sobre la tristeza y el sufrimiento humanos?</span></span></p>
]]></text><answers>
<answer correct="false">
<![CDATA[Estrofa 2.]]></answer>
<answer correct="false">
<![CDATA[Estrofa 4.]]></answer>
<answer correct="true">
<![CDATA[Estrofa 6.]]></answer>
<answer correct="false">
<![CDATA[Estrofa 7.]]></answer>
</answers>
</question>
<question visible="true">
<text><![CDATA[<p><span style="font-size:20px;"><span style="font-family:verdana,geneva,sans-serif;">Este poema corresponde a la segunda fase del Modernismo en Colombia. &iquest;Qu&eacute; caracter&iacute;stica del poema lo asocia a dicho momento?</span></span></p>
]]></text><answers>
<answer correct="false">
<![CDATA[La complejidad en el tratamiento del tema.]]></answer>
<answer correct="true">
<![CDATA[La sencillez del lenguaje poético.]]></answer>
<answer correct="false">
<![CDATA[Las referencias al mundo grecolatino.]]></answer>
<answer correct="false">
<![CDATA[El uso de imágenes exóticas y lujosas.]]></answer>
</answers>
</question>
</questions>
</page>
</pages>
</section><section i="3" star="false" >
<menuImage>
<title><![CDATA[<span style="font-size:20px;"><span style="font-family: verdana,geneva,sans-serif;">Luis Carlos L&oacute;pez</span></span>]]></title>
</menuImage>
<pages>
<page i="0">
<title>Un soneto</title>
<description><![CDATA[<p></p>

<p><span style="font-size:16px;"><span style="font-family:verdana,geneva,sans-serif;">Me dice usted: &ndash;&ldquo;Escr&iacute;bame un soneto&rdquo;.</span></span><br />
<span style="font-size:16px;"><span style="font-family:verdana,geneva,sans-serif;">Y para complacerla, necesito</span></span><br />
<span style="font-size:16px;"><span style="font-family:verdana,geneva,sans-serif;">salir, como Argensola, del aprieto&hellip;</span></span><br />
<span style="font-size:16px;"><span style="font-family:verdana,geneva,sans-serif;">&ndash;Vamos, ya tengo un mal cuarteto escrito.</span></span></p>

<p></p>

<p><span style="font-size:16px;"><span style="font-family:verdana,geneva,sans-serif;">Y har&eacute; de sopet&oacute;n otro cuarteto,</span></span><br />
<span style="font-size:16px;"><span style="font-family:verdana,geneva,sans-serif;">pues a&ntilde;orando el rostro tan bonito</span></span><br />
<span style="font-size:16px;"><span style="font-family:verdana,geneva,sans-serif;">que luce usted, como quien salta un seto,</span></span><br />
<span style="font-size:16px;"><span style="font-family:verdana,geneva,sans-serif;">salto&hellip; &iexcl;y me importa este cuarteto un pito!</span></span></p>

<p></p>

<p><span style="font-size:16px;"><span style="font-family:verdana,geneva,sans-serif;">Parecer&aacute; dif&iacute;cil que pudiera,</span></span><br />
<span style="font-size:16px;"><span style="font-family:verdana,geneva,sans-serif;">principiando un terceto a la ligera</span></span><br />
<span style="font-size:16px;"><span style="font-family:verdana,geneva,sans-serif;">finalizar el &uacute;ltimo terceto.</span></span></p>

<p></p>

<p><span style="font-size:16px;"><span style="font-family:verdana,geneva,sans-serif;">Pero solo al pensar en su mirada,</span></span><br />
<span style="font-size:16px;"><span style="font-family:verdana,geneva,sans-serif;">noche oscura hecha flor, de una plumada</span></span><br />
<span style="font-size:16px;"><span style="font-family:verdana,geneva,sans-serif;">le digo a usted: &iexcl;aqu&iacute; tiene el soneto!</span></span></p>

<p style="text-align: right;"><span style="font-size:16px;"><span style="font-family:verdana,geneva,sans-serif;">Luis Carlos L&oacute;pez. <em>Poes&iacute;a completa</em>. Bogot&aacute;: Arango Editores, El &Aacute;ncora Editores, 1988.</span></span></p>
]]></description>
<images>
<image path="LE_08_04_REC120_IMG04n.jpg" border="false" pathbig="LE_08_04_REC120_IMG04a.jpg" zoomEnabled="true">
<title><![CDATA[Luis Carlos López compara la mirada de su amada con una noche oscura es su máximo esplendor.]]></title>
</image>
</images>
<questions>
<question visible="true">
<text><![CDATA[<p><span style="font-size:20px;"><span style="font-family:verdana,geneva,sans-serif;">Este poema corresponde a la segunda fase del Modernismo en Colombia. &iquest;Qu&eacute; caracter&iacute;stica del poema lo asocia a dicho momento?</span></span></p>
]]></text><answers>
<answer correct="false">
<![CDATA[El uso de formas poéticas tradicionales.]]></answer>
<answer correct="true">
<![CDATA[La sencillez del lenguaje poético.]]></answer>
<answer correct="false">
<![CDATA[Las referencias a la belleza de una dama.]]></answer>
<answer correct="false">
<![CDATA[Citar a autores clásicos, como Argensola.]]></answer>
</answers>
</question>
<question visible="true">
<text><![CDATA[<p><span style="font-size:20px;"><span style="font-family:verdana,geneva,sans-serif;">&iquest;Cu&aacute;l es el tono general del poema?</span></span></p>
]]></text><answers>
<answer correct="true">
<![CDATA[Juego.]]></answer>
<answer correct="false">
<![CDATA[Reflexión.]]></answer>
<answer correct="false">
<![CDATA[Tristeza.]]></answer>
<answer correct="false">
<![CDATA[Burla.]]></answer>
</answers>
</question>
<question visible="true">
<text><![CDATA[<p><span style="font-size:20px;"><span style="font-family:verdana,geneva,sans-serif;">La reflexi&oacute;n sobre la poes&iacute;a, desde la poes&iacute;a misma, fue un atributo muy cultivado en el Modernismo. &iquest;Esto se cumple en este poema?</span></span></p>
]]></text><answers>
<answer correct="true">
<![CDATA[Sí, porque el autor reflexiona y se burla de su soneto.]]></answer>
<answer correct="false">
<![CDATA[No, puesto que su único fin es elogiar a una dama.]]></answer>
<answer correct="false">
<![CDATA[Sí, pues no se cumple con la forma del soneto.]]></answer>
<answer correct="false">
<![CDATA[No, ya que en los sonetos no está permitido burlarse de nada.]]></answer>
</answers>
</question>
<question visible="true">
<text><![CDATA[<p><span style="font-family:verdana,geneva,sans-serif;"><span style="font-size:20px;">&iquest;Qu&eacute; indica que el soneto de Luis Carlos L&oacute;pez comience con el verso &ldquo;Me dice usted: &ndash;Escr&iacute;bame un soneto&rdquo;?</span></span></p>
]]></text><answers>
<answer correct="false">
<![CDATA[El poeta cree que el lector quiere un soneto.]]></answer>
<answer correct="true">
<![CDATA[El soneto podría ser una obra por encargo.]]></answer>
<answer correct="false">
<![CDATA[Argensola es un conocido que le mandó a escribir un soneto.]]></answer>
<answer correct="false">
<![CDATA[El poeta no quería escribir el soneto.]]></answer>
</answers>
</question>
</questions>
</page>
</pages>
</section></sections>
</engine>