﻿<?xml version="1.0" encoding="UTF-8"?><motor tipo="1" clase="d" aprid="M1d"><plataforma><grado><![CDATA[2]]></grado><titulo>Léxico: crea siglas y acrónimos</titulo><area>5</area><nivel>2</nivel><referencia><![CDATA[LC_09_03_25]]></referencia><idreg><![CDATA[2982]]></idreg><motor><![CDATA[M1D]]></motor><lang>es</lang></plataforma><enunciado><![CDATA[Escribe las siglas o acrónimos de las siguientes palabras.]]></enunciado><masinfo inicio="0" /><sinaleatoriedad><![CDATA[0]]></sinaleatoriedad><calc><![CDATA[0]]></calc><textoatexto cantidad="8"><cuestion correccionSinMayusculas="1" correccionSinPuntuacion="0" correccionSinPuntuacionFinal="1"><pregunta><![CDATA[Organización Mundial de la Salud]]></pregunta><respuesta><![CDATA[OMS]]></respuesta></cuestion><cuestion correccionSinMayusculas="1" correccionSinPuntuacion="0" correccionSinPuntuacionFinal="1"><pregunta><![CDATA[Mercado Común del Sur]]></pregunta><respuesta><![CDATA[Mercosur]]></respuesta></cuestion><cuestion correccionSinMayusculas="1" correccionSinPuntuacion="0" correccionSinPuntuacionFinal="1"><pregunta><![CDATA[Autopista de Peaje]]></pregunta><respuesta><![CDATA[AP]]></respuesta></cuestion><cuestion correccionSinMayusculas="1" correccionSinPuntuacion="0" correccionSinPuntuacionFinal="1"><pregunta><![CDATA[Banco Bilbao Vizcaya Argentaria]]></pregunta><respuesta><![CDATA[BBVA]]></respuesta></cuestion><cuestion correccionSinMayusculas="1" correccionSinPuntuacion="0" correccionSinPuntuacionFinal="1"><pregunta><![CDATA[Fondo Monetario Internacional]]></pregunta><respuesta><![CDATA[FMI]]></respuesta></cuestion><cuestion correccionSinMayusculas="1" correccionSinPuntuacion="0" correccionSinPuntuacionFinal="1"><pregunta><![CDATA[Sindrome de inmunodeficiencia adquirida]]></pregunta><respuesta><![CDATA[sida]]></respuesta></cuestion><cuestion correccionSinMayusculas="1" correccionSinPuntuacion="0" correccionSinPuntuacionFinal="1"><pregunta><![CDATA[Boletín Oficial del Estado]]></pregunta><respuesta><![CDATA[BOE]]></respuesta></cuestion><cuestion correccionSinMayusculas="1" correccionSinPuntuacion="0" correccionSinPuntuacionFinal="1"><pregunta><![CDATA[Pequeña y mediana empresa]]></pregunta><respuesta><![CDATA[pyme]]></respuesta></cuestion></textoatexto><textofalso cantidad="0" /></motor>