﻿<?xml version="1.0" encoding="UTF-8"?><motor tipo="1" clase="d" aprid="M1d"><plataforma><grado><![CDATA[2]]></grado><titulo>Sintaxis: pronominaliza los CD</titulo><area>5</area><nivel>1</nivel><referencia><![CDATA[LC_09_03_21]]></referencia><idreg><![CDATA[2978]]></idreg><motor><![CDATA[M1D]]></motor><lang>es</lang></plataforma><enunciado><![CDATA[Sustituye el CD de las siguientes oraciones por uno de los pronombres {{cur}}lo{{normal}}, {{cur}}la{{normal}}, {{cur}}los{{normal}}, {{cur}}las{{normal}}.]]></enunciado><masinfo inicio="0" /><sinaleatoriedad><![CDATA[0]]></sinaleatoriedad><calc><![CDATA[0]]></calc><textoatexto cantidad="8"><cuestion correccionSinMayusculas="1" correccionSinPuntuacion="0" correccionSinPuntuacionFinal="1"><pregunta><![CDATA[María escribió una carta.]]></pregunta><respuesta><![CDATA[María la escribió.]]></respuesta></cuestion><cuestion correccionSinMayusculas="1" correccionSinPuntuacion="0" correccionSinPuntuacionFinal="1"><pregunta><![CDATA[La enfermera rompió el vaso.]]></pregunta><respuesta><![CDATA[La enfermera lo rompió.]]></respuesta></cuestion><cuestion correccionSinMayusculas="1" correccionSinPuntuacion="0" correccionSinPuntuacionFinal="1"><pregunta><![CDATA[Cogí los libros de la estantería.]]></pregunta><respuesta><![CDATA[Los cogí de la estantería.]]></respuesta></cuestion><cuestion correccionSinMayusculas="1" correccionSinPuntuacion="0" correccionSinPuntuacionFinal="1"><pregunta><![CDATA[Coge las llaves.]]></pregunta><respuesta><![CDATA[Cógelas.]]></respuesta></cuestion><cuestion correccionSinMayusculas="1" correccionSinPuntuacion="0" correccionSinPuntuacionFinal="1"><pregunta><![CDATA[Ayer pronunció un discurso.]]></pregunta><respuesta><![CDATA[Ayer lo pronunció.]]></respuesta></cuestion><cuestion correccionSinMayusculas="1" correccionSinPuntuacion="0" correccionSinPuntuacionFinal="1"><pregunta><![CDATA[Me comí la paella.]]></pregunta><respuesta><![CDATA[Me la comí.]]></respuesta></cuestion><cuestion correccionSinMayusculas="1" correccionSinPuntuacion="0" correccionSinPuntuacionFinal="1"><pregunta><![CDATA[No he repasado las lecciones.]]></pregunta><respuesta><![CDATA[No las he repasado.]]></respuesta></cuestion><cuestion correccionSinMayusculas="1" correccionSinPuntuacion="0" correccionSinPuntuacionFinal="1"><pregunta><![CDATA[Cuéntame un cuento.]]></pregunta><respuesta><![CDATA[Cuéntamelo.]]></respuesta></cuestion></textoatexto><textofalso cantidad="0" /></motor>