﻿<?xml version="1.0" encoding="utf-8"?><motor tipo="10" clase="a" aprid="m10a">
  <plataforma>
    <grado><![CDATA[1]]></grado>
    <titulo>Gramática: identifica las oraciones activas y pasivas</titulo>
    <area>0</area>
    <nivel>1</nivel>
    <referencia/>
    <idreg><![CDATA[0]]></idreg>
    <motor><![CDATA[M10A]]></motor>
    <lang>es</lang>
  </plataforma>
  <enunciado><![CDATA[Clasifica las siguientes oraciones.]]></enunciado>
  <masinfo inicio="0"/>
  <sinaleatoriedad><![CDATA[0]]></sinaleatoriedad>
  <calc><![CDATA[0]]></calc>
  <textoacategoria cantidad="2">
    <cuestion>
      <categoria><![CDATA[Oraciones activas]]></categoria>
      <respuestas>
        <respuesta id="1"><![CDATA[Ana mira el reloj.]]></respuesta>
        <respuesta id="2"><![CDATA[Marco come manzana.]]></respuesta>
        <respuesta id="3"><![CDATA[Envié flores a mamá.]]></respuesta>
        <respuesta id="4"><![CDATA[Aprobé los exámenes.]]></respuesta>
      </respuestas>
      <sonido/>
    </cuestion>
    <cuestion>
      <categoria><![CDATA[Oraciones pasivas]]></categoria>
      <respuestas>
        <respuesta id="1"><![CDATA[La pena fue dictada.]]></respuesta>
        <respuesta id="2"><![CDATA[La tarea fue hecha.]]></respuesta>
        <respuesta id="3"><![CDATA[La nota fue leída. ]]></respuesta>
        <respuesta id="4"><![CDATA[El niño fue invitado.]]></respuesta>
      </respuestas>
      <sonido/>
    </cuestion>
  </textoacategoria>
</motor>