﻿<?xml version="1.0" encoding="utf-8"?><motor tipo="6" clase="b" aprid="m6b">
  <plataforma>
    <grado><![CDATA[2]]></grado>
    <titulo>Identifica las palabras que se escriben con {{cur}}cc{{normal}}</titulo>
    <area>0</area>
    <nivel>2</nivel>
    <referencia/>
    <idreg><![CDATA[0]]></idreg>
    <motor><![CDATA[M6B]]></motor>
    <lang>es</lang>
  </plataforma>
  <enunciado><![CDATA[Escucha los siguientes audios. Luego, escribe las palabras con el fonema {{cur}}cc{{normal}}.]]></enunciado>
  <masinfo inicio="0"><![CDATA[Los audios que escuchaste pertenecen a los siguientes textos:∙Jorge Isaacs, María.∙Julio Flórez Roa, Abstracción.∙Rafael Pombo, Poema para una boca muerta.∙Candelario Obeso, La niña y el pez.∙Eugenio Díaz, Manuela.∙Eustasio Rivera, La vorágine.∙Soledad Acosta de Samper, ‘Dolores’. Novelas y cuadros de la vida Suramericana.∙Tomás Carrasquilla, La marquesa de Yolombó.]]></masinfo>
  <calc><![CDATA[0]]></calc>
  <test cantidad="8">
    <cuestion correccionSinMayusculas="0" correccionSinPuntuacion="0" correccionSinPuntuacionFinal="0">
      <enunciado/>
      <sonido><![CDATA[LE_08_03_CO_REC210_SND01.mp3]]></sonido>
      <respuestas>
        <respuesta contestacion="contracción "/>
      </respuestas>
    </cuestion>
    <cuestion correccionSinMayusculas="0" correccionSinPuntuacion="0" correccionSinPuntuacionFinal="0">
      <enunciado/>
      <sonido><![CDATA[LE_08_03_CO_REC210_SND02.mp3]]></sonido>
      <respuestas>
        <respuesta contestacion="abstracción &#xD;"/>
      </respuestas>
    </cuestion>
    <cuestion correccionSinMayusculas="0" correccionSinPuntuacion="0" correccionSinPuntuacionFinal="0">
      <enunciado/>
      <sonido><![CDATA[LE_08_03_CO_REC210_SND03.mp3]]></sonido>
      <respuestas>
        <respuesta contestacion="acceso&#xD;"/>
      </respuestas>
    </cuestion>
    <cuestion correccionSinMayusculas="0" correccionSinPuntuacion="0" correccionSinPuntuacionFinal="0">
      <enunciado/>
      <sonido><![CDATA[LE_08_03_CO_REC210_SND04.mp3]]></sonido>
      <respuestas>
        <respuesta contestacion="afección &#xD;&#xD;&#xD;"/>
      </respuestas>
    </cuestion>
    <cuestion correccionSinMayusculas="0" correccionSinPuntuacion="0" correccionSinPuntuacionFinal="0">
      <enunciado/>
      <sonido><![CDATA[LE_08_03_CO_REC210_SND05.mp3]]></sonido>
      <respuestas>
        <respuesta contestacion="dirección &#xD;colección &#xD; "/>
      </respuestas>
    </cuestion>
    <cuestion correccionSinMayusculas="0" correccionSinPuntuacion="0" correccionSinPuntuacionFinal="0">
      <enunciado/>
      <sonido><![CDATA[LE_08_03_CO_REC210_SND06.mp3]]></sonido>
      <respuestas>
        <respuesta contestacion="instrucciones &#xD;convicción&#xD;"/>
      </respuestas>
    </cuestion>
    <cuestion correccionSinMayusculas="1" correccionSinPuntuacion="0" correccionSinPuntuacionFinal="0">
      <enunciado/>
      <sonido><![CDATA[LE_08_03_CO_REC210_SND07.mp3]]></sonido>
      <respuestas>
        <respuesta contestacion="instrucción &#xD;corrección &#xD;"/>
      </respuestas>
    </cuestion>
    <cuestion correccionSinMayusculas="1" correccionSinPuntuacion="0" correccionSinPuntuacionFinal="0">
      <enunciado/>
      <sonido><![CDATA[LE_08_03_CO_REC210_SND08.mp3]]></sonido>
      <respuestas>
        <respuesta contestacion="elección&#xD;jurisdicciones"/>
      </respuestas>
    </cuestion>
  </test>
  <anchoespecial><![CDATA[0]]></anchoespecial>
</motor>