﻿<?xml version="1.0" encoding="utf-8"?><motor tipo="2" clase="c" aprid="m2c"><plataforma><grado><![CDATA[1]]></grado><titulo>Completa oraciones activas</titulo><area>0</area><nivel>1</nivel><referencia /><idreg><![CDATA[0]]></idreg><motor><![CDATA[M2C]]></motor><lang>es</lang></plataforma><enunciado><![CDATA[Selecciona el sujeto agente en las siguientes oraciones activas. ]]></enunciado><masinfo inicio="0" /><calc><![CDATA[0]]></calc><sonido /><textoacategoria><cuestion><pregunta><![CDATA[- [*] entró al cinema sin hacer fila.-  Durante el partido, [*] parecía estar muy cansado.- [*] declararon culpable al acusado.- El 24 de noviembre [*] dirigirá la orquesta filarmónica.- En el bosque tropical [*] son más frondosos.- [*] son ingredientes indispensables en una pizza.- [*] interpretará todos sus éxitos.- [*] pasado visitamos muchas ciudades de Colombia.- [*] escribió la obra {{cur}}María{{normal}}.]]></pregunta><respuestas><respuesta orden="1"><opcion correcta="1"><![CDATA[Aquel sujeto]]></opcion><opcion correcta="0"><![CDATA[El niño]]></opcion><opcion correcta="0"><![CDATA[Ayer]]></opcion><opcion correcta="0"><![CDATA[Nunca]]></opcion></respuesta><respuesta orden="2"><opcion correcta="0"><![CDATA[el público]]></opcion><opcion correcta="0"><![CDATA[el estadio]]></opcion><opcion correcta="1"><![CDATA[el árbitro]]></opcion><opcion correcta="0"><![CDATA[los defensas]]></opcion></respuesta><respuesta orden="3"><opcion correcta="1"><![CDATA[Las autoridades]]></opcion><opcion correcta="0"><![CDATA[Las personas]]></opcion><opcion correcta="0"><![CDATA[Los vecinos]]></opcion><opcion correcta="0"><![CDATA[Los expertos]]></opcion></respuesta><respuesta orden="4"><opcion correcta="0"><![CDATA[algún instrumento]]></opcion><opcion correcta="0"><![CDATA[el público]]></opcion><opcion correcta="1"><![CDATA[un músico famoso]]></opcion><opcion correcta="0"><![CDATA[el piano]]></opcion></respuesta><respuesta orden="5"><opcion correcta="0"><![CDATA[los paisajes]]></opcion><opcion correcta="0"><![CDATA[los vientos]]></opcion><opcion correcta="0"><![CDATA[los hongos]]></opcion><opcion correcta="1"><![CDATA[los árboles]]></opcion></respuesta><respuesta orden="6"><opcion correcta="0"><![CDATA[Muchas horas]]></opcion><opcion correcta="0"><![CDATA[Los ajos]]></opcion><opcion correcta="1"><![CDATA[Salsa y queso]]></opcion><opcion correcta="0"><![CDATA[Horno o leña]]></opcion></respuesta><respuesta orden="7"><opcion correcta="0"><![CDATA[La intérprete]]></opcion><opcion correcta="1"><![CDATA[La banda]]></opcion><opcion correcta="0"><![CDATA[La radio]]></opcion><opcion correcta="0"><![CDATA[La manager]]></opcion></respuesta><respuesta orden="8"><opcion correcta="0"><![CDATA[Las vacaciones]]></opcion><opcion correcta="0"><![CDATA[El río]]></opcion><opcion correcta="1"><![CDATA[El verano]]></opcion><opcion correcta="0"><![CDATA[La bicicleta]]></opcion></respuesta><respuesta orden="9"><opcion correcta="0"><![CDATA[Julio Floréz]]></opcion><opcion correcta="0"><![CDATA[Candelario Obeso]]></opcion><opcion correcta="1"><![CDATA[Jorge Isaacs]]></opcion><opcion correcta="0"><![CDATA[Jorge Manrique]]></opcion></respuesta></respuestas></cuestion></textoacategoria></motor>