﻿<?xml version="1.0" encoding="utf-8"?><motor tipo="101" clase="a" aprid="M101a">
  <plataforma>
    <grado><![CDATA[2]]></grado>
    <titulo>Refuerza tu aprendizaje: Modifica oraciones</titulo>
    <area>5</area>
    <nivel>2</nivel>
    <referencia><![CDATA[LC_08_05_28]]></referencia>
    <idreg><![CDATA[4186]]></idreg>
    <motor><![CDATA[M101A]]></motor>
    <lang>es</lang>
  </plataforma>
  <enunciado><![CDATA[Realiza la siguiente actividad. Cuando termines, haz clic en enviar. Si es necesario, entrega las respuestas en mano o por correo electrónico a tu docente para que pueda validarlas.]]></enunciado>
  <masinfo inicio="0"/>
  <calc><![CDATA[0]]></calc>
  <preguntas cantidad="2">
    <pregunta>
      <enunciado><![CDATA[Localiza el sujeto y el complemento agente de las siguientes oraciones.   {{cur}}La fruta fue recogida por los trabajadores.{{normal}}   {{cur}}La huelga fue propuesta por el sindicato.{{normal}}]]></enunciado>
      <explicacion/>
      <nivel><![CDATA[1]]></nivel>
      <tipo/>
      <imagen/>
      <ampliacion/>
      <texto/>
    </pregunta>
    <pregunta>
      <enunciado><![CDATA[Transforma las oraciones activas en pasivas, y viceversa.   {{cur}}María cuida a su perro.{{normal}}   {{cur}}La conferencia fue dada por el especialista.{{normal}}   {{cur}}Ella plancha la ropa.{{normal}}]]></enunciado>
      <explicacion/>
      <nivel><![CDATA[2]]></nivel>
      <tipo/>
      <imagen/>
      <ampliacion/>
      <texto/>
    </pregunta>
  </preguntas>
</motor>