﻿<?xml version="1.0" encoding="UTF-8"?>
<?xml-stylesheet href="cuadernoestudio/dtd/libro.xslt" type="text/xsl"?>
<!--Arbortext, Inc., 1988-2013, v.4002-->
<!DOCTYPE libro SYSTEM "cuadernoestudio/dtd/libro.dtd">
<libro id="LE_06_03_CO">
<libroTitulo>La reseña</libroTitulo>
<seccion1 id="S1_LE_06_03_CO_F6468364525A4D2EABD68D861E6FC9BF">
<seccion1Titulo>Lectura: la reseña    </seccion1Titulo>
<seccion1Texto>
<p>Cuando quieres ver una película o ansías el estreno de la continuación
de una saga, ¿lees algún tipo de información que te aproxime a lo
que sucederá?, ¿sabes cómo se llaman estos textos?, ¿te atreverías
a redactar un escrito para motivar a alguien a ver una película o
leer un libro?</p>
<imagen ampliable="no" src="LE_06_03_CO_IMG01_small.jpg">
<p>Batman es uno de esos héroes que ha cautivado a grandes y chichos
de diversas generaciones. ¿ Has visto alguna de sus películas?, ¿cuál
es tu preferida?,  ¿por qué?</p>
</imagen>
<destacado><destacadoTitulo>La reseña</destacadoTitulo><destacadoTexto>
<p>La reseña es un texto <negrita>informativo</negrita> y <negrita
>valorativo</negrita> que <negrita>contextualiza</negrita> al lector
acerca de un <negrita>producto cultural</negrita>, (libro, película,
música, entre otros) brindándole sus principales características.
En la reseña se hace un <negrita>análisis conciso</negrita> y <negrita
>directo</negrita>, así como una <negrita>valoración</negrita> de
su calidad o tratamiento (estrellas o una calificación de 1 a 5).</p>
</destacadoTexto></destacado>
<p><negrita>Lectura: la reseña</negrita></p>
<p><negrita>Batman inicia</negrita></p>
<p>Calificación: ***. Título original: <cursiva>Batman Begins</cursiva
>. Año de producción: 2005. Dirección: Christopher Nolan. Guión: Christopher
Nolan y David S. Goyer, basado en los personajes creados por Bob Kane.
Actores: Christian Bale, Michael Caine, Liam Neeson, Morgan Freeman,
Gary Oldman, Ken Watanabe, Katie Holmes, Cillian Murphy, Tom Wilkinson
y Rutger Hauer. </p>
<p>Las películas de gran presupuesto suelen recurrir a explosiones
"nunca vistas" para resolver secuencias determinantes. Sobre todo
cuando sus realizadores sienten que algo está haciéndoles falta a
esos momentos, cuando creen que no es suficiente lo que está pasándoles
a sus personajes, que la trama se les está saliendo de las manos y
que sólo se justifica una escena de acción si los espectadores piensan
"todo esto tuvo que costar mucho dinero". Batman inicia está repleta
de estallidos: cada vez que el ridículo se asoma, cada vez que los
hechos parecen estar sucediendo "porque sí", el escenario se deshace
en llamas o salta por la pantalla hecho pedazos. Y es extraño que
ocurra, claro, porque aparte de eso, y del uso más bien torpe de ciertos
recuerdos del protagonista, se trata de un largometraje serio, enérgico,
convencido, que respeta profundamente la leyenda de aquel hombre murciélago
que, refugiado en las sombras, envuelto en su propio miedo a perder
una vez más a la gente que quiere, protege a la decadente Ciudad Gótica
de los enfermos mentales que se han empeñado en someterla. </p>
<p>Es un error juzgar <cursiva>Batman inicia</cursiva>, relato de
cómo el millonario Bruce Wayne se transformó en semejante ángel justiciero,
comparándola con las numerosas adaptaciones que se han hecho del cómic
creado por Bob Kane y Bill Finger en 1940: a esta nueva versión, por
ejemplo, no le interesan las pequeñas burlas de la paródica serie
de televisión de finales de los sesenta (los tontos dichos de Robin,
las peleas en las que los golpes se convertían en letreros en donde
podía leerse "¡wham!", "¡pow!" o "¡sock!"), ni le importan mucho las
escenografías de pesadilla o los elaborados retratos de los villanos
de las dos producciones dirigidas por Tim Burton a comienzos de los
noventa (no, ni bromas pop ni malvados protagónicos), sino llevar
a cabo el cuidadoso perfil psicológico, de biógrafo responsable, de
un superhéroe sin superpoderes que en tiempos de crisis ha sido capaz
de elegir la justicia sobre la venganza.</p>
<p>El director, Christopher Nolan, conocido por otros dos retratos
de hombres sin regreso, <cursiva>Memento</cursiva> e <cursiva>Insomnia</cursiva
>, se empeña en contar la aventura como si fuera una historia realista,
como si en el mundo en que vivimos pudiera existir un héroe parecido
a Batman. Se trata de un enfoque que le huye al cinismo, al humor,
al juego, hasta permitirles a los estupendos actores reunidos, a Christian
Bale, Michael Caine, Morgan Freeman, Gary Oldman y Liam Neeson, entre
otros, asumir situaciones extremas con una dignidad que suele perderse
en este tipo de narraciones. Se trata de una mirada reverente que
agradecerán los verdaderos fanáticos de la tira cómica, y que admirarán,
en los descansos de los estallidos, esos cinéfilos cansados de tantas
superproducciones que fracasan a la hora de crear personajes.</p>
<p>Ricardo Silva Romero, <cursiva>Batman inicia</cursiva>. </p>
<p><negrita>¿Qué sabes sobre el tema?</negrita></p>
<p>Lee la reseña sobre Batman inicia y responde las preguntas.</p>
<listaSinNumerar>
<listaElemento>¿Cuál es la estructura del texto? (Puedes enumerar
sus partes).</listaElemento>
<listaElemento>¿Qué valoración se hace de la película?, ¿por qué?</listaElemento>
<listaElemento>Identifica cinco verbos y cinco adverbios contenidos
en la reseña.</listaElemento>
<listaElemento>¿Cuál es la importancia de esta clase de textos?, ¿para
qué crees que son escritos y publicados?</listaElemento>
<listaElemento>¿A qué público está dirigida la reseña?, ¿dónde crees
que se publican estos textos?</listaElemento>
</listaSinNumerar>
<practica>
<enlace
destino="/LoIdRedirect.aspx?LoId=LE_06_03_CO_Recurso010&amp;IdRecurso=RES-E631BD9AE73A4DC6B9DF09148DD5F089"
>Lectura: los textos narrativos provenientes de la tradición oral</enlace>
<enlace
destino="/LoIdRedirect.aspx?LoId=LE_06_03_CO_Recurso020&amp;IdRecurso=RES-6FE103EAE0544FA09FC110F62FE9D573"
>Lectura: el uso de los verbos y los adverbios</enlace>
<enlace
destino="/LoIdRedirect.aspx?LoId=LE_06_03_CO_Recurso030&amp;IdRecurso=RES-3A1FCC3F73484D0A908CC1212A5A6894"
>Lectura: la escritura de palabras con <cursiva>c</cursiva> y <cursiva
>s</cursiva></enlace>
<enlace
destino="/LoIdRedirect.aspx?LoId=LE_06_03_CO_Recurso040&amp;IdRecurso=RES-63E009519077421C9029FCB6BA70E87B"
>Lectura: corrige palabras escritas con <cursiva>c</cursiva> y <cursiva
>s</cursiva></enlace>
<enlace
destino="/LoIdRedirect.aspx?LoId=LE_06_03_CO_Recurso050&amp;IdRecurso=RES-5B1A74B6E3A34B2C98CD3764CE1A6A27"
>Lectura: identifica las características de una reseña</enlace>
<enlace
destino="/LoIdRedirect.aspx?LoId=LE_06_03_CO_Recurso060&amp;IdRecurso=RES-42CC7E45FD264474BAA791C5D3F35C57"
>Lectura: ¿qué se debe tener en cuenta para redactar una reseña?</enlace>
</practica></seccion1Texto></seccion1><seccion1
id="S1_LE_06_03_CO_4936B829A964497BB0438D00FD24C35D">
<seccion1Titulo>Literatura: la tradición oral y el género narrativo</seccion1Titulo>
<seccion1Texto>
<p>Muchas de las historias y narraciones literarias que conoces nacieron
en la tradición oral. Es gracias a esta que los cuentos de hadas,
los mitos o las leyendas viven en la memoria de las personas, pues
fueron relatos que se transmitieron cara a cara durante varias generaciones.</p>
<profundiza>
<enlace
destino="/LoIdRedirect.aspx?LoId=LE_06_03_CO_Recurso070&amp;IdRecurso=RES-E15E045378494390852FC9562AB7BCF2"
>¿De qué manera se relacionan la tradición oral y los textos narrativos?</enlace>
</profundiza><seccion2 id="S2_LE_06_03_CO_C4F960CCE4604DBBBD0A7774D57">
<seccion2Titulo> El género narrativo</seccion2Titulo>
<seccion2Texto>
<p>Con seguridad recuerdas las características del texto narrativo.
¿Podrías diferenciar cuáles obras literarias pertenecen a este género
y cuáles no?</p>
<destacado><destacadoTitulo>El género narrativo</destacadoTitulo>
<destacadoTexto>
<p>La palabra <negrita>narrativo</negrita> proviene del verbo <negrita
>narrar</negrita>, es decir, contar una historia. Por lo tanto, el
género narrativo reúne todas aquellas obras literarias que <negrita
>cuentan la historia de unos personajes</negrita>.</p>
</destacadoTexto></destacado>
<p>El narrador menciona unos <negrita>hechos reales o ficticios</negrita
> que les suceden a unos personajes en un lugar y un tiempo determinados.
En estas obras, el narrador <negrita>cuenta</negrita> la acción, <negrita
>describe</negrita> lugares o personajes, y en algunas ocasiones,
introduce la voz de estos personajes por medio del <negrita>diálogo</negrita
>.</p>
<imagen src="LE_06_03_CO_IMG02_small.jpg">
<p>¿Recuerdas el cuento de <cursiva>Caperucita roja</cursiva>?, ¿podrías
decir quién es el narrador?, ¿cuáles son los personajes de la historia?,
¿en dónde y cuándo se desarrolla la trama? Teniendo en cuenta tus
respuestas, reflexiona sobre si: ¿esta historia hace parte del género
narrativo?, ¿por qué?</p>
</imagen>
<p>Los <negrita>elementos</negrita> de una narración son:</p>
<listaSinNumerar>
<listaElemento><negrita>El narrador:</negrita> es creado por el autor
de un texto narrativo, para contarnos la historia. Recuerda que existen
varios tipos, desde el narrador omnisciente (que lo sabe todo) hasta
el narrador protagonista, testigo, entre otros.</listaElemento>
<listaElemento><negrita>Los personajes:</negrita> son seres que están
presentes en el mundo de la narración literaria. Ellos desarrollan
la acción de la trama. Existen diferentes maneras de clasificarlos,
de acuerdo con: 1. Su importancia en la historia (<negrita>principales,
antagonistas, secundarios</negrita>); 2. El desarrollo de los acontecimientos
(<negrita>planos</negrita>, presentan una sola cualidad, o <negrita
>redondos</negrita>, muestran diversas características y pueden llegar
a ser contradictorios) y  3. Su relación en el relato (<negrita>estáticos</negrita
>, no sufren cambios en su personalidad a pesar del desarrollo de
la historia o <negrita>dinámicos</negrita> cambian substancialmente
durante la trama, evolucionando su manera de actuar y pensar).</listaElemento>
<listaElemento><negrita>El tiempo:</negrita> es el lapso o la duración
en la que sucede la historia.</listaElemento>
<listaElemento><negrita>El espacio:</negrita> corresponde al lugar
o lugares donde se desarrollan los acontecimientos. Se suele utilizar
la descripción para darlos a conocer.</listaElemento>
</listaSinNumerar>
<seccion3 id="S3_LE_06_03_CO_62D5607EEB3A4EA986EC6916B2BECD09">
<seccion3Titulo>Los subgéneros narrativos</seccion3Titulo>
<seccion3Texto>
<p>Así como la literatura se clasifica en tres grandes géneros literarios,
estos, a su vez cuentan con subgéneros para organizar la gran variedad
de obras literarias. </p>
<recuerda><recuerdaTexto>
<p>Dentro del género épico o narrativo encontramos diferentes tipos
de narraciones tales como: <negrita>cantares de gesta, crónicas, cuentos,
epopeyas, fábulas, leyendas, mitos y novelas</negrita>. </p>
</recuerdaTexto></recuerda>
<p>Veamos a continuación algunas características y ejemplos de cada
subgénero.</p>
<table border="1"><caption>El género narrativo</caption>
<tbody>
<tr valign="middle">
<td align="center"><negrita>Subgéneros narrativos</negrita></td>
<td align="center"><negrita>Características</negrita></td>
<td align="center"><negrita>Ejemplos</negrita></td>
</tr>
<tr>
<td rowspan="3" valign="top"><negrita>Los cantares de gesta</negrita
></td>
<td rowspan="3" valign="top">Son historias que cuentan hazañas realizadas
por los caballeros en la Edad Media.</td>
<td>•	<negritacursiva>El cantar del Mío Cid:</negritacursiva> es una
obra anónima que relata las hazañas heroicas de Rodrigo Díaz de Vivar
desde el momento en que es expulsado de Castilla por el rey Alfonso
VI. Durante su destierro, el héroe forma un ejército con el que conquista
territorios en manos enemigas, a la vez que se enriquece y acaba recuperando
el favor del rey, además de emparentar con la realeza. </td>
</tr>
<tr>
<td>Esta obra es famosa por ser el único cantar de gesta en lengua
castellana que se conserva, casi completo, a pesar de su antigüedad. </td>
</tr>
<tr>
<td>Si deseas más información de esta obra, puedes encontrarla aquí<enlace
destino="http://www.planetalector.com/cantar-de-mio-cid"> [VER]</enlace
>. </td>
</tr>
<tr>
<td rowspan="3" valign="top"><negrita>La crónica</negrita></td>
<td rowspan="3" valign="top">Narra eventos o noticias que acontecieron
en la realidad, pero utilizando un lenguaje poético.</td>
<td>•	<negritacursiva>Crónicas de Indias: </negritacursiva>recuerdos
de los colonizadores españoles, durante el Descubrimiento, la Conquista
y la Colonia de América.</td>
</tr>
<tr>
<td>•	<negritacursiva>Nada es mentira: </negritacursiva>crónicas y
otros textos del escritor Heriberto Fiorillo.</td>
</tr>
<tr>
<td>•<negritacursiva>	Las famosas crónicas de Ximénez</negritacursiva
> del escritor José Joaquín Jiménez.</td>
</tr>
<tr>
<td valign="top"><negrita>El cuento</negrita></td>
<td valign="top">Es una narración breve de hechos imaginarios.</td>
<td>Existen diferentes tipos de cuentos desde los <negrita>clásicos
de hadas</negrita> como <negritacursiva>La cenicienta, La bella durmiente,
Hansel y Gretel</negritacursiva>, hasta aquellos que presentan otras
temáticas; como el <negrita>terror</negrita> caso <negritacursiva
>La caída de la Casa Usher</negritacursiva> de Edgar Allan Poe, <negritacursiva
>El extraño</negritacursiva> de H.P. Lovecraft; la <negrita>ciencia
ficción</negrita> como <negritacursiva>La última pregunta</negritacursiva
> de Isaac Asimov, <negritacursiva>El ruido del trueno</negritacursiva
> de Ray Bradbury; o <negrita>hechos realistas</negrita> caso <negritacursiva
>Un viaje de novios</negritacursiva> y <negritacursiva>La mujer del
boticario</negritacursiva> de Anton Chejov; entre otros. </td>
</tr>
<tr>
<td rowspan="3" valign="top"><negrita>La épica o epopeya</negrita
></td>
<td rowspan="3" valign="top">Consiste en la narración extensa de hazañas
consideradas trascendentales para un pueblo en torno a la figura de
dioses o héroes.</td>
<td><negritacursiva>•	La Ilíada</negritacursiva> y <negritacursiva
>La Odisea</negritacursiva> de Homero son catalogadas como las principales
epopeyas griegas.</td>
</tr>
<tr>
<td><negritacursiva>•	La Eneida</negritacursiva>, epopeya latina escrita
por Virgilio con el fin de glorificar al Imperio Romano, atribuyéndole
un origen mítico.</td>
</tr>
<tr>
<td><negritacursiva>•	Heike Monogatari</negritacursiva> es un texto
clásico de la literatura japonesa que narra la rivalidad y la lucha
por el poder entre dos clanes militares, los Genji y los Heike.</td>
</tr>
<tr>
<td rowspan="7" valign="top"><negrita>La fábula</negrita></td>
<td rowspan="7" valign="top">Es un relato protagonizado por animales
que asumen características humanas. Siempre contiene una moraleja.</td>
<td><negritacursiva>•	La cigarra y la hormiga. </negritacursiva></td>
</tr>
<tr>
<td><negritacursiva>•	La zorra y la cigüeña.</negritacursiva></td>
</tr>
<tr>
<td><negritacursiva>•	El pastor mentiroso.</negritacursiva></td>
</tr>
<tr>
<td><negritacursiva>•	El león y el ratón. </negritacursiva></td>
</tr>
<tr>
<td><negritacursiva>•	La liebre y la tortuga.</negritacursiva></td>
</tr>
<tr>
<td><negritacursiva>•	La perra que llevaba un trozo de carne.</negritacursiva
></td>
</tr>
<tr>
<td><negritacursiva>•	La zorra y las uvas. </negritacursiva></td>
</tr>
<tr>
<td rowspan="4" valign="top"><negrita>La leyenda</negrita></td>
<td rowspan="4" valign="top">Relato que narra hechos sobrenaturales,
pero que son presentados como si realmente hubieran ocurrido.</td>
<td><negritacursiva>•	La llorona.</negritacursiva></td>
</tr>
<tr>
<td><negritacursiva>•	El silbón.</negritacursiva></td>
</tr>
<tr>
<td><negritacursiva>•	La leyenda de El Dorado.</negritacursiva></td>
</tr>
<tr>
<td><negritacursiva>•	La leyenda de Robin Hood.</negritacursiva></td>
</tr>
<tr>
<td rowspan="5" valign="top"><negrita>El mito</negrita></td>
<td rowspan="5" valign="top">Es una narración de hechos imaginarios,
protagonizada generalmente por dioses o héroes, y que se divulga de
forma oral.</td>
<td>De acuerdo con la clasificación de los mitos estos se dividen
en: </td>
</tr>
<tr>
<td><negrita>•	Cosmogónicos</negrita>, que intentan explicar el origen
o la creación del mundo.</td>
</tr>
<tr>
<td><negrita>•	Antropogónicos</negrita>, que hablan del origen del
ser humano. </td>
</tr>
<tr>
<td><negrita>•	Fundacionales</negrita> que cuentan el nacimiento de
las ciudades.</td>
</tr>
<tr>
<td>Un ejemplo significativo es <negritacursiva>El Popol Vuh</negritacursiva
>, un texto que compila diferentes narraciones míticas del pueblo
maya. </td>
</tr>
<tr>
<td rowspan="9" valign="top"><negrita>La novela</negrita></td>
<td rowspan="9" valign="top">Creación literaria extensa que narra
en prosa sucesos reales o ficticios y que tiene como finalidad provocar
en los lectores sentimientos y reflexiones.</td>
<td><negritacursiva>•	Don Quijote de la Mancha</negritacursiva> de
Miguel de Cervantes Saavedra.</td>
</tr>
<tr>
<td><negritacursiva>•	Frankenstein o el moderno Prometeo</negritacursiva
>, Mary Shelley.</td>
</tr>
<tr>
<td><negritacursiva>•	Rojo y Negro</negritacursiva> escrito por Stendhal.</td>
</tr>
<tr>
<td><negritacursiva>•	Cien años de soledad</negritacursiva> creada
por Gabriel García Márquez.</td>
</tr>
<tr>
<td><negritacursiva>•	La isla del tesoro</negritacursiva>, Robert
Louis Stevenson.</td>
</tr>
<tr>
<td><negritacursiva>•	La ciudad y los perros</negritacursiva> de Mario
Vargas Llosa.</td>
</tr>
<tr>
<td><negritacursiva>•	Crimen y castigo</negritacursiva>, Fiódor Dostoyevski. </td>
</tr>
<tr>
<td><negritacursiva>•	A sangre fría</negritacursiva> escrita por Truman
Capote.</td>
</tr>
<tr>
<td><negritacursiva>•	Pedro Páramo</negritacursiva> original de Juan
Rulfo.</td>
</tr>
</tbody>
</table>
<p>Si quieres conocer y disfrutar de la lectura de obras del género
narrativo, dentro del portal Planeta Lector encontrarás diferentes
e interesantes propuestas<enlace
destino="http://www.planetalector.com/planes-lectores/"> [VER]</enlace
>.</p>
<practica>
<enlace
destino="/LoIdRedirect.aspx?LoId=LE_06_03_CO_Recurso080&amp;IdRecurso=RES-BB4DA77AD2D745EEA565440305D932BE"
>Reconozcamos algunas características de los textos narrativos</enlace>
</practica></seccion3Texto></seccion3></seccion2Texto></seccion2>
<seccion2 id="S2_LE_06_03_CO_C4F960CCE4604DBBBD0A7775D58">
<seccion2Titulo>La tradición oral</seccion2Titulo>
<seccion2Texto>
<p>Desde que el ser humano se comunica usando la palabra hablada intenta
explicar los fenómenos que ocurren a su alrededor, creando historias
que pasaron a su descendencia. Estas historias se han convertido en
los pilares de creencias y tradiciones que alimentan la cultura de
diversas sociedades. </p>
<destacado><destacadoTitulo>La tradición oral</destacadoTitulo>
<destacadoTexto>
<p>Es la forma de transmitir la <negrita>cultura</negrita>, la <negrita
>experiencia</negrita> y las <negrita>tradiciones</negrita> de una <negrita
>sociedad</negrita>, por medio de relatos, cantos, oraciones, leyendas,
fábulas, conjuros, mitos…, utilizando la <negrita>palabra hablada</negrita
>. El conocimiento pasa de <negrita>generación en generación</negrita
> pues tiene la función de <negrita>conservar</negrita> la cultura
a pesar del paso del tiempo. </p>
</destacadoTexto></destacado>
<p>¿Alguna vez has escuchado las historias de tus abuelos?, ¿te han
contado relatos sobre el lugar donde vives?, ¿sobre qué tratan?, ¿cómo
son?</p>
<imagen src="LE_06_03_CO_IMG03_small.jpg">
<p>La tradición oral es fuente de valiosa información para el conocimiento
de la historia y costumbres de una sociedad.</p>
</imagen>
<practica>
<enlace
destino="/LoIdRedirect.aspx?LoId=LE_06_03_CO_Recurso090&amp;IdRecurso=RES-BFBA70A36DE14162864FAD445BAD0D11"
>Los textos narrativos provenientes de la tradición oral</enlace>
</practica></seccion2Texto></seccion2><seccion2
id="S2_LE_06_03_CO_069781F0D8E94086B51A89F4D54A1E7C">
<seccion2Titulo>La leyenda</seccion2Titulo>
<seccion2Texto>
<p>Usualmente las leyendas son presentadas como parte de los mitos
o se dice que están relacionadas con ellos, pero no es correcto. Veamos
sus grandes diferencias.</p>
<destacado><destacadoTitulo>La leyenda</destacadoTitulo><destacadoTexto>
<p><negrita>La leyenda</negrita> suele contar hechos fantasiosos que
pretende hacerlos pasar por <negrita>verídicos</negrita>. En estas
historias no se precisa ni el <negrita>tiempo</negrita> ni el <negrita
>lugar</negrita> de la acción.</p>
</destacadoTexto></destacado>
<imagen src="LE_06_03_CO_IMG04_small.jpg">
<p>¿Has visto la película <cursiva>La espada en la piedra</cursiva
>?, ¿sabías que trata de una de las leyendas más conocidas de Gran
Bretaña?</p>
</imagen>
<p>Veamos un fragmento de una leyenda.</p>
<p><negrita>El rey Arturo y los caballeros de la mesa redonda</negrita
></p>
<p>Cuenta la leyenda que Uther, rey de lo que se conoce ahora como
Gran Bretaña, decidió un día firmar la paz con uno de sus más fieros
enemigos: el duque de Cornwall. Para ello invitó al duque y a su señora
esposa a su castillo. Cuando Uther conoció a la duquesa Ingraine quedó
totalmente enamorado de ella. Al darse cuenta de esta situación, la
duquesa le pidió a su marido retirarse inmediatamente del castillo
y regresar a casa. El duque de Cornwall se retiró del castillo y reinició
la guerra. El amor de Uther por la duquesa era tan grande que se enfermó
y buscó la ayuda de Merlín, el mago de la corte. Este le dijo que
lo único que tenía era "mal de amores" y que podía ayudarlo con una
condición: el hijo que tuviera con Ingraine se lo entregaría a él
(a Merlín), para educarlo y prepararlo para cumplir su destino, que
no era otro que ser el más grande monarca de Inglaterra.</p>
<p>Esta conversación animó a Uther para ir con sus tropas, en busca
de su amor. El duque se enteró de sus intenciones y fue a su encuentro.
En la lucha Cornwall murió y los mensajeros de Uther convencieron
a Ingraine para que se convirtiera en su esposa. Al final, ella accedió
y pronto se casaron. Cuando nació el heredero, fue Merlín a ver a
Uther y este se lo entregó como había prometido. La criatura fue entregada
a sir Héctor, un noble de la corte, quien no tenía conocimiento de
la sangre real del niño. El infante fue bautizado con el nombre de
Arturo. </p>
<p>Cuando Arturo contaba con dos años, su padre, Uther, murió. El
reinó entró entonces en una etapa de anarquía casi incontrolable que
duró por años. Un buen día, Merlín reunido con el arzobispo de Canterbury
le dijo a los nobles de la corte que sería Cristo a través de un milagro
quien señalaría al sucesor legítimo de Uther. El milagro no se hizo
esperar, y en el cementerio próximo a la iglesia apareció una espada
encajada en una piedra. En la hoja de la espada estaba inscrito: "quien
pueda desencajarme de esta piedra será rey de toda Bretaña por derecho
de nacimiento". Ante este milagro todos los nobles intentaron sacar
la espada, sin ningún resultado.</p>
<p>Anónimo, <cursiva>El rey Arturo y los Caballeros de la mesa redonda</cursiva
>.  </p>
<p>http://www.portalplanetasedna.com.ar/rey_arturo.htm</p>
<recuerda><recuerdaTexto>
<p><negrita>La leyenda</negrita> no pretende explicar lo sobrenatural.
Ella relata alguna característica o atributo de un <negrita>pueblo,
ciudad o región</negrita> a partir de personajes y hechos presuntamente
reales, mientras que los <negrita>mitos</negrita> intentan dar razón
de fenómenos misteriosos de la realidad, como el origen del mundo
o de la humanidad.</p>
</recuerdaTexto></recuerda><seccion3
id="S3_LE_06_03_CO_8EF76A9E749E4AD4A1430EA5CA9FE1E4">
<seccion3Titulo>Las características de las leyendas</seccion3Titulo>
<seccion3Texto>
<p>Como narración popular, <negrita>la leyenda</negrita> ha sido transmitida <negrita
>oralmente</negrita>, de generación en generación. Esta forma de comunicación
permite que, al momento de contar las historias, se produzcan cambios
y existan diferentes <negrita>versiones</negrita>. Además, aunque
haya elementos que le aporten credibilidad a cada historia, también
se le incorporan elementos fantásticos.</p>
<p>Observemos sus principales características: </p>
<listaSinNumerar>
<listaElemento>Es un relato popular.</listaElemento>
<listaElemento>Forma parte de la tradición oral.</listaElemento>
<listaElemento>El autor es desconocido.</listaElemento>
<listaElemento>Se relaciona con un lugar, personaje, o algún elemento
natural, que pertenece a la realidad.</listaElemento>
<listaElemento>Narra alguna costumbre o tradición de la comunidad
que la origina.</listaElemento>
<listaElemento>Pueden intervenir en ella seres o animales mágicos.</listaElemento>
</listaSinNumerar>
<p>También encontramos diferentes tipos de leyendas.</p>
<table border="1"><caption>Tipos de leyenda</caption>
<tbody>
<tr valign="middle">
<td align="center"><negrita>Leyendas por temática</negrita></td>
<td align="center"><negrita>Leyendas por su lugar de origen</negrita
></td>
</tr>
<tr>
<td><negrita>Leyendas etológicas:</negrita> narran el nacimiento de
elementos de la naturaleza (leyenda del Salto de Tequendama).</td>
<td><negrita>Leyendas urbanas:</negrita> relatos contemporáneos que
circulan entre la comunidad de una ciudad.</td>
</tr>
<tr>
<td><negrita>Leyendas escatológicas:</negrita> dan cuenta de las creencias
de la vida más allá de la muerte.</td>
<td><negrita>Leyendas rurales:</negrita> relatos que pertenecen exclusivamente
al campo y no dan lugar a adaptación a una ciudad.</td>
</tr>
<tr>
<td><negrita>Leyendas religiosas:</negrita> historias que tienen que
ver con la fe y los personajes partícipes de la religión (santos,
demonios).</td>
<td><negrita>Leyendas locales: </negrita>relatos populares de un municipio,
región o pueblo.</td>
</tr>
</tbody>
</table>
<profundiza>
<enlace
destino="/LoIdRedirect.aspx?LoId=LE_06_03_CO_Recurso100&amp;IdRecurso=RES-89F4297555914CD78D84B1B99A081AB8"
>El género narrativo: la leyenda</enlace>
</profundiza></seccion3Texto></seccion3></seccion2Texto></seccion2>
<seccion2 id="S2_LE_06_03_CO_3EF6CA6CF98B41C187DE0DE316F4AD17">
<seccion2Titulo>La fábula</seccion2Titulo>
<seccion2Texto><destacado><destacadoTitulo>La fábula</destacadoTitulo>
<destacadoTexto>
<p>Es un <negrita>relato breve</negrita>, en el cual los personajes
suelen ser <negrita>animales u objetos inanimados que presentan características
antropomorfas</negrita>. Esta obra tiene por finalidad criticar malas
actitudes, costumbres o vicios propios de la naturaleza humana mediante
el uso de moralejas. </p>
</destacadoTexto></destacado>
<imagen src="LE_06_03_CO_IMG05_small.jpg">
<p>Los animales que protagonizan las fábulas representan actitudes,
valores y defectos de los seres humanos. Por ejemplo, al zorro se
le identifica por la astucia y la capacidad de engaño; a la hormiga
se le relaciona con la laboriosidad y el esfuerzo. ¿Qué valor o defecto
asociarías a un león, un perro y un ratón? </p>
</imagen>
<p>Veamos ejemplos de fábulas, escritas de acuerdo a sus modos de
expresión.</p>
<p><negrita>En prosa: </negrita></p>
<p><negrita>El ratón y la rana</negrita></p>
<p>Un ratón de tierra se hizo amigo de una rana, para desgracia suya.
La rana, obedeciendo a desviadas intenciones de burla, ató la pata
del ratón a su propia pata. Marcharon entonces primero por tierra
para comer trigo, luego se acercaron a la orilla del pantano. La rana,
dando un salto arrastró hasta el fondo al ratón, mientras que retozaba
en el agua lanzando sus conocidos gritos. El desdichado ratón, hinchado
de agua, se ahogó, quedando a flote atado a la pata de la rana. Los
vio un milano que por ahí volaba y apresó al ratón con sus garras,
arrastrando con él a la rana encadenada, quien también sirvió de cena
al milano.</p>
<p><cursiva>Toda maldad se paga.</cursiva></p>
<p>Esopo, <cursiva>El ratón y la rana.</cursiva></p>
<p><negrita>En verso:</negrita></p>
<p><negrita>La zorra y el busto</negrita></p>
<p>Dijo la zorra al busto</p>
<p>después de olerlo</p>
<p>"Tu cabeza es hermosa</p>
<p>pero sin seso."</p>
<p><cursiva>Como este hay muchos</cursiva></p>
<p><cursiva>que aunque parecen hombres</cursiva></p>
<p><cursiva>sólo son bustos.</cursiva></p>
<p>Félix María Samaniego, <cursiva>La zorra y el busto</cursiva>. </p>
<seccion3 id="S3_LE_06_03_CO_70F6200522914A568AC212E210F08FCF">
<seccion3Titulo>Las características de las fábulas</seccion3Titulo>
<seccion3Texto>
<p>La fábula al igual que otros subgéneros presenta unas características
propias, veamos.</p>
<table border="1"><caption>Características de la fábula</caption>
<tbody>
<tr>
<td><negrita>Modos de expresión</negrita></td>
<td>La fábula puede escribirse tanto en <negrita>prosa</negrita> como
en <negrita>verso</negrita>.</td>
</tr>
<tr>
<td><negrita>Extensión</negrita></td>
<td>Es un relato breve.</td>
</tr>
<tr>
<td><negrita>Elementos narrativos</negrita></td>
<td>Tiene todos los elementos narrativos, entre ellos, narrador y
personajes, los cuales viven una situación en un determinado lugar
y tiempo. Al igual que los cuentos populares, no se sitúa en una época
concreta.</td>
</tr>
<tr>
<td><negrita>Personajes </negrita></td>
<td>Suelen ser <negrita>animales u objetos humanizados</negrita>.</td>
</tr>
<tr>
<td><negrita>Temáticas </negrita></td>
<td>Defectos tales como la envidia, la arrogancia, la mentira, etc.</td>
</tr>
<tr>
<td><negrita>Estructura</negrita></td>
<td>La fábula presenta una situación (inicio), plantea un problema
que puede o no tener solución (nudo) y finaliza con una moraleja (desenlace).</td>
</tr>
<tr>
<td><negrita>Moraleja</negrita></td>
<td>Al final de cada fábula se presenta una enseñanza de carácter
moral, un consejo de conducta. Esta puede tener la extensión de una
frase o de una estrofa.</td>
</tr>
</tbody>
</table>
<recuerda><recuerdaTexto>
<p>Toda fábula termina con un elemento <negrita>moralizante o moraleja</negrita
>. Esta sirve como enseñanza para la vida. Cuando en las fábulas no
se plantea la moraleja de manera explícita, es decir, mediante una
frase o máxima (sentencia para dirigir una acción), el lector tendrá
que extraer o inferir por sí mismo la lección del relato.</p>
</recuerdaTexto></recuerda><profundiza>
<enlace
destino="/LoIdRedirect.aspx?LoId=LE_06_03_CO_Recurso110&amp;IdRecurso=RES-DC3F065D411A457D8DE0727C977E74AA"
>La fábula</enlace>
</profundiza></seccion3Texto></seccion3></seccion2Texto></seccion2>
<seccion2 id="S2_LE_06_03_CO_EDC998AFF7D24851AB789CD2084AB3FA">
<seccion2Titulo>Consolidación</seccion2Titulo>
<seccion2Texto>
<p>Actividad para consolidar lo que has aprendido en esta sección.</p>
<practica>
<enlace
destino="/LoIdRedirect.aspx?LoId=LE_06_03_CO_Recurso120&amp;IdRecurso=RES-62F726C356A243DB800FEABCDC0E0BE2"
>Refuerza tu aprendizaje: comparemos leyendas y fábulas</enlace>
</practica></seccion2Texto></seccion2></seccion1Texto></seccion1>
<seccion1 id="S1_LE_06_03_CO_D4E21D37D6214F1E98902831B7F097E2">
<seccion1Titulo>Gramática: las categorías gramaticales (II), verbos
y adverbios</seccion1Titulo>
<seccion1Texto>
<p>Los verbos y adverbios hacen parte del extenso y fascinante mundo
de la gramática. Aquí averiguaremos qué son, cómo se conjugan y cómo
se clasifican. También, miraremos algunos ejemplos en oraciones gramaticales.
Pero antes de comenzar reflexiona: ¿qué sabes de los verbos y de los
adverbios?, ¿qué función crees que cumplen estos dos elementos gramaticales
en una oración? </p>
<destacado><destacadoTitulo>Los elementos gramaticales variables e
invariables</destacadoTitulo><destacadoTexto>
<p><negrita>Las categorías gramaticales variables</negrita> son todas
aquellas palabras que pueden cambiar su forma en razón del género
y el número que expresen. Entre ellas se destacan los <negrita>determinantes</negrita
>, los <negrita>sustantivos</negrita>, los <negrita>pronombres</negrita
>, los <negrita>verbos</negrita> y los <negrita>adjetivos</negrita
>. En el caso del verbo se debe hacer una excepción pues este no varía
en género pero si en número y tiempo verbal. </p>
<p><negrita>Las categorías invariables</negrita>, como los <negrita
>adverbios</negrita>, las <negrita>preposiciones</negrita>, las <negrita
>conjunciones</negrita> y las <negrita>interjecciones</negrita>, se
distinguen de los anteriores elementos gramaticales porque estas no
pueden ser modificadas en ninguna forma (salvo algunos adverbios terminados
en diminutivo, como despuesito o prontico). </p>
</destacadoTexto></destacado><profundiza>
<enlace
destino="/LoIdRedirect.aspx?LoId=LE_06_03_CO_Recurso140&amp;IdRecurso=RES-D488ECB915A44EF1A73997F5CAC6B757"
>Las principales características de los verbos y de los adverbios </enlace>
</profundiza><seccion2
id="S2_LE_06_03_CO_BF9CCEB8EB24460EB29C4B0FC95D68E9">
<seccion2Titulo>El verbo</seccion2Titulo>
<seccion2Texto>
<p>El verbo es la <negrita>acción</negrita> que <negrita>realiza el
sujeto</negrita> de la oración, por ejemplo: comer, jugar, correr,
saltar, pensar, dibujar; de igual forma, el verbo también puede señalar
el <negrita>estado de ánimo del sujeto</negrita> (ríe, llora, suspira,
sueña) o los <negrita>distintos acontecimientos</negrita> que suceden
en la <negrita>naturaleza</negrita> (nevar, llover, temblar).</p>
<imagen src="LE_06_03_CO_IMG06_small.jpg">
<p>Observa detalladamente esta imagen y describe qué está haciendo
cada uno de los niños. Copia en tu cuaderno dichas acciones y realiza
una oración con ellas. </p>
</imagen>
<p>Los verbos se pueden clasificar de la siguiente forma: </p>
<p><negrita>•	Verbos auxiliares.</negrita> Se llaman <cursiva>verbos
auxiliares</cursiva> a aquellos que ayudan a formar otros y añaden
cierto significado. Estos son: </p>
<p>El verbo <negrita>haber</negrita>, que se une a una forma de los
verbos llamada <cursiva>participio</cursiva> (por ejemplo, llegado,
amado) para formar los tiempos compuestos. Por ejemplo: </p>
<p>Ana <negrita>ha</negrita> (verbo auxiliar) <cursiva>llegado</cursiva
> (participio del verbo llegar) pronto.</p>
<p>Nosotros <negrita>hemos</negrita> <cursiva>jugado</cursiva> muy
bien el partido.</p>
<p>El verbo auxiliar <negrita>ser</negrita>, que junto al participio
de muchos verbos sirve para formar una construcción gramatical conocida
como <cursiva>voz pasiva</cursiva>. Por ejemplo:</p>
<p>La ciudad <negrita>fue</negrita> <cursiva>destruida</cursiva> por
un terremoto. </p>
<p>Luisa <negrita>está</negrita> <cursiva>preparando</cursiva> una
sorpresa. </p>
<p>Verbos como <negrita>echar, estar, venir</negrita>, entre otros,
también pueden funcionar como auxiliares de otros verbos. Por ejemplo: </p>
<p>Pedro <negrita>echó</negrita> a correr. </p>
<p><negrita>Vengo</negrita> gastando diez mil pesos diarios.</p>
<p><negrita>• Verbos en infinitivo.</negrita> Son todos los verbos
cuyas conjugaciones terminan en <negrita>–ar, –er, –ir</negrita>.
Por ejemplo: </p>
<p>Terminación <cursiva>-ar</cursiva>: cantar, jugar, hablar, caminar. </p>
<p>Terminación <cursiva>-er</cursiva>: conocer, merecer, parecer,
proponer. </p>
<p>Terminación <cursiva>-ir</cursiva>: escribir, recibir, vivir, mentir. </p>
<p><negrita>• Verbos regulares. </negrita>Son aquellos que mantienen
igual el <negrita>lexema</negrita> o <negrita>raíz</negrita> en todas
sus formas verbales y conjugaciones. Por ejemplo, el verbo <cursiva
>amar</cursiva>. El verbo <cursiva>amar</cursiva> es regular porque
conserva su raíz <cursiva>am-</cursiva> en toda su conjugación.</p>
<p>Para conocer si un verbo es regular o no, tenemos que observar
si su raíz sufre algún cambio en el tiempo presente, en el pasado
perfecto simple y en el futuro del modo indicativo.</p>
<p>Presente:</p>
<p>Yo <negrita>am</negrita>o.</p>
<p>Tú <negrita>am</negrita>as.</p>
<p>Él o Ella <negrita>am</negrita>a.</p>
<p>Nosotros <negrita>am</negrita>amos.</p>
<p>Ustedes <negrita>am</negrita>an.</p>
<p>Ellos o ellas <negrita>am</negrita>an.</p>
<p>Pasado perfecto:</p>
<p>Yo <negrita>am</negrita>é.</p>
<p>Tú <negrita>am</negrita>aste.</p>
<p>Él o Ella <negrita>am</negrita>ó.</p>
<p>Nosotros <negrita>am</negrita>amos.</p>
<p>Ustedes <negrita>am</negrita>aron.</p>
<p>Ellos o ellas <negrita>am</negrita>aron.</p>
<p>Futuro: </p>
<p>Yo <negrita>am</negrita>aré.</p>
<p>Tú <negrita>am</negrita>arás.</p>
<p>Él o Ella <negrita>am</negrita>ará.</p>
<p>Nosotros <negrita>am</negrita>aremos.</p>
<p>Ustedes <negrita>am</negrita>arán.</p>
<p>Ellos o ellas <negrita>am</negrita>arán.</p>
<p><negrita>• Verbos irregulares.</negrita> Son los que no mantienen
la misma raíz que se observa en su forma de infinitivo o que no tienen
las mismas terminaciones o desinencias de los verbos regulares. Por
ejemplo, el verbo <cursiva>sembrar</cursiva> es irregular porque tiene
las raíces <cursiva>siembr-</cursiva> y <cursiva>sembr-</cursiva>.</p>
<p>Presente:</p>
<p>Yo <negrita>siembr</negrita>o.</p>
<p>Tú <negrita>siembr</negrita>as.</p>
<p>Él o Ella <negrita>siembr</negrita>a.</p>
<p>Nosotros <negrita>sembr</negrita>amos.</p>
<p>Ustedes <negrita>siembr</negrita>an.</p>
<p>Ellos o ellas <negrita>siembr</negrita>an.</p>
<p>Pasado perfecto:</p>
<p>Yo <negrita>sembr</negrita>é.</p>
<p>Tú <negrita>sembr</negrita>aste.</p>
<p>Él o Ella <negrita>sembr</negrita>ó.</p>
<p>Nosotros <negrita>sembr</negrita>amos.</p>
<p>Ustedes <negrita>sembr</negrita>aron.</p>
<p>Ellos o ellas <negrita>sembr</negrita>aron.</p>
<p>Futuro: </p>
<p>Yo <negrita>sembrar</negrita>é.</p>
<p>Tú <negrita>sembrar</negrita>ás.</p>
<p>Él o Ella <negrita>sembrar</negrita>á.</p>
<p>Nosotros <negrita>sembrar</negrita>emos.</p>
<p>Ustedes <negrita>sembrar</negrita>án.</p>
<p>Ellos o ellas <negrita>sembrar</negrita>án.</p>
<recuerda><recuerdaTexto>
<p>El <negrita>verbo</negrita> está compuesto por una <negritacursiva
>raíz o lexema</negritacursiva> y un <negritacursiva>morfema, desinencia
o terminación</negritacursiva>. </p>
<p>•	La <cursiva>raíz</cursiva> es el elemento fijo que no sufre ninguna
variación al conjugarse, salvo que sea un verbo irregular. </p>
<p>•	La <cursiva>desinencia o morfema</cursiva> es la parte que compone
al verbo y que varía puesto que expresa la <cursiva>persona, el número,
el tiempo, el modo y la voz.</cursiva> </p>
<p>Por ejemplo, en el verbo trabajar su <cursiva>raíz</cursiva> es <negrita
>trabaj- </negrita>porque en cada conjugación no sufre ningún cambio;
los distintos <cursiva>morfemas</cursiva> de este verbo pueden ser: <cursiva
>-ar </cursiva>(trabaj<negrita>ar</negrita>), <cursiva>-o</cursiva
> (trabaj<negrita>o</negrita>), <cursiva>-aremos</cursiva> (trabaj<negrita
>aremos</negrita>), <cursiva>-amos</cursiva> (trabaj<negrita>amos</negrita
>), <cursiva>-é</cursiva> (trabaj<negrita>é</negrita>), <cursiva>-aré</cursiva
> (trabaj<negrita>aré</negrita>).</p>
</recuerdaTexto></recuerda>
<p>Cada verbo tiene una característica llamada <negrita>accidente
gramatical</negrita>, que modifica su significado, a partir de las
diferentes desinencias o morfemas. Estos accidentes gramaticales son:
el <negrita>número</negrita>, la <negrita>persona</negrita>, el <negrita
>tiempo</negrita> y el <negrita>modo</negrita>. </p>
<listaSinNumerar>
<listaElemento><negrita>El número:</negrita> <cursiva>singular</cursiva
>, cuando la acción la realiza un solo sujeto, por ejemplo: Él camin<negrita
>a</negrita>. El <cursiva>plural</cursiva> se usa cuando la acción
es ejecutada por varios sujetos. Por ejemplo: Ellos camin<negrita
>aron</negrita>.</listaElemento>
<listaElemento><negrita>La persona:</negrita> <cursiva> la primera
persona</cursiva> es aquella que habla (yo en singular y nosotros
en plural), por ejemplo: <negrita>yo</negrita> escribo un libro, <negrita
>nosotros</negrita> hacemos palomitas de maíz.<cursiva> La segunda
persona</cursiva> es quien escucha, es decir, a quien se habla. En
el singular se señala con el pronombre <negrita>tú</negrita> y en
plural con <negrita>ustedes</negrita>. Por ejemplo: <negrita>Tú</negrita
> eres una persona importante para mí, <negrita>Ustedes</negrita> son
buenos jugadores de baloncesto. Por último, <cursiva>la tercera persona</cursiva
> es de quien se habla o un referente en nuestra comunicación. En
singular es <negrita>él</negrita> o <negrita>ella</negrita> y en plural
son <negrita>ellos</negrita> y <negrita>ellas</negrita>. Ejemplo: <negrita
>Él</negrita> es un buen hombre; <negrita>Angélica</negrita> tiene
una fiesta hoy; <negrita>Ellos</negrita> tienen bajas notas en su
reporte mensual.</listaElemento>
<listaElemento><negrita>El tiempo:</negrita> <cursiva> pasado</cursiva
> es aquel en el que ya ocurrieron los hechos, por ejemplo: Pedro
compr<negrita>ó</negrita> un televisor. El tiempo <cursiva>presente</cursiva
> es aquel que demuestra que están ocurriendo los hechos en el momento
en que se habla; retomando el ejemplo anterior sería de la siguiente
manera: Pedro compr<negrita>a</negrita> un televisor. El tiempo <cursiva
>futuro</cursiva> expone los hechos que ocurrirán más adelante a los
actos de habla del interlocutor. Por ejemplo, Pedro compr<negrita
>ará</negrita> un televisor mañana.</listaElemento>
<listaElemento><negrita>El modo:</negrita> existen tres modos verbales.
A continuación observaremos algunas de sus características. </listaElemento>
</listaSinNumerar>
<p>El modo <cursiva>indicativo</cursiva> expresa una acción concreta
y objetiva que no deja duda alguna sobre su realidad. Esta acción
puede estar expresada en los tres tiempos verbales. Por ejemplo: José
se enfermó terriblemente anoche, durante su primera vigilia. </p>
<p>El modo <cursiva>subjuntivo</cursiva> del verbo expresa una acción
como algo posible o hipotético. Suelen estar acompañados por verbos
en modo indicativo. Por ejemplo, en la oración: La mamá de Ana <cursiva
>quería</cursiva> que ella se <cursiva>graduara</cursiva> con honores”,
el verbo <cursiva>quería</cursiva> (en indicativo) acompaña al verbo <cursiva
>graduara (en subjuntivo)</cursiva> para que podamos comprender su
significado. </p>
<p>Por último, el modo <cursiva>imperativo</cursiva> del verbo se
emplea para expresar órdenes, ruegos o deseos por parte del hablante.
Por ejemplo: <cursiva>Camilo, <negrita>haz</negrita> la tarea de matemáticas</cursiva
>. Este modo tiene formas únicamente en la segunda persona del plural
y del singular (tú, ustedes), pues en el resto de las personas utilizamos
el modo subjuntivo.</p>
<practica>
<enlace
destino="/LoIdRedirect.aspx?LoId=LE_06_03_CO_Recurso150&amp;IdRecurso=RES-40F292F673F641F9A6CCCCEB9BAC2A4F"
>Identifica el verbo</enlace>
<enlace
destino="/LoIdRedirect.aspx?LoId=LE_06_03_CO_Recurso160&amp;IdRecurso=RES-68FB6B76DB3E4536BC18B383B067138F"
>El uso correcto de los verbos</enlace>
</practica></seccion2Texto></seccion2><seccion2
id="S2_LE_06_03_CO_1352A98A63FE46B1A632BFA720EAAB90">
<seccion2Titulo>El adverbio</seccion2Titulo>
<seccion2Texto>
<p>El <cursiva>adverbio</cursiva> es la parte invariable de la oración
y al interior de esta puede acompañar y hacer más preciso el significado
del verbo, del adjetivo o de otro adverbio. Los adverbios pueden ser
clasificados así: <cursiva>de modo, de tiempo, de lugar, de cantidad,
de afirmación, de negación y de duda</cursiva>. </p>
<table border="1"><caption>Tipos de adverbio</caption>
<tbody>
<tr valign="middle">
<td align="center"><negrita>Forma adverbial</negrita></td>
<td align="center"><negrita>Descripción</negrita></td>
<td align="center"><negrita>Ejemplos</negrita></td>
</tr>
<tr>
<td align="left" rowspan="2"><negrita>Modo</negrita></td>
<td align="left" rowspan="2">Determina <negrita>cómo</negrita> se
produce la acción.</td>
<td>Despacio, fuertemente, bien, mal, ágilmente, rápidamente.</td>
</tr>
<tr>
<td>•	La paloma vuela <cursiva>ágilmente</cursiva> entre los edificios.</td>
</tr>
<tr>
<td align="left" rowspan="2"><negrita>Tiempo</negrita></td>
<td align="left" rowspan="2">Identifica <negrita>cuándo</negrita> ocurren
los hechos.</td>
<td>Pronto, hoy, mañana, anoche, anteayer, aún, entonces, ahora, antes,
después, luego.</td>
</tr>
<tr>
<td>•	<cursiva>Pronto</cursiva> llegará la navidad.</td>
</tr>
<tr>
<td align="left" rowspan="2"><negrita>Lugar</negrita></td>
<td align="left" rowspan="2">Señala <negrita>dónde</negrita> suceden
los acontecimientos.</td>
<td>Aquí, allí, ahí, acá, allá, cerca, lejos, enfrente, dentro, fuera,
arriba, abajo.</td>
</tr>
<tr>
<td>•	Juan está <cursiva>cerca</cursiva> de María.</td>
</tr>
<tr>
<td align="left" rowspan="2"><negrita>Cantidad</negrita></td>
<td align="left" rowspan="2">Indica el significado de un adjetivo,
un adverbio o un verbo; a partir del cuestionamiento <negrita>cuánto</negrita
>.</td>
<td>Mucho, casi, poco, bastante, algo, nada, tanto, muy.</td>
</tr>
<tr>
<td>•	Pedro es <cursiva>bastante</cursiva> alto.</td>
</tr>
<tr>
<td align="left" rowspan="2"><negrita>Afirmación</negrita></td>
<td align="left" rowspan="2">Aprueba o <negrita>afirma</negrita> los
hechos.</td>
<td>Ciertamente, también, seguro, sí, efectivamente.</td>
</tr>
<tr>
<td>•	Los perros <cursiva>también</cursiva> pueden entrar al parque
de diversiones.</td>
</tr>
<tr>
<td align="left" rowspan="2"><negrita>Negación</negrita></td>
<td align="left" rowspan="2">Desaprueba o <negrita>niega</negrita
> los hechos.</td>
<td>No, ni, nunca, jamás.</td>
</tr>
<tr>
<td>•	Los gatos <cursiva>jamás</cursiva> serán como los perros.</td>
</tr>
<tr>
<td align="left" rowspan="2"><negrita>Duda</negrita></td>
<td align="left" rowspan="2">Expresa lo <negrita>incierto</negrita
> de los acontecimientos.</td>
<td>Acaso, quizás, tal vez. </td>
</tr>
<tr>
<td>•	<cursiva>Quizás</cursiva> llueva mañana en la noche.</td>
</tr>
</tbody>
</table>
<imagen src="LE_06_03_CO_IMG07_small.jpg">
<p>¿A qué velocidad crees que conducen los conductores de la F1? Realiza
tres oraciones gramaticales en las que uses distintos tipos de adverbios. </p>
</imagen>
<p>Ten en cuenta que también puedes formar adverbios añadiendo el
sufijo <cursiva>-mente</cursiva> a adjetivos calificativos. Este sufijo
significa <cursiva>de manera</cursiva>. </p>
<p>Observa los siguientes ejemplos:</p>
<listaSinNumerar>
<listaElemento>Verdadero:	verdadera + mente = verdaderamente (de manera
verdadera).</listaElemento>
<listaElemento>Educado:	educada + mente = educadamente (de manera
educada).</listaElemento>
<listaElemento>Afortunado:	afortunada + mente = afortunadamente (de
manera afortunada).</listaElemento>
</listaSinNumerar>
<profundiza>
<enlace
destino="/LoIdRedirect.aspx?LoId=LE_06_03_CO_Recurso170&amp;IdRecurso=RES-D4D70D684A1C4651B20551E1D7CDBECA"
>¿Qué es un adverbio?</enlace>
</profundiza></seccion2Texto></seccion2><seccion2
id="S2_LE_06_03_CO_1352A98A63FE46B1A632BFA720EAAC91">
<seccion2Titulo>Consolidación</seccion2Titulo>
<seccion2Texto>
<p>Actividad para consolidar lo que has aprendido en esta sección.</p>
<practica>
<enlace
destino="/LoIdRedirect.aspx?LoId=LE_06_03_CO_Recurso180&amp;IdRecurso=RES-8F21E8994DEA4B11B5A189A2F5B8F393"
>Refuerza tu aprendizaje: ¿Cómo se usan los verbos y los adverbios?</enlace>
</practica></seccion2Texto></seccion2></seccion1Texto></seccion1>
<seccion1 id="S1_LE_06_03_CO_2F6057BD364D4631904ECF49048D6F4D">
<seccion1Titulo>Ortografía: los grafemas <cursiva>c</cursiva> y <cursiva
>s</cursiva></seccion1Titulo>
<seccion1Texto>
<p>¿Puedes distinguir el sonido de la /c/ y el de la /s/ cuando este
va en la mitad de una palabra?, ¿sabes cuáles son las reglas ortográficas
que controlan el buen uso de la grafía <cursiva>c</cursiva> y de la
grafía <cursiva>s</cursiva> en una palabra? Realiza una lista de palabras
que contengan estas grafías en la mitad de la palabra y luego revisa,
con ayuda del diccionario, si te quedaron bien escritas.</p>
<recuerda><recuerdaTexto>
<p>Las <negrita>reglas ortográficas</negrita> son <negrita>normas</negrita
> que regulan la <negrita>forma asertiva</negrita> de escritura que
poseen las <negrita>palabras</negrita>. Estas normas, conocidas como
ortografía, constituyen una convención sobre cómo debe manifestarse
por escrito una determinada lengua.</p>
<p>Cada lengua tiene su propio conjunto de reglas y para poder dominarlas,
deberás ser muy cuidadoso en su uso; de esta manera evidenciarás un
gran conocimiento del tema y una excelente educación. </p>
</recuerdaTexto></recuerda>
<imagen src="LE_06_03_CO_IMG08_small.jpg">
<p>¿Ansioso o ancioso?, ¿cómo crees que se escribe esta palabra? Justifica
la respuesta en tu cuaderno.</p>
</imagen>
<profundiza>
<enlace
destino="/LoIdRedirect.aspx?LoId=LE_06_03_CO_Recurso190&amp;IdRecurso=RES-1D0B403410DB451A977377EAC2B0EEA7"
>Palabras con <cursiva>c</cursiva> y <cursiva>s</cursiva></enlace>
</profundiza><seccion2
id="S2_LE_06_03_CO_18C5AA28757943D5AF3E5A2709C20A22">
<seccion2Titulo>El grafema c</seccion2Titulo>
<seccion2Texto>
<p>La letra <cursiva>c</cursiva> es la tercera del alfabeto español
y la segunda de sus consonantes. Su nombre en español es femenino:
“la ce”, y su plural es “las ces”. La letra <cursiva>c</cursiva> puede
representar dos sonidos o fonemas a partir de su punto de articulación
(es decir, la manera en que la pronunciamos): el primer sonido es
muy parecido al realizado por la consonante /k/. Este aparece cuando
la <cursiva>c</cursiva> se ubica antes de las vocales <cursiva>a,
o</cursiva> y <cursiva>u</cursiva>, frente a cualquier consonante
y también en posición final de sílaba o de palabra. Por ejemplo: las
palabras <negrita>ca</negrita>rta, <negrita>cl</negrita>ima, <negrita
>acn</negrita>é, <negrita>co</negrita>che. </p>
<p>El segundo sonido se origina cuando precede a las vocales <cursiva
>e, i,</cursiva> como es el caso de las palabras <cursiva><negrita
>ce</negrita>bo y <negrita>ci</negrita>fra</cursiva>,  produciendo
un tipo de sonido conocido como <cursiva>seseo</cursiva>, que también
encontramos en la pronunciación de la <cursiva>s</cursiva>.</p>
<destacado><destacadoTitulo>El fonema</destacadoTitulo><destacadoTexto>
<p>Un <negrita>fonema</negrita> es la <negrita>representación del
sonido</negrita> que hacemos al <negrita>pronunciar</negrita> una
vocal o una consonante. Cuando pronunciamos el español, generalmente
la lengua asume distintas posiciones al interior de la cavidad bucal,
lo que permite que los sonidos cambien. </p>
<p>Para representar sonidos generalmente se usan símbolos especiales
(algunas veces las letras del alfabeto) en medio de barras inclinadas.
Por ejemplo, así se puede representar el sonido de la consonante <cursiva
>s</cursiva>: <cursiva>/s/</cursiva>.</p>
<p>Cada letra del alfabeto tiene un sonido diferente, puesto que el
punto de articulación de la lengua con los dientes y el paladar, en
cada caso, es diferente.</p>
</destacadoTexto></destacado>
<p>¿Conoces las reglas del uso ortográfico para la grafía <cursiva
>c</cursiva>? Demos un vistazo a algunas de ellas y aprendamos un
poco más.</p>
<p><negrita>Escribimos con <cursiva>c</cursiva>:</negrita></p>
<listaSinNumerar>
<listaElemento>Las palabras con sonido fuerte (igual a la <cursiva
>k</cursiva>), cuando la <cursiva>c</cursiva> va antes de las vocales <cursiva
>a, o</cursiva> y <cursiva>u</cursiva>, así como cuando precede a
cualquier consonante y en el final de sílabas. Por ejemplo: <negrita
>co</negrita>rriente, p<negrita>ac</negrita>to, fr<negrita>ac</negrita
>, <negrita>cru</negrita>el.</listaElemento>
<listaElemento>Las palabras con sonido suave (como la pronunciación
de la <cursiva>z</cursiva>). En las palabras que en singular llevan <cursiva
>z</cursiva>, al pasar al plural se escriben con <cursiva>c</cursiva
>. Por ejemplo: cruz = cru<negrita>c</negrita>es, luz = lu<negrita
>c</negrita>es, pez = pe<negrita>c</negrita>es, juez = jue<negrita
>c</negrita>es. También se tienen en cuenta las palabras derivadas
como: <negrita>cru</negrita>cifijo, lu<negrita>ce</negrita>ro, pe<negrita
>ce</negrita>ra.</listaElemento>
<listaElemento>Todas las palabras esdrújulas que terminan en <cursiva
>-ice</cursiva>. Por ejemplo: apénd<negrita>ice</negrita>, cód<negrita
>ice</negrita>, vért<negrita>ice</negrita>.</listaElemento>
<listaElemento>Las palabras cuyos diminutivos se forman con -<cursiva
>ecito, -ecita, -cico, -ecico, -cito, -cillo, -cilla</cursiva>.  Por
ejemplo: pec<negrita>ecito</negrita>, rede<negrita>cilla</negrita
>, pastor<negrita>cillo</negrita>, rincon<negrita>cito</negrita>.</listaElemento>
<listaElemento>Los vocablos terminados en <cursiva>-ancia, -encia,
-incia, ancio, encio, uncio</cursiva>. Por ejemplo: vag<negrita>ancia</negrita
>, arrog<negrita>ancia</negrita>, dem<negrita>encia</negrita>, car<negrita
>encia</negrita>, prov<negrita>incia</negrita>, Flor<negrita>encia</negrita
>, an<negrita>uncio</negrita>.</listaElemento>
<listaElemento>Los sustantivos terminados en <cursiva>-ciencia, -cencia</cursiva
> y los adjetivos que terminan en <cursiva>-ciente, -cente</cursiva
>. Por ejemplo: con<negrita>ciencia</negrita>, pa<negrita>ciencia</negrita
>, adoles<negrita>cencia</negrita>, do<negrita>cente</negrita>, incons<negrita
>ciente</negrita>.</listaElemento>
</listaSinNumerar>
<practica>
<enlace
destino="/LoIdRedirect.aspx?LoId=LE_06_03_CO_Recurso200&amp;IdRecurso=RES-24BDAB5FD4934635926DAC228EF8D938"
>Practiquemos la escritura de palabras con <cursiva>c</cursiva></enlace>
</practica>
<imagen src="LE_06_03_CO_IMG09_small.jpg">
<p>¿Sabes qué fruto es este? Te daremos una pista… Con él se hace
el chocolate. ¿Ya sabes cómo se llama? Pues es el cacao, una fruta
de origen tropical proveniente del árbol del cacao y que es el componente
básico del chocolate. Delicioso, ¿no? Escribe en tu cuaderno cinco
palabras que comiencen con la letra <cursiva>c</cursiva> y que además
contengan otra <cursiva>c</cursiva> como en la palabra <cursiva>cacao</cursiva
>. </p>
</imagen>
</seccion2Texto></seccion2><seccion2
id="S2_LE_06_03_CO_5532C5108B9A49DB96AEBCD6D9FB9AD5">
<seccion2Titulo>El grafema <cursiva>s </cursiva></seccion2Titulo>
<seccion2Texto>
<p>¿Recuerdas qué posición ocupa la letra <cursiva>s</cursiva> en
el alfabeto español?, ¿podrías distinguir los fonemas de la <cursiva
>s, z</cursiva> y <cursiva>c</cursiva> cuando conversas con alguien
originario de España? </p>
<practica>
<enlace
destino="/LoIdRedirect.aspx?LoId=LE_06_03_CO_Recurso210&amp;IdRecurso=RES-A3FEE078434244C39C1FFDEE6C1D9055"
>La escritura correcta de palabras con <cursiva>s</cursiva></enlace>
</practica><destacado><destacadoTitulo>La <cursiva>s</cursiva></destacadoTitulo>
<destacadoTexto>
<p>La letra <cursiva>s</cursiva> ocupa la <negrita>vigésima</negrita
> posición al interior del alfabeto español y es la <negrita>decimosexta</negrita
> consonante. Su nombre en español es femenino: la <cursiva>ese</cursiva
> y su plural es las <cursiva>eses</cursiva>. </p>
</destacadoTexto></destacado>
<p>¿Sabes cuáles son las palabras que se pueden escribir con <cursiva
>s</cursiva>? Observemos las siguientes reglas ortográficas.</p>
<p><negrita>Se escriben con <cursiva>s</cursiva>:</negrita> </p>
<listaSinNumerar>
<listaElemento>La mayor parte de las palabras en plural. Ten en cuenta
que unas veces se añade <cursiva>- s</cursiva> y en otras ocasiones
se agrega <cursiva>-es</cursiva>. Por ejemplo: agua = agu<negrita
>as</negrita>, precio = preci<negrita>os</negrita>, rey = rey<negrita
>es</negrita>, buey = buey<negrita>es</negrita>.</listaElemento>
<listaElemento>Las palabras cuyas terminaciones sean <cursiva>-sis,
-ismo, -esimo, -isimo, -sivo</cursiva>. Por ejemplo: cri<negrita>sis</negrita
>, fanat<negrita>ismo</negrita>, cent<negrita>ésimo</negrita>, sant<negrita
>ísimo</negrita>, agre<negrita>sivo</negrita>.</listaElemento>
<listaElemento>Las terminaciones de palabras que sean <cursiva>-esa,
-isa</cursiva> y que denoten oficios o dignidades de mujeres. Ejemplo:
poet<negrita>isa</negrita>, abad<negrita>esa</negrita>, profet<negrita
>isa</negrita>, princ<negrita>esa</negrita>, cond<negrita>esa</negrita
>.</listaElemento>
<listaElemento>Los adjetivos terminados en <cursiva>-es</cursiva>.
Ejemplo: cort<negrita>és</negrita>, montañ<negrita>és</negrita>, franc<negrita
>és</negrita>, irland<negrita>és</negrita>, finland<negrita>és</negrita
>.</listaElemento>
<listaElemento>Los adjetivos terminados en  <cursiva>-aso, -asa, -eso,
-esa, -oso, -osa, -uso, -usa</cursiva>. Por ejemplo: esc<negrita>aso</negrita
>, travi<negrita>esa</negrita>, gener<negrita>oso</negrita>, dif<negrita
>usa</negrita>.</listaElemento>
<listaElemento>Antes de la letra <cursiva>t</cursiva>. Por ejemplo:
mi<negrita>st</negrita>icismo, tri<negrita>st</negrita>e, pa<negrita
>st</negrita>illa, a<negrita>st</negrita>erisco, flori<negrita>st</negrita
>a, moná<negrita>st</negrita>ico.</listaElemento>
<listaElemento>La terminación <cursiva>-sión</cursiva> cuando la sílaba
anterior lleva la letra <cursiva>c</cursiva>. Ejemplo: circuncidar
= circunci<negrita>sión</negrita>, precisar = preci<negrita>sión</negrita
>, procesar = proces<negrita>ión</negrita>.</listaElemento>
<listaElemento>La terminación <cursiva>-sidad</cursiva> cuando proviene
de palabras que llevan <cursiva>s</cursiva>. Ejemplo: perverso = perver<negrita
>sidad</negrita>, intenso = inten<negrita>sidad</negrita>, universo
= univer<negrita>sidad</negrita>. </listaElemento>
</listaSinNumerar>
</seccion2Texto></seccion2><seccion2
id="S2_LE_06_03_CO_D2B1BDFBC51845BFA17C1A3DDF350522">
<seccion2Titulo>Consolidación</seccion2Titulo>
<seccion2Texto>
<p>Actividad diseñada para fortalecer lo aprendido en esta sección.</p>
<practica>
<enlace
destino="/LoIdRedirect.aspx?LoId=LE_06_03_CO_Recurso220&amp;IdRecurso=RES-0F1A0C8E2F064002807D2E73574C2907"
>Refuerza tu aprendizaje: El uso correcto de la <cursiva>c</cursiva
> y de la <cursiva>s</cursiva></enlace>
</practica></seccion2Texto></seccion2></seccion1Texto></seccion1>
<seccion1 id="S1_LE_06_03_CO_87E991E398A04C53BAC3796621989873">
<seccion1Titulo>Comprensión textual: la reseña</seccion1Titulo>
<seccion1Texto>
<p>¿Sabes qué es una reseña?, ¿para qué se hace?, ¿podemos reseñar
una película o un libro de literatura?, ¿cuántos tipos de reseñas
crees que existen? Podrás reflexionar sobre estas y muchas otras inquietudes
sobre este tema de gran interés en esta sección.</p>
<destacado><destacadoTitulo>La reseña</destacadoTitulo><destacadoTexto>
<p>Según la Real Academia de la Lengua Española (RAE), la reseña es
definida como una narración breve, una nota que se hace de los rasgos
distintivos de alguien o algo para su identificación o una noticia
y examen de una obra literaria y científica; pero la verdad, el término
de <cursiva>reseña</cursiva> va un poco más allá de estas definiciones. </p>
<p>La reseña es comprendida como la construcción de un texto básicamente <negrita
>descriptivo, informativo</negrita> y <negrita>valorativo</negrita
> que presenta, ante un público específico, una novedad o un elemento
de la más diversa índole sobre el que se desea llamar la atención.</p>
</destacadoTexto></destacado>
<p>La reseña es un escrito en el que podemos valorar una obra audiovisual
o textual y generar una crítica, que bien puede ser positiva o negativa.
Este tipo de crítica parte del análisis y puntos de vista que exponga
el autor a la hora de redactar.</p>
<p>Cualquier creación es susceptible de ser reseñada. Podemos hacer
una evaluación crítica de: películas, videojuegos, composiciones musicales,
libros, eventos sociales como un concierto, exposiciones u obras de
teatro, entre muchos otros más. De igual forma, es tarea del autor
el asignar al objeto criticado una calificación de tipo cualitativa
y cuantitativa que determine su opinión y aproxime al lector hacia
lo descrito, generando en él apatía o empatía sobre el objeto evaluado.</p>
<p>Para que no se tergiverse el acto informativo de la reseña, es
necesario que el autor exponga de manera clara y con suficientes razones
o argumentos sus puntos de vista. Así pues, es necesario que evite
interpretaciones o juicios de carácter personal sin fundamento. </p>
<p>Se pueden encontrar cinco tipos diferentes de reseñas a partir
de su contenido. Estas son: </p>
<table border="1"><caption>Las clases de reseñas</caption>
<tbody>
<tr>
<td><negrita>Reseña visual</negrita></td>
<td>Es aquella que nos brinda una idea de cómo es el producto (objeto
estudiado) sin la necesidad de tenerlo cerca. Una gran desventaja
de este tipo de reseñas es que su análisis no es muy profundo, por
tal motivo no tendríamos, como lectores, un aspecto totalmente objetivo
sobre el suceso, hecho u objeto que se pretende mostrar. </td>
</tr>
<tr>
<td><negrita>Reseña descriptiva</negrita></td>
<td>Este tipo de reseña consiste en enunciar de forma detallada los
contenidos del libro u obras audiovisuales, según el gusto de quien
realiza la reseña. También, aporta información adicional sobre su
composición, por ejemplo qué aspectos están muy detallados o pobremente
explicados.</td>
</tr>
<tr>
<td><negrita>Reseña emocional</negrita></td>
<td>Esta clase de síntesis pone el énfasis en los sentimientos del
autor. Lo que implica hacer una valoración (me gusta porque.../ no
cumplió con mis expectativas por...). La ventaja de este tipo de reseña
es que resulta sencilla de elaborar y es fácil crear un lazo de empatía
con el autor.  Sin embargo, puede suceder que lo que el escritor considera
bueno, no lo sea para el lector.</td>
</tr>
<tr>
<td><negrita>Reseña mixta</negrita></td>
<td>Como su nombre lo indica, conjuga elementos de las reseñas visual,
descriptiva y emocional. Este tipo de reseña se suele presentar con
mayor frecuencia por su estilo libre y complementario, pero generalmente
se escoge un aspecto en el cual se desea hacer un mayor énfasis.</td>
</tr>
<tr>
<td><negrita>Reseña holística</negrita></td>
<td>Al igual que la anterior, esta las involucra a todas, pero incluyendo
también la opinión del autor. De esta forma se asegura de cubrir todos
los aspectos relevantes del objeto estudiado (libro, video, obra de
teatro…). Suele ser muy dispendiosa a la hora de leer por su densidad
y la implementación de todos los ejes temáticos que la conforman.</td>
</tr>
</tbody>
</table>
<imagen ampliable="no" src="LE_06_03_CO_IMG11_small.jpg">
<p>Pinocho es el protagonista del libro <cursiva>Las aventuras de
Pinocho</cursiva>, escrito por Carlo Collodi, seudónimo de Carlo Lorenzini
(Florencia 1826-1890). Busca en internet críticas que se han hecho
de este cuento y, si quieres, lee la historia de <cursiva>Pinocho</cursiva
> y participa tú también aportando tus opiniones sobre lo leído. </p>
</imagen>
<seccion2 id="S2_LE_06_03_CO_8F716008FA9D4FD9A3927E274AA48C28">
<seccion2Titulo>La intención comunicativa de la reseña</seccion2Titulo>
<seccion2Texto>
<p>Desde el punto de vista de la intención comunicativa, la reseña
hace parte del género de opinión. Dentro de este grupo podemos encontrar
textos como el editorial, la columna y el artículo. Todos ellos tienen
en común que encierran comentarios, evaluaciones críticas y expectativas
sobre algún tema, texto, suceso o evento. Su objetivo principal es
el de <negrita>informar</negrita> y presentarle al lector <negrita
>comentarios</negrita> sobre los aspectos más relevantes de un texto
o de un contenido audiovisual. </p>
<p>Pero la reseña no solamente cumple la función de informar, también
pretende <negrita>comparar</negrita> un texto o un contenido audiovisual
con otro. Al escribir una reseña es importante ser precisos con los
detalles que se están narrando y hacer similitudes a partir de características
claramente definidas. Es necesario evitar hacer suposiciones o tomar
puntos de vista sin explicaciones coherentes. Cuando decimos “esta
película es mejor que la otra” sin dar mayores razones que sustenten
nuestras palabras, incurrimos en un grave error.</p>
<p>Otra función importante que cumple la reseña es la de <cursiva
>valorar</cursiva> un producto cultural, pues este merece nuestro
tiempo, atención o dinero. De igual manera, busca <cursiva>motivar</cursiva
> o tratar de modificar la conducta de las demás personas de manera
consciente o inconsciente, pues invita al lector a ser partícipe de
ciertos eventos. </p>
<p>Por último, consultamos reseñas cuando tenemos una opinión formada
sobre un tema y queremos que alguien nos la <cursiva>confirme</cursiva
> o nos haga <cursiva>cambiar</cursiva> de parecer. Es ahí cuando
sentimos la necesidad de buscar mayor información o puntos de vista
con más experiencia o mayor conocimiento. Esto sucede, por ejemplo,
si queremos comprar el último celular, aquel que está de moda, pero
deseamos que alguien nos confirme cuál es la mejor opción. </p>
<imagen ampliable="no" src="LE_06_03_CO_IMG12_small.jpg">
<p>¿Ya fuiste a ver la película que se encuentra en estos momentos
en cartelera?, ¿qué te pareció?, ¿te gustó? Realiza una crítica de
la última película que fuiste a ver a una sala de cine. Coméntale
a tus compañeros de qué se trató, cómo te parecieron los personajes,
cómo está construida la trama y si te gustaría volver a verla. </p>
</imagen>
<profundiza>
<enlace
destino="/LoIdRedirect.aspx?LoId=LE_06_03_CO_Recurso240&amp;IdRecurso=RES-A804461960854D0F9AE079529CD22A74"
>¿Para qué hacemos reseñas?</enlace>
</profundiza><recuerda><recuerdaTexto>
<p>La reseña pretende <negrita>atraer el interés</negrita> de quien
la lee e invitarlo a ser partícipe de lo reseñado, <negrita>persuadiéndolo
o disuadiéndolo</negrita> de lo que allí se consigna. </p>
<p>La reseña se presenta en forma de <negrita>resumen breve</negrita
> sobre los aspectos más importantes de un texto o de un contenido
audiovisual, lo que ayuda a que el lector <negrita>conozca</negrita
> la obra en cuestión con mayor profundidad, aún antes de tener acceso
directo a ella. </p>
</recuerdaTexto></recuerda></seccion2Texto></seccion2><seccion2
id="S2_LE_06_03_CO_9179717369054D89827E4E1A5FF7CF23">
<seccion2Titulo>Las características de la reseña</seccion2Titulo>
<seccion2Texto>
<p>La reseña se caracteriza porque: </p>
<listaSinNumerar>
<listaElemento>Tiene una estructura argumentativa que comienza <negrita
>presentando el objeto a tratar</negrita>, lo define e indaga un poco
sobre su historia o procedencia; continúa con <negrita>la opinión</negrita
>, en la que se argumenta; y finaliza con <negrita>una conclusión</negrita
>.</listaElemento>
<listaElemento>Utiliza una descripción breve, sencilla y crítica,
con el fin de <negrita>facilitar su lectura</negrita>, <negrita>comprensión</negrita
> y <negrita>orientación</negrita> del lector frente a un determinado
tema.</listaElemento>
<listaElemento>Realiza una <negrita>síntesis</negrita> de lo visto,
leído o escuchado.</listaElemento>
<listaElemento>Refleja una <negrita>mirada crítica</negrita> de quien
la escribe, aportando una evaluación cualitativa y cuantitativa en
ciertas ocasiones.</listaElemento>
<listaElemento>Presenta un <negrita>esquema</negrita> compuesto por: <negrita
>título, introducción, resumen expositivo, comentario crítico</negrita
> y <negrita>conclusión</negrita>.</listaElemento>
</listaSinNumerar>
<practica>
<enlace
destino="/LoIdRedirect.aspx?LoId=LE_06_03_CO_Recurso250&amp;IdRecurso=RES-E97A89BEF7944313895626F4D332A7B3"
>Los elementos esenciales de una reseña</enlace>
</practica></seccion2Texto></seccion2><seccion2
id="S2_LE_06_03_CO_D2CD738C1754489AA942198738F4D58E">
<seccion2Titulo>Estrategia de lectura: concluir información a partir
de lo expuesto por el autor</seccion2Titulo>
<seccion2Texto>
<imagen ampliable="no" src="LE_06_03_CO_IMG13_small.jpg">
<p>¿Qué debo tener en cuenta a la hora de leer una reseña para comprenderla
mejor?</p>
</imagen>
<p>Para percibir si una reseña está bien redactada, debes fijarte
en el análisis y en la síntesis que hace el autor sobre el objeto
reseñado. Es decir, revisa si contiene los principales elementos y
características del objeto reseñado y si los presenta de manera completa. </p>
<p>Al momento de leer una reseña, debes identificar la idea principal
de cada párrafo. Si el texto es muy largo, entonces es mejor que primero
reconozcas los temas y subtemas y, luego sí, definir las ideas centrales
de cada uno.</p>
<p>Otro aspecto importante al leer una reseña es verificar la forma
en la que se encuentran redactadas las ideas. Una buena reseña se
caracteriza porque le permite al lector comprender la generalidad
del texto o material reseñado, aún desconociéndolo. De igual manera,
es fundamental que la opinión del autor de la reseña no se limite
a la redacción de juicios o a presentar opiniones sin fundamento (por
ejemplo, “este libro es malo porque solo tiene 10 páginas” o “esta
película es pésima porque así me pareció”), sino que cada idea se
encuentre justificada y claramente explicada. </p>
<p>Para saber si el autor argumenta de manera adecuada sus ideas identifica
si cada una de ellas presenta alguna otra idea que la justifique,
la explique o la complemente. Luego, concluye si el autor ha expuesto
sus ideas de manera lógica y coherente. Generalmente, si una idea
no está relacionada con ninguna otra, entonces hizo falta una mejor
redacción. Para realizar este ejercicio, puedes crear un listado con
las ideas, como en el siguiente ejemplo.</p>
<p><negrita>Lectura de la reseña sobre el libro </negrita> <negritacursiva
>El Principito</negritacursiva></p>
<p><negrita>Idea 1:</negrita> El autor de esta reseña dice que el
libro <cursiva>El Principito</cursiva> es una obra literaria muy entretenida
porque…</p>
<p><negrita>Idea 1a:</negrita> ofrece descripciones muy completas
de los lugares que llevan al lector a imaginar cada detalle.</p>
<p><negrita>Idea 1b:</negrita> los personajes tienen muchas cualidades
y actitudes que llaman la atención.</p>
<p><negrita>Idea 1c:</negrita> los hechos que cuenta son sorprendentes
y generan emoción en el lector.</p>
<p><negrita>Idea 2:</negrita> El autor de esta reseña recomienda que
las personas lean el libro <cursiva>El Principito porque…</cursiva
></p>
<p><negrita>Idea 2a:</negrita> aprenderán mucho sobre cómo somos los
seres humanos y se divertirán con las diversas historias.</p>
<p><negrita>Idea 2b:</negrita> es una obra fácil de conseguir y está
disponible en múltiples idiomas y formatos (electrónico, impreso,
audiolibro). </p>
<practica>
<enlace
destino="/LoIdRedirect.aspx?LoId=LE_06_03_CO_Recurso260&amp;IdRecurso=RES-A22563153CB34CD6B68DD453A9081FBA"
>Leamos y hagamos inferencias sobre las reseñas</enlace>
</practica><recuerda><recuerdaTexto>
<p>Para redactar la <negrita>síntesis</negrita> o <negrita>resumen</negrita
> de un texto, debes hacer un <negrita>análisis</negrita> del mismo,
reconociendo sus partes o estructura. Luego, es necesario identificar
las <negrita>ideas</negrita> que presenta (empieza con las ideas más
sencillas hasta llegar a las más complejas). Ten presente que un buen
resumen no es una repetición de lo que está en el texto, sino que <negrita
>resalta</negrita> lo más <negrita>importante</negrita> o <negrita
>esencial</negrita> de manera breve y atractiva.</p>
</recuerdaTexto></recuerda></seccion2Texto></seccion2><seccion2
id="S2_LE_06_03_CO_993923B70B6E47448B05F1CF952C0083">
<seccion2Titulo>Consolidación </seccion2Titulo>
<seccion2Texto>
<p>Actividad para fomentar lo aprendido en esta sección.</p>
<practica>
<enlace
destino="/LoIdRedirect.aspx?LoId=LE_06_03_CO_Recurso270&amp;IdRecurso=RES-FCD97036EF84476B98C3AA69BD7B1D52"
>Refuerza tu aprendizaje: las características de una reseña</enlace>
</practica></seccion2Texto></seccion2></seccion1Texto></seccion1>
<seccion1 id="S1_LE_06_03_CO_6C35BFE7758B4BC79353DF805D9B29C2">
<seccion1Titulo>Producción escrita: la reseña</seccion1Titulo>
<seccion1Texto>
<p>¿Sabes cómo debes hacer una reseña?, ¿recuerdas cuáles son las
características de este texto?, ¿sobre qué temas te gustaría escribir
una reseña?, ¿qué recursos crees que necesitarías para escribirla?</p>
<recuerda><recuerdaTexto>
<p>La <negrita>reseña</negrita> es un texto que <negrita>describe,
informa</negrita> y presenta una <negrita>opinión</negrita> ante un
público específico, sobre un tema u objeto determinado, por ejemplo,
un libro o una película.</p>
<p>Cuando leas una reseña diferénciala por el <cursiva>tema</cursiva
> sobre el que trata y el tipo de <cursiva>público</cursiva> al que
se dirige. Podrás encontrar reseñas literarias, cinematográficas,
deportivas, sociales, o académicas sobre libros o hechos científicos,
entre otras.</p>
</recuerdaTexto></recuerda><seccion2
id="S2_LE_06_03_CO_BB13B04501A14BC2B7856CAC0719C4FE">
<seccion2Titulo>La estructura de una reseña</seccion2Titulo>
<seccion2Texto>
<p>La reseña se estructura de la siguiente manera:</p>
<p><negrita>•	Título:</negrita> siempre debe llevarlo. Se sugiere
que en este se especifique que el texto es una reseña de… Por ejemplo,
si vas a trabajar la historia de <cursiva>Caperucita Roja</cursiva
>, tu título podría ser: Reseña del cuento <cursiva>Caperucita Roja</cursiva
>.</p>
<p><negrita>•	Contextualización y presentación del tema o introducción: </negrita
>se presenta el tema sobre el que se va a hablar de manera general,
haciendo referencia a cualquier aspecto que permita situarlo en un
campo particular, por ejemplo, la literatura, el cine, la pintura,
los deportes…</p>
<p><negrita>•	Síntesis o resumen expositivo:</negrita> se realiza
un breve resumen que incluya las principales ideas del texto o material
reseñado. </p>
<p><negrita>•	Estructura argumentativa o comentario crítico:</negrita
> después de presentar el tema y realizar la síntesis, se elabora
la toma de posición utilizando una serie de argumentos que justifican
el punto de vista del autor. Estos argumentos pueden ser opiniones
personales o profesionales sobre el tema. </p>
<p><negrita>•	Conclusión:</negrita> es el cierre del texto en el que
se reafirma la posición del autor de la reseña.</p>
<practica>
<enlace
destino="/LoIdRedirect.aspx?LoId=LE_06_03_CO_Recurso280&amp;IdRecurso=RES-860F0B7AAE2F405493ECF24CFFE6916C"
>Las partes de la reseña</enlace>
</practica>
<imagen src="LE_06_03_CO_IMG14_small.jpg">
<p><cursiva>Star Wars</cursiva> es una saga cinematográfica que ha
reunido a un sinnúmero de fanáticos en todo el mundo. Busca en internet
las reseñas que se han escrito sobre estas películas, analiza su estructura
y debate con tus compañeros de clase sobre los puntos de vista y argumentos
que presentan sus autores. </p>
</imagen>
<destacado><destacadoTitulo>Los argumentos</destacadoTitulo>
<destacadoTexto>
<p>El <negrita>argumento</negrita> es un término que procede del vocablo
latino <cursiva>argumentum </cursiva>y se define como una serie de
proposiciones (ideas) que se utilizan para <negrita>demostrar, probar</negrita
> y <negrita>convencer</negrita> a otra persona de aquello que se <negrita
>afirma</negrita> o se <negrita>niega</negrita>. </p>
<p>También se puede entender como la expresión, ya sea oral o escrita,
de un <negrita>raciocinio</negrita>, es decir, de un pensamiento.</p>
</destacadoTexto></destacado></seccion2Texto></seccion2><seccion2
id="S2_LE_06_03_CO_36A2961E1B114F19AB8F0041195954AF">
<seccion2Titulo>Escribe una reseña</seccion2Titulo>
<seccion2Texto>
<p>Si quieres escribir una buena reseña, sigue estas recomendaciones
que te ayudarán a construir un buen texto:</p>
<listaSinNumerar>
<listaElemento>Realiza una <negrita>lluvia de ideas</negrita> sobre
el tema o los temas que quieres escribir.</listaElemento>
<listaElemento><negrita>Selecciona</negrita> y <negrita>crea</negrita
> un texto borrador con el tema que deseas reseñar.</listaElemento>
<listaElemento><negrita>Incluye una cita</negrita> del libro, una
frase de la película o un verso de la canción que genere intriga en
los lectores; esto los atrapará y los animará a realizar toda la lectura. <negrita
>Utiliza una duda</negrita> que no pueda ser respondida completamente
hasta haber leído todo el artículo, es otra forma de captar su atención.</listaElemento>
<listaElemento>Desarrollar el tema de forma adecuada le brinda al
lector las herramientas necesarias para que <negrita>elabore sus propias
conclusiones</negrita>, sin ser coaccionado por el pensamiento del
reseñador.</listaElemento>
<listaElemento><negrita>Busca e incluye hechos</negrita> sobre la
época en la que surgió la obra reseñada y su contexto histórico, <negrita
>anexa  datos sobre su autor</negrita>, esto servirá para brindarle
un toque especial a tu escrito.</listaElemento>
<listaElemento>Redacta una <negrita>conclusión</negrita> que reafirme
tu <negrita>postura</negrita> e incluye algunas <negrita>ideas</negrita
> que la <negrita>justifiquen</negrita> o <negrita>expliquen</negrita
>.</listaElemento>
<listaElemento>Finalizado tu escrito, pídele a otra persona que lo
lea, conocer su reacción y comentarios te permitirá <negrita>mejorar
tu texto</negrita>. Recuerda que un buen escrito necesita de varias
versiones y correcciones y la crítica constructiva siempre ayuda en
esta labor.</listaElemento>
</listaSinNumerar>
<profundiza>
<enlace
destino="/LoIdRedirect.aspx?LoId=LE_06_03_CO_Recurso290&amp;IdRecurso=RES-0CCFF74947F94309A841FB975E66AD9F"
>Redacta tu propia reseña</enlace>
</profundiza><recuerda><recuerdaTexto>
<p>Cuando escribes una reseña es porque has <negrita>comprendido</negrita
> en su totalidad el <negrita>texto</negrita> u <negrita>obra</negrita
> y sabes que podrás extraer lo <negrita>esencial</negrita> del contenido
para presentarlo a tus lectores, de acuerdo con la estructura de este
tipo de textos.</p>
</recuerdaTexto></recuerda>
<imagen src="LE_06_03_CO_IMG15_small.jpg">
<p>Ahora es tu turno. ¡Escribe tu propia reseña! Recuerda los pasos
que hemos mencionado en esta unidad, escoge el tema que prefieras
y construye un magnífico texto siguiendo las instrucciones de tu profesor.
¡Buena suerte!</p>
</imagen>
</seccion2Texto></seccion2><seccion2
id="S2_LE_06_03_CO_36A2961E1B114F19AB8F0041195955BF">
<seccion2Titulo>Consolidación</seccion2Titulo>
<seccion2Texto>
<p>Fortalece tus conocimientos y habilidades realizando esta actividad.</p>
<practica>
<enlace
destino="/LoIdRedirect.aspx?LoId=LE_06_03_CO_Recurso300&amp;IdRecurso=RES-169564412C0041408979F8E01E6DEDB2"
>Refuerza tu aprendizaje: la intención comunicativa en las reseñas</enlace>
</practica></seccion2Texto></seccion2></seccion1Texto></seccion1>
<seccion1 id="S1_LE_06_03_CO_53DE28FE96DF429CBD15FC077AF06FCE">
<seccion1Titulo>Competencias</seccion1Titulo>
<seccion1Texto>
<p>Pon a prueba tus habilidades y afianza tus conocimientos con estas
actividades. </p>
<practica>
<enlace
destino="/LoIdRedirect.aspx?LoId=LE_06_03_CO_Recurso310&amp;IdRecurso=RES-A069D698640446BDAD3742670373860B"
>Los elementos de la narración en fábulas y leyendas</enlace>
<enlace
destino="/LoIdRedirect.aspx?LoId=LE_06_03_CO_Recurso320&amp;IdRecurso=RES-4AB2154B7F184FF69F24AC0C8BAE50D4"
>Gramática: encuentra adverbios y verbos</enlace>
<enlace
destino="/LoIdRedirect.aspx?LoId=LE_06_03_CO_Recurso330&amp;IdRecurso=RES-35E63339CCB4453CAF20F71480E5F1D0"
>Recuerda características de las reseñas </enlace>
<enlace
destino="/LoIdRedirect.aspx?LoId=LE_06_03_CO_Recurso340&amp;IdRecurso=RES-4FDF5253DD3A4F46896B01C24422306B"
>Proyecto editorial: la publicación de reseñas </enlace><?Pub Caret 0?>
</practica></seccion1Texto></seccion1><masinformacion
id="MI_LE_06_03_CO_84FD019157E7418893564FB92FD9875A"><mapaconceptual>
<enlace
destino="/LoIdRedirect.aspx?LoId=LE_06_03_CO_Recurso360&amp;IdRecurso=RES-4618A0C8D08D4548B0F97853A6C38047"
>Mapa Conceptual de tema La reseña</enlace></mapaconceptual>
<autoevaluate><enlace
destino="/LoIdRedirect.aspx?LoId=LE_06_03_CO_Recurso370&amp;IdRecurso=RES-CE49010034BD499494EF1FE8561E2D62"
>Evalúa tus conocimientos sobre el tema La reseña</enlace>
</autoevaluate><enlacesreferencia>
<enlace
destino="http://recursos.cnice.mec.es/lengua/profesores/eso2/t1/teoria_5.htm"
>En este enlace puedes profundizar tus conocimientos sobre el género
narrativo.</enlace>
<enlace
destino="http://www.todacolombia.com/folclor/mitosyleyendas.html"
>Aquí encontrarás diferentes leyendas colombianas.</enlace>
<enlace destino="http://www.aplicaciones.info/lengua/morfo25.htm"
>Estudia de forma divertida el concepto de adverbio y prueba lo aprendido
en los ejercicios que se presentan al interior de esta página. </enlace>
<enlace
destino="http://roble.pntic.mec.es/msanto1/ortografia/ejerczs.htm"
>En este enlace hallarás más ejercicios para practicar el uso de las
grafías <cursiva>c</cursiva> y <cursiva>s</cursiva>.</enlace>
<enlace destino="http://es.slideshare.net/lucipighin/qu-es-una-resea"
>Observa la siguiente presentación en diapositivas y repasa la noción
y la construcción de la reseña.</enlace>
<enlace
destino="http://adiccion-literaria.blogspot.com.co/2014/03/resenas-cortas-fiebre-infierno-los-dias.html "
>Revisa algunos ejemplos de reseñas que te orientarán para escribir
la tuya.</enlace>
</enlacesreferencia></masinformacion></libro>
