﻿<?xml version="1.0" encoding="utf-8"?>
<motor tipo="3" clase="b" aprid="m3b">
  <plataforma>
    <grado><![CDATA[1]]></grado>
    <titulo>Lectura: reconoce y clasifica algunos géneros informativos</titulo>
    <area>0</area>
    <nivel>1</nivel>
    <referencia />
    <idreg><![CDATA[0]]></idreg>
    <motor><![CDATA[M3B]]></motor>
    <lang>es</lang>
  </plataforma>
  <enunciado><![CDATA[Escucha con atención los audios e indica qué tipo de texto informativo es cada uno.]]></enunciado>
  <masinfo inicio="0" />
  <sinaleatoriedad><![CDATA[0]]></sinaleatoriedad>
  <calc><![CDATA[0]]></calc>
  <textoasonido cantidad="4">
    <cuestion>
      <sonido><![CDATA[audioDummy.mp3]]></sonido>
      <respuestas>
        <respuesta valor="Noticia" />
      </respuestas>
    </cuestion>
    <cuestion>
      <sonido><![CDATA[audioDummy.mp3]]></sonido>
      <respuestas>
        <respuesta valor="Reportaje" />
      </respuestas>
    </cuestion>
    <cuestion>
      <sonido><![CDATA[audioDummy.mp3]]></sonido>
      <respuestas>
        <respuesta valor="Entrevista" />
      </respuestas>
    </cuestion>
    <cuestion>
      <sonido><![CDATA[audioDummy.mp3]]></sonido>
      <respuestas>
        <respuesta valor="Crónica" />
      </respuestas>
    </cuestion>
  </textoasonido>
  <temps>
  </temps>
</motor>