﻿<?xml version="1.0" encoding="utf-8"?><engine copy="Editorial Planeta" version="1" aprid="f1">
<css><![CDATA[.gris {background-color:#cccccc;}]]></css>
<pantallas>
<pantalla id="pantalla_5">
<event id='onPrepare' language='DO'><![CDATA[]]></event>
<event id='onShown' language='DO'><![CDATA[]]></event>
<components>
<component _type='_compCSSBox' id='fondo_57' x='304' y='531' width='285' height='34' alpha='1' visible='1' enabled='1' cssClass='gris' />
<component _type='_compSimpleText' id='texto_10' x='196' y='20' width='557' height='60' alpha='1' visible='1' enabled='1' cssClass='defaultSimpleText' alignMode='17' >
<content><![CDATA[Las palabras compuestas ]]></content>
</component>
<component _type='_compRichText' id='texto_19' x='297' y='519' width='300' height='300' alpha='1' visible='1' enabled='1' scrollable='1' >
<content><![CDATA[<p style="text-align:center"><span style="font-family:verdana,geneva,sans-serif"><strong><span style="font-size:16px">Selecciona una imagen</span></strong></span></p>
]]></content>
</component>
<component _type='_compImageButton' id='imagebutton_59' x='147' y='108' width='281' height='197' alpha='1' visible='1' enabled='1' group='-1' adjustMode='3' alignMode='0' image='data/imagenes/image_6.jpg'><event id='onClick' language='DO'><![CDATA[uiobject_set(rootSlider,"current",1)
]]></event>
</component>
<component _type='_compImageButton' id='imagebutton_60' x='494' y='108' width='280' height='194' alpha='1' visible='1' enabled='1' group='-1' adjustMode='3' alignMode='0' image='data/imagenes/image_10b.jpg'><event id='onClick' language='DO'><![CDATA[uiobject_set(rootSlider,"current",5)
]]></event>
</component>
<component _type='_compImageButton' id='imagebutton_61' x='494' y='323' width='291' height='186' alpha='1' visible='1' enabled='1' group='-1' adjustMode='3' alignMode='0' image='data/imagenes/image_18.jpg'><event id='onClick' language='DO'><![CDATA[uiobject_set(rootSlider,"current",13)
]]></event>
</component>
<component _type='_compImageButton' id='imagebutton_62' x='147' y='321' width='281' height='182' alpha='1' visible='1' enabled='1' group='-1' adjustMode='3' alignMode='0' image='data/imagenes/image_14.jpg'><event id='onClick' language='DO'><![CDATA[uiobject_set(rootSlider,"current",9)
]]></event>
</component>
</components>
<animaciones>
</animaciones>
</pantalla>
<pantalla id="pantalla_20">
<event id='onPrepare' language='DO'><![CDATA[]]></event>
<event id='onShown' language='DO'><![CDATA[]]></event>
<components>
<component _type='_compImage' id='image_11' x='46' y='148' width='402' height='295' alpha='1' visible='1' enabled='1' cssClass='' adjustMode='3' alignMode='0' image='data/imagenes/image_6.jpg' />
<component _type='_compRichText' id='texto_24' x='477' y='263' width='499' height='82' alpha='1' visible='1' enabled='1' scrollable='1' >
<content><![CDATA[<p><span style="font-family:verdana,geneva,sans-serif"><span style="font-size:25px">&iquest;Qu&eacute; palabra te viene a la cabeza?</span></span></p>
]]></content>
</component>
<component _type='_compIconButton' id='iconbutton_25' x='20' y='527' width='37' height='37' alpha='1' visible='1' enabled='1' cssClass='iconHomeButton' group='-1'><event id='onClick' language='DO'><![CDATA[uiobject_set(rootSlider,"current",0)
]]></event>
</component>
<component _type='_compIconButton' id='iconbutton_26' x='144' y='527' width='37' height='37' alpha='1' visible='1' enabled='1' cssClass='iconNextButton' group='-1'><event id='onClick' language='DO'><![CDATA[uiobject_set(rootSlider,"current",2)
]]></event>
</component>
</components>
<animaciones>
<anim id='Entrada'><![CDATA[{}]]></anim>
</animaciones>
</pantalla>
<pantalla id="pantalla_27">
<event id='onPrepare' language='DO'><![CDATA[]]></event>
<event id='onShown' language='DO'><![CDATA[]]></event>
<components>
<component _type='_compImage' id='image_11' x='46' y='148' width='402' height='295' alpha='1' visible='1' enabled='1' cssClass='' adjustMode='3' alignMode='0' image='data/imagenes/image_38.jpg' />
<component _type='_compRichText' id='texto_24' x='477' y='263' width='499' height='82' alpha='1' visible='1' enabled='1' scrollable='1' >
<content><![CDATA[<p><span style="font-family:verdana,geneva,sans-serif"><span style="font-size:25px">&iquest;Y ahora?</span></span></p>
]]></content>
</component>
<component _type='_compIconButton' id='iconbutton_25' x='20' y='527' width='37' height='37' alpha='1' visible='1' enabled='1' cssClass='iconHomeButton' group='-1'><event id='onClick' language='DO'><![CDATA[uiobject_set(rootSlider,"current",0)
]]></event>
</component>
<component _type='_compIconButton' id='iconbutton_26' x='144' y='527' width='37' height='37' alpha='1' visible='1' enabled='1' cssClass='iconNextButton' group='-1'><event id='onClick' language='DO'><![CDATA[uiobject_set(rootSlider,"current",3)
]]></event>
</component>
<component _type='_compIconButton' id='iconbutton_63' x='87' y='527' width='37' height='37' alpha='1' visible='1' enabled='1' cssClass='iconPrevButton' group='-1'><event id='onClick' language='DO'><![CDATA[uiobject_set(rootSlider,"current",1)
]]></event>
</component>
</components>
<animaciones>
</animaciones>
</pantalla>
<pantalla id="pantalla_32">
<event id='onPrepare' language='DO'><![CDATA[]]></event>
<event id='onShown' language='DO'><![CDATA[]]></event>
<components>
<component _type='_compImage' id='image_11' x='102' y='195' width='297' height='196' alpha='1' visible='1' enabled='1' cssClass='' adjustMode='3' alignMode='0' image='data/imagenes/image_6.jpg' />
<component _type='_compImage' id='image_36' x='451' y='195' width='297' height='196' alpha='1' visible='1' enabled='1' cssClass='' adjustMode='3' alignMode='0' image='data/imagenes/image_38.jpg' />
<component _type='_compRichText' id='texto_37' x='414' y='257' width='70' height='87' alpha='1' visible='1' enabled='1' scrollable='1' >
<content><![CDATA[<p><span style="font-family:verdana,geneva,sans-serif"><span style="font-size:30px"><strong>+</strong></span></span></p>
]]></content>
</component>
<component _type='_compRichText' id='texto_38' x='761' y='257' width='70' height='87' alpha='1' visible='1' enabled='1' scrollable='1' >
<content><![CDATA[<p><span style="font-family:verdana,geneva,sans-serif"><span style="font-size:30px"><strong>=</strong></span></span></p>
]]></content>
</component>
<component _type='_compIconButton' id='iconbutton_25' x='20' y='527' width='37' height='37' alpha='1' visible='1' enabled='1' cssClass='iconHomeButton' group='-1'><event id='onClick' language='DO'><![CDATA[uiobject_set(rootSlider,"current",0)
]]></event>
</component>
<component _type='_compIconButton' id='iconbutton_63' x='87' y='527' width='37' height='37' alpha='1' visible='1' enabled='1' cssClass='iconPrevButton' group='-1'><event id='onClick' language='DO'><![CDATA[uiobject_set(rootSlider,"current",2)
]]></event>
</component>
<component _type='_compIconButton' id='iconbutton_26' x='144' y='527' width='37' height='37' alpha='1' visible='1' enabled='1' cssClass='iconNextButton' group='-1'><event id='onClick' language='DO'><![CDATA[uiobject_set(rootSlider,"current",4)
]]></event>
</component>
</components>
<animaciones>
</animaciones>
</pantalla>
<pantalla id="pantalla_39">
<event id='onPrepare' language='DO'><![CDATA[]]></event>
<event id='onShown' language='DO'><![CDATA[]]></event>
<components>
<component _type='_compRichText' id='texto_43' x='390' y='478' width='133' height='72' alpha='1' visible='1' enabled='1' scrollable='1' >
<content><![CDATA[<p style="text-align:center"><span style="font-family:verdana,geneva,sans-serif"><span style="font-size:20px">pararrayos</span></span></p>
]]></content>
</component>
<component _type='_compImage' id='image_44' x='336' y='109' width='241' height='353' alpha='1' visible='1' enabled='1' cssClass='' adjustMode='3' alignMode='0' image='data/imagenes/image_49.jpg' />
<component _type='_compIconButton' id='iconbutton_25' x='20' y='527' width='37' height='37' alpha='1' visible='1' enabled='1' cssClass='iconHomeButton' group='-1'><event id='onClick' language='DO'><![CDATA[uiobject_set(rootSlider,"current",0)
]]></event>
</component>
<component _type='_compIconButton' id='iconbutton_63' x='87' y='527' width='37' height='37' alpha='1' visible='1' enabled='1' cssClass='iconPrevButton' group='-1'><event id='onClick' language='DO'><![CDATA[uiobject_set(rootSlider,"current",3)
]]></event>
</component>
<component _type='_compIconButton' id='iconbutton_129' x='145' y='527' width='37' height='37' alpha='1' visible='1' enabled='1' cssClass='iconInfoButton' group='-1'><event id='onClick' language='DO'><![CDATA[uiobject_set(rootSlider,"current",17)]]></event>
</component>
</components>
<animaciones>
</animaciones>
</pantalla>
<pantalla id="pantalla_45">
<event id='onPrepare' language='DO'><![CDATA[]]></event>
<event id='onShown' language='DO'><![CDATA[]]></event>
<components>
<component _type='_compImage' id='image_11' x='46' y='148' width='402' height='295' alpha='1' visible='1' enabled='1' cssClass='' adjustMode='3' alignMode='0' image='\\10.52.20.75\fs_greco2\Guiones_fs\LE_09_07_CO\Recurso190\data\imagenes\imagenDummy-MotorF.jpg' />
<component _type='_compRichText' id='texto_24' x='477' y='263' width='499' height='82' alpha='1' visible='1' enabled='1' scrollable='1' >
<content><![CDATA[<p><span style="font-family:verdana,geneva,sans-serif"><span style="font-size:25px">&iquest;Qu&eacute; palabra te viene a la cabeza?</span></span></p>
]]></content>
</component>
<component _type='_compIconButton' id='iconbutton_25' x='20' y='527' width='37' height='37' alpha='1' visible='1' enabled='1' cssClass='iconHomeButton' group='-1'><event id='onClick' language='DO'><![CDATA[uiobject_set(rootSlider,"current",0)
]]></event>
</component>
<component _type='_compIconButton' id='iconbutton_26' x='144' y='527' width='37' height='37' alpha='1' visible='1' enabled='1' cssClass='iconNextButton' group='-1'><event id='onClick' language='DO'><![CDATA[uiobject_set(rootSlider,"current",6)
]]></event>
</component>
</components>
<animaciones>
</animaciones>
</pantalla>
<pantalla id="pantalla_49">
<event id='onPrepare' language='DO'><![CDATA[]]></event>
<event id='onShown' language='DO'><![CDATA[]]></event>
<components>
<component _type='_compImage' id='image_11' x='46' y='148' width='402' height='295' alpha='1' visible='1' enabled='1' cssClass='' adjustMode='3' alignMode='0' image='\\10.52.20.75\fs_greco2\Guiones_fs\LE_09_07_CO\Recurso190\data\imagenes\imagenDummy-MotorF.jpg' />
<component _type='_compRichText' id='texto_24' x='477' y='263' width='499' height='82' alpha='1' visible='1' enabled='1' scrollable='1' >
<content><![CDATA[<p><span style="font-family:verdana,geneva,sans-serif"><span style="font-size:25px">&iquest;Y ahora?</span></span></p>
]]></content>
</component>
<component _type='_compIconButton' id='iconbutton_25' x='20' y='527' width='37' height='37' alpha='1' visible='1' enabled='1' cssClass='iconHomeButton' group='-1'><event id='onClick' language='DO'><![CDATA[uiobject_set(rootSlider,"current",0)
]]></event>
</component>
<component _type='_compIconButton' id='iconbutton_63' x='87' y='527' width='37' height='37' alpha='1' visible='1' enabled='1' cssClass='iconPrevButton' group='-1'><event id='onClick' language='DO'><![CDATA[uiobject_set(rootSlider,"current",5)
]]></event>
</component>
<component _type='_compIconButton' id='iconbutton_26' x='144' y='527' width='37' height='37' alpha='1' visible='1' enabled='1' cssClass='iconNextButton' group='-1'><event id='onClick' language='DO'><![CDATA[uiobject_set(rootSlider,"current",7)
]]></event>
</component>
</components>
<animaciones>
</animaciones>
</pantalla>
<pantalla id="pantalla_53">
<event id='onPrepare' language='DO'><![CDATA[]]></event>
<event id='onShown' language='DO'><![CDATA[]]></event>
<components>
<component _type='_compImage' id='image_11' x='102' y='195' width='297' height='196' alpha='1' visible='1' enabled='1' cssClass='' adjustMode='3' alignMode='0' image='\\10.52.20.75\fs_greco2\Guiones_fs\LE_09_07_CO\Recurso190\data\imagenes\imagenDummy-MotorF.jpg' />
<component _type='_compRichText' id='texto_37' x='414' y='257' width='70' height='87' alpha='1' visible='1' enabled='1' scrollable='1' >
<content><![CDATA[<p><span style="font-family:verdana,geneva,sans-serif"><span style="font-size:30px"><strong>+</strong></span></span></p>
]]></content>
</component>
<component _type='_compImage' id='image_36' x='451' y='195' width='297' height='196' alpha='1' visible='1' enabled='1' cssClass='' adjustMode='3' alignMode='0' image='\\10.52.20.75\fs_greco2\Guiones_fs\LE_09_07_CO\Recurso190\data\imagenes\imagenDummy-MotorF.jpg' />
<component _type='_compRichText' id='texto_38' x='761' y='257' width='70' height='87' alpha='1' visible='1' enabled='1' scrollable='1' >
<content><![CDATA[<p><span style="font-size:30px"><span style="font-family:verdana,geneva,sans-serif"><strong>=</strong></span></span></p>
]]></content>
</component>
<component _type='_compIconButton' id='iconbutton_25' x='20' y='527' width='37' height='37' alpha='1' visible='1' enabled='1' cssClass='iconHomeButton' group='-1'><event id='onClick' language='DO'><![CDATA[uiobject_set(rootSlider,"current",0)
]]></event>
</component>
<component _type='_compIconButton' id='iconbutton_63' x='87' y='527' width='37' height='37' alpha='1' visible='1' enabled='1' cssClass='iconPrevButton' group='-1'><event id='onClick' language='DO'><![CDATA[uiobject_set(rootSlider,"current",6)
]]></event>
</component>
<component _type='_compIconButton' id='iconbutton_26' x='144' y='527' width='37' height='37' alpha='1' visible='1' enabled='1' cssClass='iconNextButton' group='-1'><event id='onClick' language='DO'><![CDATA[uiobject_set(rootSlider,"current",8)
]]></event>
</component>
</components>
<animaciones>
</animaciones>
</pantalla>
<pantalla id="pantalla_57">
<event id='onPrepare' language='DO'><![CDATA[]]></event>
<event id='onShown' language='DO'><![CDATA[]]></event>
<components>
<component _type='_compRichText' id='texto_43' x='390' y='478' width='133' height='72' alpha='1' visible='1' enabled='1' scrollable='1' >
<content><![CDATA[<p style="text-align:center"><span style="font-family:verdana,geneva,sans-serif"><span style="font-size:20px">paraca&iacute;das</span></span></p>
]]></content>
</component>
<component _type='_compImage' id='image_61' x='250' y='165' width='0' height='0' alpha='1' visible='1' enabled='1' cssClass='' adjustMode='1' alignMode='0' image='data/imagenes/image_58.jpg' />
<component _type='_compIconButton' id='iconbutton_25' x='20' y='527' width='37' height='37' alpha='1' visible='1' enabled='1' cssClass='iconHomeButton' group='-1'><event id='onClick' language='DO'><![CDATA[uiobject_set(rootSlider,"current",0)
]]></event>
</component>
<component _type='_compIconButton' id='iconbutton_63' x='87' y='527' width='37' height='37' alpha='1' visible='1' enabled='1' cssClass='iconPrevButton' group='-1'><event id='onClick' language='DO'><![CDATA[uiobject_set(rootSlider,"current",7)
]]></event>
</component>
<component _type='_compIconButton' id='iconbutton_129' x='145' y='527' width='37' height='37' alpha='1' visible='1' enabled='1' cssClass='iconInfoButton' group='-1'><event id='onClick' language='DO'><![CDATA[uiobject_set(rootSlider,"current",20)]]></event>
</component>
</components>
<animaciones>
</animaciones>
</pantalla>
<pantalla id="pantalla_62">
<event id='onPrepare' language='DO'><![CDATA[]]></event>
<event id='onShown' language='DO'><![CDATA[]]></event>
<components>
<component _type='_compImage' id='image_11' x='46' y='148' width='402' height='295' alpha='1' visible='1' enabled='1' cssClass='' adjustMode='3' alignMode='0' image='data/imagenes/image_14.jpg' />
<component _type='_compRichText' id='texto_24' x='477' y='263' width='499' height='82' alpha='1' visible='1' enabled='1' scrollable='1' >
<content><![CDATA[<p><span style="font-family:verdana,geneva,sans-serif"><span style="font-size:25px">&iquest;Qu&eacute; palabra te viene a la cabeza?</span></span></p>
]]></content>
</component>
<component _type='_compIconButton' id='iconbutton_25' x='20' y='527' width='37' height='37' alpha='1' visible='1' enabled='1' cssClass='iconHomeButton' group='-1'><event id='onClick' language='DO'><![CDATA[uiobject_set(rootSlider,"current",0)
]]></event>
</component>
<component _type='_compIconButton' id='iconbutton_26' x='144' y='527' width='37' height='37' alpha='1' visible='1' enabled='1' cssClass='iconNextButton' group='-1'><event id='onClick' language='DO'><![CDATA[uiobject_set(rootSlider,"current",10)
]]></event>
</component>
</components>
<animaciones>
</animaciones>
</pantalla>
<pantalla id="pantalla_66">
<event id='onPrepare' language='DO'><![CDATA[]]></event>
<event id='onShown' language='DO'><![CDATA[]]></event>
<components>
<component _type='_compImage' id='image_11' x='46' y='148' width='402' height='295' alpha='1' visible='1' enabled='1' cssClass='' adjustMode='3' alignMode='0' image='data/imagenes/image_64b.jpg' />
<component _type='_compRichText' id='texto_24' x='477' y='263' width='499' height='82' alpha='1' visible='1' enabled='1' scrollable='1' >
<content><![CDATA[<p><span style="font-family:verdana,geneva,sans-serif"><span style="font-size:25px">&iquest;Y ahora?</span></span></p>
]]></content>
</component>
<component _type='_compIconButton' id='iconbutton_25' x='20' y='527' width='37' height='37' alpha='1' visible='1' enabled='1' cssClass='iconHomeButton' group='-1'><event id='onClick' language='DO'><![CDATA[uiobject_set(rootSlider,"current",0)
]]></event>
</component>
<component _type='_compIconButton' id='iconbutton_63' x='88' y='527' width='37' height='37' alpha='1' visible='1' enabled='1' cssClass='iconPrevButton' group='-1'><event id='onClick' language='DO'><![CDATA[uiobject_set(rootSlider,"current",9)
]]></event>
</component>
<component _type='_compIconButton' id='iconbutton_26' x='144' y='527' width='37' height='37' alpha='1' visible='1' enabled='1' cssClass='iconNextButton' group='-1'><event id='onClick' language='DO'><![CDATA[uiobject_set(rootSlider,"current",11)
]]></event>
</component>
</components>
<animaciones>
</animaciones>
</pantalla>
<pantalla id="pantalla_70">
<event id='onPrepare' language='DO'><![CDATA[]]></event>
<event id='onShown' language='DO'><![CDATA[]]></event>
<components>
<component _type='_compImage' id='image_11' x='102' y='195' width='297' height='196' alpha='1' visible='1' enabled='1' cssClass='' adjustMode='3' alignMode='0' image='data/imagenes/image_14.jpg' />
<component _type='_compRichText' id='texto_37' x='414' y='257' width='70' height='87' alpha='1' visible='1' enabled='1' scrollable='1' >
<content><![CDATA[<p><span style="font-family:verdana,geneva,sans-serif"><span style="font-size:30px"><strong>+</strong></span></span></p>
]]></content>
</component>
<component _type='_compImage' id='image_36' x='451' y='195' width='297' height='196' alpha='1' visible='1' enabled='1' cssClass='' adjustMode='3' alignMode='0' image='data/imagenes/image_64b.jpg' />
<component _type='_compRichText' id='texto_38' x='761' y='257' width='70' height='87' alpha='1' visible='1' enabled='1' scrollable='1' >
<content><![CDATA[<p><span style="font-size:30px"><span style="font-family:verdana,geneva,sans-serif"><strong>=</strong></span></span></p>
]]></content>
</component>
<component _type='_compIconButton' id='iconbutton_25' x='20' y='527' width='37' height='37' alpha='1' visible='1' enabled='1' cssClass='iconHomeButton' group='-1'><event id='onClick' language='DO'><![CDATA[uiobject_set(rootSlider,"current",0)
]]></event>
</component>
<component _type='_compIconButton' id='iconbutton_63' x='87' y='527' width='37' height='37' alpha='1' visible='1' enabled='1' cssClass='iconPrevButton' group='-1'><event id='onClick' language='DO'><![CDATA[uiobject_set(rootSlider,"current",10)
]]></event>
</component>
<component _type='_compIconButton' id='iconbutton_26' x='144' y='527' width='37' height='37' alpha='1' visible='1' enabled='1' cssClass='iconNextButton' group='-1'><event id='onClick' language='DO'><![CDATA[uiobject_set(rootSlider,"current",12)
]]></event>
</component>
</components>
<animaciones>
</animaciones>
</pantalla>
<pantalla id="pantalla_74">
<event id='onPrepare' language='DO'><![CDATA[]]></event>
<event id='onShown' language='DO'><![CDATA[]]></event>
<components>
<component _type='_compImage' id='image_61' x='276' y='178' width='397' height='281' alpha='1' visible='1' enabled='1' cssClass='' adjustMode='3' alignMode='0' image='data/imagenes/image_67b.jpg' />
<component _type='_compRichText' id='texto_43' x='394' y='478' width='162' height='72' alpha='1' visible='1' enabled='1' scrollable='1' >
<content><![CDATA[<p style="text-align:center"><span style="font-family:verdana,geneva,sans-serif"><span style="font-size:20px">espantap&aacute;jaros</span></span></p>
]]></content>
</component>
<component _type='_compIconButton' id='iconbutton_25' x='20' y='527' width='37' height='37' alpha='1' visible='1' enabled='1' cssClass='iconHomeButton' group='-1'><event id='onClick' language='DO'><![CDATA[uiobject_set(rootSlider,"current",0)
]]></event>
</component>
<component _type='_compIconButton' id='iconbutton_63' x='87' y='527' width='37' height='37' alpha='1' visible='1' enabled='1' cssClass='iconPrevButton' group='-1'><event id='onClick' language='DO'><![CDATA[uiobject_set(rootSlider,"current",11)
]]></event>
</component>
<component _type='_compIconButton' id='iconbutton_129' x='145' y='527' width='37' height='37' alpha='1' visible='1' enabled='1' cssClass='iconInfoButton' group='-1'><event id='onClick' language='DO'><![CDATA[uiobject_set(rootSlider,"current",18)]]></event>
</component>
</components>
<animaciones>
</animaciones>
</pantalla>
<pantalla id="pantalla_78">
<event id='onPrepare' language='DO'><![CDATA[]]></event>
<event id='onShown' language='DO'><![CDATA[]]></event>
<components>
<component _type='_compImage' id='image_11' x='46' y='148' width='402' height='295' alpha='1' visible='1' enabled='1' cssClass='' adjustMode='3' alignMode='0' image='data/imagenes/image_18.jpg' />
<component _type='_compRichText' id='texto_24' x='477' y='263' width='499' height='82' alpha='1' visible='1' enabled='1' scrollable='1' >
<content><![CDATA[<p><span style="font-family:verdana,geneva,sans-serif"><span style="font-size:25px">&iquest;Qu&eacute; palabra te viene a la cabeza?</span></span></p>
]]></content>
</component>
<component _type='_compIconButton' id='iconbutton_25' x='20' y='527' width='37' height='37' alpha='1' visible='1' enabled='1' cssClass='iconHomeButton' group='-1'><event id='onClick' language='DO'><![CDATA[uiobject_set(rootSlider,"current",0)
]]></event>
</component>
<component _type='_compIconButton' id='iconbutton_26' x='144' y='527' width='37' height='37' alpha='1' visible='1' enabled='1' cssClass='iconNextButton' group='-1'><event id='onClick' language='DO'><![CDATA[uiobject_set(rootSlider,"current",14)
]]></event>
</component>
</components>
<animaciones>
</animaciones>
</pantalla>
<pantalla id="pantalla_82">
<event id='onPrepare' language='DO'><![CDATA[]]></event>
<event id='onShown' language='DO'><![CDATA[]]></event>
<components>
<component _type='_compImage' id='image_11' x='46' y='148' width='402' height='295' alpha='1' visible='1' enabled='1' cssClass='' adjustMode='3' alignMode='0' image='data/imagenes/image_74.jpg' />
<component _type='_compRichText' id='texto_24' x='477' y='263' width='499' height='82' alpha='1' visible='1' enabled='1' scrollable='1' >
<content><![CDATA[<p><span style="font-family:verdana,geneva,sans-serif"><span style="font-size:25px">&iquest;Y ahora?</span></span></p>
]]></content>
</component>
<component _type='_compIconButton' id='iconbutton_25' x='20' y='527' width='37' height='37' alpha='1' visible='1' enabled='1' cssClass='iconHomeButton' group='-1'><event id='onClick' language='DO'><![CDATA[uiobject_set(rootSlider,"current",0)
]]></event>
</component>
<component _type='_compIconButton' id='iconbutton_63' x='87' y='527' width='37' height='37' alpha='1' visible='1' enabled='1' cssClass='iconPrevButton' group='-1'><event id='onClick' language='DO'><![CDATA[uiobject_set(rootSlider,"current",13)
]]></event>
</component>
<component _type='_compIconButton' id='iconbutton_26' x='144' y='527' width='37' height='37' alpha='1' visible='1' enabled='1' cssClass='iconNextButton' group='-1'><event id='onClick' language='DO'><![CDATA[uiobject_set(rootSlider,"current",15)
]]></event>
</component>
</components>
<animaciones>
</animaciones>
</pantalla>
<pantalla id="pantalla_86">
<event id='onPrepare' language='DO'><![CDATA[]]></event>
<event id='onShown' language='DO'><![CDATA[]]></event>
<components>
<component _type='_compImage' id='image_11' x='102' y='195' width='297' height='196' alpha='1' visible='1' enabled='1' cssClass='' adjustMode='3' alignMode='0' image='data/imagenes/image_18.jpg' />
<component _type='_compRichText' id='texto_37' x='412' y='257' width='70' height='87' alpha='1' visible='1' enabled='1' scrollable='1' >
<content><![CDATA[<p><span style="font-size:30px"><span style="font-family:verdana,geneva,sans-serif"><strong>+</strong></span></span></p>
]]></content>
</component>
<component _type='_compImage' id='image_36' x='451' y='195' width='297' height='196' alpha='1' visible='1' enabled='1' cssClass='' adjustMode='3' alignMode='0' image='data/imagenes/image_74.jpg' />
<component _type='_compRichText' id='texto_38' x='761' y='257' width='70' height='87' alpha='1' visible='1' enabled='1' scrollable='1' >
<content><![CDATA[<p><span style="font-size:30px"><span style="font-family:verdana,geneva,sans-serif"><strong>=</strong></span></span></p>
]]></content>
</component>
<component _type='_compIconButton' id='iconbutton_25' x='20' y='527' width='37' height='37' alpha='1' visible='1' enabled='1' cssClass='iconHomeButton' group='-1'><event id='onClick' language='DO'><![CDATA[uiobject_set(rootSlider,"current",0)
]]></event>
</component>
<component _type='_compIconButton' id='iconbutton_63' x='87' y='527' width='37' height='37' alpha='1' visible='1' enabled='1' cssClass='iconPrevButton' group='-1'><event id='onClick' language='DO'><![CDATA[uiobject_set(rootSlider,"current",14)
]]></event>
</component>
<component _type='_compIconButton' id='iconbutton_26' x='144' y='527' width='37' height='37' alpha='1' visible='1' enabled='1' cssClass='iconNextButton' group='-1'><event id='onClick' language='DO'><![CDATA[uiobject_set(rootSlider,"current",16)
]]></event>
</component>
</components>
<animaciones>
</animaciones>
</pantalla>
<pantalla id="pantalla_90">
<event id='onPrepare' language='DO'><![CDATA[]]></event>
<event id='onShown' language='DO'><![CDATA[]]></event>
<components>
<component _type='_compImage' id='image_61' x='276' y='178' width='397' height='281' alpha='1' visible='1' enabled='1' cssClass='' adjustMode='3' alignMode='0' image='data/imagenes/image_77.jpg' />
<component _type='_compRichText' id='texto_43' x='394' y='478' width='162' height='72' alpha='1' visible='1' enabled='1' scrollable='1' >
<content><![CDATA[<p style="text-align:center"><span style="font-family:verdana,geneva,sans-serif"><span style="font-size:20px">hojalata</span></span></p>
]]></content>
</component>
<component _type='_compIconButton' id='iconbutton_25' x='20' y='527' width='37' height='37' alpha='1' visible='1' enabled='1' cssClass='iconHomeButton' group='-1'><event id='onClick' language='DO'><![CDATA[uiobject_set(rootSlider,"current",0)
]]></event>
</component>
<component _type='_compIconButton' id='iconbutton_63' x='87' y='527' width='37' height='37' alpha='1' visible='1' enabled='1' cssClass='iconPrevButton' group='-1'><event id='onClick' language='DO'><![CDATA[uiobject_set(rootSlider,"current",15)
]]></event>
</component>
<component _type='_compIconButton' id='iconbutton_129' x='145' y='527' width='37' height='37' alpha='1' visible='1' enabled='1' cssClass='iconInfoButton' group='-1'><event id='onClick' language='DO'><![CDATA[uiobject_set(rootSlider,"current",19)]]></event>
</component>
</components>
<animaciones>
<anim id='Entrada'><![CDATA[{}]]></anim>
</animaciones>
</pantalla>
<pantalla id="pantalla_130">
<event id='onPrepare' language='DO'><![CDATA[]]></event>
<event id='onShown' language='DO'><![CDATA[]]></event>
<components>
<component _type='_compRichText' id='texto_24' x='111' y='98' width='753' height='474' alpha='1' visible='1' enabled='1' scrollable='1' >
<content><![CDATA[<p><strong><span style="font-family:verdana,geneva,sans-serif"><span style="font-size:25px">&iquest;Por qu&eacute; no lleva tilde la palabra compuesta &ldquo;pararrayos&rdquo;?</span></span></strong></p>

<p><span style="font-family:verdana,geneva,sans-serif"><span style="font-size:25px">En el caso de las palabras compuestas, &eacute;stas llevan tilde si el segundo lexema que la compone lo lleva originalmente. La palabra &ldquo;pararrayos&rdquo; no lleva tilde porque &ldquo;rayos&rdquo; es una palabra grave que termina en &ldquo;n&rdquo; o &ldquo;s&rdquo;.&nbsp;</span></span></p>

<p><span style="font-family:verdana,geneva,sans-serif"><span style="font-size:25px">Estos son otros ejemplos de palabras compuestas sin tilde:</span></span></p>

<p><span style="font-family:verdana,geneva,sans-serif"><span style="font-size:25px">- Abrelatas</span></span></p>

<p><span style="font-family:verdana,geneva,sans-serif"><span style="font-size:25px">- Saltamontes</span></span></p>

<p><span style="font-family:verdana,geneva,sans-serif"><span style="font-size:25px">- Sordomudo</span></span></p>
]]></content>
</component>
<component _type='_compIconButton' id='iconbutton_134' x='893' y='19' width='37' height='37' alpha='1' visible='1' enabled='1' cssClass='iconCloseButton' group='-1'><event id='onClick' language='DO'><![CDATA[uiobject_set(rootSlider,"current",4)]]></event>
</component>
</components>
<animaciones>
</animaciones>
</pantalla>
<pantalla id="pantalla_135">
<event id='onPrepare' language='DO'><![CDATA[]]></event>
<event id='onShown' language='DO'><![CDATA[]]></event>
<components>
<component _type='_compRichText' id='texto_24' x='111' y='98' width='753' height='499' alpha='1' visible='1' enabled='1' scrollable='1' >
<content><![CDATA[<p><strong><span style="font-family:verdana,geneva,sans-serif"><span style="font-size:25px">&iquest;Por qu&eacute; lleva tilde la palabra compuesta &ldquo;espantap&aacute;jaros&rdquo;?</span></span></strong></p>

<p><span style="font-family:verdana,geneva,sans-serif"><span style="font-size:25px">La palabra compuesta &ldquo;espantap&aacute;jaros&rdquo; lleva tilde porque su segundo lexema es &ldquo;p&aacute;jaros&rdquo; y &eacute;sta es una palabra esdr&uacute;jula que se acent&uacute;a originalmente en la antepen&uacute;ltima s&iacute;laba. Recuerda que el segundo componente o lexema de la palabra compuesta lleva tilde, esta acentuaci&oacute;n se mantiene en la palabra compuesta.&nbsp;</span></span><span style="font-family:verdana,geneva,sans-serif"><span style="font-size:25px">Estos son otros ejemplos de palabras compuestas con tilde:</span></span></p>

<p><span style="font-family:verdana,geneva,sans-serif"><span style="font-size:25px">- Portal&aacute;mparas</span></span></p>

<p><span style="font-family:verdana,geneva,sans-serif"><span style="font-size:25px">- Puntapi&eacute;</span></span></p>

<p><span style="font-family:verdana,geneva,sans-serif"><span style="font-size:25px">- Tiral&iacute;neas</span></span></p>
]]></content>
</component>
<component _type='_compIconButton' id='iconbutton_134' x='893' y='19' width='37' height='37' alpha='1' visible='1' enabled='1' cssClass='iconCloseButton' group='-1'><event id='onClick' language='DO'><![CDATA[uiobject_set(rootSlider,"current",12)]]></event>
</component>
</components>
<animaciones>
</animaciones>
</pantalla>
<pantalla id="pantalla_139">
<event id='onPrepare' language='DO'><![CDATA[]]></event>
<event id='onShown' language='DO'><![CDATA[]]></event>
<components>
<component _type='_compRichText' id='texto_24' x='111' y='98' width='753' height='411' alpha='1' visible='1' enabled='1' scrollable='1' >
<content><![CDATA[<p><strong><span style="font-family:verdana,geneva,sans-serif"><span style="font-size:25px">&iquest;Por qu&eacute; no lleva tilde la palabra compuesta &ldquo;hojalata&rdquo;?</span></span></strong></p>

<p><span style="font-family:verdana,geneva,sans-serif"><span style="font-size:25px">La palabra compuesta &ldquo;hojalata&rdquo; no lleva tilde porque el vocablo &ldquo;lata&rdquo; no lleva tilde seg&uacute;n las leyes de acentuaci&oacute;n de la Real Academia de la Lengua Espa&ntilde;ola.&nbsp;</span></span><span style="font-family:verdana,geneva,sans-serif"><span style="font-size:25px">Estos son otros ejemplos de palabras compuestas sin tilde:</span></span></p>

<p><span style="font-family:verdana,geneva,sans-serif"><span style="font-size:25px">- Lavaplatos</span></span></p>

<p><span style="font-family:verdana,geneva,sans-serif"><span style="font-size:25px">- Sobremesa</span></span></p>

<p><span style="font-family:verdana,geneva,sans-serif"><span style="font-size:25px">- Aguafiestas</span></span></p>

<p><span style="font-family:verdana,geneva,sans-serif"><span style="font-size:25px">&nbsp;</span></span></p>
]]></content>
</component>
<component _type='_compIconButton' id='iconbutton_134' x='893' y='19' width='37' height='37' alpha='1' visible='1' enabled='1' cssClass='iconCloseButton' group='-1'><event id='onClick' language='DO'><![CDATA[uiobject_set(rootSlider,"current",16)]]></event>
</component>
</components>
<animaciones>
</animaciones>
</pantalla>
<pantalla id="pantalla_143">
<event id='onPrepare' language='DO'><![CDATA[]]></event>
<event id='onShown' language='DO'><![CDATA[]]></event>
<components>
<component _type='_compRichText' id='texto_24' x='111' y='98' width='753' height='478' alpha='1' visible='1' enabled='1' scrollable='1' >
<content><![CDATA[<p><strong><span style="font-family:verdana,geneva,sans-serif"><span style="font-size:25px">&iquest;Por qu&eacute; lleva tilde la palabra compuesta &ldquo;paraca&iacute;das&rdquo;?</span></span></strong></p>

<p><span style="font-family:verdana,geneva,sans-serif"><span style="font-size:25px">En el caso de &ldquo;paraca&iacute;das&rdquo; esta palabra compuesta s&iacute; lleva tilde pues su segundo lexema &ldquo;ca&iacute;das&rdquo; originalmente lleva tilde; este vocablo es una palabra grave con acento ortogr&aacute;fico en la pen&uacute;ltima s&iacute;laba. En este caso la vocal cerrada seguida de la vocal abierta forman un hiato, y por lo tanto dos s&iacute;labas; &ldquo;ca-&iacute;-da&rdquo;.&nbsp;</span></span><span style="font-family:verdana,geneva,sans-serif"><span style="font-size:25px">Estos son otros ejemplos de palabras compuestas con tilde:</span></span></p>

<p><span style="font-family:verdana,geneva,sans-serif"><span style="font-size:25px">- Hidroavi&oacute;n</span></span></p>

<p><span style="font-family:verdana,geneva,sans-serif"><span style="font-size:25px">- Autom&oacute;vil</span></span></p>

<p><span style="font-family:verdana,geneva,sans-serif"><span style="font-size:25px">- Balompi&eacute;</span></span></p>

<p><span style="font-family:verdana,geneva,sans-serif"><span style="font-size:25px">- Abref&aacute;cil</span></span></p>
]]></content>
</component>
<component _type='_compIconButton' id='iconbutton_134' x='893' y='19' width='37' height='37' alpha='1' visible='1' enabled='1' cssClass='iconCloseButton' group='-1'><event id='onClick' language='DO'><![CDATA[uiobject_set(rootSlider,"current",8)]]></event>
</component>
</components>
<animaciones>
</animaciones>
</pantalla>
</pantallas>
<popups>
<pantalla id="pantalla_114">
<event id='onPrepare' language='DO'><![CDATA[]]></event>
<event id='onShown' language='DO'><![CDATA[]]></event>
<components>
<component _type='_compRichText' id='texto_24' x='111' y='98' width='753' height='474' alpha='1' visible='1' enabled='1' scrollable='1' >
<content><![CDATA[<p><strong><span style="font-family:verdana,geneva,sans-serif"><span style="font-size:25px">&iquest;Por qu&eacute; no lleva tilde la palabra compuesta &ldquo;pararrayos&rdquo;?</span></span></strong></p>

<p><span style="font-family:verdana,geneva,sans-serif"><span style="font-size:25px">En el caso de las palabras compuestas, &eacute;stas llevan tilde si el segundo lexema que la compone lo lleva originalmente. La palabra &ldquo;pararrayos&rdquo; no lleva tilde porque &ldquo;rayos&rdquo; es una palabra grave que termina en &ldquo;n&rdquo; o &ldquo;s&rdquo;.&nbsp;</span></span></p>

<p><span style="font-family:verdana,geneva,sans-serif"><span style="font-size:25px">Estos son otros ejemplos de palabras compuestas sin tilde:</span></span></p>

<p><span style="font-family:verdana,geneva,sans-serif"><span style="font-size:25px">- Abrelatas</span></span></p>

<p><span style="font-family:verdana,geneva,sans-serif"><span style="font-size:25px">- Saltamontes</span></span></p>

<p><span style="font-family:verdana,geneva,sans-serif"><span style="font-size:25px">- Sordomudo</span></span></p>
]]></content>
</component>
</components>
<animaciones>
</animaciones>
</pantalla>
<pantalla id="pantalla_118">
<event id='onPrepare' language='DO'><![CDATA[]]></event>
<event id='onShown' language='DO'><![CDATA[]]></event>
<components>
<component _type='_compRichText' id='texto_24' x='111' y='98' width='753' height='499' alpha='1' visible='1' enabled='1' scrollable='1' >
<content><![CDATA[<p><strong><span style="font-family:verdana,geneva,sans-serif"><span style="font-size:25px">&iquest;Por qu&eacute; lleva tilde la palabra compuesta &ldquo;espantap&aacute;jaros&rdquo;?</span></span></strong></p>

<p><span style="font-family:verdana,geneva,sans-serif"><span style="font-size:25px">La palabra compuesta &ldquo;espantap&aacute;jaros&rdquo; lleva tilde porque su segundo lexema es &ldquo;p&aacute;jaros&rdquo; y &eacute;sta es una palabra esdr&uacute;jula que se acent&uacute;a originalmente en la antepen&uacute;ltima s&iacute;laba. Recuerda que el segundo componente o lexema de la palabra compuesta lleva tilde, esta acentuaci&oacute;n se mantiene en la palabra compuesta.&nbsp;</span></span><span style="font-family:verdana,geneva,sans-serif"><span style="font-size:25px">Estos son otros ejemplos de palabras compuestas con tilde:</span></span></p>

<p><span style="font-family:verdana,geneva,sans-serif"><span style="font-size:25px">- Portal&aacute;mparas</span></span></p>

<p><span style="font-family:verdana,geneva,sans-serif"><span style="font-size:25px">- Puntapi&eacute;</span></span></p>

<p><span style="font-family:verdana,geneva,sans-serif"><span style="font-size:25px">- Tiral&iacute;neas</span></span></p>
]]></content>
</component>
</components>
<animaciones>
</animaciones>
</pantalla>
<pantalla id="pantalla_122">
<event id='onPrepare' language='DO'><![CDATA[]]></event>
<event id='onShown' language='DO'><![CDATA[]]></event>
<components>
<component _type='_compRichText' id='texto_24' x='111' y='98' width='753' height='411' alpha='1' visible='1' enabled='1' scrollable='1' >
<content><![CDATA[<p><strong><span style="font-family:verdana,geneva,sans-serif"><span style="font-size:25px">&iquest;Por qu&eacute; no lleva tilde la palabra compuesta &ldquo;hojalata&rdquo;?</span></span></strong></p>

<p><span style="font-family:verdana,geneva,sans-serif"><span style="font-size:25px">La palabra compuesta &ldquo;hojalata&rdquo; no lleva tilde porque el vocablo &ldquo;lata&rdquo; no lleva tilde seg&uacute;n las leyes de acentuaci&oacute;n de la Real Academia de la Lengua Espa&ntilde;ola.&nbsp;</span></span><span style="font-family:verdana,geneva,sans-serif"><span style="font-size:25px">Estos son otros ejemplos de palabras compuestas sin tilde:</span></span></p>

<p><span style="font-family:verdana,geneva,sans-serif"><span style="font-size:25px">- Lavaplatos</span></span></p>

<p><span style="font-family:verdana,geneva,sans-serif"><span style="font-size:25px">- Sobremesa</span></span></p>

<p><span style="font-family:verdana,geneva,sans-serif"><span style="font-size:25px">- Aguafiestas</span></span></p>

<p><span style="font-family:verdana,geneva,sans-serif"><span style="font-size:25px">&nbsp;</span></span></p>
]]></content>
</component>
</components>
<animaciones>
</animaciones>
</pantalla>
<pantalla id="pantalla_126">
<event id='onPrepare' language='DO'><![CDATA[]]></event>
<event id='onShown' language='DO'><![CDATA[]]></event>
<components>
<component _type='_compRichText' id='texto_24' x='111' y='98' width='753' height='478' alpha='1' visible='1' enabled='1' scrollable='1' >
<content><![CDATA[<p><strong><span style="font-family:verdana,geneva,sans-serif"><span style="font-size:25px">&iquest;Por qu&eacute; lleva tilde la palabra compuesta &ldquo;paraca&iacute;das&rdquo;?</span></span></strong></p>

<p><span style="font-family:verdana,geneva,sans-serif"><span style="font-size:25px">En el caso de &ldquo;paraca&iacute;das&rdquo; esta palabra compuesta s&iacute; lleva tilde pues su segundo lexema &ldquo;ca&iacute;das&rdquo; originalmente lleva tilde; este vocablo es una palabra grave con acento ortogr&aacute;fico en la pen&uacute;ltima s&iacute;laba. En este caso la vocal cerrada seguida de la vocal abierta forman un hiato, y por lo tanto dos s&iacute;labas; &ldquo;ca-&iacute;-da&rdquo;.&nbsp;</span></span><span style="font-family:verdana,geneva,sans-serif"><span style="font-size:25px">Estos son otros ejemplos de palabras compuestas con tilde:</span></span></p>

<p><span style="font-family:verdana,geneva,sans-serif"><span style="font-size:25px">- Hidroavi&oacute;n</span></span></p>

<p><span style="font-family:verdana,geneva,sans-serif"><span style="font-size:25px">- Autom&oacute;vil</span></span></p>

<p><span style="font-family:verdana,geneva,sans-serif"><span style="font-size:25px">- Balompi&eacute;</span></span></p>

<p><span style="font-family:verdana,geneva,sans-serif"><span style="font-size:25px">- Abref&aacute;cil</span></span></p>
]]></content>
</component>
</components>
<animaciones>
</animaciones>
</pantalla>
</popups>
</engine>