﻿<?xml version="1.0" encoding="UTF-8"?>
<engine copy="Editorial Planeta" version="1" aprid="f8">
  <main title="Culturas precolombianas" bkColor="#FFFFFF" titleColor="#000000" theme="black" buttonsWidth="220" buttonsHeight="60" trans="fade">
    <default>
      <img path="LE_08_01_REC90_IMG01.jpg" x="400" y="125" width="" height="" />
    </default>
    <buttons>
      <button title="Tairona o tayrona (Siglo III)">
        <img path="LE_08_01_REC90_IMG02.jpg" x="400" y="100" width="" height="" anim="" />
      </button>
      <button title="Muisca (Siglo VII)">
        <img path="LE_08_01_REC90_IMG03.jpg" x="300" y="140" width="" height="" anim="" />
      </button>
      <button title="Sinú o zenú (Siglo II a.C.)">
        <img path="LE_08_01_REC90_IMG04arreglo(1).jpeg" x="400" y="100" width="" height="" anim="" />
      </button>
      <button title="San Agustín (Siglo X a.C.)">
        <img path="LE_08_01_REC90_IMG05.jpg" x="400" y="120" width="" height="" anim="" />
      </button>
      <button title="Quimbaya (Siglo V a.C.)">
        <img path="LE_08_01_REC90_IMG06.jpg" x="350" y="125" width="" height="" anim="" />
      </button>
      <button title="Calima (Siglo XV a.C.)">
        <img path="LE_08_01_REC90_IMG07.jpg" x="350" y="125" width="" height="" anim="" />
      </button>
    </buttons>
  </main>
  <practica actividad="" boton="Consulta" boton2="Interpreta">
    <pantalla1><![CDATA[<p>Profundiza tu conocimiento de las culturas precolombinas a partir de las siguientes preguntas:</p>

<ul>
	<li>&iquest;Qu&eacute; sabes de los kogui?</li>
	<li>Los muiscas poblaron el altiplano cundiboyacence. &iquest;Recuerdas la leyenda&nbsp;de <strong><em>El Dorado</em></strong>?</li>
	<li>&iquest;En qu&eacute; regi&oacute;n del pa&iacute;s ubicas a la cultura Sin&uacute; o Zen&uacute;? Piensa en los r&iacute;os de Colombia.&nbsp;&nbsp;</li>
</ul>
]]></pantalla1>
    <pantalla2><![CDATA[<ul>
	<li>La cultura de San Agust&iacute;n ocup&oacute; el actual departamento del Huila. Sus esculturas son un tesoro arqueol&oacute;gico de Colombia. &iquest;Consideras&nbsp; que las hac&iacute;an por su expresi&oacute;n art&iacute;stica o para sus ritos religiosos?</li>
	<li>Los Quimbayas se situaron en las riberas del r&iacute;o Cauca, en los actuales departamentos de Quind&iacute;o, Risaralda y Caldas. &iquest;Cu&aacute;l es tu posici&oacute;n sobre la creencia de la transformaci&oacute;n&nbsp;del hombre en otros animales?&nbsp;</li>
	<li>En el r&iacute;o Calima y en el r&iacute;o Cauca, departamento del Valle del Cauca, se estableci&oacute;&nbsp;la cultura Calima. &iquest;Para qu&eacute; eran destinadas sus artesan&iacute;as?</li>
</ul>
]]></pantalla2>
  </practica>
</engine>