﻿<?xml version="1.0" encoding="UTF-8"?>
<motor tipo="1" clase="d" aprid="M1d">
  <plataforma>
    <grado><![CDATA[1]]></grado>
    <titulo>Detecta los errores de uso de "h"</titulo>
    <area>5</area>
    <nivel><![CDATA[2]]></nivel>
    <referencia><![CDATA[LC_3C_13_19]]></referencia>
    <idreg><![CDATA[2294]]></idreg>
    <motor><![CDATA[M1D]]></motor>
    <lang>es</lang>
  </plataforma>
  <enunciado><![CDATA[Corrige las faltas de ortografía que hay en las frases de la izquierda.]]></enunciado>
  <masinfo inicio="0" />
  <sinaleatoriedad><![CDATA[0]]></sinaleatoriedad>
  <calc><![CDATA[0]]></calc>
  <textoatexto cantidad="8">
    <cuestion correccionSinMayusculas="1" correccionSinPuntuacion="0" correccionSinPuntuacionFinal="0">
      <pregunta><![CDATA[*Me pone de mal umor la llubia.]]></pregunta>
      <respuesta><![CDATA[Me pone de mal humor la lluvia.]]></respuesta>
    </cuestion>
    <cuestion correccionSinMayusculas="1" correccionSinPuntuacion="0" correccionSinPuntuacionFinal="0">
      <pregunta><![CDATA[*Hestá lleno de proibiciones.]]></pregunta>
      <respuesta><![CDATA[Está lleno de prohibiciones.]]></respuesta>
    </cuestion>
    <cuestion correccionSinMayusculas="1" correccionSinPuntuacion="0" correccionSinPuntuacionFinal="0">
      <pregunta><![CDATA[*Ay huellas de uesos umanos.]]></pregunta>
      <respuesta><![CDATA[Hay huellas de huesos humanos.]]></respuesta>
    </cuestion>
    <cuestion correccionSinMayusculas="1" correccionSinPuntuacion="0" correccionSinPuntuacionFinal="0">
      <pregunta><![CDATA[*¿No ueles ese holor?]]></pregunta>
      <respuesta><![CDATA[¿No hueles ese olor?]]></respuesta>
    </cuestion>
    <cuestion correccionSinMayusculas="1" correccionSinPuntuacion="0" correccionSinPuntuacionFinal="0">
      <pregunta><![CDATA[*La horfandad me da lástima.]]></pregunta>
      <respuesta><![CDATA[La orfandad me da lástima.]]></respuesta>
    </cuestion>
    <cuestion correccionSinMayusculas="1" correccionSinPuntuacion="0" correccionSinPuntuacionFinal="0">
      <pregunta><![CDATA[*¿Lo has hechado a labar?]]></pregunta>
      <respuesta><![CDATA[¿Lo has echado a lavar?]]></respuesta>
    </cuestion>
    <cuestion correccionSinMayusculas="1" correccionSinPuntuacion="0" correccionSinPuntuacionFinal="0">
      <pregunta><![CDATA[*Está erido en el hombro.]]></pregunta>
      <respuesta><![CDATA[Está herido en el hombro.]]></respuesta>
    </cuestion>
    <cuestion correccionSinMayusculas="1" correccionSinPuntuacion="0" correccionSinPuntuacionFinal="0">
      <pregunta><![CDATA[*La humanidad aún a de aprender.]]></pregunta>
      <respuesta><![CDATA[La humanidad aún ha de aprender.]]></respuesta>
    </cuestion>
  </textoatexto>
  <textofalso cantidad="0" />
</motor>