﻿<?xml version="1.0" encoding="utf-8"?><motor tipo="1" clase="b" aprid="m1b">
  <plataforma>
    <grado><![CDATA[2]]></grado>
    <titulo>Los hitos del contexto histórico de la literatura latinoamericana contemporánea</titulo>
    <area>0</area>
    <nivel>2</nivel>
    <referencia/>
    <idreg><![CDATA[0]]></idreg>
    <motor><![CDATA[M1B]]></motor>
    <lang>es</lang>
  </plataforma>
  <enunciado><![CDATA[Relaciona cada hecho histórico con el año en que tuvo lugar. ]]></enunciado>
  <masinfo inicio="0"/>
  <sinaleatoriedad><![CDATA[0]]></sinaleatoriedad>
  <calc><![CDATA[0]]></calc>
  <textoatexto cantidad="5">
    <cuestion>
      <pregunta><![CDATA[2014]]></pregunta>
      <respuesta><![CDATA[Se reestablecen las relaciones diplomáticas entre Estados Unidos y Cuba.]]></respuesta>
    </cuestion>
    <cuestion>
      <pregunta><![CDATA[1989]]></pregunta>
      <respuesta><![CDATA[Transición de Chile a la democracia con las primeras elecciones presidenciales después de la dictadura.]]></respuesta>
    </cuestion>
    <cuestion>
      <pregunta><![CDATA[9 de Septiembre de 2011]]></pregunta>
      <respuesta><![CDATA[Ataque a las Torres Gemelas en Nueva York.]]></respuesta>
    </cuestion>
    <cuestion>
      <pregunta><![CDATA[2001]]></pregunta>
      <respuesta><![CDATA[Nicaragua denunció a Colombia ante la CIJ y reclamó la soberanía de las islas San Andrés y Providencia.]]></respuesta>
    </cuestion>
    <cuestion>
      <pregunta><![CDATA[2016]]></pregunta>
      <respuesta><![CDATA[Continúan dos mujeres como presidentas en América Latina: Michelle Bachelet (Chile) y Dilma Rousseff (Brasil).]]></respuesta>
    </cuestion>
  </textoatexto>
  <textofalso cantidad="0"/>
</motor>