<?xml version='1.0' encoding='UTF-8'?><mapa aprid="mapa">
  <copyright>(c) Editorial Planeta</copyright>
  <version>1.0</version>
  <botonMapaConceptual>mostrar</botonMapaConceptual>
  <botonMapaMudo>ocultar</botonMapaMudo>
  <botonMudo>0</botonMudo>
  <objeto>
    <ref>00</ref>
    <texto>El texto prescriptivo</texto>
    <hijos>10</hijos>
    <padre/>
    <siz>0</siz>
    <negcur>000000000000000000000</negcur>
    <cen>1</cen>
    <img/>
    <audio/>
  </objeto>
  <objeto>
    <ref>10</ref>
    <texto/>
    <hijos>20,21,22,23</hijos>
    <padre>00</padre>
    <siz>14</siz>
    <negcur/>
    <cen>1</cen>
    <img/>
    <audio/>
  </objeto>
  <objeto>
    <ref>20</ref>
    <texto>Literatura</texto>
    <hijos>30</hijos>
    <padre>10</padre>
    <siz>0</siz>
    <negcur>0000000000</negcur>
    <cen>1</cen>
    <img/>
    <audio/>
  </objeto>
  <objeto>
    <ref>21</ref>
    <texto>Gramática</texto>
    <hijos>31</hijos>
    <padre>10</padre>
    <siz>0</siz>
    <negcur>000000000</negcur>
    <cen>1</cen>
    <img/>
    <audio/>
  </objeto>
  <objeto>
    <ref>22</ref>
    <texto>Ortografía</texto>
    <hijos>32</hijos>
    <padre>10</padre>
    <siz>0</siz>
    <negcur>0000000000</negcur>
    <cen>1</cen>
    <img/>
    <audio/>
  </objeto>
  <objeto>
    <ref>23</ref>
    <texto>Comprensión y
producción textual</texto>
    <hijos>33</hijos>
    <padre>10</padre>
    <siz>0</siz>
    <negcur>00000000000000000000000000000000</negcur>
    <cen>1</cen>
    <img/>
    <audio/>
  </objeto>
  <objeto>
    <ref>30</ref>
    <texto/>
    <hijos>40</hijos>
    <padre>20</padre>
    <siz>0</siz>
    <negcur/>
    <cen>1</cen>
    <img/>
    <audio/>
  </objeto>
  <objeto>
    <ref>40</ref>
    <texto>La literatura
del Romanticismo</texto>
    <hijos>50</hijos>
    <padre>30</padre>
    <siz>0</siz>
    <negcur>000000000000000000000000000000</negcur>
    <cen>1</cen>
    <img/>
    <audio/>
  </objeto>
  <objeto>
    <ref>50</ref>
    <texto>adoptó actitudes como</texto>
    <hijos>60</hijos>
    <padre>40</padre>
    <siz>0</siz>
    <negcur>000000000000000000000</negcur>
    <cen>1</cen>
    <img/>
    <audio/>
  </objeto>
  <objeto>
    <ref>60</ref>
    <texto>· la exaltación de la imaginación
 y la subjetividad
· la defensa de la libertad y 
de los princiios de la nación</texto>
    <hijos>70,71</hijos>
    <padre>50</padre>
    <siz>0</siz>
    <negcur>00000000000000000000000000000000000000000000000000000000000000000000000000000000000000000000000000000000000000000</negcur>
    <cen>0</cen>
    <img/>
    <audio/>
  </objeto>
  <objeto>
    <ref>70</ref>
    <texto>en los géneros</texto>
    <hijos>80</hijos>
    <padre>60</padre>
    <siz>0</siz>
    <negcur>00000000000000</negcur>
    <cen>1</cen>
    <img/>
    <audio/>
  </objeto>
  <objeto>
    <ref>80</ref>
    <texto>· narrativo
· lírico</texto>
    <hijos/>
    <padre>70</padre>
    <siz>0</siz>
    <negcur>00000000000000000000</negcur>
    <cen>0</cen>
    <img/>
    <audio/>
  </objeto>
  <objeto>
    <ref>71</ref>
    <texto>en obras como</texto>
    <hijos>81</hijos>
    <padre>60</padre>
    <siz>0</siz>
    <negcur>0000000000000</negcur>
    <cen>1</cen>
    <img/>
    <audio/>
  </objeto>
  <objeto>
    <ref>81</ref>
    <texto>· María de Jorge Isaacs
· Cuentos pintados de Rafael Pombo
· La Luna de Diego Fallon</texto>
    <hijos/>
    <padre>71</padre>
    <siz>0</siz>
    <negcur>001111100000000000000000001111111111111111000000000000000000011111110000000000000000</negcur>
    <cen>0</cen>
    <img/>
    <audio/>
  </objeto>
  <objeto>
    <ref>31</ref>
    <texto/>
    <hijos>41</hijos>
    <padre>21</padre>
    <siz>0</siz>
    <negcur/>
    <cen>1</cen>
    <img/>
    <audio/>
  </objeto>
  <objeto>
    <ref>41</ref>
    <texto>Las oraciones</texto>
    <hijos>51</hijos>
    <padre>31</padre>
    <siz>0</siz>
    <negcur>0000000000000</negcur>
    <cen>1</cen>
    <img/>
    <audio/>
  </objeto>
  <objeto>
    <ref>51</ref>
    <texto>pueden ser</texto>
    <hijos>61,62</hijos>
    <padre>41</padre>
    <siz>0</siz>
    <negcur>0000000000</negcur>
    <cen>1</cen>
    <img/>
    <audio/>
  </objeto>
  <objeto>
    <ref>61</ref>
    <texto>activas</texto>
    <hijos>72</hijos>
    <padre>51</padre>
    <siz>0</siz>
    <negcur>0000000</negcur>
    <cen>1</cen>
    <img/>
    <audio/>
  </objeto>
  <objeto>
    <ref>62</ref>
    <texto>pasivas</texto>
    <hijos>73</hijos>
    <padre>51</padre>
    <siz>0</siz>
    <negcur>0000000</negcur>
    <cen>1</cen>
    <img/>
    <audio/>
  </objeto>
  <objeto>
    <ref>72</ref>
    <texto>cuando tienen</texto>
    <hijos>82</hijos>
    <padre>61</padre>
    <siz>0</siz>
    <negcur>0000000000000</negcur>
    <cen>1</cen>
    <img/>
    <audio/>
  </objeto>
  <objeto>
    <ref>82</ref>
    <texto>· sujeto agente
· verbo en voz activa</texto>
    <hijos>90</hijos>
    <padre>72</padre>
    <siz>0</siz>
    <negcur>0000000000000000000000000000000000000</negcur>
    <cen>0</cen>
    <img/>
    <audio/>
  </objeto>
  <objeto>
    <ref>90</ref>
    <texto>por ejemplo</texto>
    <hijos>a0</hijos>
    <padre>82</padre>
    <siz>0</siz>
    <negcur>00000000000</negcur>
    <cen>1</cen>
    <img/>
    <audio/>
  </objeto>
  <objeto>
    <ref>a0</ref>
    <texto>· Martina repite la lección
· Tomás compra frutas y verduras</texto>
    <hijos/>
    <padre>90</padre>
    <siz>0</siz>
    <negcur>000000000011111100000000000000000000111111000000000000000000</negcur>
    <cen>0</cen>
    <img/>
    <audio/>
  </objeto>
  <objeto>
    <ref>73</ref>
    <texto>cuando tienen</texto>
    <hijos>83</hijos>
    <padre>62</padre>
    <siz>0</siz>
    <negcur>0000000000000</negcur>
    <cen>1</cen>
    <img/>
    <audio/>
  </objeto>
  <objeto>
    <ref>83</ref>
    <texto>· sujeto paciente
· verbo transitivo
en voz pasiva</texto>
    <hijos/>
    <padre>73</padre>
    <siz>0</siz>
    <negcur>00000000000000000000000000000000000000000000000000</negcur>
    <cen>0</cen>
    <img/>
    <audio/>
  </objeto>
  <objeto>
    <ref>32</ref>
    <texto/>
    <hijos>42,43</hijos>
    <padre>22</padre>
    <siz>0</siz>
    <negcur/>
    <cen>1</cen>
    <img/>
    <audio/>
  </objeto>
  <objeto>
    <ref>42</ref>
    <texto>El grafema c</texto>
    <hijos>52</hijos>
    <padre>32</padre>
    <siz>0</siz>
    <negcur>000000000001</negcur>
    <cen>1</cen>
    <img/>
    <audio/>
  </objeto>
  <objeto>
    <ref>43</ref>
    <texto>El grafema z</texto>
    <hijos>53</hijos>
    <padre>32</padre>
    <siz>0</siz>
    <negcur>000000000001</negcur>
    <cen>1</cen>
    <img/>
    <audio/>
  </objeto>
  <objeto>
    <ref>52</ref>
    <texto>se escribe en</texto>
    <hijos>63</hijos>
    <padre>42</padre>
    <siz>0</siz>
    <negcur>0000000000000</negcur>
    <cen>1</cen>
    <img/>
    <audio/>
  </objeto>
  <objeto>
    <ref>63</ref>
    <texto>· los verbos terminados en -cir, -ciar
· los diminutivos terminados en -cito, -cita
· las palabras terminadas en -ciente, -cente</texto>
    <hijos>74</hijos>
    <padre>52</padre>
    <siz>0</siz>
    <negcur>00000000000000000000000000011111111111000000000000000000000000000000000111111111111000000000000000000000000000000111111111111111</negcur>
    <cen>0</cen>
    <img/>
    <audio/>
  </objeto>
  <objeto>
    <ref>74</ref>
    <texto>por ejemplo</texto>
    <hijos>84</hijos>
    <padre>63</padre>
    <siz>0</siz>
    <negcur>00000000000</negcur>
    <cen>1</cen>
    <img/>
    <audio/>
  </objeto>
  <objeto>
    <ref>84</ref>
    <texto>· predecir, denunciar
· pececito, florecita
· reluciente, inocente</texto>
    <hijos/>
    <padre>74</padre>
    <siz>0</siz>
    <negcur>000000000000000000000000000000000000000000000000000000000000000000</negcur>
    <cen>0</cen>
    <img/>
    <audio/>
  </objeto>
  <objeto>
    <ref>53</ref>
    <texto>se escribe en palabras
con los sufijos</texto>
    <hijos>64</hijos>
    <padre>43</padre>
    <siz>0</siz>
    <negcur>00000000000000000000000000000000000000</negcur>
    <cen>1</cen>
    <img/>
    <audio/>
  </objeto>
  <objeto>
    <ref>64</ref>
    <texto>-azgo
-ez
-eza
-zuelo</texto>
    <hijos>75</hijos>
    <padre>53</padre>
    <siz>0</siz>
    <negcur>000000000000000000000</negcur>
    <cen>0</cen>
    <img/>
    <audio/>
  </objeto>
  <objeto>
    <ref>33</ref>
    <texto/>
    <hijos>44</hijos>
    <padre>23</padre>
    <siz>0</siz>
    <negcur/>
    <cen>1</cen>
    <img/>
    <audio/>
  </objeto>
  <objeto>
    <ref>44</ref>
    <texto>El texto prescriptivo</texto>
    <hijos>54</hijos>
    <padre>33</padre>
    <siz>0</siz>
    <negcur>000000000000000000000</negcur>
    <cen>1</cen>
    <img/>
    <audio/>
  </objeto>
  <objeto>
    <ref>75</ref>
    <texto>por ejemplo</texto>
    <hijos>85</hijos>
    <padre>64</padre>
    <siz>0</siz>
    <negcur>00000000000</negcur>
    <cen>1</cen>
    <img/>
    <audio/>
  </objeto>
  <objeto>
    <ref>85</ref>
    <texto>· cacicazgo
· adultez
· agudeza
· bribonzuelo
· chozuela</texto>
    <hijos/>
    <padre>75</padre>
    <siz>0</siz>
    <negcur>00000000000000000000000000000000000000000000000000000000</negcur>
    <cen>0</cen>
    <img/>
    <audio/>
  </objeto>
  <objeto>
    <ref>54</ref>
    <texto>tiene como propósito</texto>
    <hijos>65</hijos>
    <padre>44</padre>
    <siz>0</siz>
    <negcur>00000000000000000000</negcur>
    <cen>1</cen>
    <img/>
    <audio/>
  </objeto>
  <objeto>
    <ref>65</ref>
    <texto>explicar cómo llevar a cabo
una actividad o dirigir 
la acción del receptor</texto>
    <hijos>76</hijos>
    <padre>54</padre>
    <siz>0</siz>
    <negcur>000000000000000000000000000000000000000000000000000000000000000000000000000</negcur>
    <cen>1</cen>
    <img/>
    <audio/>
  </objeto>
  <objeto>
    <ref>76</ref>
    <texto>puede ser</texto>
    <hijos>86,87</hijos>
    <padre>65</padre>
    <siz>0</siz>
    <negcur>000000000</negcur>
    <cen>1</cen>
    <img/>
    <audio/>
  </objeto>
  <objeto>
    <ref>86</ref>
    <texto>normativo</texto>
    <hijos>91</hijos>
    <padre>76</padre>
    <siz>0</siz>
    <negcur>000000000</negcur>
    <cen>1</cen>
    <img/>
    <audio/>
  </objeto>
  <objeto>
    <ref>87</ref>
    <texto>instructivo</texto>
    <hijos>92</hijos>
    <padre>76</padre>
    <siz>0</siz>
    <negcur>00000000000</negcur>
    <cen>1</cen>
    <img/>
    <audio/>
  </objeto>
  <objeto>
    <ref>91</ref>
    <texto>cuando</texto>
    <hijos>a1</hijos>
    <padre>86</padre>
    <siz>0</siz>
    <negcur>000000</negcur>
    <cen>1</cen>
    <img/>
    <audio/>
  </objeto>
  <objeto>
    <ref>a1</ref>
    <texto>presenta órdenes o normas
para regir el comportamiento</texto>
    <hijos>b0</hijos>
    <padre>91</padre>
    <siz>0</siz>
    <negcur>000000000000000000000000000000000000000000000000000000</negcur>
    <cen>1</cen>
    <img/>
    <audio/>
  </objeto>
  <objeto>
    <ref>b0</ref>
    <texto>por ejemplo</texto>
    <hijos>c0</hijos>
    <padre>a1</padre>
    <siz>0</siz>
    <negcur>00000000000</negcur>
    <cen>1</cen>
    <img/>
    <audio/>
  </objeto>
  <objeto>
    <ref>c0</ref>
    <texto>· los reglamentos deportivos
· las leyes
· las normas de tránsito</texto>
    <hijos/>
    <padre>b0</padre>
    <siz>0</siz>
    <negcur>00000000000000000000000000000000000000000000000000000000000000000</negcur>
    <cen>0</cen>
    <img/>
    <audio/>
  </objeto>
  <objeto>
    <ref>92</ref>
    <texto>cuando</texto>
    <hijos>a2</hijos>
    <padre>87</padre>
    <siz>0</siz>
    <negcur>000000</negcur>
    <cen>1</cen>
    <img/>
    <audio/>
  </objeto>
  <objeto>
    <ref>a2</ref>
    <texto>ofrece indicaciones para
llevar a cabo una tarea</texto>
    <hijos>b1</hijos>
    <padre>92</padre>
    <siz>0</siz>
    <negcur>000000000000000000000000000000000000000000000000</negcur>
    <cen>1</cen>
    <img/>
    <audio/>
  </objeto>
  <objeto>
    <ref>b1</ref>
    <texto>por ejemplo</texto>
    <hijos>c1</hijos>
    <padre>a2</padre>
    <siz>0</siz>
    <negcur>00000000000</negcur>
    <cen>1</cen>
    <img/>
    <audio/>
  </objeto>
  <objeto>
    <ref>c1</ref>
    <texto>· la receta
· los manuales de uso</texto>
    <hijos/>
    <padre>b1</padre>
    <siz>0</siz>
    <negcur>000000000000000000000000000000000</negcur>
    <cen>0</cen>
    <img/>
    <audio/>
  </objeto>
</mapa>