﻿<?xml version="1.0" encoding="utf-8"?><motor tipo="3" clase="b" aprid="m3b">
  <plataforma>
    <grado><![CDATA[1]]></grado>
    <titulo>Reconoce la narrativa modernista</titulo>
    <area>0</area>
    <nivel>2</nivel>
    <referencia/>
    <idreg><![CDATA[0]]></idreg>
    <motor><![CDATA[M3B]]></motor>
    <lang>es</lang>
  </plataforma>
  <enunciado><![CDATA[Escucha los siguientes audios. Luego, relaciónalos con la característica de la narrativa modernista que les corresponda.]]></enunciado>
  <masinfo inicio="0"/>
  <sinaleatoriedad><![CDATA[0]]></sinaleatoriedad>
  <calc><![CDATA[0]]></calc>
  <textoasonido cantidad="3">
    <cuestion>
      <sonido><![CDATA[audioDummy.mp3]]></sonido>
      <respuestas>
        <respuesta valor="Humor satírico que esconde una crítica a la sociedad."/>
      </respuestas>
    </cuestion>
    <cuestion>
      <sonido><![CDATA[audioDummy.mp3]]></sonido>
      <respuestas>
        <respuesta valor="Inclinación descriptiva hacia lo exótico y lujoso."/>
      </respuestas>
    </cuestion>
    <cuestion>
      <sonido><![CDATA[audioDummy.mp3]]></sonido>
      <respuestas>
        <respuesta valor="Desencanto ante la sociedad, particularmente la burguesía.&#xD;"/>
      </respuestas>
    </cuestion>
  </textoasonido>
</motor>