﻿<?xml version="1.0" encoding="UTF-8"?>
<?xml-stylesheet href="cuadernoestudio/dtd/libro.xslt" type="text/xsl"?>
<!--Arbortext, Inc., 1988-2013, v.4002-->
<!DOCTYPE libro SYSTEM "cuadernoestudio/dtd/libro.dtd">
<?Pub Inc?>
<libro id="LE_09_07_CO">
<libroTitulo>La columna de opinión</libroTitulo>
<seccion1 id="S1_LE_09_07_CO_B7BFA82DDE14479580EC08D9EADE1EC7">
<seccion1Titulo>Lectura: la columna de opinión</seccion1Titulo>
<seccion1Texto>
<p>¿Qué oficio tiene quien escribe columnas? ¿Por qué el público quisiera
conocer la opinión de alguien sobre un tema? ¿Qué elementos debes
tener en cuenta para opinar sobre un tema y que tu opinión sea escuchada?</p>
<imagen src="LE_09_07_CO_IMG01_small.jpg">
<p>Además de la escritura, ¿con qué complementa su oficio el personaje
de la fotografía?</p>
</imagen>
<destacado><destacadoTitulo>Petronio Álvarez</destacadoTitulo>
<destacadoTexto>
<p>En esta columna se percibe la combinación de información y opinión
que caracterizan a este género periodístico. Si bien, por un lado
se cuenta lo que ocurre en el Festival Petronio Álvarez, también se
aprovecha la oportunidad para manifestar algunas de las falencias
de la cultura en la región del Pacífico, que tan prolífica resulta,
sobre todo, en términos musicales. </p>
</destacadoTexto></destacado>
<p><negrita>Lectura: Petronio Álvarez</negrita> </p>
<p>Femi Kuti dice que “... la música no puede ser solo para entretenimiento,
sino que tiene que ser una revolución social”. Así mismo, Marimba
Ani expresa: “... para nosotros la cultura es nuestro sistema inmunológico”,
y esto explica el fenómeno del Festival Petronio Álvarez, donde más
de 600 000 personas se dan cita durante cinco días para reiterar la
fuerza de las músicas del Pacífico.</p>
<p>No es casualidad que las primeras expresiones musicales colombianas
declaradas por la Unesco como patrimonio inmaterial de la humanidad
hayan sido tanto las músicas de marimba y los cantos del Pacífico
sur, como el San Pacho y la chirimía. Aunque existan formatos similares
en Asia, África o América Latina, la vitalidad de cientos de escuelas
y procesos de esta ruta o territorio sonoro es única. Este festival
como la cita anual es la evidencia de una revolución pacífica musical
que permite resistir, enfrentar las complejidades y, sin duda, es
la base que hay que multiplicar para aliviar muchas enfermedades.</p>
<p>Carlinhos Brown, el invitado internacional del festival, después
de improvisar un toque de marimba con los músicos de la Fundación
Changó de Tumaco (ganadores en varias ediciones del Festival y un
proceso modelo de formación musical comunitario) quedó maravillado
por su calidad y fuerza. Él, como uno de los músicos más importantes
del mundo, expresó que el Petronio era un festival de la ancestralidad
y que no había visto un evento así, en el cual se dieran cita más
de 100 000 personas cada noche para escuchar un aguabajo, un currulao,
un arrullo, un bunde, que además no circulan en los medios de comunicación,
sin duda es un fenómeno cultural global. Ese es parte del potencial
del festival, si hay mayor visibilidad y circulación: convertirse
en un referente global para los artistas y el público que quiera disfrutar
de la vitalidad de la diáspora africana en América Latina. (…)</p>
<p>(…) Muy acertado el apoyo de Arroz Blanquita para generar una muestra
de lujo con más de 100 cocineros y cocineras de la región, que tuvieron
la visibilidad y la dignidad con la mejor presentación, sin intermediarios.
El festival muestra lo que pasa cuando se valora y se abre espacio
a la diversidad con respeto y dignidad, y se disfruta de ella.</p>
<p>Si bien el festival va por un excelente camino y hay que felicitar
a quienes lo hacen posible, bajo el liderazgo de la Alcaldía de Cali,
siempre queda la pregunta sobre qué pasa después.</p>
<p>Primero, necesitamos que la música del Pacífico circule a nivel
nacional todo el año. De igual forma, se necesita que las alcaldías,
gobernaciones y las instancias nacionales responsables contribuyan
cada día más a que las escuelas de música locales no cierren; de las
14 escuelas municipales de marimba en el Pacífico sur solo quedan
cinco operando. Se necesita pagarles a los profesores, fortalecer
las dotaciones de instrumentos y generar los incentivos.</p>
<p>Si bien el Pacífico ha sido, por su historia, una cultura de la
supervivencia que ha beneficiado al país de su riqueza ambiental y
cultural, no puede ser que sus sistemas culturales sigan siendo símbolo
de la precariedad. En eso está la revolución: en generar condiciones
dignas para que los músicos no solo nos deleiten, sino que sean referentes
y símbolos de bienestar para sus comunidades. Esa debería ser una
de las primeras estrategias de defensa y construcción de paz territorial,
fortalecer lo positivo y ampliarlo; sin duda, en el caso del Pacífico,
la música es el primer lenguaje de desarme y estrategia de reconstrucción
del tejido social.</p>
<p>Paula Moreno. <cursiva>Petronio Álvarez. El Tiempo.</cursiva></p>
<p>www.eltiempo.com/opinion/columnistas/petronio-alvarez-paula-moreno-columnista-el-tiempo/16273223</p>
<p><negrita>¿Qué sabes del tema?</negrita></p>
<p>Responde las siguientes preguntas a propósito de la lectura <cursiva
>Petronio Álvarez</cursiva>  de Paula Moreno.</p>
<listaSinNumerar>
<listaElemento>¿Qué importancia tienen la cultura y la música en el
desarrollo de la sociedad?</listaElemento>
<listaElemento>¿Hay oraciones compuestas en la columna?</listaElemento>
<listaElemento>¿Encuentras algunas palabras compuestas en el texto?
Escribe tres de ellas.</listaElemento>
<listaElemento>¿Qué reglas ortográficas se aplican en su escritura?</listaElemento>
<listaElemento>Identifica la tesis central, algunos argumentos y la
conclusión de la columna. Coméntalos con tus compañeros.</listaElemento>
<listaElemento>¿Qué otro título le darías a esta columna?</listaElemento>
<listaElemento>¿Cuál es la estructura de una columna de opinión?</listaElemento>
</listaSinNumerar>
<practica>
<enlace
destino="/LoIdRedirect.aspx?LoId=LE_09_07_CO_Recurso010&amp;IdRecurso=RES-962ABFC06E724FC28EB743AFF9311D17"
>Las partes de una columna de opinión</enlace>
<enlace
destino="/LoIdRedirect.aspx?LoId=LE_09_07_CO_Recurso020&amp;IdRecurso=RES-6D23139BF21C485C8AB2D2B335AA08BA"
>Gramática: el análisis de la oración compuesta</enlace>
<enlace
destino="/LoIdRedirect.aspx?LoId=LE_09_07_CO_Recurso030&amp;IdRecurso=RES-E03B9B4B8CAE4493809016E95861A83C"
>Ortografía: el acento en las palabras compuestas</enlace>
<enlace
destino="/LoIdRedirect.aspx?LoId=LE_09_07_CO_Recurso040&amp;IdRecurso=RES-615ACB76B9424C84902D1D2E05F1BD6E"
>La estructura y las características de la columna de opinión</enlace>
<enlace
destino="/LoIdRedirect.aspx?LoId=LE_09_07_CO_Recurso050&amp;IdRecurso=RES-7FDC104DD29746B398F3C3494250463F"
>Comprensión textual: la columna de opinión</enlace>
<enlace
destino="/LoIdRedirect.aspx?LoId=LE_09_07_CO_Recurso060&amp;IdRecurso=RES-F629BF9BE0B448999F56F394D075BD51"
>Ortografía: la tilde en las palabras compuestas</enlace>
</practica></seccion1Texto></seccion1><seccion1
id="S1_LE_09_07_CO_4DE6C5D3B1F943E594D6CCC4501C70A5">
<seccion1Titulo>La literatura del <cursiva>boom</cursiva> latinoamericano</seccion1Titulo>
<seccion1Texto>
<p>¿De qué modo cambia el resultado de tu esfuerzo cuando trabajas
bajo presión? ¿Crees factible que el trabajo bajo presión tenga resultados
favorables o, por el contrario, sientes que es posible que en todas
las circunstancias tengas siempre resultados adversos a lo esperado?
¿De qué manera han influido las dictaduras latinoamericanas de derecha
y de izquierda que tomaron el control de Latinoamérica durante la
segunda mitad del siglo XX en la escritura latinoamericana? ¿Consideras
que el español tiene una mayor riqueza si se conserva su versión más
“pura”, que es la que corresponde con sus orígenes a la de la Castilla
medieval o debe valorarse, por el contrario, la diversidad que llevó
los usos latinoamericanos del lenguaje a la lengua? </p>
<p>La literatura del <cursiva>boom</cursiva> está enmarcada en un <negrita
>fenómeno editorial</negrita> que tuvo sus inicios en España. Sin
embargo, su desarrollo creativo correspondió a escritores que, incluso
a pesar de haberse trasladado a uno u otro lugar del globo, nacieron
en países de Latinoamérica y del Caribe. Curiosamente, con los procesos
de movilización de ciertos autores a Europa poco a poco se fue formando
un fenómeno editorial y de escritura latinoamericana que transformó
la historia de los imaginarios en todo el continente.</p>
<profundiza>
<enlace
destino="/LoIdRedirect.aspx?LoId=LE_09_07_CO_Recurso070&amp;IdRecurso=RES-AB83A31A6F864534B0A31370E26802FC"
>La narrativa del boom latinoamericano</enlace>
</profundiza><seccion2
id="S2_LE_09_07_CO_799471F8271C45D5A6DCAD146A747CE2">
<seccion2Titulo>Los contextos histórico, social y cultural del <cursiva
>boom</cursiva> latinoamericano</seccion2Titulo>
<seccion2Texto>
<p>El peso histórico de las ficciones y de las realidades del Caribe
llevó a la aparición de nuevas propuestas de escritura en las que,
ocasionalmente, tuvieron lugar diversos procesos de <negrita>antropofagia
crítica o literaria</negrita>. Tal como lo anunció De Andrade en su
manifiesto, con el tiempo se desarrollaron procesos de consumo de
literatura, cultura e incluso de ciertos hábitos relevantes a lo largo
y ancho de las Américas. La Vanguardia Antropófaga tuvo como principal
eje al Manifiesto Antropófago, texto escrito y publicado por Oswald
de Andrade. El documento demostraba las amplias posibilidades que
le ofrecía al continente las herencias de la Colonia y de los procesos
poscoloniales que tuvieron lugar con el paso de los años. En particular
vale la pena recapitular el inicio del manifiesto: </p>
<p>Solo la Antropofagia nos une. Socialmente. Económicamente. Filosóficamente. </p>
<p>Única ley del mundo. Expresión enmascarada de todos los individualismos,
de todos los colectivismos. De todas las religiones. De todos los
tratados de paz.</p>
<p>Tupi, or not tupi, that is the question.</p>
<p>Contra todas las catequesis. Y contra la madre de los Gracos.</p>
<p>Solo me interesa lo que no es mío. Ley del hombre. Ley del antropófago.</p>
<p>Estamos cansados de todos los maridos católicos sospechosos en
situación dramática.</p>
<p>Freud puso fin al enigma mujer y a otros temores de la sicología
impresa.</p>
<p>Lo que obstaculizaba la verdad era la ropa, el impermeable entre
el mundo interior y el mundo exterior. La reacción en contra del hombre
vestido. El cine americano informará. Hijos del sol, madre de los
vivientes. Encontrados y amados ferozmente, con toda la hipocresía
de la nostalgia, por los inmigrados, por los traficados y por los
turistas. En el país de la gran serpiente.</p>
<p>Oswald de Andrade. <cursiva>Manifiesto Antropófago</cursiva>.</p>
<p>Desde una postura caracterizada por una ironía evidente, De Andrade
pone en evidencia el peso que corresponde a la influencia de Occidente.
Dicha influencia se nota en las alternancias del lenguaje, las citas
de Freud y las contradicciones propias del pensamiento formal. El
anticlericalismo que se esboza en el texto también remite a las características
más básicas del pensamiento eurocéntrico que tuvo algunas de sus bases
en Francia. No sobre recordar, con todo, que se trata de un conjunto
de imágenes e ideas enmarcadas en un contexto literario que tiende
hacia el empoderamiento textual de América Latina; pero en la misma
medida se trata de trabajos de ficción que tuvieron múltiples interpretaciones
en los diversos imaginarios de América Latina.</p>
<imagen src="LE_09_07_CO_IMG02_small.jpg">
<p>Una de las principales exponentes de la corriente antropófaga del
siglo XX de Brasil es Tarsila do Amaral. Dicha vanguardia alcanzó
tal popularidad que se transformó en un componente crucial de la identidad
literaria de América Latina. </p>
</imagen>
<seccion3 id="S3_LE_09_07_CO_1C1DD40FCA9F41FCA9FEBBA11A775341">
<seccion3Titulo>El contexto histórico </seccion3Titulo>
<seccion3Texto>
<p>La <negrita>Guerra Fría</negrita> enmarca el desarrollo de un conjunto
de procesos de toma de conciencia que, a pesar de la distancia, tuvieron
un desarrollo relativamente afortunado para los dos contendores. Esta
envolvió a las que en ese momento eran las principales potencias de
las disputas y los aconteceres globales.</p>
<p>La disputa política entre Rusia y Estados Unidos tuvo en primer
lugar como ejes campos tales como la publicidad, las telecomunicaciones
e imágenes en general concernientes al consumo masivo. Sin embargo,
el conflicto se resolvió rápida y eficazmente gracias a la llegada
a un acuerdo entre Mijaíl Gorbachov, presidente de la Unión Soviética
en la época, y el presidente norteamericano del momento, Ronald Reagan.</p>
<p>Del lado de América Latina el momento histórico es notable por
la aparición de <negrita>dictaduras de izquierda</negrita> y <negrita
>de derecha</negrita> que afectaron en grados diversos a todos los
países del continente. En ese sentido, es fundamental reconocer las
diferencias que había con Colombia.</p>
<p>Al mismo tiempo que comenzó a desarrollarse el <cursiva>boom</cursiva
>, Colombia empezó a hundirse en un conflicto tan prolongado, agresivo
y doloroso como lo fue la <cursiva>Violencia</cursiva>. Sin embargo,
no puede desestimarse el hecho de que aquella fue la época de mayor
florecimiento de la Política del Buen Vecino: lazo que unió a Estados
Unidos y a Colombia entre otros países. En consecuencia Colombia resultó
aislada ideológicamente de sus vecinos, pero su economía empezó a
construirse como una de las más estables del continente. </p><?Pub
Caret 160?>
<practica>
<enlace
destino="/LoIdRedirect.aspx?LoId=LE_09_07_CO_Recurso080&amp;IdRecurso=RES-D68D0476ECE44DAB9E22FFD3F96F6069"
>El mundo durante el boom latinoamericano</enlace>
</practica></seccion3Texto></seccion3><seccion3
id="S3_LE_09_07_CO_0F18622AAEDF4156B9568266AF5B8215">
<seccion3Titulo>El contexto social </seccion3Titulo>
<seccion3Texto>
<p>El <cursiva>boom</cursiva> integró un momento social de profunda
agitación que fue estimulada por dos circunstancias peculiares. Por
una parte, la absorción directa de los hechos que en el momento tuvieron
lugar en Rusia y en Estados Unidos llevó al establecimiento de ideales
sociales descontextualizados. Así, en el caso colombiano surgieron
ejércitos de operación privada que más adelante tendrían su contraparte
en la aparición de guerrillas cuyos principios se basaron en ideales
marxistas. La absorción de estos no fue más afortunada.</p>
<p>Por otra parte, las herencias de las vanguardias que se comprometían
con ciertos ideales forjaron una cierta militancia de parte de los
escritores que, a pesar de mantener en la mayoría de casos una distancia
prudencial de los ejes ideológicos de cada movimiento, fueron capaces
de recibir las influencias y de agruparse de un modo coherente. Así,
vanguardias como el Surrealismo, el Maquinismo, el Costumbrismo, el
Ultraísmo y el Indigenismo informaron y aportaron a las bases del
movimiento.</p>
<p>De ese modo, una vanguardia como el Surrealismo influenció la obra
del colombiano <negrita>Gabriel García Márquez</negrita>. Sin embargo,
otras como el Indigenismo y el Anarquismo influenciaron en su tránsito
por Europa a escritores que acogieron y difundieron sus ideales, de
forma que se amoldaron a los contextos sociales. </p>
<destacado><destacadoTitulo>¿Qué aspectos de las vanguardias puede
ser importante recordar para el estudio del <cursiva>boom</cursiva
> latinoamericano?</destacadoTitulo><destacadoTexto>
<p>La producción colonial fue un importante hito en la historia y
la cultura de las Américas. Por una parte, es destacable el lugar
que ocuparon en su momento concepciones barrocas de las artes y la
cultura. Por otra, es fundamental el rol que tuvieron en su momento
autores de aquella época caracterizados por su misticismo y, por otro,
autores indígenas. </p>
<p>Cabe recordar en ese sentido a un autor de la profundidad de Guamán
Poma de Ayala: su aporte fue fundamental para la filosofía y para
la historia de muchas naciones latinoamericanas.</p>
</destacadoTexto></destacado>
<p>En suma, de la mano del fenómeno editorial, la influencia de las
agrupaciones vanguardistas propició el surgimiento de círculos de
lectura en Latinoamérica que se integraron al entorno social. Sin
embargo, aquello conformó las excepciones y no las reglas, pues en
la mayoría de los casos el grueso de los lectores correspondió con
élites privilegiadas en América y Europa.</p>
<p>Un autor como Elías Castelnuovo serviría como eje de condensación
de buena parte de la idiosincrasia de muchos de los autores del boom,
como lo fueron las inclinaciones hacia ideales de justicia social
y la creación colectiva. La afinidad política con los ideales libertarios,
al igual que una profunda conciencia de grupo, marcaría el desarrollo
social y cultural de la época. En suma, el fenómeno editorial y comercial
que es eje de la discusión se ligó, curiosamente, con una conciencia
de grupo que se extendió de autores a lectores.</p>
</seccion3Texto></seccion3><seccion3
id="S3_LE_09_07_CO_0F18622AAEDF4156B9568266AF5B8314">
<seccion3Titulo>El contexto cultural</seccion3Titulo>
<seccion3Texto>
<p>El contexto cultural del <cursiva>boom</cursiva> y su desarrollo
estuvo marcado por la relación editorial que se estableció entre los
autores latinoamericanos y editoriales como Seix Barral, que se situaban
en España. El vínculo que se tejió entre ambos dio luces para el desarrollo
de una literatura en la que repentinamente y por primera vez se daba
un consumo cultural de gran alcance, que se originaba en las Américas.
De ahí la imagen del estallido y la formulación de un público lector
más amplio.</p>
<p>En 1982 Rafael Gutiérrez Jiménez puso en evidencia de qué modo
la difícil situación y los bajos índices de lectura literaria en América
no se debieron a circunstancias ligadas a la raza ni la lengua. Por
el contrario, el eje del problema se situó en el tema de la comercialización
de los libros.</p>
<destacado><destacadoTitulo>¿Qué otros aspectos del desarrollo cultural
de las editoriales de España y las Américas son relevantes para la
adecuada comprensión del <cursiva>boom</cursiva>?</destacadoTitulo>
<destacadoTexto>
<p>Es relevante la diversidad de orígenes culturales y la abrumadora
cantidad de referentes que poblaron el desarrollo del <cursiva>boom</cursiva
>. Así pues, la corriente denominada <negrita>Realismo Mágico</negrita
>, que tuvo como principal referente al colombiano Gabriel García
Márquez, también tuvo entre sus influencias al Barroco hispanoamericano
y la tradición cultural de la costa Atlántica colombiana. Sin embargo,
verbigracia García Márquez contaba con otros referentes que provenían
de lugares tan distantes como Estados Unidos. Tal fue el caso del
norteamericano modernista William Faulkner, quien fue una de las influencias
que adoptó el colombiano.</p>
</destacadoTexto></destacado>
<p>Incluso, por primera vez se organizó entre los autores peninsulares
la concepción de que la escritura de las Américas tenía un valor singular
que podía ser provechoso para las empresas editoriales del Viejo Continente.
El eje del potencial de este desarrollo se sitúo en Barcelona, y no
en la capital de España. La figura que conformó Carlos Barral en ese
sentido, nutrió y aumentó el peso de los procesos intelectuales que
se dieron entre América y España. </p>
<p>Si bien Barral ofrecía a los autores amplios beneficios en cuanto
a las ganancias, la intervención de otros intermediarios hizo un tanto
más complejos los procesos de retribución que correspondían a los
escritores. De modo similar, la atribución de los premios de Biblioteca
Breve y su estrategia de alternar a autores procedentes de España
con autores de diversas partes de Hispanoamérica dio como resultado
el surgimiento de autores cada vez más talentosos y compatibles con
el desarrollo de la historia. </p>
</seccion3Texto></seccion3></seccion2Texto></seccion2><seccion2
id="S2_LE_09_07_CO_F147435FD7EE4B9FBC78F008E1AAA98B">
<seccion2Titulo>Los géneros, las obras y los autores de la literatura
del boom latinoamericano</seccion2Titulo>
<seccion2Texto>
<p>Sin lugar a dudas el género literario más importante del boom fue
la narrativa. Las industrias editoriales dieron prelación a este tipo
de inventiva que, entre otras cosas, era la ideal para el desarrollo
de proyectos editoriales de gran envergadura. Sin embargo, algunos
autores se destacaron por su creatividad en otros géneros como lo
eran la poesía y el ensayo.</p>
<p>En ese sentido el peruano <negrita>Mario Vargas Llosa</negrita
> fue un eslabón fundamental del complejo andamiaje que dio forma
y sentido al <cursiva>boom</cursiva> latinoamericano. El ser acreedor
del premio de Biblioteca Breve con la obra <cursiva>La ciudad y los
perros</cursiva> lo llevó a tener un lugar representativo en la literatura
latinoamericana. La línea narrativa de esta novela muestra desde el
comienzo una dura crítica a las instituciones educativas militares
peruanas. A ello se une una mirada igualmente irritada hacia la sordidez
de un mundo desorientado moralmente. La yuxtaposición de los planos
temporales y la enumeración caótica barroquista aumentan la sensación
de caos. Esto además lo haría digno de recibir un premio tan importante
como el Nobel en 2010.</p>
<imagen src="LE_09_07_CO_IMG03_small.jpg">
<p>Mario Vargas Llosa es uno de los mayores y más prolíficos autores
contemporáneos hispanoamericanos. En 1993 obtuvo la nacionalidad española
y es miembro de la Real Academia Española desde 1996. Ha sido galardonado
con numerosos premios: Príncipe de Asturias en 1986, Cervantes en
1994, Internacional Menéndez Pelayo en 1999, Nobel en 2010. Interesado
en la vida política, en 1987 fundó el Movimiento Libertad. La coalición
conservadora Frente Democrático lo presentó como candidato a la presidencia
de la República en las elecciones de 1990, en las que fue derrotado.</p>
</imagen>
<p>Sin embargo, el autor no es una excepción sino que integra la regla
de los grandes narradores que componen la compleja agrupación de autores
esenciales del boom latinoamericano. Es así como surgen nombres provenientes
de otras latitudes como es el caso de los mexicanos Carlos Fuentes
y Juan Rulfo. Así, se hace evidente la exitosa estrategia editorial
de agrupar autores de múltiples índoles, orígenes y características,
y de organizarlos en una sola estruendosa agrupación, como lo es el <cursiva
>boom</cursiva> latinoamericano.</p>
<destacado><destacadoTitulo>¿Por qué es relevante la situación geográfica
de cada uno de los autores para comprender el <cursiva>boom</cursiva
> latinoamericano?</destacadoTitulo><destacadoTexto>
<p>Son fundamentales los aportes de autores que se situaron en regiones
que colindaban con el mar, tanto el Atlántico como el Caribe. Tal
fue el caso de escritores como Gabriel García Márquez, Alejandro Carpentier
y José Lezama Lima.  García Márquez, con su realismo mágico, y Carpentier
y Lezama Lima con lo real maravilloso, establecieron raseros para
la comprensión de la tropicalidad latinoamericana. Cada uno, vale
la pena recordarlo, se vinculó con influencias distópicas: vertientes
que no se ajustan en los términos del “lugar” a los espacios en que
se originó la ficción. Sin embargo, estas ficciones originaron imágenes
consistentes del territorio hacia el futuro. En otras palabras, determinadas
ficciones originaron realidades que se extienden hasta nuestra época.
Así pues, la carnavalización de la cultura latinoamericana se relacionó
ampliamente con la producción cultural del boom latinoamericano.</p>
</destacadoTexto></destacado><seccion3
id="S3_LE_09_07_CO_EA4D60A96FFA4A42843C26940DDFDB40">
<seccion3Titulo>La narrativa</seccion3Titulo>
<seccion3Texto>
<p>La narrativa del <cursiva>boom</cursiva> no tuvo un rasgo formal
común que llenara todas sus manifestaciones. Por el contrario, se
trató de una forma de escritura destacada por una prolija diversidad
en cuanto a los temas. Sin embargo, sí se notó una clara inclinación
hacia formas narrativas que explotaban la imaginación del lector y
que lo comprometían con modelos narrativos también vinculados con
la necesidad de un <cursiva>efecto</cursiva> bien definido.</p>
<p>A continuación podrás revisar un fragmento de la obra <cursiva
>La casa tomada</cursiva> del argentino <negrita>Julio Cortázar</negrita
>:</p>
<p>Nos gustaba la casa porque aparte de espaciosa y antigua (hoy que
las casas antiguas sucumben a la más ventajosa liquidación de sus
materiales) guardaba los recuerdos de nuestros bisabuelos, el abuelo
paterno, nuestros padres y toda la infancia.</p>
<p>Nos habituamos Irene y yo a persistir solos en ella, lo que era
una locura pues en esa casa podían vivir ocho personas sin estorbarse.
Hacíamos la limpieza por la mañana, levantándonos a las siete, y a
eso de las once yo le dejaba a Irene las últimas habitaciones por
repasar y me iba a la cocina. Almorzábamos al mediodía, siempre puntuales;
ya no quedaba nada por hacer fuera de unos platos sucios. Nos resultaba
grato almorzar pensando en la casa profunda y silenciosa y cómo nos
bastábamos para mantenerla limpia. A veces llegábamos a creer que
era ella la que no nos dejó casarnos. Irene rechazó dos pretendientes
sin mayor motivo, a mí se me murió María Esther antes que llegáramos
a comprometernos. Entramos en los cuarenta años con la inexpresiva
idea de que el nuestro, simple y silencioso matrimonio de hermanos,
era necesaria clausura de la genealogía asentada por nuestros bisabuelos
en nuestra casa. Nos moriríamos allí algún día, vagos y esquivos primos
se quedarían con la casa y la echarían al suelo para enriquecerse
con el terreno y los ladrillos; o mejor, nosotros mismos la voltearíamos
justicieramente antes de que fuese demasiado tarde.</p>
<p>Irene era una chica nacida para no molestar a nadie. Aparte de
su actividad matinal se pasaba el resto del día tejiendo en el sofá
de su dormitorio. No sé por qué tejía tanto, yo creo que las mujeres
tejen cuando han encontrado en esa labor el gran pretexto para no
hacer nada. Irene no era así, tejía cosas siempre necesarias, tricotas
para el invierno, medias para mí, mañanitas y chalecos para ella.
A veces tejía un chaleco y después lo destejía en un momento porque
algo no le agradaba; era gracioso ver en la canastilla el montón de
lana encrespada resistiéndose a perder su forma de algunas horas.
Los sábados iba yo al centro a comprarle lana; Irene tenía fe en mi
gusto, se complacía con los colores y nunca tuve que devolver madejas.
Yo aprovechaba esas salidas para dar una vuelta por las librerías
y preguntar vanamente si había novedades en literatura francesa. Desde
1939 no llegaba nada valioso a la Argentina.</p>
<p>En el texto se pone en evidencia el sello personal de Cortázar.
De este autor son muy recordadas las <cursiva>“Instrucciones para”</cursiva
>, textos que no tienen una vinculación patente con temas políticos
pero que denotan una cierta ironía que se relaciona con el peso político
de la escritura del argentino. Es que la escritura de Cortázar, al
igual que la de Edgar Alan Poe, se caracterizó por haber sido construida
en torno a una noción de efecto única y que simultáneamente se ajustaba
a los cánones de consumo que ya se habían consolidado en Hispanoamérica
y Europa. </p>
<p>La ideología revolucionaria del autor se reflejó tanto en la temática
como en la construcción de sus novelas. Su obra constituyó un hito
en la renovación de las técnicas narrativas y en la concepción de
la novela. Su novela más relevante fue <cursiva>Rayuela</cursiva> (1963),
que presentaba una estructura fragmentada de capítulos <cursiva>prescindibles</cursiva
> e <cursiva>imprescindibles</cursiva> en los que dio protagonismo
al lector activo, que podía elegir el orden en que leía la novela.
París y Buenos Aires, el tiempo y el jazz son los puntos de referencia
de la obra.</p>
<p>En síntesis, es posible afirmar que la convergencia de influencias
que se nota en autores como Cortázar coincide con un gesto final de
vinculación con un orden de creación abiertamente anglosajón. En ese
sentido, la propiedad con que las teorías del mismo Cortázar se vinculan
con las del escritor norteamericano Edgar Allan Poe, quien suscribió
en su momento teorías que dieron orden a escrituras creativas que
correspondieron, más que a la concepción de la narración en general,
al cuento.</p>
<practica>
<enlace
destino="/LoIdRedirect.aspx?LoId=LE_09_07_CO_Recurso100&amp;IdRecurso=RES-48283E2C2E0441E8A2EEB354EB9A7F3B"
>El nuevo Realismo en la narrativa latinoamericana</enlace>
</practica></seccion3Texto></seccion3><seccion3
id="S3_LE_09_07_CO_1C8518CA09B446BC9247F457AC20DCF9">
<seccion3Titulo>La poesía</seccion3Titulo>
<seccion3Texto>
<p>Los autores de poesía del <cursiva>boom</cursiva> latinoamericano
fueron los mismos que los de narrativa de la época. En ese sentido,
las grandes obras de poesía de la época no fueron la especialidad
de los autores del <cursiva>boom</cursiva>. Habría que recordar, por
el contrario, a autores reconocidos por sus obras de acuerdo con los
trabajos que desarrollaron en otras épocas. Tal sería el caso de <negrita
>Jorge Luis Borges</negrita>, autor del poema <cursiva>La lluvia</cursiva
>:</p>
<p>Bruscamente la tarde se ha aclarado </p>
<p>Porque ya cae la lluvia minuciosa. </p>
<p>Cae o cayó. La lluvia es una cosa </p>
<p>Que sin duda sucede en el pasado. </p>
<p>Quien la oye caer ha recobrado </p>
<p>El tiempo en que la suerte venturosa </p>
<p>Le reveló una flor llamada rosa </p>
<p>Y el curioso color del colorado. </p>
<p>Esta lluvia que ciega los cristales </p>
<p>Alegrará en perdidos arrabales </p>
<p>Las negras uvas de una parra en cierto </p>
<p>Patio que ya no existe. La mojada </p>
<p>Tarde me trae la voz, la voz deseada, </p>
<p>De mi padre que vuelve y que no ha muerto.</p>
<p>Prolijo en referentes, el texto de Borges es sin duda precedente
de un texto tan rico como el <cursiva>Monólogo de Isabel viendo llover
en Macondo</cursiva>. En él se muestra el cuidado estético que más
adelante habría de verse en los textos de otros autores, como el colombiano
Gabriel García Márquez, de quien se destacan esfuerzos notables en
la narrativa como el que se nota en el texto citado anteriormente.</p>
<practica>
<enlace
destino="/LoIdRedirect.aspx?LoId=LE_09_07_CO_Recurso110&amp;IdRecurso=RES-203B3B594C0B4E809D11B517F82E6474"
>La poesía después de las vanguardias</enlace>
</practica>
<p>Sin embargo hay en el <cursiva>boom</cursiva> un cuidado en cuanto
a lo formal, un despliegue narrativo y un desarrollo original y constante
que trasciende los límites que un ultraísta de la talla de Borges
habría originado. Se trataría en el caso del colombiano, no de una
obra mejor, sino de una de las primeras que aglutinaría también el
drama y el inicio de la conciencia del mundo del autor.</p>
<profundiza>
<enlace
destino="/LoIdRedirect.aspx?LoId=LE_09_07_CO_Recurso120&amp;IdRecurso=RES-764A12E4863845E9B9AEE80948B47EEB"
>La expresiones literarias del boom latinoamericano</enlace>
</profundiza></seccion3Texto></seccion3><seccion3
id="S3_LE_09_07_CO_1C8518CA09B446BC9247F457AC20DEF8">
<seccion3Titulo>El teatro</seccion3Titulo>
<seccion3Texto>
<p>De modo similar a la poesía, la dramaturgia fue un tipo de literatura
que obtuvo escasa difusión durante la época de mayor auge del movimiento.
En consonancia hubo una profunda inclinación a disminuir y, hasta
cierto punto, desconocer el peso de la creación cultural que giró
en torno al drama. </p>
<p>Sin embargo, resulta fundamental tener en cuenta que los trabajos
narrativos del <cursiva>boom</cursiva> tuvieron suficiente peso para
transformarse en adaptaciones al teatro incluso en nuestra época.
El caso del Nobel, <negrita>Gabriel García Márquez</negrita>, solo
sería uno de los varios ejemplos que hay de los grandes trabajos de
ficción que han sido adaptados a su recreación en formatos teatrales.</p>
<p>Son bien conocidas las adaptaciones de obras de la talla de <cursiva
>La increíble y triste historia de la Cándida Eréndira y de su abuela
desalmada</cursiva>, trabajo narrativo que se prestaba desde su origen
a su adaptación al teatro pues guardaba una profunda intertextualidad
con los dramas de Eurípides.</p>
<p><negrita>Mario Vargas Llosa</negrita>, por su parte, fue uno de
los autores cuyas obras fueron llevadas al teatro. En ese sentido
narrativas como <cursiva>Ojos bonitos, cuadros feos</cursiva> y otras
como <cursiva>Odiseo y Penélope</cursiva>, fueron adaptadas al teatro
teniendo como actor principal, incluso, al mismo autor.</p>
<recuerda><recuerdaTexto>
<p>El estudio del teatro es un trabajo que propende nociones claves
de lo “situado”. En ese sentido, es crucial reconocer que las adaptaciones
al teatro de los autores mencionados se han concentrado ante todo
en el Perú. Sin embargo, muchas han sido coproducciones que han incluido
a directores, actores y productores de cada parte de Hispanoamérica.
 Resulta crucial reconocer los trabajos de todo tipo de artistas de
orígenes diversos. El mismo patrón correspondería a las producciones
cinematográficas que se han hecho en torno al trabajo de autores del <cursiva
>boom</cursiva>.</p>
</recuerdaTexto></recuerda></seccion3Texto></seccion3></seccion2Texto>
</seccion2><seccion2
id="S2_LE_09_07_CO_4C6F01777F78418BBB94FCA45BBF4638">
<seccion2Titulo>Consolidación</seccion2Titulo>
<seccion2Texto>
<p>Afianza tus conocimientos con el desarrollo de la siguiente actividad.</p>
<practica>
<enlace
destino="/LoIdRedirect.aspx?LoId=LE_09_07_CO_Recurso130&amp;IdRecurso=RES-D73E79F23CBA435E90F4529DFFC1D60A"
>Refuerza tu aprendizaje: La literatura latinoamericana del boom</enlace>
</practica></seccion2Texto></seccion2></seccion1Texto></seccion1>
<seccion1 id="S1_LE_09_07_CO_E3BD4891049349EE93B2F29DCC5AEF94">
<seccion1Titulo>Gramática: el análisis de la oración compuesta </seccion1Titulo>
<seccion1Texto>
<p>Cuando escuchas la palabra compuesto o compuesta, ¿en qué piensas?,
¿cómo lo relacionarías con la gramática? </p>
<p>Se denomina oración compuesta a <negrita>la unión de varias oraciones
simples</negrita> a través de nexos coordinadores o pausas de yuxtaposición.
A las oraciones que se unen para formar la oración compuesta se les
denomina proposición.</p>
<p><negrita>El análisis gramatical</negrita> de las oraciones compuestas
depende de las <negrita>características de unión o conexión</negrita
> entre las oraciones simples que las conforman, dando lugar a la
siguiente clasificación.</p>
<listaSinNumerar>
<listaElemento><negrita>Coordinadas</negrita>, cuando las proposiciones
son sintácticamente independientes, por ejemplo: <cursiva>Mi abuelo
cocina y mi abuela descansa.</cursiva></listaElemento>
<listaElemento><negrita>Subordinadas</negrita>, cuando las proposiciones
son sintácticamente dependientes, por ejemplo: <cursiva>Manifestó
sus ganas de ir a la fiesta de cumpleaños.</cursiva></listaElemento>
<listaElemento><negrita>Yuxtapuestas</negrita>, cuando las proposiciones
se relacionan a través de pausas o signos de puntuación, por ejemplo: <cursiva
>Llegamos a la fiesta muy temprano; aún no había llegado nadie.</cursiva
></listaElemento>
</listaSinNumerar>
<p>Los siguientes son los <negrita>pasos</negrita> para el análisis
sintáctico de oraciones compuestas, considerando su clasificación:</p>
<listaNumerada>
<listaElemento>Identificar los núcleos verbales: <cursiva>Edwin <negrita
>lee</negrita> una novela mientras <negrita>espera</negrita> a su
novia.</cursiva></listaElemento>
<listaElemento>Identificar el nexo o elemento oracional que une las
proposiciones: <cursiva>Edwin lee una novela <negrita>mientras</negrita
> espera a su novia.</cursiva></listaElemento>
<listaElemento>Identificar el tipo de oración compuesta: </listaElemento>
</listaNumerada>
<table border="1"><caption>Tipo de oración compuesta según el tipo
de nexo</caption>
<tbody>
<tr>
<td><negrita>Clase</negrita></td>
<td><negrita>Ejemplo</negrita></td>
</tr>
<tr>
<td>Subordinada</td>
<td>Edwin lee una novela <negrita>mientras</negrita> espera a su novia.</td>
</tr>
<tr>
<td>Coordinada</td>
<td>Edwin dejó de leer <negrita>y</negrita> buscó a su gato por la
casa.</td>
</tr>
<tr>
<td>Yuxtaposición</td>
<td>Llegamos a la fiesta muy temprano<negrita>;</negrita> aún no había
llegado nadie.</td>
</tr>
</tbody>
</table>
<profundiza>
<enlace
destino="/LoIdRedirect.aspx?LoId=LE_09_07_CO_Recurso140&amp;IdRecurso=RES-92F840D3891B4A418E191F673F9644F7"
>Pasos para analizar oraciones compuestas</enlace>
</profundiza>
<p>Al identificar el tipo de nexo también se distinguen cada una de
las proposiciones que conforman la oración compuesta; estas, a su
vez, pueden ser analizadas por separado, como oraciones simples, señalando
los siguientes aspectos: verbo, sujeto y predicado. </p>
<imagen src="LE_09_07_CO_IMG04_small.jpg">
<p>Describe la siguiente imagen utilizando oraciones compuestas. </p>
</imagen>
<p><negrita>La principal característica de las oraciones compuestas</negrita
> es, como su nombre lo indica, la unión de una o más oraciones simples
o proposiciones, por eso es tan importante identificarlas; la mejor
manera de hacerlo es <negrita>señalar cada uno de los verbos</negrita
>, estos corresponden a las proposiciones que conforman la oración
compuesta.</p>
<practica>
<enlace
destino="/LoIdRedirect.aspx?LoId=LE_09_07_CO_Recurso150&amp;IdRecurso=RES-C4FE016871B843C5B966C230B84355E2"
>Las oraciones compuestas y los párrafos</enlace>
<enlace
destino="/LoIdRedirect.aspx?LoId=LE_09_07_CO_Recurso170&amp;IdRecurso=RES-5A04453AC94F4A6E8D5B79908F029410"
>Los enlaces de las oraciones compuestas</enlace>
</practica><seccion2
id="S2_LE_09_07_CO_4C6F01777F78418BBB94FCA45BBF4431">
<seccion2Titulo>Consolidación </seccion2Titulo>
<seccion2Texto>
<p>Actividad para consolidar lo que has aprendido en esta sección.</p>
<practica>
<enlace
destino="/LoIdRedirect.aspx?LoId=LE_09_07_CO_Recurso180&amp;IdRecurso=RES-CB349E83D0194D8599F7A2EA31D1D338"
>Refuerza tu aprendizaje: El análisis de la oración compuesta</enlace>
</practica></seccion2Texto></seccion2></seccion1Texto></seccion1>
<seccion1 id="S1_LE_09_07_CO_19E1B18BB194468795E5CAA866E6A405">
<seccion1Titulo>Ortografía: la acentuación de palabras compuestas</seccion1Titulo>
<seccion1Texto>
<p>¿Qué entiendes por palabra compuesta? ¿Con qué finalidad se lleva
a cabo la unión de dos o más palabras simples? ¿Qué entiendes por <cursiva
>composición</cursiva> y qué, por <cursiva>derivación</cursiva>? ¿Cuándo
y cómo se debe poner la tilde en una palabra compuesta? </p>
<p>Lee con atención las siguientes palabras:<negrita> puntapié, duodécimo,
videojuego</negrita>. Si observas con atención los ejemplos anteriores
entenderás que hay formación de palabras nuevas a partir del  procedimiento
de <negrita>composición</negrita>. En este caso concreto, por la <negrita
>unión</negrita> de <negrita>dos palabras</negrita> con <negrita>significado
propio</negrita>, como ocurre con el vocablo <cursiva>rompecabezas</cursiva
>; el <negrita>verbo</negrita> <cursiva> romper</cursiva>  y el <negrita
>sustantivo</negrita> <cursiva> cabezas</cursiva> han sido combinados
para formar un nuevo vocablo con un significado fijo y una categoría
gramatical. Otros ejemplos de palabras compuestas a partir de la unión
de un verbo y un sustantivo son los términos <cursiva>portaminas,
pasatiempo</cursiva> y <cursiva>cumpleaños</cursiva>. Existen aún
más ejemplos de ese tipo de vocablos. Sin embargo, es necesario que
tengas en cuenta otras maneras de formar palabras compuestas:</p>
<p>•	La unión de dos sustantivos: <cursiva>madreselva</cursiva> (madre
+ selva)</p>
<p>•	La unión de un adjetivo y un sustantivo: <cursiva>altavoz</cursiva
> (alta + voz)</p>
<p>•	La unión de dos adjetivos: <cursiva>blanquiazul</cursiva> (blanco
+ azul)</p>
<profundiza>
<enlace
destino="/LoIdRedirect.aspx?LoId=LE_09_07_CO_Recurso190&amp;IdRecurso=RES-18F72F832F6C4B97AD1A9D755D171935"
>Las palabras compuestas y su acentuación</enlace>
</profundiza>
<p>Otras palabras compuestas surgen por el método de <negrita>derivación</negrita
>. Piensa en este ejemplo: cuando tienes una materia prima como el
petróleo puedes extraer de ella numerosos productos derivados, como
la cera, la parafina, la gasolina, el diésel, los lubricantes o el
detergente, etc. En la formación de palabras compuestas, la derivación
funciona de una manera similar: la obtención de un vocablo nuevo se
logra a partir de un mismo <negrita>lexema</negrita>, es decir, aquella
parte que permanece sin ninguna variación en todas las palabras de
una misma serie o familia. Del <negrita>prefijo</negrita> <cursiva
> im</cursiva> y del lexema <cursiva>puntual</cursiva> se forma la
palabra <cursiva>impuntual</cursiva>, así como de la unión del lexema <cursiva
>puntual</cursiva> y del sufijo <cursiva>idad</cursiva> resulta la
palabra <cursiva>puntualidad</cursiva>.</p>
<practica>
<enlace
destino="/LoIdRedirect.aspx?LoId=LE_09_07_CO_Recurso200&amp;IdRecurso=RES-2DBE326188284461B5007406EF4F4252"
>La escritura de palabras compuestas</enlace>
</practica>
<p>Hay ocasiones en las que el lexema de una familia de palabras aparece
en diferentes formas, como ocurre con las palabras <cursiva>agua</cursiva
> y <cursiva>acuático</cursiva>. En este caso, el lexema presenta
dos formas distintas: <cursiva>agua</cursiva> y <cursiva>acu</cursiva
>. Como podrás ver a continuación, de los lexemas <cursiva>agua</cursiva
> y <cursiva>acu</cursiva> podemos obtener dos familias diferentes
de vocablos:</p>
<table border="1"><caption>Ejemplos de lexemas</caption>
<tbody>
<tr>
<td><negrita>agua</negrita></td>
<td><cursiva><negrita>aguar</negrita>diente</cursiva></td>
<td><cursiva><negrita>agua</negrita>manil</cursiva></td>
<td><cursiva><negrita>agua</negrita>sal</cursiva></td>
<td><cursiva><negrita>agua</negrita>marina</cursiva></td>
</tr>
<tr>
<td><negrita>acu</negrita></td>
<td><cursiva><negrita>acua</negrita>rio</cursiva></td>
<td><cursiva><negrita>acua</negrita>rela</cursiva></td>
<td><cursiva><negrita>acu</negrita>oso</cursiva></td>
<td><cursiva><negrita>acu</negrita>ático</cursiva></td>
</tr>
</tbody>
</table>
<p>Un tercer procedimiento de formación de palabras es el de la <negrita
>parasíntesis</negrita>, que se caracteriza por la <negrita>combinación</negrita
> de los métodos de <negrita>composición y derivación</negrita>. Hay
parasíntesis en la unión de dos lexemas y un sufijo, como ocurre en
la palabra <cursiva>bienaventuranza</cursiva> (bien + aventur + anza),
o en la unión de un sufijo, un lexema y un sufijo, como en el vocablo <cursiva
>extraordinariamente</cursiva> (extra + ordinaria + mente). Esta última
palabra compuesta, formada por parasíntesis, conforma un <negrita
>adverbio</negrita>. </p>
<seccion2 id="S2_LE_09_07_CO_4C6F01777F78418BBB94FCA45BBF2421">
<seccion2Titulo>Las reglas de acentuación de las palabras compuestas</seccion2Titulo>
<seccion2Texto>
<p>En más de una ocasión tendrás que escribir palabras compuestas,
Muchas de ellas llevan tilde y otras tantas no. Tener en cuenta las
siguientes normas te resultará bastante útil para saber cuándo y cómo
debes trabajar su acentuación correspondiente:</p>
<p>•	En el caso de los <negrita>adverbios</negrita>, ya estén compuestos
por simple composición o por parasíntesis, tendrás que poner la tilde
en la primera palabra de la composición, antes del sufijo <cursiva
>mente</cursiva>, y <negrita>siempre y cuando esa primera palabra
lleve originalmente una tilde</negrita>, como ocurre con <cursiva
>explícitamente</cursiva> (explícita + mente), <cursiva>cortésmente</cursiva
> (cortés + mente), <cursiva>rápidamente</cursiva> (rápida + mente),
etc. Ten en cuenta que no ocurre lo mismo con otros adverbios también
formados por composición, como <cursiva>ampliamente, sinceramente</cursiva
> o <cursiva>cautelosamente</cursiva>, ya que ninguno de los dos vocablos
simples que componen dichas palabras lleva tilde.</p>
<p>•	Cuando se trate de <negrita>palabras compuestas por la unión
de dos o más adjetivos</negrita> y que están <negrita>separadas por
un guion</negrita>, como <cursiva>franco-alemán</cursiva> o <cursiva
>económico-político</cursiva>, tendrás que conservar la acentuación
fonética y ortográfica original de cada una. Seguramente ya habrás
leído o tendrás que escribir varios vocablos compuestos a partir de
la unión de dos palabras simples esdrújulas y que, por consiguiente,
conservan siempre su respectiva tilde a pesar del uso del guion, como
pasa con el término <cursiva>histórico-político</cursiva>. </p>
<p>•	En <negrita>palabras compuestas sin guion</negrita> siempre se
pone la <negrita>tilde en la segunda palabra</negrita>, siempre y
cuando deba llevarla, como en <cursiva>decimoséptimo</cursiva> (en
este caso, los vocablos <cursiva>décimo</cursiva> y <cursiva>séptimo</cursiva
> llevan tilde por separado, pero al estar unidos y no requerir un
guion, únicamente se pone tilde en la segunda palabra).</p>
<p>•	También existen numerosas palabras compuestas cuyos componentes
no llevan ninguna tilde y, por consiguiente, no tendrás razones para
colocarla tampoco en su combinación. Ejemplos de ello son las expresiones <cursiva
>cascanueces, salvavidas</cursiva> o <cursiva>cuentacuentos</cursiva
>. </p>
<p>•	Habrá oportunidades en las que encontrarás palabras compuestas
por un vocablo simple que hace las veces de prefijo y que, además,
lleva tilde, y por otra palabra simple que no tiene acento ortográfico.
Algo así ocurre con la expresión <cursiva>superhombre</cursiva>, donde
el adjetivo <cursiva>súper</cursiva> lleva tilde pero no la palabra <cursiva
>hombre</cursiva>. Ocurre igual con la palabra compuesta <cursiva
>friolento</cursiva>, formada a partir de la unión de los adjetivos <cursiva
>frío</cursiva> y <cursiva>lento</cursiva>. Esta combinación también
requiere de la eliminación de la tilde en el primer vocablo simple
que compone dicha palabra compuesta. </p>
<p>Existe otro manejo de palabras compuestas cuando se combinan un <negrita
>pronombre átono</negrita> y un verbo. Se les da la denominación de <negrita
>átonos</negrita> a todos aquellos pronombres que no tienen acento
prosódico (<cursiva>me, te, se, lo/s, la/s, le/s, nos, os</cursiva
>). En algunos casos, este tipo de vocablos compuestos requieren una
tilde, sobre todo por tratarse de palabras que en su combinación se
convierten en esdrújulas. Ejemplos de este tipo de palabras son:</p>
<p>-	Lléveme (<cursiva>lleve </cursiva> + <cursiva>me</cursiva>)</p>
<p>-	Hágalo (<cursiva>haga </cursiva> + <cursiva>lo</cursiva>)</p>
<p>-	Cuéntale (<cursiva>cuenta</cursiva> + <cursiva>le</cursiva>)</p>
<p>En este tipo de palabras compuestas, el acento prosódico debe coincidir
con el de la forma verbal, como ocurre con el vocablo <cursiva>cómetelo</cursiva
>.</p>
<p>Por otra parte existen algunas palabras que combinan una forma
verbal que lleva tilde con un <negrita>hiato</negrita>, es decir,
con la <negrita>unión de dos vocales</negrita> contiguas que se pronuncian
en sílabas diferentes. </p>
<p>En el español ibérico es habitual el uso de este tipo de vocablos
(<cursiva>salíos, pensáis, repasáis, rectificáis, oídle,</cursiva
> etc.), mientras que en el español de Latinoamérica son menos frecuentes.
Ejemplo de ello es la palabra compuesta <cursiva>reírte</cursiva> (obtenida
de la unión del verbo <cursiva>reír</cursiva> y del pronombre átono <cursiva
>te</cursiva>). </p>
<recuerda><recuerdaTexto>
<p>Al escribir una palabra compuesta de dos o más lexemas que no incluya
un guion, únicamente pondrás tilde en la segunda palabra simple de
la combinación, según las normas básicas de acentuación. Ejemplo de
ello es la palabra portalápices. Las palabras compuestas por dos lexemas
que llevan un guion deben conservar su ortografía original, ya que
sus componentes se mantienen independientes: <cursiva>coste-beneficio,
teórico-práctico, social-demócrata</cursiva>.</p>
</recuerdaTexto></recuerda></seccion2Texto></seccion2><seccion2
id="S2_LE_09_07_CO_4C6F01777F78418BBB94FCA45BBF2626">
<seccion2Titulo>Consolidación</seccion2Titulo>
<seccion2Texto>
<p>Actividad para consolidar lo que has aprendido en esta sección.</p>
<practica>
<enlace
destino="/LoIdRedirect.aspx?LoId=LE_09_07_CO_Recurso230&amp;IdRecurso=RES-91572C51905A48218031933CF3DB6EF5"
>Refuerza tu aprendizaje: La acentuación de palabras compuestas</enlace>
</practica></seccion2Texto></seccion2></seccion1Texto></seccion1>
<seccion1 id="S1_LE_09_07_CO_EF34F436ED4348948473B35AE3CD74C0">
<seccion1Titulo>Comprensión textual: la columna de opinión</seccion1Titulo>
<seccion1Texto>
<p>¿Cuál es la importancia, y por qué, de expresar nuestras opiniones?,
¿de qué manera podemos hacerlo?, ¿cuáles podrían ser las ventajas
de hacerlo de manera escrita?</p>
<p>La <negrita>columna de opinión</negrita> fija una posición frente
a la realidad. Su autor propone un punto de vista que desarrolla,
explica y sustenta por medio de argumentos, con la finalidad de suscitar
reflexiones y reacciones en los lectores. En términos generales, el
columnista busca convencer a los lectores de su postura y que estos
aprueben su razonamiento.</p>
<imagen src="LE_09_07_CO_IMG05_small.jpg">
<p>La columna de opinión es el <negrita>género periodístico</negrita
> utilizado cuando alguien quiere <negrita>dar a conocer su opinión</negrita
> frente a un tema específico, sin importar que esté o no en lo correcto.
Por lo general, los medios de comunicación cuentan con columnistas
que se dedican a escribir sobre determinados temas. La recolección
y selección de información, a través de entrevistas, lecturas o viajes,
por ejemplo, es determinante para que el columnista pueda respaldar
la opinión que quiere trasmitir a través de la columna. </p>
</imagen>
<seccion2 id="S2_LE_09_07_CO_B668C0D3511F44C492C1CBDBFEF219CD">
<seccion2Titulo>La intención comunicativa de la columna de opinión </seccion2Titulo>
<seccion2Texto>
<p>Por tratarse de un <negrita>texto expositivo y argumentativo</negrita
>, la intención comunicativa de la columna de opinión es la de <negrita
>persuadir al destinatario</negrita> sobre la validez del punto de
vista expuesto. Dicha intención se caracteriza por presentar <negrita
>tres proposiciones o rasgos básicos</negrita>:</p>
<listaSinNumerar>
<listaElemento><negrita>Las premisas</negrita> o los datos que el
autor aporta para respaldar su opinión.</listaElemento>
<listaElemento><negrita>Las inferencias</negrita> o las apreciaciones
y conclusiones personales del autor.</listaElemento>
<listaElemento><negrita>La tesis</negrita> o punto de vista que se
defiende y justifica. </listaElemento>
</listaSinNumerar>
<p>La presencia de estos rasgos generales, propios del texto argumentativo,
son los que le permiten al columnista confrontar distintos puntos
de vista, fortalecer el planteamiento del problema y alcanzar la claridad
y la concisión, condiciones que favorecen la intención comunicativa
de la columna de opinión: persuadir a los lectores.</p>
<profundiza>
<enlace
destino="/LoIdRedirect.aspx?LoId=LE_09_07_CO_Recurso240&amp;IdRecurso=RES-22FDA5BC42BE46FD845AE35315C75177"
>La columna de opinión</enlace>
</profundiza></seccion2Texto></seccion2><seccion2
id="S2_LE_09_07_CO_448389A179194607A30AC6B93EC5873E">
<seccion2Titulo>Las características de la columna de opinión</seccion2Titulo>
<seccion2Texto>
<p>Para que la columna de opinión logre ser convincente y generar
una actitud crítica frente a situaciones concretas, <negrita>el columnista</negrita
> deberá encontrarse con <negrita>las siguientes condiciones o características</negrita
>:</p>
<listaSinNumerar>
<listaElemento><negrita>Agudeza crítica</negrita> para seleccionar
la información que respalda la opinión expuesta.</listaElemento>
<listaElemento><negrita>Sentido histórico</negrita> para contextualizar
adecuadamente la opinión que se quiere exponer.</listaElemento>
<listaElemento><negrita>Capacidad de síntesis</negrita> para comunicar
de manera precisa la información necesaria, evitando repeticiones. </listaElemento>
</listaSinNumerar>
<p>Aunque la <negrita>columna de opinión</negrita> no refleje de manera
explícita una estructura, sí deberá cumplir con <negrita>las siguientes
características</negrita>, determinadas, en buena medida, por las
capacidades, anteriormente señaladas, de su autor:</p>
<listaSinNumerar>
<listaElemento>Tesis o planteamiento del problema.</listaElemento>
<listaElemento>Presentación de argumentos.</listaElemento>
<listaElemento>Confrontación de distintos puntos de vista.</listaElemento>
<listaElemento>Conclusión. </listaElemento>
</listaSinNumerar>
</seccion2Texto></seccion2><seccion2
id="S2_LE_09_07_CO_448389A179194607A30AC6B93EC5863D">
<seccion2Titulo>Estrategia de lectura: organizar la información en
un esquema</seccion2Titulo>
<seccion2Texto>
<p>Organizar o seleccionar la información es un paso determinante
para lectores y columnistas, no solo permite identificar las características
de la columna de opinión, también se convierte en una estrategia que,
en ambos casos, favorece la comprensión y comunicación. Los siguientes
son los <negrita>pasos fundamentales para consolidar dicha estrategia:</negrita
> </p>
<p><negrita>Paso 1:</negrita> Identificar el propósito de la columna.</p>
<p><negrita>Paso 2:</negrita> Establecer el contenido general de la
columna.</p>
<p><negrita>Paso 3:</negrita> Concordancia entre el público al que
se dirige y el lenguaje utilizado. </p>
<p><negrita>Paso 4:</negrita> Continuidad en el tono utilizado o apropiación
de un estilo.</p>
<p>Identificar estos pasos permite, principalmente a los lectores,
establecer un esquema que dé cuenta del contenido de la columna de
opinión y su comprensión, así como fortalecer una opinión crítica
que facilite la escritura de una columna de opinión propia. </p>
<recuerda><recuerdaTexto>
<p>Si te interesa expresar tu opinión a través de una columna no olvides,
antes de comenzar, leer otras columnas, delimitar el tema de tu interés
y establecer la periodicidad de aparición de la misma, recuerda que
para esto puedes utilizar herramientas como los blogs o las redes
sociales. </p>
</recuerdaTexto></recuerda><practica>
<enlace
destino="/LoIdRedirect.aspx?LoId=LE_09_07_CO_Recurso260&amp;IdRecurso=RES-B1EA9B6C72234257AB4FA57787E3D6A7"
>Las columnas de opinión</enlace>
</practica></seccion2Texto></seccion2><seccion2
id="S2_LE_09_07_CO_448389A179194607A30AC6B93EC5163F">
<seccion2Titulo>Consolidación </seccion2Titulo>
<seccion2Texto>
<p>Actividad para consolidar lo que has aprendido en esta sección.</p>
<practica>
<enlace
destino="/LoIdRedirect.aspx?LoId=LE_09_07_CO_Recurso270&amp;IdRecurso=RES-B8A279AF3FFB491BACC8C8742D22259A"
>Refuerza tu aprendizaje: La columna de opinión</enlace>
</practica></seccion2Texto></seccion2></seccion1Texto></seccion1>
<seccion1 id="S1_LE_09_07_CO_23B48122BEE94C1681E9340F83B5BB7D">
<seccion1Titulo>Producción escrita: la columna de opinión </seccion1Titulo>
<seccion1Texto>
<p>¿Quiénes, y por qué, pueden escribir una columna de opinión?, ¿cuáles
serían los parámetros para hacerlo?, ¿en qué medios es posible encontrar
columnas de opinión?   </p>
<p>Entre los géneros periodísticos la columna de opinión suele <negrita
>considerarse como la menos formal</negrita>, por la frecuente utilización
de un <negrita>lenguaje directo</negrita>, esta característica facilita
la comunicación con los lectores; generando un mayor nivel de recordación,
al tiempo que propicia el pensamiento crítico al contrastar diferentes
opiniones de la manera más clara posible. Esta característica hace
que su estructura no pueda considerarse de igual manera en todos los
casos, pues el contenido, así como el lenguaje utilizado dependen
del criterio del columnista. </p>
<imagen src="LE_09_07_CO_IMG06_small.jpg">
<p>Las columnas de opinión son <negrita>artículos especiales</negrita
> publicados en revistas, periódicos o blogs, por ejemplo, que trasmiten
una opinión o una visión particular de la realidad y buscan, además
de dar a conocer un tema, persuadir a los lectores. La redacción de
una columna de opinión depende, en buena medida, de una amplia y concienzuda
investigación previa, que ayude a respaldar la opinión que se quiere
comunicar, facilitando la comunicación con los lectores. </p>
</imagen>
<seccion2 id="S2_LE_09_07_CO_387EBB5A93184DA4BFF45363A22BF944">
<seccion2Titulo>La estructura de la columna de opinión </seccion2Titulo>
<seccion2Texto>
<p>Si bien no existe una estructura única que deba seguirse para escribir
una columna de opinión, pues <negrita>el tono, la perspectiva y el
contenido dependen exclusivamente del autor</negrita>, sí es necesario
considerar algunas generalidades que facilitan la comprensión del
texto y le dan uniformidad. Es indispensable, entonces, tener en cuenta
los siguientes aspectos:</p>
<listaSinNumerar>
<listaElemento><negrita>Título de la columna o sección:</negrita> este
siempre es el mismo, generando recordación en los lectores, se diferencia
del título del artículo de la columna de opinión en particular.</listaElemento>
<listaElemento><negrita>Autor:</negrita> las columnas de opinión deben
firmarse, esto genera confianza o credibilidad.</listaElemento>
<listaElemento><negrita>Título del artículo o de la columna de opinión:</negrita
> además del título de la sección hay un título que indica el tema
a tratar en cada ocasión. </listaElemento>
</listaSinNumerar>
<p><negrita>Columna</negrita>, el desarrollo de la columna debe dar
cuenta de los siguientes aspectos: <negrita>presentación del tema</negrita
> (donde se plantea el problema o la idea a tratar), <negrita>opinión
o apreciación</negrita> (donde se presentan los argumentos y se confrontan
diferentes puntos de vista), y <negrita>cierre</negrita> (donde se
brinda al lector una conclusión clara y breve). </p>
<practica>
<enlace
destino="/LoIdRedirect.aspx?LoId=LE_09_07_CO_Recurso280&amp;IdRecurso=RES-CDB9B2766FD64ED29191363BCCE900FB"
>La estructura y las características de la columna de opinión</enlace>
</practica></seccion2Texto></seccion2><seccion2
id="S2_LE_09_07_CO_2184410C5B334B068F2144EA58566F45">
<seccion2Titulo>Escribe una columna de opinión </seccion2Titulo>
<seccion2Texto>
<p>Para escribir una columna de opinión es indispensable considerar,
por lo menos, los siguientes pasos, estos ayudan a encontrar y sostener
un estilo propio, así como mantener un hilo conductor.</p>
<table border="1"><caption>Pasos para escribir una columna de opinión</caption>
<tbody>
<tr>
<td valign="top"><negrita>Paso 1</negrita></td>
<td><negrita>Establecer el contenido de la columna.</negrita> Es necesario
partir de la propia experiencia, conocimiento e intereses para realizar
una investigación previa, aprovechando fuentes como las entrevistas,
la lectura de otras columnas o la opinión de expertos. </td>
</tr>
<tr>
<td valign="top"><negrita>Paso 2</negrita></td>
<td><negrita>Identificar el propósito de la columna. </negrita>Ten
presente que las columnas de opinión deben informar, persuadir y capturar
la atención de los lectores. </td>
</tr>
<tr>
<td valign="top"><negrita>Paso 3</negrita></td>
<td><negrita>Elegir un público.</negrita> Esto permite utilizar un
lenguaje que asegure la comprensión de la opinión que se está exponiendo,
teniendo siempre presente el contenido de la columna o, de ser necesario,
datos demográficos como la edad, la raza o la condición socioeconómica.</td>
</tr>
<tr>
<td valign="top"><negrita>Paso 4</negrita></td>
<td><negrita>Mantener un estilo.</negrita> La columna de opinión debe
ser consistente, mantener un tono continuo, escrito siempre en el
mismo tiempo (tiempo presente o primera persona).</td>
</tr>
<tr>
<td valign="top"><negrita>Paso 5</negrita></td>
<td><negrita>Revisar y editar.</negrita> Una vez terminada la columna
es necesario leerla atentamente, y hacer los cambios necesarios (errores
ortográficos, repeticiones innecesarias o información que se desvíe
del tema central). </td>
</tr>
<tr>
<td valign="top"><negrita>Paso 6</negrita></td>
<td><negrita>Cumplir con las fechas de entrega.</negrita>  Preparar
la columna a tiempo es esencial para su publicación; si no se presenta
de manera oportuna puede ser rechazada, además, la periodicidad fortalece
el lazo de credibilidad con los lectores.</td>
</tr>
</tbody>
</table>
<recuerda><recuerdaTexto>
<p><negrita>Para escribir tu propia columna de opinión</negrita> no
tienes que ser un periodista profesional o trabajar en revistas o
periódicos reconocidos, aprovecha las ventajas de internet, <negrita
>crea un blog y comparte tu opinión</negrita>. Esta es una herramienta
que se ha hecho muy popular gracias a su versatilidad y amplia difusión. </p>
</recuerdaTexto></recuerda><profundiza>
<enlace
destino="/LoIdRedirect.aspx?LoId=LE_09_07_CO_Recurso290&amp;IdRecurso=RES-3AA76EEB4DC44EAA880A302CB6DC92C6"
>Redacta una columna de opinión</enlace>
</profundiza></seccion2Texto></seccion2><seccion2
id="S2_LE_09_07_CO_2184410C5B334B068F2144EA58567F47">
<seccion2Titulo>Consolidación</seccion2Titulo>
<seccion2Texto>
<p>Apóyate en la siguiente actividad para reforzar tu aprendizaje.</p>
<practica>
<enlace
destino="/LoIdRedirect.aspx?LoId=LE_09_07_CO_Recurso300&amp;IdRecurso=RES-2BC433DE4C87452E9A9CE5C8C17EF571"
>Refuerza tu aprendizaje: Escribe una columna de opinión</enlace>
</practica></seccion2Texto></seccion2></seccion1Texto></seccion1>
<seccion1 id="S1_LE_09_07_CO_252908DD008A4D4197016B2ED5C736F9">
<seccion1Titulo>Competencias</seccion1Titulo>
<seccion1Texto>
<p>Pon a prueba tus habilidades y afianza tus competencias con estas
actividades.</p>
<practica>
<enlace
destino="/LoIdRedirect.aspx?LoId=LE_09_07_CO_Recurso310&amp;IdRecurso=RES-11941C32A7DD46CF81F9DA368D3CDE16"
>Los autores y las obras del <cursiva>boom</cursiva> latinoamericano</enlace>
<enlace
destino="/LoIdRedirect.aspx?LoId=LE_09_07_CO_Recurso320&amp;IdRecurso=RES-BCFFE646FECC49C792A31A2EA21B3CE5"
>Los elementos de enlace de las oraciones compuestas</enlace>
<enlace
destino="/LoIdRedirect.aspx?LoId=LE_09_07_CO_Recurso340&amp;IdRecurso=RES-0E6EE2E5ADC04F8A9BF19F384947F59A"
>La redacción de una columna de opinión</enlace>
</practica></seccion1Texto></seccion1><masinformacion
id="MI_LE_09_07_CO_A73FF60715914F679ED9AFE15B1D85B7"><mapaconceptual>
<enlace
destino="/LoIdRedirect.aspx?LoId=LE_09_07_CO_Recurso360&amp;IdRecurso=RES-2A6E906735D54FC799F5FF0BE0921CA8"
>Mapa conceptual del tema La columna de opinión </enlace>
</mapaconceptual><autoevaluate><enlace
destino="/LoIdRedirect.aspx?LoId=LE_09_07_CO_Recurso370&amp;IdRecurso=RES-E02AB819788243618F695EBB6FEB95EE"
>Evalúa tus conocimientos sobre el tema La columna de opinión</enlace>
</autoevaluate><enlacesreferencia>
<enlace destino="http://www.ecured.cu/Boom_latinoamericano">Te invitamos
a ampliar tu información sobre el <cursiva>boom</cursiva> en Latinoamérica</enlace>
<enlace destino="http://elpais.com/tag/boom_latinoamericano/a/">50
años del <cursiva>boom</cursiva> latinoamericano</enlace>
<enlace
destino="http://cultura.elpais.com/cultura/2012/11/17/actualidad/1353176750_272527.html?rel=mas"
><cursiva>Boom</cursiva> latinoamericano: universo en expansión</enlace>
<enlace destino="http://elvelerodigital.com/apuntes/lyl/sintaxis_oc.htm"
>Amplía tu información sobre el análisis de las oraciones compuestas</enlace>
<enlace
destino="http://www.revistaarcadia.com/opinion/columnas/articulo/10-columnistas-experimentados/31608"
>10 columnistas (experimentados)  </enlace>
<enlace
destino="https://sites.google.com/site/redacespecializada/cmo-redactar-un-texto-de-opinin"
>¿Cómo redactar una columna de opinión?</enlace>
</enlacesreferencia></masinformacion></libro>
