﻿<?xml version="1.0" encoding="utf-8"?><motor tipo="2" clase="a" aprid="m2a">
  <plataforma>
    <grado><![CDATA[1]]></grado>
    <titulo>El arte durante el boom latinoamericano</titulo>
    <area>0</area>
    <nivel>3</nivel>
    <referencia/>
    <idreg><![CDATA[0]]></idreg>
    <motor><![CDATA[M2A]]></motor>
    <lang>es</lang>
  </plataforma>
  <enunciado><![CDATA[Completa el texto sobre el arte durante el {{cur}}boom{{normal}} latinoamericano.]]></enunciado>
  <masinfo inicio="0"/>
  <calc><![CDATA[0]]></calc>
  <sonido/>
  <textoacategoria>
    <cuestion>
      <pregunta><![CDATA[El concepto de arte [*] se refiere a lo [*] o del momento. Hacia 1940 nacen movimientos artísticos de este corte, como el [*] abstracto, que se caracterizó por la influencia [*] de sus representantes. Luego nace el pop art, el cual presenta un carácter menos intenso y vital en su ejecución. El arte comenzó a tomar referentes y a hacer parte de la [*]. En América Latina, los principales representantes incluyen a Diego Rivera y Fernando Botero, entre otros que en ocasiones se vieron tocados por la ola [*] internacional. Por eso, se podría decir que el arte de la región mantuvo un juego creativo entre lo [*] y el cosmopolitismo, además de entre lo figurativo y lo [*], que aún reconocemos en algunos artistas de nuestra época. ]]></pregunta>
      <respuestas>
        <respuesta orden="1"><![CDATA[contemporáneo]]></respuesta>
        <respuesta orden="2"><![CDATA[actual]]></respuesta>
        <respuesta orden="3"><![CDATA[expresionismo]]></respuesta>
        <respuesta orden="4"><![CDATA[surrealista]]></respuesta>
        <respuesta orden="5"><![CDATA[cultura]]></respuesta>
        <respuesta orden="6"><![CDATA[vanguardista]]></respuesta>
        <respuesta orden="7"><![CDATA[local]]></respuesta>
        <respuesta orden="8"><![CDATA[abstracto]]></respuesta>
      </respuestas>
    </cuestion>
  </textoacategoria>
  <textofalso cantidad="0"/>
</motor>