﻿<?xml version="1.0" encoding="utf-8"?><motor tipo="101" clase="a" aprid="m101a"><plataforma><grado>2</grado><titulo>Refuerza tu aprendizaje: La literatura latinoamericana del boom</titulo><volumen /><nivel>3</nivel><referencia /><motor /><lang>es</lang></plataforma><enunciado><![CDATA[Realiza las siguientes actividades. Cuando termines haz clic en Enviar para que tu docente pueda conocer tus respuestas. ]]></enunciado><masinfo inicio="0" /><calc><![CDATA[0]]></calc><preguntas cantidad="4"><pregunta><enunciado><![CDATA[¿Por qué no se casaron Irene y el narrador?, ¿cómo son sus vidas?, ¿qué pasará con la casa cuando ellos mueran?]]></enunciado><explicacion /><nivel><![CDATA[3]]></nivel><tipo /><imagen /><ampliacion /><texto><![CDATA[Casa tomadaNos gustaba la casa porque aparte de espaciosa y antigua (hoy que las casas antiguas sucumben a la más ventajosa liquidación de sus materiales) guardaba los recuerdos de nuestros bisabuelos, el abuelo paterno, nuestros padres y toda la infancia.Nos habituamos Irene y yo a persistir solos en ella, lo que era una locura pues en esa casa podían vivir ocho personas sin estorbarse. Hacíamos la limpieza por la mañana, levantándonos a las siete, y a eso de las once yo le dejaba a Irene las últimas habitaciones por repasar y me iba a la cocina. Almorzábamos al mediodía, siempre puntuales; ya no quedaba nada por hacer fuera de unos platos sucios. Nos resultaba grato almorzar pensando en la casa profunda y silenciosa y cómo nos bastábamos para mantenerla limpia. A veces llegábamos a creer que era ella la que no nos dejó casarnos. Irene rechazó dos pretendientes sin mayor motivo, a mí se me murió María Esther antes que llegáramos a comprometernos. Entramos en los cuarenta años con la inexpresada idea de que el nuestro, simple y silencioso matrimonio de hermanos, era necesaria clausura de la genealogía asentada por nuestros bisabuelos en nuestra casa. ]]></texto></pregunta><pregunta><enunciado><![CDATA[¿Qué similitudes y diferencias identificas entre el poema "Los Borges" de Jorge Luis Borges y el fragmento de la narración de Cortázar? ]]></enunciado><explicacion /><nivel><![CDATA[2]]></nivel><tipo /><imagen /><ampliacion /><texto><![CDATA[Los BorgesNada o muy poco sé de mis mayoresportugueses, los Borges: vaga genteque prosigue en mi carne, oscuramente,sus hábitos, rigores y temores. (...)Tenues como si nunca hubieran sidoy ajenos a los trámites del arte,indescifrablemente forman partedel tiempo, de la tierra y del olvido. (...)Mejor así. Cumplida la faena,son Portugal, son la famosa genteque forzó las murallas del Oriente (...)y se dio al mar y al otro mar de arena.Son el rey que en el místico desiertose perdió y el que jura que no ha muerto.]]></texto></pregunta><pregunta><enunciado><![CDATA[Lee la continuación del cuento de Cortázar e investiga sobre las teorías del cuento del argentino y de Edgar Allan Poe. ¿En qué se relacionan? ]]></enunciado><explicacion /><nivel><![CDATA[2]]></nivel><tipo /><imagen /><ampliacion /><texto><![CDATA[(...) Nos moriríamos allí algún día, vagos y esquivos primos se quedarían con la casa y la echarían al suelo para enriquecerse con el terreno y los ladrillos; o mejor, nosotros mismos la voltearíamos justicieramente antes de que fuese demasiado tarde.Irene era una chica nacida para no molestar a nadie. Aparte de su actividad matinal se pasaba el resto del día tejiendo en el sofá de su dormitorio. No sé por qué tejía tanto, yo creo que las mujeres tejen cuando han encontrado en esa labor el gran pretexto para no hacer nada. Irene no era así, tejía cosas siempre necesarias, tricotas para el invierno, medias para mí, mañanitas y chalecos para ella. A veces tejía un chaleco y después lo destejía en un momento porque algo no le agradaba; era gracioso ver en la canastilla el montón de lana encrespada resistiéndose a perder su forma de algunas horas. Los sábados iba yo al centro a comprarle lana; Irene tenía fe en mi gusto, se complacía con los colores y nunca tuve que devolver madejas. Yo aprovechaba esas salidas para dar una vuelta por las librerías y preguntar vanamente si había novedades en literatura francesa. Desde 1939 no llegaba nada valioso a la Argentina.]]></texto></pregunta><pregunta><enunciado><![CDATA[A continuación, basándote en los resultados de tu investigación, organiza, sustenta y desarrolla una teoría breve del cuento o de la poesía en la que se incluyan elementos de lo expuesto por Cortázar y Poe.]]></enunciado><explicacion /><nivel><![CDATA[3]]></nivel><tipo /><imagen /><ampliacion /><texto><![CDATA[Del cuento breve y sus alrededoresAlguna vez Horacio Quiroga intentó un “Decálogo del perfecto cuentista”, cuyo mero título vale ya como una guiñada de ojo al lector. Si nueve de los preceptos son considerablemente prescindibles, el último me parece de una lucidez impecable: “Cuenta como si el relato no tuviera interés más que para el pequeño ambiente de tus personajes, de los que pudiste haber sido uno. No de otro modo se obtiene la vida en el cuento”.La noción de pequeño ambiente da su sentido más hondo al consejo, al definir la forma cerrada del cuento, lo que ya en otra ocasión he llamado su esfericidad; pero a esa noción se suma otra igualmente significativa, la de que el narrador pudo haber sido uno de los personajes, es decir que la situación narrativa en sí debe nacer y darse dentro de la esfera, trabajando del interior hacia el exterior, sin que los límites del relato se vean trazados como quien modela una esfera de arcilla. Dicho de otro modo, el sentimiento de la esfera debe preexistir de alguna manera al acto de escribir el cuento, como si el narrador, sometido por la forma que asume, se moviera implícitamente en ella y la llevara a su extrema tensión, lo que hace precisamente la perfección de la forma esférica.]]></texto></pregunta></preguntas></motor>