﻿<?xml version="1.0" encoding="utf-8"?><motor tipo="101" clase="a" aprid="m101a">
  <plataforma>
    <grado>2</grado>
    <titulo>Refuerza tu aprendizaje: La acentuación de palabras compuestas</titulo>
    <volumen/>
    <nivel><![CDATA[1]]></nivel>
    <referencia/>
    <motor/>
    <lang>es</lang>
  </plataforma>
  <enunciado><![CDATA[Realiza las actividades. Cuando terminez haz clic en {{cur}}Enviar.{{normal}} Si es necesario, entrega las repuestas a mano o por correo electrónico a tu profesor para que pueda validarlas.  ]]></enunciado>
  <masinfo inicio="0"/>
  <calc><![CDATA[0]]></calc>
  <preguntas cantidad="5">
    <pregunta>
      <enunciado><![CDATA[Explica las reglas que se deben aplicar para acentuar palabras compuestas. Cita tres ejemplos de cada caso. ]]></enunciado>
      <explicacion/>
      <nivel><![CDATA[3]]></nivel>
      <tipo/>
      <imagen/>
      <ampliacion/>
      <texto/>
    </pregunta>
    <pregunta>
      <enunciado><![CDATA[Responde. ¿Todos los adverbios terminados en el sufijo {{cur}}-mente{{normal}} llevan acento ortográfico? Justifica tu respuesta.]]></enunciado>
      <explicacion/>
      <nivel><![CDATA[2]]></nivel>
      <tipo><![CDATA[M]]></tipo>
      <imagen/>
      <ampliacion/>
      <texto/>
    </pregunta>
    <pregunta>
      <enunciado><![CDATA[Consulta y explica qué son los pronombres enclíticos y cómo se utilizan en la oración.]]></enunciado>
      <explicacion/>
      <nivel><![CDATA[2]]></nivel>
      <tipo><![CDATA[S]]></tipo>
      <imagen/>
      <ampliacion/>
      <texto/>
    </pregunta>
    <pregunta>
      <enunciado><![CDATA[Escribe una oración con cada palabra. Analiza si debes marcar la tilde o no en cada caso. ]]></enunciado>
      <explicacion/>
      <nivel><![CDATA[3]]></nivel>
      <tipo/>
      <imagen/>
      <ampliacion/>
      <texto><![CDATA[• apartaselo• cambiandolo• dibujalos• comparalos• dimelo• construyendolo]]></texto>
    </pregunta>
    <pregunta>
      <enunciado><![CDATA[Escribe las palabras compuestas que resultan de las siguientes. Ten en cuenta la regla que debes aplicar en su escritura.]]></enunciado>
      <explicacion/>
      <nivel><![CDATA[2]]></nivel>
      <tipo/>
      <imagen/>
      <ampliacion/>
      <texto><![CDATA[• épico + lírico• realidad + ficción• teórico + práctico• físico + químico• técnico + administrativo ]]></texto>
    </pregunta>
  </preguntas>
</motor>