<?xml version="1.0" encoding="utf-8"?><motor tipo="101" clase="ap" aprid="m101ap">
  <plataforma>
    <grado>2</grado>
    <titulo>Banco de actividades</titulo>
    <volumen/>
    <nivel><![CDATA[1]]></nivel>
    <referencia/>
    <motor/>
    <lang>es</lang>
  </plataforma>
  <enunciado><![CDATA[Responde las preguntas de acuerdo con lo visto en el tema La literatura latinoamericana de la época contemporánea]]></enunciado>
  <masinfo inicio="0"/>
  <calc><![CDATA[0]]></calc>
  <preguntas cantidad="38">
    <pregunta>
      <enunciado><![CDATA[Piensa en la relación que tenía el escritor con su realidad en la estética modernista y compárala con la que se presenta en la literatura contemporánea; reflexiona acerca de elementos como la visión de la ciudad, de la literatura y del propio escritor.]]></enunciado>
      <explicacion/>
      <nivel><![CDATA[3]]></nivel>
      <tipo/>
      <imagen/>
      <ampliacion/>
      <texto/>
    </pregunta>
    <pregunta>
      <enunciado><![CDATA[Nombra algunas de las tendencias poéticas de la literatura latinoamericana contemporánea y explica algunas de sus características.]]></enunciado>
      <explicacion/>
      <nivel><![CDATA[1]]></nivel>
      <tipo/>
      <imagen/>
      <ampliacion/>
      <texto/>
    </pregunta>
    <pregunta>
      <enunciado><![CDATA[Recuerda a los autores del boom y explica algunas diferencias que encuentres entre ellos y los autores contemporáneos. Ten en cuenta aspectos como temáticas, estilos, experimentos formales y otros que consideres pertinentes.]]></enunciado>
      <explicacion/>
      <nivel><![CDATA[2]]></nivel>
      <tipo/>
      <imagen/>
      <ampliacion/>
      <texto/>
    </pregunta>
    <pregunta>
      <enunciado><![CDATA[Explica qué es un cultismo y escribe una lista de al menos diez palabras que lo sean.]]></enunciado>
      <explicacion/>
      <nivel><![CDATA[1]]></nivel>
      <tipo/>
      <imagen/>
      <ampliacion/>
      <texto/>
    </pregunta>
    <pregunta>
      <enunciado><![CDATA[Define qué es un latinismo, compáralo con el concepto de “cultismo” y ejemplifica.]]></enunciado>
      <explicacion/>
      <nivel><![CDATA[1]]></nivel>
      <tipo/>
      <imagen/>
      <ampliacion/>
      <texto/>
    </pregunta>
    <pregunta>
      <enunciado><![CDATA[Menciona qué temáticas siguen predominando en los grafitis desde la época a la que se refiere el texto a continuación.]]></enunciado>
      <explicacion/>
      <nivel><![CDATA[1]]></nivel>
      <tipo/>
      <imagen/>
      <ampliacion/>
      <texto><![CDATA[Pero quizás de la Roma Antigua es de la época histórica de la cual nos han quedado más testimonios. En ciudades como Ostia, Pompeya o Roma son muchos los grafitis existentes aún y que nos ofrecen una visión particular frente a las historiografías oficiales. La dramática destrucción de Pompeya ha permitido que las excavaciones posteriores nos revelaran una instantánea de la vida romana de aquel agosto del 79 y entre una verdadera infinidad de detalles nos ha mostrado un interesante mundo de grabados y pintadas del más diverso pelaje: eróticos, religiosos, propagandísticos, ofensivos, vejatorios, amorosos, ofertas sexuales, cultos,… Los descubiertos hasta la fecha tan solo en Pompeya son unos 10.000.Tomado de elartedelahistoria.wordpress.com]]></texto>
    </pregunta>
    <pregunta>
      <enunciado><![CDATA[Explica cuál es tu opinión acerca del grafiti. Emplea argumentos propios e información que hayas visto en esta unidad.]]></enunciado>
      <explicacion/>
      <nivel><![CDATA[2]]></nivel>
      <tipo/>
      <imagen/>
      <ampliacion/>
      <texto/>
    </pregunta>
    <pregunta>
      <enunciado><![CDATA[Lee el texto y, a partir de él, explica cómo se relaciona el arte callejero con la esfera del arte académico, como las galerías y el negocio del arte.]]></enunciado>
      <explicacion/>
      <nivel><![CDATA[3]]></nivel>
      <tipo/>
      <imagen/>
      <ampliacion/>
      <texto><![CDATA[Tres helicópteros de guerra vuelan en fila. El primero de ellos, muestra un lazo rosa. Es un pequeño grafiti estampado en el muro de una construcción en el centro de Londres. Los subastadores estiman que su cifra de venta ronda los 180.000 dólares. Ahora, el trabajo de Banksy podría verse revalorizado después de que un estudio científico haya revelado su posible identidad.Activo desde la década de los 90, Banksy nunca se ha delatado. Esta misma semana la Universidad Queen Mary de Londres publicó los resultados de una extensa investigación que concluye en que su nombre es Robin Gunningham.Tomado de lavanguardia.com]]></texto>
    </pregunta>
    <pregunta>
      <enunciado><![CDATA[Explica para qué sirve un foro y en qué situaciones puede ser útil recurrir a esta herramienta de participación grupal.]]></enunciado>
      <explicacion/>
      <nivel><![CDATA[2]]></nivel>
      <tipo/>
      <imagen/>
      <ampliacion/>
      <texto/>
    </pregunta>
    <pregunta>
      <enunciado><![CDATA[Enumera tres tipos de argumentos y menciona en qué momentos de la vida cotidiana o académica son pertinentes.]]></enunciado>
      <explicacion/>
      <nivel><![CDATA[2]]></nivel>
      <tipo/>
      <imagen/>
      <ampliacion/>
      <texto/>
    </pregunta>
    <pregunta>
      <enunciado><![CDATA[¿Qué diagnóstico presenta Vargas Llosa sobre la literatura actual?, ¿en qué se basa para exponer esas ideas? ]]></enunciado>
      <explicacion/>
      <nivel><![CDATA[2]]></nivel>
      <tipo/>
      <imagen/>
      <ampliacion/>
      <texto><![CDATA[{{neg}}La civilización del espectáculo{{normal}}

No es por eso extraño que la literatura más representativa de nuestra época sea la literatura light, leve, ligera, fácil, una literatura que sin el menor rubor se propone ante todo y sobre todo (y casi exclusivamente) divertir. Atención, no condeno ni mucho menos a los autores de esa literatura entretenida pues hay, entre ellos, pese a la levedad de sus textos, verdaderos talentos. Si en nuestra época es raro que se emprendan aventuras literarias tan osadas como las de Joyce, Virginia Woolf, Rilke o Borges no es solamente en razón de los escritores; lo es, también, porque la cultura en la que vivimos inmersos no propicia, más bien desalienta, esos esfuerzos denodados que culminan en obras que exigen del lector una concentración intelectual casi tan intensa como la que las hizo posibles. Los lectores de hoy quieren libros fáciles, que los entretengan, y esa demanda ejerce una presión que se vuelve poderoso incentivo para los creadores. Tampoco es casual que la crítica haya poco menos que desaparecido en nuestros medios de información y se haya refugiado en esos conventos de clausura que son las Facultades de Humanidades y, en especial, los Departamentos de Filología cuyos estudios son solo accesibles a los especialistas. 

Mario Vargas Llosa
]]></texto>
    </pregunta>
    <pregunta>
      <enunciado><![CDATA[Explica qué quiso decir Vargas Llosa cuando afirma que la oferta cultural es una {{cur}}selva promiscua{{normal}}. ¿Consideras que su apreciación se trata de una crítica?, ¿por qué? 
]]></enunciado>
      <explicacion/>
      <nivel><![CDATA[3]]></nivel>
      <tipo/>
      <imagen/>
      <ampliacion/>
      <texto><![CDATA[{{neg}}La civilización del espectáculo{{normal}}

Es verdad que los diarios y revistas más serios publican todavía reseñas de libros, de exposiciones y conciertos, pero ¿alguien lee a esos paladines solitarios que tratan de poner cierto orden jerárquico en esa selva promiscua en que se ha convertido la oferta cultural de nuestros días? Lo cierto es que la crítica, que en la época de nuestros abuelos y bisabuelos desempeñaba un papel central en el mundo de la cultura porque asesoraba a los ciudadanos en la difícil tarea de juzgar lo que oían, veían y leían, hoy es una especie en extinción a la que nadie hace caso, salvo cuando se convierte también ella en diversión y espectáculo. 

Mario Vargas Llosa]]></texto>
    </pregunta>
    <pregunta>
      <enunciado><![CDATA[Cita algunos ejemplos de lo que Vargas Llosa podría considerar literatura light, cine light y arte light. Explica por qué caracterizas esas obras con ese calificativo.]]></enunciado>
      <explicacion/>
      <nivel><![CDATA[3]]></nivel>
      <tipo/>
      <imagen/>
      <ampliacion/>
      <texto><![CDATA[{{neg}}La civilización del espectáculo{{normal}}
La literatura light, como el cine light y el arte light, da la impresión cómoda al lector y al espectador de ser culto, revolucionario, moderno, y de estar a la vanguardia, con un mínimo esfuerzo intelectual. De este modo, esa cultura que se pretende avanzada y rupturista, en verdad propaga el conformismo a través de sus manifestaciones peores: la complacencia y la autosatisfacción.
En la civilización de nuestros días es normal y casi obligatorio que la cocina y la moda ocupen buena parte de las secciones dedicadas a la cultura y que los «chefs» y los «modistos» y «modistas» tengan ahora el protagonismo que antes tenían los científicos, los compositores y los filósofos. Los hornillos, los fogones y las pasarelas se confunden dentro de las coordenadas culturales de la época con los libros, los conciertos, los laboratorios y las óperas, así como las estrellas de la televisión y los grandes futbolistas ejercen sobre las costumbres, los gustos y las modas la influencia que antes tenían los profesores, los pensadores y (antes todavía) los teólogos. 
Mario Vargas Llosa
]]></texto>
    </pregunta>
    <pregunta>
      <enunciado><![CDATA[¿Qué característica de la literatura latinoamericana contemporánea predomina en este fragmento? Explica tu respuesta. ]]></enunciado>
      <explicacion/>
      <nivel><![CDATA[3]]></nivel>
      <tipo/>
      <imagen/>
      <ampliacion/>
      <texto><![CDATA[{{neg}}Los detectives salvajes {{normal}}
Hay una literatura para cuando estás aburrido. Abunda. Hay una literatura para cuando estás calmado. Esta es la mejor literatura, creo yo. También hay una literatura para cuando estás triste. Y hay una literatura para cuando estás alegre. Hay una literatura para cuando estás ávido de conocimiento. Y hay una literatura para cuando estás desesperado. Esta última es la que quisieron hacer Ulises Lima y Belano. Grave error, como se verá a continuación. Tomemos por ejemplo, un lector medio, un tipo tranquilo, culto, de vida más o menos sana, maduro. Un hombre que compra libros y revistas de literatura. Bien, ahí está. Ese hombre puede leer aquello que se escribe para cuando estás sereno, para cuando estás calmado, pero también puede leer cualquier otra clase de literatura, con ojo crítico, sin complicidades absurdas o lamentables, con desapasionamiento. Eso es lo que yo creo. No quiero ofender a nadie.

Roberto Bolaño 
]]></texto>
    </pregunta>
    <pregunta>
      <enunciado><![CDATA[Analiza el poema: ¿cómo está escrito: en primera persona o en forma impersonal?, ¿cuál es su tema?, ¿qué sentimientos embargan al yo lírico: alegría, nostalgia o desasosiego?, ¿los versos van aumentando de intensidad o mantienen el mismo ritmo?, ¿qué generan en el lector? ]]></enunciado>
      <explicacion/>
      <nivel><![CDATA[3]]></nivel>
      <tipo/>
      <imagen/>
      <ampliacion/>
      <texto><![CDATA[{{neg}}El manantial {{normal}}
¿Quién eres tú? ¿Quién eres tú? ¿Quién eres al alba, 
a la noche, a la tarde? ¿No es el amor tu imagen? 
Yo crecía, y crecías tú. ¡A nosotros crecíamos! 
Tomamos los racimos. ¿No es el amor mi imagen? 
Dolías en el llano de las cosas que rompen. 
En las cosas que abaten yo dolía. ¿Y tu imagen? 
El agua, entre las aguas, horadaba y subía. 
¡Oh qué sed de esa agua! ¡Nuestra sed! ¿Y mi imagen? 
En derredor la vida, para que así se cumpla 
la forja de la aurora repentina. ¡El encuentro! 
Mas no lo repentino. ¡Los únicos caudales! 
Imagen contra imagen, hacía imagen. ¡Lo nuestro! 
Esto que ahora esplende. ¡El amor! ¡El amor! 
¡Esto que nos destina rebeliones de imágenes!

David Rosenmann-Taub

]]></texto>
    </pregunta>
    <pregunta>
      <enunciado><![CDATA[Consulta sobre la obra de Roberto Bolaño. Explica cuáles son sus novelas más destacadas y sus respectivos temas. Luego, responde: ¿cuál de las novelas del escritor chileno te gustaría leer?, ¿por qué? ]]></enunciado>
      <explicacion/>
      <nivel><![CDATA[2]]></nivel>
      <tipo/>
      <imagen/>
      <ampliacion/>
      <texto/>
    </pregunta>
    <pregunta>
      <enunciado><![CDATA[¿Cómo definirías un cultismo? Cita tres ejemplos. ]]></enunciado>
      <explicacion/>
      <nivel><![CDATA[3]]></nivel>
      <tipo/>
      <imagen/>
      <ampliacion/>
      <texto><![CDATA[Después de dividir las palabras en cultas y populares, la lingüística positivista ha fijado su atención sobre las segundas, estudiándolas con todo detenimiento y fijando con exactitud casi matemática las leyes de su evolución. se ha considerado, pues, la lengua como un fenómeno natural, “fisiológico”, por decirlo así, de evolución fatal y reducible por tanto a leyes escuetas. Dentro de este criterio, las palabras cultas no podían interesar sino por lo que tenían de excepción a las leyes de la evolución fonética [...] Ahora bien, estos vocablos cultos son hechos idiomáticos (lo mismo que los populares) y deben ser, por tanto, objeto de la lingüística. Pero casi no lo han sido hasta ahora. Afortunadamente hoy se reconoce la importancia de lo espiritual en el idioma, puesto que la lengua no es más que un vehículo –y el más perfecto– de la vida mental del hombre, y se ha llegado a comprender cómo historia de la lengua e historia de la literatura y de la cultura son tres factores inseparables. El día en que estas corrientes lleguen a fertilizar la lingüística española, se escribirá la historia del cultismo español. Y ese día la labor idiomática de Góngora y de los círculos gongorinos podrás ser apreciada debidamente.

Dámaso Alonso, "La lengua poética de Góngira". En: {{cur}}Obras completas{{normal}}, volumen V. Madrid: Gredos, 1978.]]></texto>
    </pregunta>
    <pregunta>
      <enunciado><![CDATA[¿De dónde crees que provienen hoy las influencias cultas? Argumenta tu respuesta citando cinco ejemplos.]]></enunciado>
      <explicacion/>
      <nivel><![CDATA[3]]></nivel>
      <tipo/>
      <imagen/>
      <ampliacion/>
      <texto/>
    </pregunta>
    <pregunta>
      <enunciado><![CDATA[Encuentra al menos tres cultismos en el siguiente poema y explica su significado.]]></enunciado>
      <explicacion/>
      <nivel><![CDATA[3]]></nivel>
      <tipo/>
      <imagen/>
      <ampliacion/>
      <texto><![CDATA[Quien quisiere ser culto en solo un día,
la jeri (aprenderá) gonza siguiente:
fulgores, arrogar, joven, presiente,
candor, construye, métrica armonía;
poco, mucho, si no, purpuracía,
neutralidad, conculca, erige, mente,
pulsa, ostenta, librar, adolescente,
señas traslada, pira, frustra, arpía;
cede, impide, cisuras, petulante,
palestra, liba, meta, argento, alterna,
si bien disuelve émulo canoro.
Use mucho de líquido y de errante,
su poco de nocturno y de caverna,
anden listos livor, adunco y poro.

Francisco de Quevedo, {{cur}}Receta para hacer Soledades en un día{{normal}}.]]></texto>
    </pregunta>
    <pregunta>
      <enunciado><![CDATA[¿De qué lengua provienen los siguientes cultismos?]]></enunciado>
      <explicacion/>
      <nivel><![CDATA[3]]></nivel>
      <tipo/>
      <imagen/>
      <ampliacion/>
      <texto><![CDATA[Portal
Cátedra
Ópera
Laboral
Ostial
Dominar 
Hospedaje
Fábula
Ánima
Filial 

]]></texto>
    </pregunta>
    <pregunta>
      <enunciado><![CDATA[Consulta sobre tres escritores de lengua castellana cuyo trabajo se relacione con el uso de cultismos. Cita fragmentos de sus obras en las que se empleen esta clase de palabras.]]></enunciado>
      <explicacion/>
      <nivel><![CDATA[3]]></nivel>
      <tipo/>
      <imagen/>
      <ampliacion/>
      <texto/>
    </pregunta>
    <pregunta>
      <enunciado><![CDATA[¿Crees que en la actualidad existe la posibilidad de la creación de cultismos? ¿Por qué? ]]></enunciado>
      <explicacion/>
      <nivel><![CDATA[3]]></nivel>
      <tipo/>
      <imagen/>
      <ampliacion/>
      <texto/>
    </pregunta>
    <pregunta>
      <enunciado><![CDATA[¿Qué diferencias y semejanzas encuentras entre las siguientes técnicas de comunicación oral?]]></enunciado>
      <explicacion/>
      <nivel><![CDATA[2]]></nivel>
      <tipo/>
      <imagen/>
      <ampliacion/>
      <texto><![CDATA[• El debate
• El foro
• La técnica del riesgo 
• El panel ]]></texto>
    </pregunta>
    <pregunta>
      <enunciado><![CDATA[Explica qué temas pueden tratarse en cada uno de los siguientes foros. ]]></enunciado>
      <explicacion/>
      <nivel><![CDATA[3]]></nivel>
      <tipo/>
      <imagen/>
      <ampliacion/>
      <texto><![CDATA[• Foro de Cooperación Económica de Países Andinos
• Foro Jóvenes por Colombia
• Foro de Estudiantes Extranjeros en Colombia 
• Foro de Productores de Café de Exportación 
]]></texto>
    </pregunta>
    <pregunta>
      <enunciado><![CDATA[Escribe cinco reglas básicas que se deben aplicar en un foro virtual. ¿Cuáles de esas reglas son exclusivas de esta clase de foros? ]]></enunciado>
      <explicacion/>
      <nivel><![CDATA[2]]></nivel>
      <tipo/>
      <imagen/>
      <ampliacion/>
      <texto/>
    </pregunta>
    <pregunta>
      <enunciado><![CDATA[Menciona quiénes participan en un foro y explica el rol que deben cumplir. Luego, lista cinco pautas que permitan evaluar esta clase de actividad.]]></enunciado>
      <explicacion/>
      <nivel><![CDATA[2]]></nivel>
      <tipo/>
      <imagen/>
      <ampliacion/>
      <texto/>
    </pregunta>
    <pregunta>
      <enunciado><![CDATA[Organiza un foro con tus compañeros de clase. Seleccionen el tema sobre el cuál discutirán, precisen quiénes serán los foristas y quién el moderador. Consulten información sobre la temática y preparen sus intervenciones. Finalmente, escribe las conclusiones a las que llegaron. ]]></enunciado>
      <explicacion/>
      <nivel><![CDATA[3]]></nivel>
      <tipo/>
      <imagen/>
      <ampliacion/>
      <texto><![CDATA[Pueden elegir uno de los siguientes temas:
• La seguridad en las ciudades colombianas
• El plagio en el ámbito escolar 
• Medidas en contra del acoso escolar y sus diversas manifestaciones
• La edad apropiada para ejercer el derecho al voto
]]></texto>
    </pregunta>
    <pregunta>
      <enunciado><![CDATA[¿Cuál fue la principal cuasa de la regulación?, ¿consideras acertado que se haya dado la discusión sobre la necesidad de controlar la práctica del grafiti?, ¿por qué?]]></enunciado>
      <explicacion/>
      <nivel><![CDATA[3]]></nivel>
      <tipo/>
      <imagen/>
      <ampliacion/>
      <texto><![CDATA[{{neg}}La práctica del grafiti se reglamenta en Bogotá{{normal}}

El grafiti en Bogotá fue, hasta 2011, una práctica para la que no existían normas claras. Ni para las entidades públicas, ni para los grafiteros o los ciudadanos interesados, era claro dónde se podía hacer uno, cuál era la sanción por hacerlo indebidamente, quién debía promover las características artísticas responsables de esta expresión, etc. 

La muerte del grafitero Diego Felipe Becerra puso en evidencia la necesidad de promulgar una reglamentación para Bogotá que aclarara el panorama y otorgara bases sólidas que rigieran las acciones tanto de los grafiteros y ciudadanos, como de los funcionarios encargados del control policivo y ambiental de la ciudad. Desde la sociedad civil, las instancias judiciales y las instancias gubernamentales se hicieron llamados perentorios para la pronta reglamentación de la actividad.

Internet: http://www.culturarecreacionydeporte.gov.co/es/programas/cultura-democratica/grafiti-en-Bogota]]></texto>
    </pregunta>
    <pregunta>
      <enunciado><![CDATA[Con base en el texto, explica cómo se relaciona el grafiti con el entorno urbano y sus espectadores.]]></enunciado>
      <explicacion/>
      <nivel><![CDATA[3]]></nivel>
      <tipo/>
      <imagen/>
      <ampliacion/>
      <texto><![CDATA[{{neg}}¿Qué es un grafiti?{{normal}}

Creí que sería bueno comenzar tratando de definir qué entendemos por grafiti. En el lenguaje corriente, esta palabra generalmente es usada para referir a cualquier cosa hecha con un espray, pintada en una pared. Se dice que una raya es un grafiti, o frases escritas en los muros, o que una pintada política es un grafiti, o que también lo son los esténciles, etc.
{{neg}}Pero, ¿qué es en si un grafiti?{{normal}}

Grafiti es un término tomado del latín {{cur}}graphiti.{{normal}} Se utiliza la acepción latina “grafiti” para referirse al movimiento cultural y artístico así como también a las propias pintadas (piezas).

La diferencia entre una simple pintada (frases escritas en las paredes) y una obra elaborada con fines estéticos solo la marcan la intencionalidad del autor y la visión del propio espectador.

Internet: https://lienzosurbanos.wordpress.com/2007/08/28/%C2%BFque-es-graffiti/]]></texto>
    </pregunta>
    <pregunta>
      <enunciado><![CDATA[¿Consideras que el grafiti y el lenguaje que emplea han influenciado en la vida cotidiana? Explica tus respuestas. ]]></enunciado>
      <explicacion/>
      <nivel><![CDATA[3]]></nivel>
      <tipo/>
      <imagen/>
      <ampliacion/>
      <texto><![CDATA[{{neg}}Un poco de historia{{normal}}

El grafiti, las pinturas murales, existen desde la prehistoria pero es hacia finales de los 60 que el fenómeno del {{cur}}Writing{{normal}} comienza a desarrollarse en Nueva York.

Posteriormente, el grafiti pasa a asociarse con el Hip hop. El grafiti es la principal expresión del Hip hop en las artes plásticas, es uno de los cuatro elementos de la cultura Hip hop. 

El {{cur}}Tag{{normal}} va bastante unido con el arte del grafiti. Los escritores que pintan sus obras en el mobiliario urbano suelen dejarle su firma, el llamado {{cur}}tag,{{normal}} pero no siempre van unidos a la obra pintada, se los puede encontrar por las calles, sin relacionarse con ningún grafiti, acción denominada {{cur}}Taggear{{normal}}.

Internet: https://lienzosurbanos.wordpress.com/2007/08/28/%C2%BFque-es-graffiti/]]></texto>
    </pregunta>
    <pregunta>
      <enunciado><![CDATA[¿Qué clase de reunión se llevó a cabo?, ¿con qué propósito?, ¿sobre qué temas consideras que se discutió?, ¿a quiénes beneficia este tipo de encuentros?, ¿por qué?]]></enunciado>
      <explicacion/>
      <nivel><![CDATA[2]]></nivel>
      <tipo/>
      <imagen/>
      <ampliacion/>
      <texto><![CDATA[La Secretaría General de la Alcaldía Mayor organizó en el primer trimestre de 2012 una mesa interinstitucional para discutir y elaborar una propuesta de Decreto Reglamentario del Acuerdo 482 en la que participaron las secretarías General, de Gobierno, de Cultura, Recreación y Deporte, de Ambiente y de Planeación, además del DADEP, el IDU, el IDRD y el IDARTES. La recomendación general resultante, más allá del contenido del proyecto de Decreto mismo, fue ampliar las consultas en especial a los grafiteros de la ciudad, directos afectados por la reglamentación que se trabajaba.

La comunidad del grafiti en Bogotá decidió entonces, con el acompañamiento del IDARTES y de la Secretaría Distrital de Cultura, Recreación y Deporte, organizarse para la revisión del proyecto de Decreto. Se aprovechó una instancia informal de discusión sobre grafiti que existía en el marco de la Mesa Distrital de Hip Hop y se formalizó la Mesa Distrital de Grafiti como instancia de participación permanente en la materia. Dicha mesa se reunió periódicamente, con presencia de más de 50 grafiteros de la ciudad, en el teatro Jorge Eliécer Gaitán.
Internet: http://www.culturarecreacionydeporte.gov.co/es/programas/cultura-democratica/grafiti-en-Bogota]]></texto>
    </pregunta>
    <pregunta>
      <enunciado><![CDATA[Lee el fragmento y el artículo correspondiente por internet. Luego, lleva a cabo una discusión con tus compañeros que responda a la siguiente pregunta: ¿es adecuado considerar el grafiti un arte,? ¿por qué? Finalmente, escribe las conclusiones a las que llegaron. ]]></enunciado>
      <explicacion/>
      <nivel><![CDATA[3]]></nivel>
      <tipo/>
      <imagen/>
      <ampliacion/>
      <texto><![CDATA[{{neg}}“El grafiti es una parte de nosotros en cada lugar”, Franco de Colombia{{normal}}

Quizá en algún recorrido por Bogotá se haya encontrado una de las variaciones de este personaje. Franco de Colombia es uno de los grafiteros más reconocidos del país. Desde el 2011 forma parte de la APC (Animal Poder Cultura); una {{cur}}crew{{normal}} conformada por aproximadamente 47 grafiteros a nivel mundial. El 40% residen en Colombia y son responsables de algunas de las mejores intervenciones que se han hecho en el pais.

Tiene su primer acercamiento al grafiti en San Mateo, Soacha. Allí se inicia en la cultura del Hip hop, después de haber explorado varios géneros musicales. Para 1995, bailaba {{cur}}Break dance{{normal}}, pintaba y cantaba en Perpetuo; un grupo de rap de Soacha, al que aún pertenece, pero para el que ahora solo pinta. “Me di cuenta de que me apasionaba más pintar. Tenía más {{cur}}flow{{normal}} para eso, con el tiempo fui experimentando y encontré en la pintura una gran pasión”.

Internet: http://www.cromos.com.co/hoy-historias-personajes/el-graffiti-es-una-parte-de-
nosotros-en-cada-lugar-franco-de-colombia-16975
]]></texto>
    </pregunta>
    <pregunta>
      <enunciado><![CDATA[¿Consideras que el grafiti estimula la convivencia o puede ser, en cambio, un generador de conflictos? justifica tu respuesta. ]]></enunciado>
      <explicacion/>
      <nivel><![CDATA[3]]></nivel>
      <tipo/>
      <imagen/>
      <ampliacion/>
      <texto><![CDATA[Para la época en que Franco empieza a construirse como grafitero, 1997, Colombia estaba enfrentando uno de los peores momentos de su historia. El país estaba lleno de violencia y narcotráfico. Todo era guerra. Franco, con sus 17 años, creía que a través del arte podría lograr una revolución como contestación al momento por el que estaba atravesando el país: “Yo quería hacer mi propia revolución con el rap, con la pintura. Mi batalla la quería hacer pacíficamente. Decidí Franco, porque Franco, que viene de franquicia, es sinónimo de libertad, de estar libre”.

En 2001 decide dedicarse seriamente al grafiti y hace su primera pieza llena de color. Posteriormente, participa en el Segundo Festival de Hip hop de Soacha donde conoce a Aeon, uno de los fundadores de APC, quien entonces era jurado del Festival. Allí también se encuentra por primera vez con Hera y Slim, con quienes crea HORDA ESEA; una crew con la que empezó a pintar por toda la ciudad, con la que profundizó el mundo del grafiti y con la que abre en 2005 Casa Sha, ubicada en Soacha.
Internet: http://www.cromos.com.co/hoy-historias-personajes/el-graffiti-es-una-parte-de-nosotros-en
-cada-lugar-franco-de-colombia-16975]]></texto>
    </pregunta>
    <pregunta>
      <enunciado><![CDATA[Reflexiona e identifica cuál es tu opinión sobre el efecto de las redes sociales en las relaciones y la comunicación entre los jóvenes.]]></enunciado>
      <explicacion/>
      <nivel><![CDATA[3]]></nivel>
      <tipo/>
      <imagen/>
      <ampliacion/>
      <texto><![CDATA[Para sustentar tu opinión, construye:

• Un argumento de hecho, donde evidencies tu pensamiento crítico.
• Dos argumentos de sentido común, donde pruebes tu capacidad de síntesis.
• Un argumento por analogía, donde afirmes tu pensamiento creativo.
• Uno emotivo, dirigido a personas de tu edad, donde evidencies tu entendimiento interpersonal.]]></texto>
    </pregunta>
    <pregunta>
      <enunciado><![CDATA[Compara tu punto de vista y tus argumentos con los de tus compañeros y elige como pareja de trabajo a quien haya propuesto argumentos diferentes a los tuyos. Luego, determinen cuáles de los argumentos de cada uno fueron más contundentes y anótenlos.]]></enunciado>
      <explicacion/>
      <nivel><![CDATA[2]]></nivel>
      <tipo/>
      <imagen/>
      <ampliacion/>
      <texto/>
    </pregunta>
    <pregunta>
      <enunciado><![CDATA[Lee la sentencia de Jorge Luis Borges. Luego, responde: ¿qué significado tiene?, ¿consideras que tiene validez?, ¿crees que va en contra de la capacidad argumentativa? Justifica tus respuestas. ]]></enunciado>
      <explicacion/>
      <nivel><![CDATA[3]]></nivel>
      <tipo/>
      <imagen/>
      <ampliacion/>
      <texto><![CDATA[Feliz el que no insiste en tener razón,
porque nadie la tiene o todos la tienen...

{{cur}}Elogio de la sombra{{normal}}]]></texto>
    </pregunta>
    <pregunta>
      <enunciado><![CDATA[Redacta cinco reglas básicas para participar en un diálogo argumentativo. ]]></enunciado>
      <explicacion/>
      <nivel><![CDATA[2]]></nivel>
      <tipo/>
      <imagen/>
      <ampliacion/>
      <texto/>
    </pregunta>
    <pregunta>
      <enunciado><![CDATA[Recuerda un anuncio de radio. Luego, analízalo: determina qué clase de argumentos emplea, qué registro lingüístico privilegia, de qué recursos sonoros y otros elementos se vale para convencer a las persoans de adquirir el producto o servicio que publicita. ]]></enunciado>
      <explicacion/>
      <nivel><![CDATA[3]]></nivel>
      <tipo/>
      <imagen/>
      <ampliacion/>
      <texto/>
    </pregunta>
  </preguntas>
  <temps>60</temps>
</motor>