﻿<?xml version="1.0" encoding="utf-8"?>
<engine copy="Editorial Planeta" version="1" aprid="f6">
  <main layout="4">
    <title>El lenguaje figurado en la literatura</title>
    <footer>Escoge una imagen</footer>
  </main>
  <sections>
    <section i="0" star="false" hasSubsections="false">
      <menuImage path="LE_06_02_REC160_IMG01.jpg" border="0">
        <title><![CDATA[La metáfora]]></title>
      </menuImage>
      <pages>
        <page i="0" visible="true" color="">
          <title>¿Qué es la metáfora?</title>
          <description><![CDATA[<p style="text-align: justify;"><span style="font-size:25px;"><span style="font-family:verdana,geneva,sans-serif;">La&nbsp;<strong>met&aacute;fora</strong>&nbsp;se refiere a atribuirle las caracter&iacute;sticas de un objeto o ser a otro. De esta manera se realzan&nbsp;sus caracter&iacute;sticas particulares y rasgos compartidos. Para ello, generalmente se usan los verbos&nbsp;&ldquo;ser&rdquo; o &ldquo;estar&rdquo; conjugados.</span></span></p>
]]></description>
          <images>
            <image path="LE_06_02_REC160_IMG07n.jpg" border="0" pathbig="LE_06_02_REC160_IMG07a.jpg">
              <title><![CDATA[Tu rostro es el sol que ilumina mi vida.]]></title>
            </image>
          </images>
        </page>
        <page i="0" visible="true" color="">
          <title>¿Cómo hacer una metáfora en tres pasos?</title>
          <description><![CDATA[<p style="text-align: justify;"><span style="font-size:20px;"><span style="font-family:verdana,geneva,sans-serif;">Recuerda que esta figura ret&oacute;rica la puedes utilizar en diversos textos y situaciones de habla en las&nbsp;que necesites dotar de mayor expresividad el lenguaje.</span></span></p>

<p style="text-align: justify;"></p>

<p style="text-align: justify;"><span style="font-size:20px;"><span style="font-family:verdana,geneva,sans-serif;">Sigue estos pasos b&aacute;sicos para construir una met&aacute;fora:</span></span></p>

<ul>
	<li style="text-align: justify;"><span style="font-size:20px;"><span style="font-family:verdana,geneva,sans-serif;"><strong>Primero</strong>: preg&uacute;ntate &iquest;qu&eacute; efecto quiero conseguir en el otro? Tal vez tu intenci&oacute;n est&aacute; en darle un car&aacute;cter m&aacute;s l&uacute;dico a tu mensaje, o tal vez deseas dotarlo de mayor expresividad;&nbsp;quiz&aacute;s, sencillamente pretendes conseguir que &eacute;ste se vea m&aacute;s estilizado.</span></span></li>
	<li style="text-align: justify;"><span style="font-size:20px;"><span style="font-family:verdana,geneva,sans-serif;"><strong>Segundo</strong>:&nbsp;luego de preguntarte por el efecto que deseas conseguir, debes escoger aquello que deseas metaforizar, puede ser algo subjetivo (sentimientos, pensamientos, ideas) o&nbsp;algo tangible. Podr&iacute;as construir una met&aacute;fora para mostrar algo que sea dif&iacute;cil de decir, por ejemplo, una ruptura amorosa o demostrar la belleza de una hermosa mujer o de un hermoso hombre con palabras &uacute;nicas y sublimes.&nbsp;</span></span></li>
	<li style="text-align: justify;"><span style="font-size:20px;"><span style="font-family:verdana,geneva,sans-serif;"><strong>Tercero</strong>: encuentra un elemento, idealmente tangible, perceptible y comprensible, que permita hacer la relaci&oacute;n impl&iacute;cita y directa entre aquello que quieres metaforizar y el elemento escogido.</span></span></li>
</ul>

<p style="text-align: justify;"><span style="font-size:20px;"><span style="font-family:verdana,geneva,sans-serif;">Seg&uacute;n lo dicho, una met&aacute;fora podr&iacute;a ser:</span></span></p>

<p style="text-align: justify;"><span style="font-size:20px;"><span style="font-family:verdana,geneva,sans-serif;">&ldquo;Tus manos son&nbsp;algod&oacute;n&rdquo;.&nbsp;La palabra &ldquo;algod&oacute;n&rdquo; es el t&eacute;rmino metaforizado que implica &quot;suavidad&quot;.</span></span></p>

<p style="text-align: justify;"><span style="font-size:20px;"><span style="font-family:verdana,geneva,sans-serif;">Observemos otros ejemplos:</span></span></p>

<ul>
	<li style="text-align: justify;"><span style="font-size:20px;"><span style="font-family:verdana,geneva,sans-serif;">Tus ojos son la luz de la luna; t&eacute;rmino metaforizado: &ldquo;luz de la luna&rdquo;</span></span></li>
	<li style="text-align: justify;"><span style="font-size:20px;"><span style="font-family:verdana,geneva,sans-serif;">Tus cabellos, el sol de la ma&ntilde;ana; t&eacute;rmino metaforizado: &ldquo;el sol de la ma&ntilde;ana&rdquo;&nbsp; </span></span>&nbsp;</li>
</ul>
]]></description>
          <images>
            <image path="LE_06_02_REC160_IMG08n.jpg" border="0" pathbig="LE_06_02_REC160_IMG08a.jpg">
              <title><![CDATA[Mi papá es un superhéroe.]]></title>
            </image>
          </images>
        </page>
      </pages>
    </section>
    <section i="0" star="false" hasSubsections="false">
      <menuImage path="LE_06_02_REC160_IMG02.jpg" border="0">
        <title><![CDATA[El símil]]></title>
      </menuImage>
      <pages>
        <page i="0" visible="true" color="">
          <title>¿Qué es un símil?</title>
          <description><![CDATA[<p style="text-align: justify;"><span style="font-size:25px;"><span style="font-family:verdana,geneva,sans-serif;">Un <strong>s&iacute;mil</strong> es una figura literaria que consiste en comparar dos t&eacute;rminos o conceptos que son <strong><em>similares</em></strong> o que comparten alguna caracter&iacute;stica en com&uacute;n. Los t&eacute;rminos se vinculan con un conector&nbsp;comparativo.&nbsp;Estos son: <em><strong>&quot;como&quot;, &quot;semejante a&quot;, &quot;tan... como&quot;, &quot;tanto...</strong></em><em><strong>&nbsp;como&quot;&nbsp;</strong></em>o<em><strong> &quot;igual que&quot;. </strong></em>El incluir este tipo de&nbsp;nexos&nbsp;nos indica una diferencia entre el s&iacute;mil y la met&aacute;fora, pues en esta &uacute;ltima no se utilizan.</span></span></p>

<p></p>
]]></description>
          <images>
            <image path="LE_06_02_REC160_IMG09n.jpg" border="0" pathbig="LE_06_02_REC160_IMG09a.jpg">
              <title><![CDATA[Pedro se viste igual que su papá.]]></title>
            </image>
          </images>
        </page>
        <page i="0" visible="true" color="">
          <title>El símil en la literatura</title>
          <description><![CDATA[<p style="text-align: justify;"><span style="font-size:20px;"><span style="font-family:verdana,geneva,sans-serif;">El <strong>s&iacute;mil</strong>&nbsp;tambi&eacute;n es conocido como&nbsp;<strong>comparaci&oacute;n</strong>. Su uso en la literatura es estrictamente <em>est&eacute;tico</em>; es decir, embellece el mensaje y lo hace distintivo entre lo que se dice; es decir, el s&iacute;mil nos permite resaltar lo que queramos.</span></span></p>

<p style="text-align: justify;"><span style="font-size:20px;"><span style="font-family:verdana,geneva,sans-serif;">En el lenguaje popular es muy com&uacute;n el uso de los s&iacute;miles dentro de las conversaciones informales, ya que nos permite expresar ideas complejas de manera m&aacute;s clara y sencilla. Algunas veces estas comparaciones se incluyen en la comunicaci&oacute;n para exagerar ciertas observaciones y muchas veces agregan toques humor&iacute;sticos al habla.</span></span></p>

<p style="text-align: justify;"><span style="font-size:20px;"><span style="font-family:verdana,geneva,sans-serif;">Algunos&nbsp;ejemplos de s&iacute;miles son:</span></span></p>

<ul>
	<li style="text-align: justify;"><span style="font-size:20px;"><span style="font-family:verdana,geneva,sans-serif;">Te pareces a mi perro cuando tienes hambre.</span></span></li>
	<li style="text-align: justify;"><span style="font-size:20px;"><span style="font-family:verdana,geneva,sans-serif;">Eres tan bella como la luna.</span></span></li>
	<li style="text-align: justify;"><span style="font-size:20px;"><span style="font-family:verdana,geneva,sans-serif;">Juegas f&uacute;tbol igual que Maradona.</span></span></li>
</ul>
]]></description>
          <images>
            <image path="LE_06_02_REC160_IMG10n.jpg" border="0" pathbig="LE_06_02_REC160_IMG10a.jpg">
              <title><![CDATA[La luna es tan blanca como la nieve.]]></title>
            </image>
          </images>
        </page>
      </pages>
    </section>
    <section i="0" star="false" hasSubsections="false">
      <menuImage path="LE_06_02_REC160_IMG03.jpg" border="0">
        <title><![CDATA[La hipérbole]]></title>
      </menuImage>
      <pages>
        <page i="0" visible="true" color="">
          <title>La hipérbole</title>
          <description><![CDATA[<p style="text-align: justify;"><span style="font-size:20px;"><span style="font-family:verdana,geneva,sans-serif;">La <strong>hip&eacute;rbole</strong>&nbsp;consiste en <strong>exagerar</strong>&nbsp;las cualidades o rasgos de algo o de alguien&nbsp;para provocar un mayor impacto o sensaci&oacute;n en nuestro&nbsp;interlocutor. Por tal raz&oacute;n, la hip&eacute;rbole se usa mucho en el humor o cuando queremos resaltar nuestro parecer sobre algo.</span></span></p>

<p style="text-align: justify;"><span style="font-size:20px;"><span style="font-family:verdana,geneva,sans-serif;">En la literatura, nos sirve para darle <strong>intensidad</strong> a las palabras, lo que nos permitir&aacute; <strong>resaltar cualidades</strong> o sentimientos. Esto generalmente se hace para llamar la atenci&oacute;n del lector.&nbsp;</span></span></p>

<p style="text-align: justify;"><span style="font-size:20px;"><span style="font-family:verdana,geneva,sans-serif;">Algunos ejemplos que nos ayudar&aacute;n a entender mejor lo que es una hip&eacute;rbole son:</span></span></p>

<ul>
	<li style="text-align: justify;"><span style="font-size:20px;"><span style="font-family:verdana,geneva,sans-serif;">Eres m&aacute;s lento que una tortuga.</span></span></li>
	<li style="text-align: justify;"><span style="font-size:20px;"><span style="font-family:verdana,geneva,sans-serif;">Tiene una vista de &aacute;guila.</span></span></li>
	<li style="text-align: justify;"><span style="font-size:20px;"><span style="font-family:verdana,geneva,sans-serif;">Te lo he dicho m&aacute;s de un mill&oacute;n de veces.</span></span></li>
</ul>
]]></description>
          <images>
            <image path="LE_06_02_REC160_IMG11n.jpg" border="0" pathbig="LE_06_02_REC160_IMG11a.jpg">
              <title><![CDATA[Soy más fuerte que Sansón y Atlas.]]></title>
            </image>
            <image path="LE_06_02_REC160_IMG12n.jpg" border="0" pathbig="LE_06_02_REC160_IMG12a.jpg">
              <title><![CDATA[Soy tan grande como para llevar un árbol en mis manos.]]></title>
            </image>
          </images>
        </page>
      </pages>
    </section>
    <section i="0" star="false" hasSubsections="false">
      <menuImage path="LE_06_02_REC160_IMG04.jpg" border="0">
        <title><![CDATA[La ironía]]></title>
      </menuImage>
      <pages>
        <page i="0" visible="true" color="">
          <title>La ironía</title>
          <description><![CDATA[<p style="text-align: justify;"><span style="font-size:20px;"><span style="font-family:verdana,geneva,sans-serif;">La <strong>iron&iacute;a</strong>&nbsp;es entendida como una&nbsp;burla&nbsp;disimulada&nbsp;y&nbsp;consiste en dar a entender lo contrario de lo que se dice a trav&eacute;s de la entonaci&oacute;n del lenguaje o del <strong>lenguaje corporal</strong> (el lenguaje de gestos y&nbsp;el lenguaje no verbal).</span></span></p>

<p style="text-align: justify;"><span style="font-size:20px;"><span style="font-family:verdana,geneva,sans-serif;">Cuando nuestra iron&iacute;a supera los l&iacute;mites del respeto se reconoce como <em><strong>sarcasmo</strong>.</em>&nbsp;Por ejemplo,&nbsp;cuando le decimos a una mujer &ldquo;No, no est&aacute;s gorda, es que todas las dem&aacute;s est&aacute;n muy flacas&rdquo;, nuestra intenci&oacute;n est&aacute; destinada a herir los sentimientos de esa persona y la intenta discriminar por su condici&oacute;n f&iacute;sica. Lamentablemente, muchas veces herimos a los dem&aacute;s por ser sarc&aacute;sticos.</span></span></p>

<p style="text-align: justify;"><span style="font-size:20px;"><span style="font-family:verdana,geneva,sans-serif;">La iron&iacute;a en ocasiones implica&nbsp;una forma de agresi&oacute;n verbal. Es por eso que debemos tener mucho cuidado en su uso,&nbsp;para no herir a las personas. A veces es necesario ser sincero y decir las cosas de la mejor manera para evitar malos entendidos.</span></span></p>

<p style="text-align: justify;"><span style="font-size:20px;"><span style="font-family:verdana,geneva,sans-serif;">Observemos unos ejemplos de iron&iacute;a:</span></span></p>

<ul>
	<li style="text-align: justify;"><span style="font-size:20px;"><span style="font-family:verdana,geneva,sans-serif;">Decir&nbsp;&quot;&iexcl;Qu&eacute; inteligente eres!&quot;, cuando se ha cometido alg&uacute;n error.</span></span></li>
	<li style="text-align: justify;"><span style="font-size:20px;"><span style="font-family:verdana,geneva,sans-serif;">Decir&nbsp;&quot;&iexcl;Eres la mata del juicio!&quot;, cuando los actos de la persona&nbsp;demuestran&nbsp;todo lo contrario (puede ser, por ejemplo, una persona que molesta mucho).</span></span></li>
	<li style="text-align: justify;"><span style="font-size:20px;"><span style="font-family:verdana,geneva,sans-serif;">Decir&nbsp;&quot;<span style="text-align: justify;">&iexcl;Qu&eacute; bien te ves hoy!&quot;, cuando la persona a la que se le dice est&aacute; desali&ntilde;ada o demacrada.</span>&nbsp;</span></span></li>
</ul>
]]></description>
          <images>
            <image path="LE_06_02_REC160_IMG13n.jpg" border="0" pathbig="LE_06_02_REC160_IMG13a.jpg">
              <title><![CDATA[Es irónico tratar de conseguir la paz a través de la guerra.]]></title>
            </image>
            <image path="LE_06_02_REC160_IMG14n.jpg" border="0" pathbig="LE_06_02_REC160_IMG14a.jpg">
              <title><![CDATA[Pero si Luis no lastima a nadie. Él es todo un angelito.]]></title>
            </image>
          </images>
        </page>
      </pages>
    </section>
    <section i="0" star="false" hasSubsections="false">
      <menuImage path="LE_06_02_REC160_IMG05.jpg" border="0">
        <title><![CDATA[La paradoja]]></title>
      </menuImage>
      <pages>
        <page i="0" visible="true" color="">
          <title>La paradoja</title>
          <description><![CDATA[<p style="text-align: justify;"><span style="font-size:20px;"><span style="font-family:verdana,geneva,sans-serif;">Seg&uacute;n el diccionario de la&nbsp;Real Academia de la Lengua Espa&ntilde;ola (RAE), la <strong>paradoja</strong> es una figura de pensamiento que consiste en emplear expresiones o frases que contienen <strong>contradicci&oacute;n</strong>.&nbsp;Por ejemplo:</span></span></p>

<ul>
	<li style="text-align: justify;"><span style="font-size:20px;"><span style="font-family:verdana,geneva,sans-serif;">&ldquo;Mira al avaro, en sus riquezas, pobre&rdquo;.</span></span></li>
	<li style="text-align: justify;"><span style="font-size:20px;"><span style="font-family:verdana,geneva,sans-serif;">&quot;Matamos a quien nos da la vida&quot;</span></span></li>
</ul>

<p style="text-align: justify;"><span style="font-size:20px;"><span style="font-family:verdana,geneva,sans-serif;"><span style="text-align: justify;">En el primer ejemplo se&nbsp;ense&ntilde;a que no importa tener toda la plata del mundo si no se aprende a compartir con los dem&aacute;s; el segundo&nbsp;nos habla de cuidar la tierra en la que se cultiva nuestro alimento, pues si la seguimos destruyendo&nbsp;en poco tiempo no tendremos c&oacute;mo&nbsp;sobrevivir.</span></span></span></p>

<p style="text-align: justify;"><span style="font-size:20px;"><span style="font-family:verdana,geneva,sans-serif;">En otros campos, como la filosof&iacute;a, la paradoja es considerada como un poderoso est&iacute;mulo para la <strong>reflexi&oacute;n</strong>, puesto que sus enunciados nos llevan a meditar sobre lo dicho por el hablante y corregir nuestra forma de ver el mundo.&nbsp;</span></span></p>
]]></description>
          <images>
            <image path="LE_06_02_REC160_IMG15n.jpg" border="0" pathbig="LE_06_02_REC160_IMG15a.jpg">
              <title><![CDATA[La belleza de una ciudad no está en sus edificios sino en sus parques.]]></title>
            </image>
            <image path="LE_06_02_REC160_IMG16n.jpg" border="0" pathbig="LE_06_02_REC160_IMG16a.jpg">
              <title><![CDATA[La felicidad no la compra el dinero sino las personas que están a tu alrededor.]]></title>
            </image>
          </images>
        </page>
      </pages>
    </section>
    <section i="0" star="false" hasSubsections="false">
      <menuImage path="LE_06_02_REC160_IMG06.jpg" border="0">
        <title><![CDATA[La personificación]]></title>
      </menuImage>
      <pages>
        <page i="0" visible="true" color="">
          <title>La personificación</title>
          <description><![CDATA[<p style="text-align: justify;"></p>

<p style="text-align: justify;"><span style="font-size:20px;"><span style="font-family:verdana,geneva,sans-serif;">La <strong>personificaci&oacute;n</strong>&nbsp;se produce cuando&nbsp;damos rasgos de&nbsp;vitalidad o caracter&iacute;sticas propias del ser humano a animales, vegetales u objetos.&nbsp;</span></span></p>

<p style="text-align: justify;"><span style="font-size:20px;"><span style="font-family:verdana,geneva,sans-serif;">En la teor&iacute;a literaria, la personificaci&oacute;n&nbsp;tambi&eacute;n es conocida como&nbsp;<strong>prosopopeya.</strong>&nbsp;En ella, lo inanimado pasa a ser tratado como si tuviera vida. Es necesario aclarar que la personificaci&oacute;n no s&oacute;lo puede alcanzar a las cosas f&iacute;sicas inanimadas, sino que tambi&eacute;n puede estar vinculada a nociones o conceptos abstractos como la muerte, la paz, etc.</span></span></p>
]]></description>
          <images>
            <image path="LE_06_02_REC160_IMG17n.jpg" border="0" pathbig="LE_06_02_REC160_IMG17a.jpg">
              <title><![CDATA[El búho estudioso saca buenas notas en el colegio.]]></title>
            </image>
            <image path="LE_06_02_REC160_IMG18n.jpg" border="0" pathbig="LE_06_02_REC160_IMG18a.jpg">
              <title><![CDATA[El clima está muy enfadado.]]></title>
            </image>
          </images>
        </page>
      </pages>
    </section>
  </sections>
</engine>