﻿<?xml version="1.0" encoding="utf-8"?>
<engine copy="Editorial Planeta" version="1" aprid="f10">
  <main mode="f10" title="El contexto social e histórico de la Colonia">
    <tf><![CDATA[<p><img alt="" src="https://raw.githubusercontent.com/AulaPlanetaColombia/RecursosGenerales/master/guiasYformatos/recursos/dummy/imagenDummy-MotorF.jpg" style="width: 800px; height: 458px;" />Luis N&uacute;&ntilde;ez Borda.&nbsp;<em>Entrada del Sello Real a Santaf&eacute;</em>.&nbsp;&Oacute;leo,&nbsp;ca. 1935.</p>

<p></p>]]></tf>
  </main>
  <understanding title="El contexto histórico" title2="El contexto" buttons="true" visible="true">
    <definition>
      <title>La Conquista</title>
      <def><![CDATA[<p><span style="font-family:verdana,geneva,sans-serif;"><span style="font-size:18px;">Como antecedente inmediatamente anterior a la Colonia se encuentra la Conquista. En este periodo los conquistadores espa&ntilde;oles llegaron al territorio de Colombia, fundaron varias ciudades y establecieron los principios sobre los cuales se asentar&iacute;a posteriormente el dominio espa&ntilde;ol sobre nuestro territorio.</span></span></p>

<p><span style="font-family:verdana,geneva,sans-serif;"><span style="font-size:18px;">Para tener en cuenta:</span></span></p>

<ul>
	<li><span style="font-family:verdana,geneva,sans-serif;"><span style="font-size:18px;">La primera ciudad fundada por los espa&ntilde;oles fue Santa Mar&iacute;a la Antigua del Dari&eacute;n, en 1510. Esta no se mantuvo por mucho tiempo debido a las dif&iacute;ciles condiciones clim&aacute;ticas de la zona.</span></span></li>
	<li><span style="font-family:verdana,geneva,sans-serif;"><span style="font-size:18px;">En 1525 Rodrigo de Bastidas fund&oacute; Santa Marta, la primera ciudad que logr&oacute; mantenerse a lo largo de los a&ntilde;os.</span></span></li>
	<li><span style="font-family:verdana,geneva,sans-serif;"><span style="font-size:18px;">Gonzalo Jim&eacute;nez de Quesada fund&oacute;&nbsp;Santa Fe de Bogot&aacute; en 1538, estableciendo as&iacute; la poblaci&oacute;n que posteriormente se convertir&iacute;a en punto central de la administraci&oacute;n espa&ntilde;ola en esta parte de Am&eacute;rica.</span></span></li>
	<li><span style="font-family:verdana,geneva,sans-serif;"><span style="font-size:18px;">Durante esta &eacute;poca, la producci&oacute;n literaria se centra en los diarios, las cr&oacute;nicas y, en general, en todos aquellos textos que daban cuenta de las experiencias de los espa&ntilde;oles en el Nuevo Mundo.</span></span></li>
</ul>
]]></def>
    </definition>
    <definition>
      <title>La Colonia</title>
      <def><![CDATA[<p><span style="font-family:verdana,geneva,sans-serif;"><span style="font-size:18px;">Los l&iacute;mites cronol&oacute;gicos de la Colonia en Colombia son 1549, con el establecimiento de la Real Audiencia de Santa Fe de Bogot&aacute;, y 1810, con el grito de independencia. Durante este periodo, los colonizadores espa&ntilde;oles se establecieron y crearon instituciones pol&iacute;ticas y econ&oacute;micas que regularon la vida de nuestro pa&iacute;s por m&aacute;s de doscientos a&ntilde;os.</span></span></p>

<p><span style="font-family:verdana,geneva,sans-serif;"><span style="font-size:18px;">El territorio colombiano hizo parte del virreinato de Per&uacute; hasta 1739, cuando se estableci&oacute; el virreinato de la Nueva Granada, que alcanz&oacute; a abarcar territorios de lo que hoy son Colombia, Venezuela, Ecuador, Brasil y algunos pa&iacute;ses de Am&eacute;rica Central. No obstante, la extensi&oacute;n del territorio facilit&oacute; las insurrecciones, como la revuelta de los comuneros en 1781.</span></span></p>
<span style="font-family:verdana,geneva,sans-serif;"><span style="font-size:18px;">Los hechos en Espa&ntilde;a afectaban a sus colonias: la dif&iacute;cil situaci&oacute;n econ&oacute;mica producida por un fuerte incremento en los precios, as&iacute; como por las constantes derrotas militares, repercutieron en un aumento de impuestos para los americanos; por otra parte, la invasi&oacute;n napole&oacute;nica, ocurrida en 1808, dio pie para que las colonias americanas pensaran definitivamente en su independencia del Imperio espa&ntilde;ol.</span></span>]]></def>
    </definition>
  </understanding>
  <definitions title="Galería" title2="Galería" visible="true">
    <definition>
      <title>Santa Fe</title>
      <def><![CDATA[<p></p>

<p><img alt="" src="https://raw.githubusercontent.com/AulaPlanetaColombia/RecursosGenerales/master/guiasYformatos/recursos/dummy/imagenDummy-MotorF.jpg" style="width: 800px; height: 458px;" /></p>

<p><span style="font-size:18px;">Dibujo del mestizo peruano Wam&aacute;n Poma de Ayala, imaginando antes de 1615 la &laquo;Ciudad de Nuevo Reino; Santa Fe de Bogot&aacute;; ciudad, tiene gobernador&raquo;.</span></p>]]></def>
    </definition>
    <definition>
      <title>Nuevo Reino</title>
      <def><![CDATA[<p><img alt="" src="https://raw.githubusercontent.com/AulaPlanetaColombia/RecursosGenerales/master/guiasYformatos/recursos/dummy/imagenDummy-MotorF.jpg" style="width: 800px; height: 458px;" /></p>

<p><small><em>Nuevo Reino de Granada, Audiencias de Panam&aacute;, Santa Fe, Venezuela y Guayana</em>.&nbsp;Detalle del mapa de Guillaume de l&rsquo;Isle, siglo XVII. Archivo General de la Naci&oacute;n, Bogot&aacute;.</small></p>
]]></def>
    </definition>
    <definition>
      <title>La organización</title>
      <def><![CDATA[<p><img alt="" src="https://raw.githubusercontent.com/AulaPlanetaColombia/RecursosGenerales/master/guiasYformatos/recursos/dummy/imagenDummy-MotorF.jpg" style="width: 800px; height: 458px;" /></p>

<p>Jorge de Villalonga, virrey del Nuevo Reino de Granada en el periodo 1719-1724. Villalonga fue el fundador del Nuevo Reino, en el que integr&oacute; territorios de varios pa&iacute;ses.</p>]]></def>
    </definition>
    <definition>
      <title>La población</title>
      <def><![CDATA[<p><img alt="" src="https://raw.githubusercontent.com/AulaPlanetaColombia/RecursosGenerales/master/guiasYformatos/recursos/dummy/imagenDummy-MotorF.jpg" style="width: 800px; height: 458px;" /></p>

<p><small>Autor desconocido. <em>Espa&ntilde;ol, india serrana o cafetada producen mestizo</em>. &Oacute;leo sobre lienzo, 100 x 125 cm. ca. 1770. En la &eacute;poca colonial se crearon una serie de nombres para definir a los descendientes de personas de diferentes razas.</small></p>
]]></def>
    </definition>
  </definitions>
  <reaserch title="La vida en la Colonia" title2="La vida en la Colonia" buttons="true" visible="true">
    <definition>
      <title>El régimen legal</title>
      <def><![CDATA[<p><span style="font-size:18px;"><span style="font-family:verdana,geneva,sans-serif;">La Corona espa&ntilde;ola decide, tras la Conquista, establecer una serie de normas para el Nuevo Mundo, las Leyes de Indias, las cuales se enfocaban en dos sentidos: transplantar el orden peninsular a las nuevas tierras y establecer marcos jur&iacute;dicos para el accionar de los colonizadores espa&ntilde;oles, ya que los excesos contra los esclavos y los ind&iacute;genas eran bastante comunes.</span></span></p>

<p><span style="font-size:18px;"><span style="font-family:verdana,geneva,sans-serif;">Este r&eacute;gimen legal, as&iacute; como la burocracia que le estaba adscrita, tambi&eacute;n buscaban que los impuestos se recaudaran de forma efectiva y llegaran a la Corona, pues durante varios siglos el territorio americano sostuvo el crecimiento del Imperio espa&ntilde;ol.</span></span></p>

<p><span style="font-size:18px;"><span style="font-family:verdana,geneva,sans-serif;">No obstante, los hechos mencionados (particularmente la burocracia, que exclu&iacute;a a los criollos, as&iacute; como los elevados impuestos) se convirtieron en detonantes de las guerras de independencia.</span></span></p>

<p></p>

<p></p>

<p></p>

<p></p>
]]></def>
    </definition>
    <definition>
      <title>La población</title>
      <def><![CDATA[<p><span style="font-size:18px;"><span style="font-family:verdana,geneva,sans-serif;">La poblaci&oacute;n en Colombia estaba constituida as&iacute;:</span></span></p>

<ul>
	<li><span style="font-size:18px;"><span style="font-family:verdana,geneva,sans-serif;">Blancos, quienes pod&iacute;an ser nacidos en Espa&ntilde;a, llamados chapetones, o criollos, hijos de espa&ntilde;oles nacidos en Am&eacute;rica. Durante gran parte de la Colonia estos &uacute;ltimos no tuvieron poder, reclamo que constituy&oacute; una de las causas de las guerras de independencia.</span></span></li>
	<li><span style="font-size:18px;"><span style="font-family:verdana,geneva,sans-serif;">Africanos, tra&iacute;dos como esclavos por portugueses y espa&ntilde;oles cuando la mano de obra ind&iacute;gena result&oacute; insuficiente para las diferentes tareas agropecuarias y mineras, incluso para el servicio dom&eacute;stico.</span></span></li>
	<li><span style="font-size:18px;"><span style="font-family:verdana,geneva,sans-serif;">Ind&iacute;genas, habitantes originarios de los territorios, cuyas poblaciones se vieron diezmadas por diferentes causas, como la baja tolerancia a las enfermedades tra&iacute;das por los europeos, las guerras desiguales con estos y, en algunos casos, la sobreexplotaci&oacute;n en labores de miner&iacute;a y actividades relacionadas.</span></span></li>
	<li><span style="font-size:18px;"><span style="font-family:verdana,geneva,sans-serif;">Mestizos y mulatos, hijos de espa&ntilde;oles con ind&iacute;genas o africanos, tuvieron un papel muy complicado en la Colonia, pues no eran f&aacute;cilmente aceptados dentro de las sociedades blancas, lo que gener&oacute; rencores que estallar&iacute;an en las revueltas independentistas.</span></span></li>
</ul>]]></def>
    </definition>
  </reaserch>
  <activity title2="" visible="false" path="">
  </activity>
</engine>