﻿<?xml version="1.0" encoding="utf-8"?><motor tipo="5" clase="a" aprid="m5a">
  <plataforma>
    <grado><![CDATA[2]]></grado>
    <titulo>El teatro de sombras</titulo>
    <area>0</area>
    <nivel>2</nivel>
    <referencia/>
    <idreg><![CDATA[0]]></idreg>
    <motor><![CDATA[M5A]]></motor>
    <lang>es</lang>
  </plataforma>
  <enunciado><![CDATA[Escoge la respuesta correcta en cada una de las preguntas sobre los aspectos y características del teatro de sombras.]]></enunciado>
  <masinfo inicio="0"/>
  <sinaleatoriedad><![CDATA[0]]></sinaleatoriedad>
  <calc><![CDATA[0]]></calc>
  <respuestaunica><![CDATA[0]]></respuestaunica>
  <test cantidad="10">
    <cuestion>
      <enunciado><![CDATA[¿Por qué se le llama teatro de sombras?]]></enunciado>
      <explicacion/>
      <imagen><![CDATA[LE_07_04_REC1_70_IMG01n.png]]></imagen>
      <ampliacion><![CDATA[LE_07_04_REC1_70_IMG01a.png]]></ampliacion>
      <respuestas>
        <respuesta contestacion="Porque no hay luz durante la función." correcta="0"/>
        <respuesta contestacion="Porque es un juego de efectos ópticos. " correcta="1"/>
        <respuesta contestacion="Porque es una danza entre luz y oscuridad." correcta="0"/>
        <respuesta contestacion="Porque representa el lado más oscuro del ser humano." correcta="0"/>
        <respuesta contestacion="Porque alude al escenario estilo urbano. " correcta="0"/>
      </respuestas>
    </cuestion>
    <cuestion>
      <enunciado><![CDATA[¿Qué elementos son fundamentales para llevar a cabo el teatro de sombras?]]></enunciado>
      <explicacion/>
      <imagen><![CDATA[LE_07_04_REC1_70_IMG02n.png]]></imagen>
      <ampliacion><![CDATA[LE_07_04_REC1_70_IMG02a.png]]></ampliacion>
      <respuestas>
        <respuesta contestacion="Lámpara, pared o pantalla" correcta="1"/>
        <respuesta contestacion="Escritorio, papel, luz" correcta="0"/>
        <respuesta contestacion="Bombillo, lápiz, manos" correcta="0"/>
        <respuesta contestacion="Cuerpo, luz, oscuridad" correcta="0"/>
        <respuesta contestacion="Pantalla, fuego, cuerpo" correcta="0"/>
      </respuestas>
    </cuestion>
    <cuestion>
      <enunciado><![CDATA[¿Cuáles son los diferentes tipos de teatro de sombras?]]></enunciado>
      <explicacion/>
      <imagen><![CDATA[LE_07_04_REC1_70_IMG03n.png]]></imagen>
      <ampliacion><![CDATA[LE_07_04_REC1_70_IMG03a.png]]></ampliacion>
      <respuestas>
        <respuesta contestacion="Chinas y chinescas" correcta="0"/>
        <respuesta contestacion="Chinescas y prehistóricas" correcta="0"/>
        <respuesta contestacion="Indias y japonesas" correcta="0"/>
        <respuesta contestacion="Hindúes y chinas" correcta="0"/>
        <respuesta contestacion="Chinescas e indias" correcta="1"/>
      </respuestas>
    </cuestion>
    <cuestion>
      <enunciado><![CDATA[¿Qué son las sombras chinas?]]></enunciado>
      <explicacion/>
      <imagen><![CDATA[LE_07_04_REC1_70_IMG04n.png]]></imagen>
      <ampliacion><![CDATA[LE_07_04_REC1_70_IMG04a.png]]></ampliacion>
      <respuestas>
        <respuesta contestacion="Juego de marionetas y luz" correcta="0"/>
        <respuesta contestacion="Danza de los cuerpos y la oscuridad" correcta="0"/>
        <respuesta contestacion="Crear figuras con las sombras de las manos" correcta="1"/>
        <respuesta contestacion="Espectáculo creado en China" correcta="0"/>
        <respuesta contestacion="La escenografía o puesta en escena propias de China" correcta="0"/>
      </respuestas>
    </cuestion>
    <cuestion>
      <enunciado><![CDATA[¿De qué disciplina es antesala el teatro de sombras?]]></enunciado>
      <explicacion/>
      <imagen><![CDATA[LE_07_04_REC1_70_IMG05n.png]]></imagen>
      <ampliacion><![CDATA[LE_07_04_REC1_70_IMG05a.png]]></ampliacion>
      <respuestas>
        <respuesta contestacion="El teatro" correcta="0"/>
        <respuesta contestacion="La televisión" correcta="0"/>
        <respuesta contestacion="El cine" correcta="1"/>
        <respuesta contestacion="{{cur}}YouTube{{normal}}" correcta="0"/>
        <respuesta contestacion="El computador" correcta="0"/>
      </respuestas>
    </cuestion>
    <cuestion>
      <enunciado><![CDATA[¿Qué otro nombre recibe el teatro de sombras?]]></enunciado>
      <explicacion/>
      <imagen><![CDATA[LE_07_04_REC1_70_IMG06n.png]]></imagen>
      <ampliacion><![CDATA[LE_07_04_REC1_70_IMG06a.png]]></ampliacion>
      <respuestas>
        <respuesta contestacion="Sombras de China" correcta="0"/>
        <respuesta contestacion="Sombras indias" correcta="1"/>
        <respuesta contestacion="Sombras orientales" correcta="0"/>
        <respuesta contestacion="Teatro oscuro" correcta="0"/>
        <respuesta contestacion="Teatro de títeres" correcta="0"/>
      </respuestas>
    </cuestion>
    <cuestion>
      <enunciado><![CDATA[¿Qué es el {{cur}}Wayang Kulit{{normal}}?]]></enunciado>
      <explicacion/>
      <imagen><![CDATA[LE_07_04_REC1_70_IMG07n.png]]></imagen>
      <ampliacion><![CDATA[LE_07_04_REC1_70_IMG07a.png]]></ampliacion>
      <respuestas>
        <respuesta contestacion="Títeres de alquiler" correcta="0"/>
        <respuesta contestacion="Teatro de sombras contemporáneo" correcta="0"/>
        <respuesta contestacion="Marionetas callejeras" correcta="0"/>
        <respuesta contestacion="Marioneta de sombras javanesa" correcta="1"/>
        <respuesta contestacion="Teatro de sombras chinescas" correcta="0"/>
      </respuestas>
    </cuestion>
    <cuestion>
      <enunciado><![CDATA[¿Qué significa la palabra {{cur}}Wayang{{normal}}?]]></enunciado>
      <explicacion/>
      <imagen><![CDATA[LE_07_04_REC1_70_IMG08n.png]]></imagen>
      <ampliacion><![CDATA[LE_07_04_REC1_70_IMG08a.png]]></ampliacion>
      <respuestas>
        <respuesta contestacion="Sombra" correcta="1"/>
        <respuesta contestacion="Teatro" correcta="0"/>
        <respuesta contestacion="Escenario" correcta="0"/>
        <respuesta contestacion="Títere" correcta="0"/>
        <respuesta contestacion="Luz" correcta="0"/>
      </respuestas>
    </cuestion>
    <cuestion>
      <enunciado><![CDATA[¿De dónde proviene el {{cur}}Wayang Kulit{{normal}}?]]></enunciado>
      <explicacion/>
      <imagen><![CDATA[LE_07_04_REC1_70_IMG09n.png]]></imagen>
      <ampliacion><![CDATA[LE_07_04_REC1_70_IMG09a.png]]></ampliacion>
      <respuestas>
        <respuesta contestacion="China" correcta="0"/>
        <respuesta contestacion="Indonesia" correcta="1"/>
        <respuesta contestacion="Japón" correcta="0"/>
        <respuesta contestacion="Malasia" correcta="0"/>
        <respuesta contestacion="India" correcta="0"/>
      </respuestas>
    </cuestion>
    <cuestion>
      <enunciado><![CDATA[¿Cuáles son los principales temas del teatro de sombras?]]></enunciado>
      <explicacion/>
      <imagen><![CDATA[LE_07_04_REC1_70_IMG10n.png]]></imagen>
      <ampliacion><![CDATA[LE_07_04_REC1_70_IMG10a.png]]></ampliacion>
      <respuestas>
        <respuesta contestacion="Filosofía, cosmogonía, entretenimiento" correcta="1"/>
        <respuesta contestacion="Moral, política, filosofía" correcta="0"/>
        <respuesta contestacion="Educación, moral, política" correcta="0"/>
        <respuesta contestacion="Entretenimiento, sociedad, amor" correcta="0"/>
        <respuesta contestacion="Valores, ética, cosmogonía" correcta="0"/>
      </respuestas>
    </cuestion>
  </test>
</motor>